overall_acc,acc_easy,acc_medium,acc_hard,has_easy,has_medium,has_hard,diff_discrimination,last3_acc,error_streak,correct_streak,acc_trend,avg_time_norm,n_seen_norm,acc_std,lecture_view_norm,proficiency,student_id,true_level
0.6324324324324324,0.9494949494949495,0.5849056603773585,0.2711864406779661,1.0,1.0,1.0,0.6783085088169833,0.3333333333333333,0.0,1.0,-0.3333333333333333,0.0,3.7,0.4821427701833029,0.0,0.5323358303211198,u10337,intermediate
0.593103448275862,0.9,0.6206896551724138,0.17857142857142858,1.0,1.0,1.0,0.7214285714285714,1.0,0.0,10.0,0.0,0.0,1.45,0.4912552777519483,0.0,0.499704433497537,u10465,intermediate
0.5777262180974478,0.7300884955752213,0.4577259475218659,0.16417910447761194,1.0,1.0,1.0,0.5659093910976093,0.3333333333333333,2.0,0.0,-0.3333333333333333,0.0,8.62,0.49392168915757073,0.0,0.3947797199148354,u10935,beginner
0.7342877594846099,0.9111459968602825,0.6606125356125356,0.375,1.0,1.0,1.0,0.5361459968602825,1.0,0.0,6.0,0.33333333333333337,0.0,69.85,0.441711722456719,0.0,0.5964742136170709,u11286,intermediate
0.33608247422680415,0.5357142857142857,0.2702702702702703,0.20930232558139536,1.0,1.0,1.0,0.3264119601328903,1.0,0.0,7.0,0.6666666666666667,0.0,4.85,0.4723674890849217,0.0,0.29897189548352343,u1180,beginner
0.45930232558139533,0.8269230769230769,0.38235294117647056,0.19230769230769232,1.0,1.0,1.0,0.6346153846153846,0.3333333333333333,2.0,0.0,-0.6666666666666667,0.0,1.72,0.498340946839528,0.0,0.3952488687782805,u12152,beginner
0.6071428571428571,0.8596491228070176,0.582089552238806,0.2727272727272727,1.0,1.0,1.0,0.5869218500797448,0.3333333333333333,1.0,0.0,-0.6666666666666667,0.0,2.24,0.48838551182776224,0.0,0.5138565545478351,u12243,intermediate
0.7830882352941176,0.9183006535947712,0.6649484536082474,0.36363636363636365,1.0,1.0,1.0,0.5546642899584076,0.3333333333333333,1.0,0.0,-0.3333333333333333,0.0,5.44,0.412142027750219,0.0,0.5950940576167987,u12375,intermediate
0.6934355214928357,0.9084423305588585,0.70079883805374,0.4495530012771392,1.0,1.0,1.0,0.45888932928171927,1.0,0.0,3.0,0.0,0.0,30.01,0.4610669138257425,0.0,0.6418292018441234,u12732,intermediate
0.7518248175182481,0.9230769230769231,0.6545454545454545,0.4117647058823529,1.0,1.0,1.0,0.5113122171945702,0.6666666666666666,0.0,2.0,0.0,0.0,1.37,0.43195400366462755,0.0,0.6111394487865076,u12999,intermediate
0.6590909090909091,0.8728813559322034,0.654320987654321,0.3194444444444444,1.0,1.0,1.0,0.553436911487759,1.0,0.0,3.0,0.33333333333333337,0.0,3.52,0.4740148548775957,0.0,0.5640824440259469,u14821,intermediate
0.676010781671159,0.835195530726257,0.6102464332036317,0.3976660682226212,1.0,1.0,1.0,0.4375294625036358,0.6666666666666666,0.0,2.0,0.3333333333333333,0.0,74.2,0.4679959452126776,0.0,0.5702041067157526,u15301,intermediate
0.6055045871559633,0.8563218390804598,0.562962962962963,0.2871287128712871,1.0,1.0,1.0,0.5691931262091727,1.0,0.0,3.0,0.6666666666666667,0.0,5.45,0.4887420404354937,0.0,0.511301038149792,u15632,intermediate
0.4175824175824176,0.6140350877192983,0.37777777777777777,0.2,1.0,1.0,1.0,0.41403508771929826,0.3333333333333333,0.0,1.0,0.0,0.0,1.82,0.4931605642267446,0.0,0.3539181286549708,u16202,beginner
0.6164383561643836,0.7864077669902912,0.5,0.30952380952380953,1.0,1.0,1.0,0.4768839574664817,0.6666666666666666,0.0,2.0,0.6666666666666666,0.0,4.38,0.48625313285750266,0.0,0.4810910772075821,u16611,intermediate
0.5857599431818182,0.808809293320426,0.5381542149420695,0.264346190028222,1.0,1.0,1.0,0.5444631032922039,0.6666666666666666,0.0,1.0,0.3333333333333333,0.0,56.32,0.4925903289199366,0.0,0.48276202065220186,u1674,intermediate
0.4842105263157895,0.6170212765957447,0.36363636363636365,0.25,1.0,1.0,1.0,0.3670212765957447,0.3333333333333333,1.0,0.0,0.0,0.0,0.95,0.4997506303355461,0.0,0.3688588007736944,u170,beginner
0.6507246376811594,0.8359375,0.659846547314578,0.49122807017543857,1.0,1.0,1.0,0.34470942982456143,0.3333333333333333,0.0,1.0,-0.3333333333333333,0.0,6.9,0.4767411075163156,0.0,0.6276173469960067,u1708,intermediate
0.49074074074074076,0.6486486486486487,0.45454545454545453,0.3333333333333333,1.0,1.0,1.0,0.31531531531531537,0.3333333333333333,1.0,0.0,0.3333333333333333,0.0,1.08,0.4999142587664108,0.0,0.4448812448812449,u18143,beginner
0.23076923076923078,0.2,0.3333333333333333,0.0,1.0,1.0,1.0,0.2,0.3333333333333333,2.0,0.0,0.3333333333333333,0.0,0.13,0.42132504423474315,0.0,0.17333333333333334,u18222,beginner
0.5353846153846153,0.7837837837837838,0.5509138381201044,0.32051282051282054,1.0,1.0,1.0,0.46327096327096323,0.6666666666666666,0.0,2.0,0.0,0.0,6.5,0.4987463573742497,0.0,0.5053274202099267,u18446,intermediate
0.49458483754512633,0.7598784194528876,0.4174454828660436,0.14917127071823205,1.0,1.0,1.0,0.6107071487346556,0.6666666666666666,0.0,1.0,0.6666666666666666,0.0,8.31,0.4999706751556409,0.0,0.37862238532428777,u1890,beginner
0.6739130434782609,0.803921568627451,0.53125,0.4444444444444444,1.0,1.0,1.0,0.3594771241830066,0.6666666666666666,0.0,2.0,0.3333333333333333,0.0,0.92,0.4687795359314745,0.0,0.551062091503268,u20091,intermediate
0.6,0.7,0.625,0.0,1.0,1.0,1.0,0.7,0.6666666666666666,0.0,1.0,0.0,0.0,0.2,0.48989794855663565,0.0,0.39,u2180,beginner
0.8092592592592592,0.9503105590062112,0.7639593908629442,0.5615763546798029,1.0,1.0,1.0,0.38873420432640826,1.0,0.0,7.0,0.0,0.0,10.8,0.3928851111488119,0.0,0.7202764100183412,u2382,advanced
0.32,0.42857142857142855,0.2727272727272727,0.2857142857142857,1.0,1.0,1.0,0.14285714285714285,0.6666666666666666,0.0,1.0,0.3333333333333333,0.0,0.25,0.466476151587624,0.0,0.3090909090909091,u249146,beginner
0.35294117647058826,0.5,0.35,0.25,1.0,1.0,1.0,0.25,0.6666666666666666,0.0,1.0,0.0,0.0,0.34,0.4778846120374094,0.0,0.33999999999999997,u249642,beginner
0.0625,0.0,0.0,0.14285714285714285,1.0,1.0,1.0,-0.14285714285714285,0.0,13.0,0.0,-0.3333333333333333,0.0,0.16,0.24206145913796356,0.0,0.05714285714285714,u250124,beginner
0.6888888888888889,0.8636363636363636,0.6666666666666666,0.25,1.0,1.0,1.0,0.6136363636363636,1.0,0.0,11.0,0.6666666666666667,0.0,0.45,0.4629481479111035,0.0,0.5393939393939394,u251303,intermediate
0.7075152335815843,0.8833333333333333,0.6396103896103896,0.3383084577114428,1.0,1.0,1.0,0.5450248756218905,1.0,0.0,5.0,0.0,0.0,14.77,0.4549037566690129,0.0,0.5678342055953997,u251464,intermediate
0.5460122699386503,0.6804123711340206,0.41025641025641024,0.11904761904761904,1.0,1.0,1.0,0.5613647520864016,0.3333333333333333,1.0,0.0,0.0,0.0,4.89,0.4978783696999628,0.0,0.3478040859484159,u252152,beginner
0.6666666666666666,1.0,0.7,0.5,1.0,1.0,1.0,0.5,0.6666666666666666,0.0,2.0,0.0,0.0,0.18,0.4714045207910317,0.0,0.6799999999999999,u253487,intermediate
0.5384615384615384,0.7741935483870968,0.4897959183673469,0.09090909090909091,1.0,1.0,1.0,0.6832844574780058,0.3333333333333333,0.0,1.0,-0.3333333333333333,0.0,0.91,0.49851851526214314,0.0,0.38712071338799453,u254757,beginner
0.6666666666666666,1.0,1.0,0.42857142857142855,1.0,1.0,1.0,0.5714285714285714,0.0,4.0,0.0,-1.0,0.0,0.12,0.4714045207910317,0.0,0.7714285714285716,u256070,advanced
0.4782608695652174,0.6153846153846154,0.5384615384615384,0.0,1.0,1.0,1.0,0.6153846153846154,0.0,6.0,0.0,-0.6666666666666666,0.0,0.46,0.4995271866554807,0.0,0.3384615384615385,u256650,beginner
0.5714285714285714,0.8314606741573034,0.5746031746031746,0.371900826446281,1.0,1.0,1.0,0.45955984771102243,0.3333333333333333,1.0,0.0,-0.3333333333333333,0.0,5.25,0.4948716593053935,0.0,0.5448937352512429,u256897,intermediate
0.554140127388535,0.6949152542372882,0.5063291139240507,0.3157894736842105,1.0,1.0,1.0,0.37912578055307766,0.6666666666666666,0.0,1.0,0.0,0.0,1.57,0.49706020420704894,0.0,0.4678304858907621,u256985,intermediate
0.47959183673469385,0.803921568627451,0.3879310344827586,0.27586206896551724,1.0,1.0,1.0,0.5280594996619338,0.6666666666666666,0.0,2.0,0.3333333333333333,0.0,1.96,0.4995833332609652,0.0,0.42630155510480056,u257532,beginner
0.45454545454545453,1.0,0.3333333333333333,0.3333333333333333,1.0,1.0,1.0,0.6666666666666667,0.6666666666666666,0.0,2.0,0.0,0.0,0.11,0.49792959773196915,0.0,0.4666666666666667,u257597,intermediate
0.5333333333333333,1.0,0.5555555555555556,0.0,1.0,1.0,1.0,1.0,0.3333333333333333,2.0,0.0,-0.3333333333333333,0.0,0.15,0.49888765156985887,0.0,0.4222222222222223,u259016,beginner
0.5128205128205128,1.0,0.5555555555555556,0.125,1.0,1.0,1.0,0.875,0.6666666666666666,0.0,1.0,0.0,0.0,0.39,0.4998356074261007,0.0,0.47222222222222227,u259135,intermediate
0.6,1.0,1.0,0.42857142857142855,1.0,1.0,1.0,0.5714285714285714,0.6666666666666666,0.0,1.0,-0.33333333333333337,0.0,0.1,0.48989794855663565,0.0,0.7714285714285716,u259349,advanced
0.6296296296296297,1.0,0.5925925925925926,0.4,1.0,1.0,1.0,0.6,0.6666666666666666,0.0,2.0,-0.33333333333333337,0.0,0.54,0.4829038818668628,0.0,0.597037037037037,u259720,intermediate
0.5943396226415094,0.8461538461538461,0.6037735849056604,0.3333333333333333,1.0,1.0,1.0,0.5128205128205128,0.3333333333333333,0.0,1.0,-0.6666666666666667,0.0,1.06,0.49101938413860774,0.0,0.5440735365263667,u261931,intermediate
0.6046511627906976,0.8387096774193549,0.5348837209302325,0.25,1.0,1.0,1.0,0.5887096774193549,0.6666666666666666,1.0,0.0,0.3333333333333333,0.0,0.86,0.48892548934020097,0.0,0.481695423855964,u263390,intermediate
0.6163265306122448,0.8020833333333334,0.5520833333333334,0.39622641509433965,1.0,1.0,1.0,0.4058569182389937,0.3333333333333333,0.0,1.0,-0.6666666666666667,0.0,2.45,0.48627989705078123,0.0,0.5397405660377359,u26382,intermediate
0.36,0.5,0.36363636363636365,0.0,1.0,1.0,1.0,0.5,0.0,3.0,0.0,-0.3333333333333333,0.0,0.25,0.48,0.0,0.24545454545454548,u264071,beginner
0.5333333333333333,1.0,0.5714285714285714,0.42857142857142855,1.0,1.0,1.0,0.5714285714285714,0.6666666666666666,0.0,2.0,0.0,0.0,0.15,0.4988876515698588,0.0,0.6000000000000001,u264922,intermediate
0.358974358974359,0.5,0.6666666666666666,0.3,1.0,1.0,1.0,0.2,0.3333333333333333,0.0,1.0,-0.3333333333333333,0.0,0.39,0.4796996649710181,0.0,0.4866666666666667,u265004,intermediate
0.6333333333333333,0.9473684210526315,0.6206896551724138,0.16666666666666666,1.0,1.0,1.0,0.7807017543859649,0.3333333333333333,0.0,1.0,0.0,0.0,0.6,0.48189440982669873,0.0,0.5044162129461586,u265478,intermediate
0.38461538461538464,0.5,0.4444444444444444,0.0,1.0,1.0,1.0,0.5,0.3333333333333333,1.0,0.0,0.0,0.0,0.13,0.48650425541051995,0.0,0.2777777777777778,u265518,beginner
0.4,0.6666666666666666,0.4,0.0,1.0,1.0,1.0,0.6666666666666666,0.3333333333333333,0.0,1.0,0.3333333333333333,0.0,0.1,0.4898979485566356,0.0,0.29333333333333333,u266261,beginner
0.35365853658536583,0.6666666666666666,0.34,0.3076923076923077,1.0,1.0,1.0,0.3589743589743589,0.3333333333333333,0.0,1.0,-0.3333333333333333,0.0,0.82,0.4781047752173819,0.0,0.3924102564102564,u266926,beginner
0.5151515151515151,1.0,0.391304347826087,0.6,1.0,1.0,1.0,0.4,0.3333333333333333,1.0,0.0,0.0,0.0,0.33,0.4997703788627467,0.0,0.5965217391304348,u267763,intermediate
0.2,0.5,0.14285714285714285,0.0,1.0,1.0,1.0,0.5,0.0,3.0,0.0,0.0,0.0,0.1,0.4000000000000001,0.0,0.15714285714285714,u268100,beginner
0.2692307692307692,0.2,0.23529411764705882,0.5,1.0,1.0,1.0,-0.3,0.3333333333333333,2.0,0.0,0.3333333333333333,0.0,0.26,0.4435600997950307,0.0,0.3341176470588235,u268389,beginner
0.43333333333333335,0.6923076923076923,0.2857142857142857,0.0,1.0,1.0,1.0,0.6923076923076923,0.3333333333333333,2.0,0.0,0.3333333333333333,0.0,0.3,0.49553562491061676,0.0,0.25274725274725274,u268394,beginner
0.5384615384615384,1.0,0.75,0.0,1.0,1.0,1.0,1.0,0.3333333333333333,1.0,0.0,-0.3333333333333333,0.0,0.13,0.4985185152621431,0.0,0.5,u269308,intermediate
0.5294117647058824,1.0,0.6666666666666666,0.0,1.0,1.0,1.0,1.0,0.3333333333333333,1.0,0.0,-0.3333333333333333,0.0,0.17,0.4991341984846218,0.0,0.4666666666666667,u269996,intermediate
0.5,0.8235294117647058,0.5348837209302325,0.1111111111111111,1.0,1.0,1.0,0.7124183006535947,0.6666666666666666,1.0,0.0,0.3333333333333333,0.0,0.78,0.5,0.0,0.42310381516947865,u270356,beginner
0.3,0.0,0.3,0.0,0.0,1.0,0.0,0.0,0.0,3.0,0.0,-0.3333333333333333,0.0,0.1,0.45825756949558394,0.0,0.12,u270976,beginner
0.8,1.0,1.0,0.6666666666666666,1.0,1.0,1.0,0.33333333333333337,0.6666666666666666,0.0,2.0,-0.33333333333333337,0.0,0.1,0.4,0.0,0.8666666666666667,u270992,advanced
0.7302631578947368,0.9090909090909091,0.7272727272727273,0.5483870967741935,1.0,1.0,1.0,0.36070381231671556,0.6666666666666666,0.0,1.0,0.0,0.0,1.52,0.4438230256716561,0.0,0.6920821114369502,u271290,intermediate
0.2857142857142857,1.0,0.23809523809523808,0.3333333333333333,1.0,1.0,1.0,0.6666666666666667,0.0,3.0,0.0,-0.3333333333333333,0.0,0.28,0.45175395145262565,0.0,0.4285714285714286,u272013,beginner
0.5879120879120879,0.8461538461538461,0.4805194805194805,0.375,1.0,1.0,1.0,0.47115384615384615,0.6666666666666666,0.0,1.0,0.3333333333333333,0.0,1.82,0.4922107930540912,0.0,0.5114385614385615,u272727,intermediate
0.625,0.8333333333333334,0.5909090909090909,0.3333333333333333,1.0,1.0,1.0,0.5,0.3333333333333333,1.0,0.0,0.0,0.0,0.4,0.4841229182759271,0.0,0.5363636363636364,u274950,intermediate
0.6976744186046512,0.8235294117647058,0.6521739130434783,0.3333333333333333,1.0,1.0,1.0,0.49019607843137253,0.6666666666666666,0.0,1.0,-0.33333333333333337,0.0,0.43,0.45926552693329065,0.0,0.5589087809036658,u276881,intermediate
0.7222222222222222,1.0,0.25,0.5,1.0,1.0,1.0,0.5,0.6666666666666666,0.0,1.0,0.0,0.0,0.18,0.4479032082388083,0.0,0.5,u277182,intermediate
0.6944444444444444,1.0,0.6571428571428571,0.2857142857142857,1.0,1.0,1.0,0.7142857142857143,0.6666666666666666,1.0,0.0,0.0,0.0,0.72,0.4606423319938055,0.0,0.5771428571428572,u277226,intermediate
0.4,1.0,0.5,0.0,1.0,1.0,1.0,1.0,0.6666666666666666,0.0,1.0,0.6666666666666666,0.0,0.1,0.4898979485566356,0.0,0.4,u277413,beginner
0.6923076923076923,1.0,0.8333333333333334,0.5,1.0,1.0,1.0,0.5,0.6666666666666666,0.0,1.0,-0.33333333333333337,0.0,0.13,0.46153846153846156,0.0,0.7333333333333334,u277831,advanced
0.4,0.6666666666666666,0.3333333333333333,0.25,1.0,1.0,1.0,0.41666666666666663,0.0,3.0,0.0,0.0,0.0,0.1,0.48989794855663565,0.0,0.3666666666666667,u277952,beginner
0.6666666666666666,0.8,0.55,1.0,1.0,1.0,1.0,-0.19999999999999996,0.3333333333333333,2.0,0.0,0.0,0.0,0.36,0.4714045207910317,0.0,0.78,u278409,advanced
0.2727272727272727,0.75,0.0,0.0,1.0,1.0,1.0,0.75,0.0,4.0,0.0,-0.6666666666666666,0.0,0.11,0.4453617714151233,0.0,0.15000000000000002,u279002,beginner
0.5714285714285714,0.5714285714285714,0.7333333333333333,0.38461538461538464,1.0,1.0,1.0,0.18681318681318676,1.0,0.0,3.0,0.6666666666666667,0.0,0.35,0.4948716593053936,0.0,0.5614652014652015,u279692,intermediate
0.45454545454545453,1.0,0.5714285714285714,0.0,1.0,1.0,1.0,1.0,0.6666666666666666,0.0,1.0,0.3333333333333333,0.0,0.11,0.49792959773196915,0.0,0.4285714285714286,u279799,beginner
0.46153846153846156,0.8,0.25,0.25,1.0,1.0,1.0,0.55,0.0,3.0,0.0,-0.6666666666666666,0.0,0.13,0.4985185152621432,0.0,0.36,u279825,beginner
0.625,0.8,0.4,0.0,1.0,1.0,1.0,0.8,0.6666666666666666,0.0,2.0,0.3333333333333333,0.0,0.16,0.4841229182759271,0.0,0.32000000000000006,u280120,beginner
0.38235294117647056,0.6666666666666666,0.2857142857142857,0.125,1.0,1.0,1.0,0.5416666666666666,0.6666666666666666,1.0,0.0,0.3333333333333333,0.0,0.34,0.4859621071134796,0.0,0.2976190476190476,u280829,beginner
0.25,0.0,0.36363636363636365,0.0,1.0,1.0,1.0,0.0,0.3333333333333333,0.0,1.0,0.3333333333333333,0.0,0.32,0.4330127018922193,0.0,0.14545454545454548,u280869,beginner
0.7701149425287356,0.9487179487179487,0.6764705882352942,0.5,1.0,1.0,1.0,0.4487179487179487,0.6666666666666666,1.0,0.0,-0.33333333333333337,0.0,0.87,0.4207587406373133,0.0,0.6603318250377075,u280996,intermediate
0.6633663366336634,1.0,0.5961538461538461,0.6486486486486487,1.0,1.0,1.0,0.3513513513513513,0.3333333333333333,1.0,0.0,-0.6666666666666667,0.0,1.01,0.4725583985656128,0.0,0.6979209979209979,u281608,intermediate
0.7384615384615385,0.9361702127659575,0.696969696969697,0.35294117647058826,1.0,1.0,1.0,0.5832290362953692,0.0,3.0,0.0,-0.6666666666666666,0.0,1.3,0.43947251867956,0.0,0.6071983919293057,u282075,intermediate
0.6,1.0,0.6,0.0,1.0,1.0,1.0,1.0,1.0,0.0,3.0,0.33333333333333337,0.0,0.1,0.48989794855663565,0.0,0.44,u283234,beginner
0.4260355029585799,0.5982142857142857,0.39204545454545453,0.16,1.0,1.0,1.0,0.43821428571428567,0.6666666666666666,0.0,2.0,0.6666666666666666,0.0,3.38,0.49449899208937703,0.0,0.34046103896103896,u2834,beginner
0.42857142857142855,0.7272727272727273,0.09090909090909091,0.1111111111111111,1.0,1.0,1.0,0.6161616161616161,0.6666666666666666,0.0,1.0,0.3333333333333333,0.0,0.42,0.49487165930539345,0.0,0.2262626262626263,u283508,beginner
0.5831244778613199,0.8436213991769548,0.5983739837398374,0.3687315634218289,1.0,1.0,1.0,0.4748898357551259,0.6666666666666666,1.0,0.0,0.6666666666666666,0.0,11.97,0.4930419061096966,0.0,0.5555664987000575,u283951,intermediate
0.5,1.0,0.45454545454545453,0.25,1.0,1.0,1.0,0.75,0.6666666666666666,0.0,1.0,-0.33333333333333337,0.0,0.18,0.5,0.0,0.4818181818181818,u284573,intermediate
0.3939393939393939,0.4666666666666667,0.4166666666666667,0.16666666666666666,1.0,1.0,1.0,0.30000000000000004,0.6666666666666666,0.0,2.0,0.3333333333333333,0.0,0.33,0.48862168171506365,0.0,0.32666666666666666,u284729,beginner
0.26666666666666666,0.0,0.4444444444444444,0.0,0.0,1.0,1.0,0.26666666666666666,0.0,4.0,0.0,-0.6666666666666666,0.0,0.15,0.44221663871405337,0.0,0.17777777777777778,u285006,beginner
0.4090909090909091,1.0,0.35,0.0,1.0,1.0,0.0,0.39,0.3333333333333333,2.0,0.0,0.0,0.0,0.22,0.4916660830178166,0.0,0.33999999999999997,u287019,beginner
0.4,0.5,0.2,0.6666666666666666,1.0,1.0,1.0,-0.16666666666666663,0.0,3.0,0.0,-0.3333333333333333,0.0,0.1,0.48989794855663565,0.0,0.44666666666666666,u287309,beginner
0.40540540540540543,0.5,0.38461538461538464,0.375,1.0,1.0,1.0,0.125,0.3333333333333333,1.0,0.0,0.0,0.0,0.37,0.49097032769148513,0.0,0.40384615384615385,u288157,beginner
0.6161971830985915,0.9411764705882353,0.7103448275862069,0.38095238095238093,1.0,1.0,1.0,0.5602240896358543,0.0,6.0,0.0,-0.6666666666666666,0.0,2.84,0.4863108210187724,0.0,0.6247541775330823,u288430,intermediate
0.6,1.0,1.0,0.3333333333333333,1.0,1.0,1.0,0.6666666666666667,0.6666666666666666,0.0,2.0,0.0,0.0,0.1,0.48989794855663565,0.0,0.7333333333333334,u289162,advanced
0.25,0.0,0.375,0.0,1.0,1.0,1.0,0.0,0.3333333333333333,1.0,0.0,0.0,0.0,0.12,0.4330127018922193,0.0,0.15000000000000002,u289281,beginner
0.5,1.0,1.0,0.16666666666666666,1.0,1.0,1.0,0.8333333333333334,0.0,3.0,0.0,-0.6666666666666666,0.0,0.1,0.5,0.0,0.6666666666666667,u289590,intermediate
0.6363636363636364,1.0,0.8,0.25,1.0,1.0,1.0,0.75,1.0,0.0,6.0,1.0,0.0,0.11,0.48104569292083466,0.0,0.62,u289664,intermediate
0.6363636363636364,1.0,0.75,0.25,1.0,1.0,1.0,0.75,0.3333333333333333,1.0,0.0,-0.6666666666666667,0.0,0.11,0.4810456929208346,0.0,0.6,u289803,intermediate
0.6605504587155964,0.8928571428571429,0.6181818181818182,0.5,1.0,1.0,1.0,0.3928571428571429,0.6666666666666666,0.0,2.0,0.0,0.0,1.09,0.4735224917638143,0.0,0.6258441558441559,u290702,intermediate
0.7272727272727273,1.0,0.8,0.5,1.0,1.0,1.0,0.5,0.3333333333333333,1.0,0.0,-0.3333333333333333,0.0,0.11,0.4453617714151233,0.0,0.72,u291123,advanced
0.8,1.0,1.0,0.3333333333333333,1.0,1.0,1.0,0.6666666666666667,0.6666666666666666,1.0,0.0,0.0,0.0,0.1,0.4,0.0,0.7333333333333334,u291376,advanced
0.56,1.0,0.42857142857142855,0.2222222222222222,1.0,1.0,1.0,0.7777777777777778,1.0,0.0,3.0,0.33333333333333337,0.0,0.25,0.4963869458396343,0.0,0.46031746031746035,u292003,intermediate
0.5384615384615384,1.0,0.5555555555555556,0.3333333333333333,1.0,1.0,1.0,0.6666666666666667,0.3333333333333333,2.0,0.0,0.0,0.0,0.13,0.49851851526214314,0.0,0.5555555555555556,u292437,intermediate
0.36363636363636365,0.0,0.3333333333333333,0.5,0.0,1.0,1.0,-0.1,0.6666666666666666,1.0,0.0,0.6666666666666666,0.0,0.11,0.48104569292083466,0.0,0.33333333333333337,u292564,beginner
0.527256069628951,0.689108910891089,0.4361820199778024,0.22794117647058823,1.0,1.0,1.0,0.46116773442050085,0.3333333333333333,0.0,1.0,0.3333333333333333,0.0,21.83,0.499256553956362,0.0,0.4034710607575741,u2926,beginner
0.9,1.0,0.6666666666666666,1.0,1.0,1.0,1.0,0.0,1.0,0.0,7.0,0.33333333333333337,0.0,0.1,0.30000000000000004,0.0,0.8666666666666667,u293145,advanced
0.4,0.75,0.2,0.0,1.0,1.0,1.0,0.75,0.3333333333333333,0.0,1.0,0.3333333333333333,0.0,0.1,0.4898979485566356,0.0,0.23000000000000004,u293411,beginner
0.8,0.6666666666666666,1.0,0.75,1.0,1.0,1.0,-0.08333333333333337,0.6666666666666666,0.0,1.0,0.0,0.0,0.1,0.4,0.0,0.8333333333333334,u294063,advanced
0.46153846153846156,0.5,0.5714285714285714,0.0,1.0,1.0,1.0,0.5,0.6666666666666666,1.0,0.0,0.3333333333333333,0.0,0.13,0.49851851526214314,0.0,0.32857142857142857,u294687,beginner
0.650887573964497,0.8974358974358975,0.6125461254612546,0.3,1.0,1.0,1.0,0.5974358974358975,1.0,0.0,9.0,1.0,0.0,5.07,0.47668956357687176,0.0,0.5445056296716814,u295316,intermediate
0.1774193548387097,1.0,0.3333333333333333,0.10416666666666667,1.0,1.0,1.0,0.8958333333333334,0.3333333333333333,0.0,1.0,-0.3333333333333333,0.0,0.62,0.38202320265571005,0.0,0.37500000000000006,u295500,beginner
0.4,1.0,0.3333333333333333,0.3333333333333333,1.0,1.0,1.0,0.6666666666666667,0.6666666666666666,0.0,1.0,0.3333333333333333,0.0,0.1,0.4898979485566356,0.0,0.4666666666666667,u295727,intermediate
0.7,1.0,0.6,0.6666666666666666,1.0,1.0,1.0,0.33333333333333337,1.0,0.0,3.0,0.33333333333333337,0.0,0.1,0.45825756949558394,0.0,0.7066666666666667,u296017,advanced
0.676056338028169,0.875,0.3157894736842105,0.0,1.0,1.0,1.0,0.875,0.6666666666666666,0.0,1.0,-0.33333333333333337,0.0,0.71,0.4679788091784831,0.0,0.3013157894736842,u296289,beginner
0.6,0.8,0.5,0.3333333333333333,1.0,1.0,1.0,0.46666666666666673,1.0,0.0,4.0,0.6666666666666667,0.0,0.1,0.48989794855663565,0.0,0.4933333333333334,u298914,intermediate
0.2727272727272727,1.0,0.25,0.0,1.0,1.0,1.0,1.0,0.3333333333333333,2.0,0.0,0.0,0.0,0.11,0.4453617714151233,0.0,0.30000000000000004,u300160,beginner
0.5454545454545454,0.8,0.3333333333333333,0.3333333333333333,1.0,1.0,1.0,0.46666666666666673,0.3333333333333333,1.0,0.0,0.0,0.0,0.11,0.49792959773196915,0.0,0.42666666666666664,u301274,beginner
0.5,0.6666666666666666,1.0,0.2,1.0,1.0,1.0,0.4666666666666666,0.6666666666666666,1.0,0.0,0.0,0.0,0.12,0.5,0.0,0.6133333333333333,u301969,intermediate
0.25,0.5,0.125,0.5,1.0,1.0,1.0,0.0,0.0,6.0,0.0,-0.6666666666666666,0.0,0.12,0.4330127018922193,0.0,0.35000000000000003,u302136,beginner
0.6,1.0,1.0,0.0,1.0,1.0,1.0,1.0,0.6666666666666666,0.0,1.0,0.0,0.0,0.1,0.48989794855663565,0.0,0.6000000000000001,u302188,intermediate
0.6818181818181818,0.8888888888888888,0.625,0.4,1.0,1.0,1.0,0.4888888888888888,0.6666666666666666,0.0,1.0,-0.33333333333333337,0.0,0.22,0.46577048936179993,0.0,0.5877777777777778,u302192,intermediate
0.6,1.0,0.6666666666666666,0.25,1.0,1.0,1.0,0.75,0.3333333333333333,1.0,0.0,-0.6666666666666667,0.0,0.1,0.4898979485566356,0.0,0.5666666666666667,u302309,intermediate
0.49504950495049505,0.5942028985507246,0.3333333333333333,0.0,1.0,1.0,1.0,0.5942028985507246,0.3333333333333333,0.0,1.0,-0.3333333333333333,0.0,1.01,0.4999754919981226,0.0,0.25217391304347825,u302650,beginner
0.6901408450704225,0.9333333333333333,0.59375,0.2222222222222222,1.0,1.0,1.0,0.7111111111111111,0.3333333333333333,0.0,1.0,-0.6666666666666667,0.0,0.71,0.46243535660231,0.0,0.5130555555555556,u302899,intermediate
0.6449086161879896,0.8920634920634921,0.6262626262626263,0.36666666666666664,1.0,1.0,1.0,0.5253968253968255,0.6666666666666666,0.0,1.0,0.0,0.0,11.49,0.47854100446511577,0.0,0.5755844155844156,u303079,intermediate
0.3333333333333333,0.6666666666666666,0.0,0.5,1.0,1.0,1.0,0.16666666666666663,0.6666666666666666,0.0,2.0,0.0,0.0,0.12,0.4714045207910317,0.0,0.33333333333333337,u304574,beginner
0.42857142857142855,0.5,0.5,0.0,1.0,1.0,1.0,0.5,1.0,0.0,3.0,1.0,0.0,0.14,0.49487165930539345,0.0,0.30000000000000004,u304877,beginner
0.4,1.0,0.5,0.3,1.0,1.0,1.0,0.7,0.6666666666666666,0.0,2.0,0.0,0.0,0.15,0.48989794855663565,0.0,0.52,u305166,intermediate
0.4166666666666667,0.0,0.5,0.0,0.0,1.0,1.0,0.3,0.6666666666666666,0.0,1.0,0.6666666666666666,0.0,0.12,0.4930066485916347,0.0,0.2,u305522,beginner
0.40425531914893614,0.75,0.2727272727272727,0.5,1.0,1.0,1.0,0.25,0.3333333333333333,2.0,0.0,0.3333333333333333,0.0,0.47,0.49074734445407625,0.0,0.4590909090909091,u305849,intermediate
0.5454545454545454,1.0,0.75,0.2,1.0,1.0,1.0,0.8,1.0,0.0,4.0,0.6666666666666667,0.0,0.11,0.49792959773196915,0.0,0.5800000000000001,u305865,intermediate
0.5,0.6,0.3333333333333333,0.5,1.0,1.0,1.0,0.09999999999999998,0.3333333333333333,2.0,0.0,0.0,0.0,0.1,0.5,0.0,0.4533333333333333,u306521,intermediate
0.46153846153846156,1.0,0.6666666666666666,0.25,1.0,1.0,1.0,0.75,0.3333333333333333,0.0,1.0,-0.3333333333333333,0.0,0.13,0.4985185152621432,0.0,0.5666666666666667,u306644,intermediate
0.6363636363636364,0.0,0.8333333333333334,0.4,0.0,1.0,1.0,0.26,0.3333333333333333,2.0,0.0,-0.6666666666666667,0.0,0.11,0.4810456929208347,0.0,0.4933333333333334,u306737,intermediate
0.5,1.0,0.5,0.375,1.0,1.0,1.0,0.625,0.3333333333333333,0.0,1.0,-0.6666666666666667,0.0,0.12,0.5,0.0,0.55,u307223,intermediate
0.5357142857142857,0.625,0.5333333333333333,0.4,1.0,1.0,1.0,0.22499999999999998,0.6666666666666666,1.0,0.0,0.0,0.0,0.28,0.4987228587060335,0.0,0.4983333333333334,u307508,intermediate
0.49230769230769234,0.6956521739130435,0.4444444444444444,0.26666666666666666,1.0,1.0,1.0,0.4289855072463768,0.3333333333333333,1.0,0.0,0.0,0.0,0.65,0.49994082490067454,0.0,0.42357487922705317,u309256,beginner
0.5517241379310345,0.7142857142857143,0.6923076923076923,0.2222222222222222,1.0,1.0,1.0,0.4920634920634921,0.3333333333333333,1.0,0.0,-0.3333333333333333,0.0,0.29,0.4973174173053778,0.0,0.5086691086691087,u309288,intermediate
0.5,0.0,0.6,0.5,1.0,1.0,1.0,-0.5,0.3333333333333333,0.0,1.0,0.0,0.0,0.1,0.5,0.0,0.44,u309462,beginner
0.7124824684431977,0.9084645669291339,0.6644832605531296,0.42424242424242425,1.0,1.0,1.0,0.48422214268670966,0.6666666666666666,0.0,2.0,0.0,0.0,28.52,0.45260490563435724,0.0,0.6171831873040483,u310103,intermediate
0.7,1.0,0.6,0.6666666666666666,1.0,1.0,1.0,0.33333333333333337,1.0,0.0,5.0,0.6666666666666667,0.0,0.1,0.45825756949558394,0.0,0.7066666666666667,u311719,advanced
0.6,0.0,0.625,1.0,1.0,1.0,1.0,-1.0,0.6666666666666666,0.0,1.0,0.3333333333333333,0.0,0.1,0.48989794855663565,0.0,0.65,u312586,intermediate
0.5384615384615384,0.0,1.0,0.3333333333333333,0.0,1.0,1.0,0.4,0.6666666666666666,0.0,1.0,-0.33333333333333337,0.0,0.13,0.49851851526214314,0.0,0.5333333333333333,u312934,intermediate
0.6,1.0,1.0,0.3333333333333333,1.0,1.0,1.0,0.6666666666666667,0.6666666666666666,1.0,0.0,-0.33333333333333337,0.0,0.1,0.4898979485566356,0.0,0.7333333333333334,u313212,advanced
0.3333333333333333,0.3333333333333333,0.2,0.5,1.0,1.0,1.0,-0.16666666666666669,0.3333333333333333,1.0,0.0,0.0,0.0,0.12,0.4714045207910317,0.0,0.3466666666666667,u313264,beginner
0.3333333333333333,0.4,0.4,0.0,1.0,1.0,1.0,0.4,0.6666666666666666,0.0,1.0,0.6666666666666666,0.0,0.12,0.4714045207910317,0.0,0.24000000000000005,u313364,beginner
0.4166666666666667,0.5714285714285714,0.3333333333333333,0.0,1.0,1.0,1.0,0.5714285714285714,0.0,3.0,0.0,-0.6666666666666666,0.0,0.12,0.4930066485916347,0.0,0.24761904761904763,u313826,beginner
0.6422222222222222,0.8700564971751412,0.5492957746478874,0.3,1.0,1.0,1.0,0.5700564971751412,1.0,0.0,3.0,0.33333333333333337,0.0,4.5,0.4793462626392041,0.0,0.5137296092941832,u3142,intermediate
0.6031746031746031,0.8037383177570093,0.5732484076433121,0.27450980392156865,1.0,1.0,1.0,0.5292285138354407,0.3333333333333333,1.0,0.0,0.0,0.0,3.15,0.4892392065848394,0.0,0.49985094817735415,u316826,intermediate
0.6,1.0,0.4444444444444444,0.6666666666666666,1.0,1.0,1.0,0.33333333333333337,0.6666666666666666,1.0,0.0,0.0,0.0,0.15,0.48989794855663565,0.0,0.6444444444444444,u317058,intermediate
0.7428571428571429,1.0,0.7692307692307693,0.25,1.0,1.0,1.0,0.75,0.3333333333333333,2.0,0.0,-0.3333333333333333,0.0,0.35,0.4370588154508102,0.0,0.6076923076923076,u317574,intermediate
0.45454545454545453,0.0,0.5714285714285714,0.25,0.0,1.0,1.0,0.19285714285714284,0.3333333333333333,1.0,0.0,0.0,0.0,0.11,0.49792959773196915,0.0,0.32857142857142857,u317836,beginner
0.6238532110091743,0.875,0.5901639344262295,0.4583333333333333,1.0,1.0,1.0,0.4166666666666667,0.3333333333333333,0.0,1.0,0.0,0.0,1.09,0.48441756999794805,0.0,0.5943989071038251,u317904,intermediate
0.6,1.0,1.0,0.3333333333333333,1.0,1.0,1.0,0.6666666666666667,1.0,0.0,4.0,0.6666666666666667,0.0,0.1,0.48989794855663565,0.0,0.7333333333333334,u318736,advanced
0.7647058823529411,1.0,1.0,0.5555555555555556,1.0,1.0,1.0,0.4444444444444444,1.0,0.0,7.0,0.33333333333333337,0.0,0.17,0.42418250299576343,0.0,0.8222222222222223,u319651,advanced
0.5454545454545454,1.0,0.6666666666666666,0.0,1.0,1.0,1.0,1.0,0.6666666666666666,0.0,2.0,0.3333333333333333,0.0,0.11,0.49792959773196915,0.0,0.4666666666666667,u319754,intermediate
0.42857142857142855,1.0,0.42857142857142855,0.3333333333333333,1.0,1.0,1.0,0.6666666666666667,0.3333333333333333,1.0,0.0,-0.6666666666666667,0.0,0.14,0.49487165930539345,0.0,0.5047619047619047,u319782,intermediate
0.25,0.0,0.5,0.0,0.0,1.0,1.0,0.3,0.6666666666666666,0.0,1.0,0.3333333333333333,0.0,0.12,0.4330127018922193,0.0,0.2,u320684,beginner
0.3611111111111111,0.5,0.3333333333333333,0.0,1.0,1.0,1.0,0.5,0.6666666666666666,1.0,0.0,0.6666666666666666,0.0,0.36,0.48032267960529396,0.0,0.23333333333333334,u321195,beginner
0.769281045751634,0.9361702127659575,0.7620935765265662,0.46955128205128205,1.0,1.0,1.0,0.4666189307146754,1.0,0.0,4.0,0.6666666666666667,0.0,30.6,0.4212929128277693,0.0,0.6798919859843309,u322523,intermediate
0.5257731958762887,0.7916666666666666,0.48333333333333334,0.23076923076923078,1.0,1.0,1.0,0.5608974358974359,0.6666666666666666,0.0,1.0,-0.33333333333333337,0.0,0.97,0.49933530054896225,0.0,0.443974358974359,u322610,beginner
0.6363636363636364,1.0,0.4,0.8,1.0,1.0,1.0,0.19999999999999996,0.6666666666666666,1.0,0.0,0.0,0.0,0.11,0.4810456929208346,0.0,0.6800000000000002,u322629,intermediate
0.6507936507936508,0.9230769230769231,0.68,0.48,1.0,1.0,1.0,0.44307692307692315,1.0,0.0,5.0,0.33333333333333337,0.0,0.63,0.47671928310099065,0.0,0.6486153846153846,u322758,intermediate
0.5185185185185185,0.6,0.6363636363636364,0.16666666666666666,1.0,1.0,1.0,0.43333333333333335,0.6666666666666666,0.0,2.0,0.0,0.0,0.27,0.4996569467863719,0.0,0.4412121212121212,u324514,beginner
0.45454545454545453,1.0,0.0,0.3333333333333333,1.0,0.0,1.0,0.6666666666666667,0.3333333333333333,2.0,0.0,-0.3333333333333333,0.0,0.11,0.49792959773196915,0.0,0.33333333333333337,u324621,beginner
0.5,1.0,0.375,0.5,1.0,1.0,1.0,0.5,0.3333333333333333,2.0,0.0,0.0,0.0,0.14,0.5,0.0,0.55,u324655,intermediate
0.8,1.0,0.8571428571428571,0.5,1.0,1.0,1.0,0.5,1.0,0.0,5.0,0.33333333333333337,0.0,0.1,0.4,0.0,0.7428571428571429,u325015,advanced
0.7142857142857143,1.0,0.8,0.4,1.0,1.0,1.0,0.6,0.3333333333333333,1.0,0.0,-0.6666666666666667,0.0,0.14,0.45175395145262565,0.0,0.68,u325290,intermediate
0.2727272727272727,0.0,0.25,0.2857142857142857,0.0,1.0,1.0,-0.02142857142857142,0.3333333333333333,1.0,0.0,0.3333333333333333,0.0,0.11,0.4453617714151233,0.0,0.2142857142857143,u325717,beginner
0.5454545454545454,0.0,0.8333333333333334,0.2,0.0,1.0,1.0,0.37999999999999995,0.3333333333333333,2.0,0.0,-0.3333333333333333,0.0,0.11,0.49792959773196915,0.0,0.4133333333333334,u325834,beginner
0.6071428571428571,0.8,0.5454545454545454,0.42857142857142855,1.0,1.0,1.0,0.3714285714285715,0.3333333333333333,2.0,0.0,0.0,0.0,0.28,0.4883855118277623,0.0,0.5496103896103897,u326244,intermediate
0.1,0.0,0.16666666666666666,0.0,0.0,1.0,1.0,0.09999999999999999,0.0,7.0,0.0,-0.3333333333333333,0.0,0.1,0.30000000000000004,0.0,0.06666666666666667,u327309,beginner
0.2,1.0,0.0,0.3333333333333333,1.0,1.0,1.0,0.6666666666666667,0.3333333333333333,0.0,1.0,-0.3333333333333333,0.0,0.2,0.4000000000000001,0.0,0.33333333333333337,u327360,beginner
0.3,0.0,0.3333333333333333,0.0,0.0,1.0,1.0,0.19999999999999998,0.3333333333333333,2.0,0.0,0.0,0.0,0.1,0.45825756949558394,0.0,0.13333333333333333,u327361,beginner
0.4166666666666667,1.0,0.2857142857142857,0.0,1.0,1.0,1.0,1.0,0.3333333333333333,0.0,1.0,-0.3333333333333333,0.0,0.12,0.4930066485916347,0.0,0.3142857142857143,u328013,beginner
0.6666666666666666,0.8888888888888888,0.7272727272727273,0.0,1.0,1.0,1.0,0.8888888888888888,0.6666666666666666,0.0,2.0,0.3333333333333333,0.0,0.24,0.4714045207910317,0.0,0.4686868686868687,u328146,intermediate
0.5,0.0,0.5,0.5,0.0,1.0,1.0,0.0,0.3333333333333333,2.0,0.0,-0.6666666666666667,0.0,0.1,0.5,0.0,0.4,u329656,beginner
0.4,0.6,0.2857142857142857,0.3333333333333333,1.0,1.0,1.0,0.26666666666666666,0.6666666666666666,1.0,0.0,0.6666666666666666,0.0,0.15,0.48989794855663565,0.0,0.3676190476190476,u331415,beginner
0.5714285714285714,0.9545454545454546,0.5471698113207547,0.3783783783783784,1.0,1.0,1.0,0.5761670761670762,0.6666666666666666,0.0,1.0,0.0,0.0,1.12,0.4948716593053935,0.0,0.5611283667887441,u331938,intermediate
0.6370370370370371,0.9230769230769231,0.5753424657534246,0.34782608695652173,1.0,1.0,1.0,0.5752508361204014,0.6666666666666666,0.0,1.0,0.0,0.0,1.35,0.4808542923590365,0.0,0.5538828056993632,u332023,intermediate
0.6,0.5714285714285714,0.6666666666666666,0.0,1.0,1.0,0.0,-0.057142857142857134,0.6666666666666666,0.0,2.0,0.6666666666666666,0.0,0.1,0.48989794855663565,0.0,0.38095238095238093,u332136,beginner
0.3163841807909605,0.375,0.2465753424657534,0.3333333333333333,1.0,1.0,1.0,0.041666666666666685,0.6666666666666666,0.0,1.0,0.3333333333333333,0.0,1.77,0.4650647599380041,0.0,0.30696347031963467,u332190,beginner
0.6,0.0,0.5555555555555556,1.0,0.0,1.0,1.0,-0.26666666666666666,1.0,0.0,3.0,0.33333333333333337,0.0,0.1,0.48989794855663565,0.0,0.6222222222222222,u332892,intermediate
0.6097560975609756,0.8518518518518519,0.5106382978723404,0.375,1.0,1.0,1.0,0.47685185185185186,1.0,0.0,3.0,0.6666666666666667,0.0,0.82,0.4878048780487805,0.0,0.5246256895193065,u333203,intermediate
0.3,1.0,0.2222222222222222,0.0,1.0,1.0,0.0,0.4666666666666667,0.3333333333333333,0.0,1.0,0.0,0.0,0.1,0.45825756949558405,0.0,0.2888888888888889,u334245,beginner
0.5949367088607594,0.9166666666666666,0.6458333333333334,0.2631578947368421,1.0,1.0,1.0,0.6535087719298245,0.6666666666666666,1.0,0.0,0.0,0.0,0.79,0.4909042893586155,0.0,0.5469298245614036,u334271,intermediate
0.4,1.0,0.35714285714285715,0.25,1.0,1.0,1.0,0.75,0.0,3.0,0.0,-0.6666666666666666,0.0,0.35,0.48989794855663565,0.0,0.44285714285714284,u334542,beginner
0.4444444444444444,1.0,0.5454545454545454,0.0,1.0,1.0,1.0,1.0,0.3333333333333333,1.0,0.0,-0.3333333333333333,0.0,0.18,0.4969039949999533,0.0,0.4181818181818182,u336495,beginner
0.2727272727272727,0.0,0.3333333333333333,0.3333333333333333,1.0,1.0,1.0,-0.3333333333333333,0.3333333333333333,1.0,0.0,0.3333333333333333,0.0,0.11,0.4453617714151233,0.0,0.26666666666666666,u336763,beginner
0.2,0.0,0.2222222222222222,0.0,1.0,1.0,0.0,-0.13333333333333333,0.3333333333333333,0.0,1.0,0.3333333333333333,0.0,0.1,0.4000000000000001,0.0,0.08888888888888889,u337275,beginner
0.4,0.5,0.2,1.0,1.0,1.0,1.0,-0.5,0.6666666666666666,1.0,0.0,0.6666666666666666,0.0,0.1,0.48989794855663565,0.0,0.5800000000000001,u337383,intermediate
0.584070796460177,0.8300653594771242,0.5435435435435435,0.27848101265822783,1.0,1.0,1.0,0.5515843468188963,1.0,0.0,3.0,0.6666666666666667,0.0,5.65,0.49288142710245386,0.0,0.4948228943761334,u3374,intermediate
0.38461538461538464,1.0,0.2857142857142857,0.4,1.0,1.0,1.0,0.6,0.3333333333333333,1.0,0.0,0.0,0.0,0.13,0.48650425541051995,0.0,0.4742857142857143,u338098,intermediate
0.6,0.25,0.8,1.0,1.0,1.0,1.0,-0.75,0.6666666666666666,0.0,1.0,0.3333333333333333,0.0,0.1,0.48989794855663565,0.0,0.77,u338281,advanced
0.75,1.0,1.0,0.6666666666666666,1.0,1.0,1.0,0.33333333333333337,0.6666666666666666,0.0,2.0,0.0,0.0,0.12,0.4330127018922193,0.0,0.8666666666666667,u339238,advanced
0.4916387959866221,0.8148148148148148,0.5241935483870968,0.1702127659574468,1.0,1.0,1.0,0.6446020488573679,0.3333333333333333,2.0,0.0,-0.3333333333333333,0.0,2.99,0.49993008537939254,0.0,0.44072548870078043,u339934,beginner
0.5,0.6666666666666666,0.42857142857142855,0.5,1.0,1.0,1.0,0.16666666666666663,1.0,0.0,4.0,1.0,0.0,0.12,0.5,0.0,0.5047619047619047,u341387,intermediate
0.45454545454545453,1.0,0.6666666666666666,0.0,1.0,1.0,1.0,1.0,0.6666666666666666,0.0,1.0,0.0,0.0,0.11,0.49792959773196915,0.0,0.4666666666666667,u343402,intermediate
0.5454545454545454,1.0,1.0,0.2857142857142857,1.0,1.0,1.0,0.7142857142857143,0.6666666666666666,0.0,2.0,0.0,0.0,0.11,0.49792959773196915,0.0,0.7142857142857144,u343766,advanced
0.6164383561643836,0.7804878048780488,0.43333333333333335,0.0,1.0,1.0,1.0,0.7804878048780488,1.0,0.0,6.0,1.0,0.0,0.73,0.48625313285750266,0.0,0.3294308943089431,u344077,beginner
0.574468085106383,0.6,0.5454545454545454,0.0,1.0,1.0,0.0,0.03272727272727274,0.6666666666666666,0.0,1.0,0.3333333333333333,0.0,0.47,0.49442340589881906,0.0,0.33818181818181814,u345013,beginner
0.7333333333333333,1.0,0.6666666666666666,0.75,1.0,1.0,1.0,0.25,0.3333333333333333,0.0,1.0,-0.6666666666666667,0.0,0.15,0.4422166387140533,0.0,0.7666666666666667,u345649,advanced
0.45454545454545453,0.5,0.5714285714285714,0.0,1.0,1.0,1.0,0.5,0.3333333333333333,2.0,0.0,0.0,0.0,0.11,0.49792959773196915,0.0,0.32857142857142857,u345887,beginner
0.5,1.0,0.5,0.4,1.0,1.0,1.0,0.6,0.6666666666666666,0.0,1.0,0.6666666666666666,0.0,0.12,0.5,0.0,0.56,u345935,intermediate
0.4166666666666667,0.6666666666666666,0.25,0.4,1.0,1.0,1.0,0.2666666666666666,0.6666666666666666,0.0,1.0,0.3333333333333333,0.0,0.12,0.4930066485916347,0.0,0.39333333333333337,u347179,beginner
0.71875,0.8571428571428571,0.6923076923076923,0.4,1.0,1.0,1.0,0.4571428571428571,0.6666666666666666,1.0,0.0,0.3333333333333333,0.0,0.32,0.4496092053105675,0.0,0.6083516483516485,u347471,intermediate
0.36363636363636365,0.0,0.4,0.0,1.0,1.0,0.0,-0.24,0.0,3.0,0.0,-0.3333333333333333,0.0,0.11,0.48104569292083466,0.0,0.16000000000000003,u347856,beginner
0.36363636363636365,0.8,0.35,0.125,1.0,1.0,1.0,0.675,0.3333333333333333,2.0,0.0,0.0,0.0,0.33,0.48104569292083466,0.0,0.35000000000000003,u348272,beginner
0.5333333333333333,0.7391304347826086,0.4888888888888889,0.14285714285714285,1.0,1.0,1.0,0.5962732919254659,0.6666666666666666,0.0,2.0,0.6666666666666666,0.0,0.75,0.49888765156985876,0.0,0.4005244996549345,u348625,beginner
0.6857142857142857,1.0,0.6923076923076923,0.5,1.0,1.0,1.0,0.5,0.3333333333333333,1.0,0.0,-0.3333333333333333,0.0,0.35,0.4642307659791978,0.0,0.676923076923077,u349400,intermediate
0.4,0.3333333333333333,0.0,0.6,1.0,1.0,1.0,-0.26666666666666666,0.6666666666666666,1.0,0.0,0.3333333333333333,0.0,0.1,0.48989794855663565,0.0,0.30666666666666664,u349666,beginner
0.4866666666666667,0.5737704918032787,0.4594594594594595,0.26666666666666666,1.0,1.0,1.0,0.307103825136612,0.3333333333333333,1.0,0.0,0.3333333333333333,0.0,1.5,0.4998221906060416,0.0,0.40520454881110624,u349759,beginner
0.6290322580645161,0.8888888888888888,0.6551724137931034,0.26666666666666666,1.0,1.0,1.0,0.6222222222222222,0.6666666666666666,0.0,1.0,0.3333333333333333,0.0,0.62,0.48306384296361093,0.0,0.5465134099616858,u350453,intermediate
0.6,1.0,1.0,0.2,1.0,1.0,1.0,0.8,0.3333333333333333,0.0,1.0,-0.6666666666666667,0.0,0.1,0.48989794855663565,0.0,0.6800000000000002,u350665,intermediate
0.6572769953051644,0.9230769230769231,0.6630434782608695,0.3392857142857143,1.0,1.0,1.0,0.5837912087912088,1.0,0.0,5.0,0.0,0.0,4.26,0.4746197917784079,0.0,0.5855470616340182,u350779,intermediate
0.3,0.0,0.2857142857142857,0.3333333333333333,0.0,1.0,1.0,-0.028571428571428567,0.0,5.0,0.0,-0.3333333333333333,0.0,0.1,0.45825756949558394,0.0,0.24761904761904763,u351429,beginner
0.5483870967741935,0.8181818181818182,0.4166666666666667,0.375,1.0,1.0,1.0,0.44318181818181823,1.0,0.0,3.0,0.33333333333333337,0.0,0.31,0.4976531813077906,0.0,0.48030303030303034,u351553,intermediate
0.6923076923076923,1.0,0.6666666666666666,0.25,1.0,1.0,1.0,0.75,1.0,0.0,3.0,0.33333333333333337,0.0,0.13,0.46153846153846156,0.0,0.5666666666666667,u352040,intermediate
0.5830618892508144,0.8018867924528302,0.532258064516129,0.36363636363636365,1.0,1.0,1.0,0.4382504288164666,0.6666666666666666,0.0,2.0,0.3333333333333333,0.0,3.07,0.4930524541608991,0.0,0.5187351297515631,u352947,intermediate
0.5454545454545454,1.0,0.5,0.42857142857142855,1.0,1.0,1.0,0.5714285714285714,0.3333333333333333,1.0,0.0,-0.3333333333333333,0.0,0.11,0.49792959773196915,0.0,0.5714285714285714,u353097,intermediate
0.5,0.6666666666666666,0.36363636363636365,0.5,1.0,1.0,1.0,0.16666666666666663,0.6666666666666666,1.0,0.0,0.3333333333333333,0.0,0.22,0.5,0.0,0.4787878787878788,u353971,intermediate
0.7647058823529411,0.75,1.0,0.625,1.0,1.0,1.0,0.125,1.0,0.0,3.0,0.33333333333333337,0.0,0.17,0.42418250299576343,0.0,0.8,u354566,advanced
0.46153846153846156,0.0,0.6666666666666666,0.2857142857142857,0.0,1.0,1.0,0.22857142857142854,0.6666666666666666,0.0,2.0,0.3333333333333333,0.0,0.13,0.49851851526214314,0.0,0.38095238095238093,u356256,beginner
0.6086235489220564,0.8426724137931034,0.5553505535055351,0.21,1.0,1.0,1.0,0.6326724137931035,1.0,0.0,3.0,0.33333333333333337,0.0,12.06,0.4880583209203359,0.0,0.47467470416083474,u3563,intermediate
0.5238095238095238,1.0,1.0,0.375,1.0,1.0,1.0,0.625,0.6666666666666666,1.0,0.0,0.0,0.0,0.21,0.49943278484292924,0.0,0.7500000000000001,u356350,advanced
0.36363636363636365,0.42857142857142855,0.3333333333333333,0.0,1.0,1.0,1.0,0.42857142857142855,0.6666666666666666,0.0,2.0,0.3333333333333333,0.0,0.11,0.4810456929208347,0.0,0.21904761904761905,u357038,beginner
0.8157894736842105,0.9285714285714286,0.8333333333333334,0.5,1.0,1.0,1.0,0.4285714285714286,1.0,0.0,7.0,0.0,0.0,0.38,0.3876557858593746,0.0,0.7190476190476192,u357971,advanced
0.4072657743785851,0.6064516129032258,0.3573667711598746,0.10204081632653061,1.0,1.0,1.0,0.5044107965766952,0.6666666666666666,0.0,2.0,0.0,0.0,5.23,0.4913251096762678,0.0,0.30505335757520724,u358002,beginner
0.5357142857142857,0.7647058823529411,0.65,0.21052631578947367,1.0,1.0,1.0,0.5541795665634675,0.6666666666666666,0.0,2.0,-0.33333333333333337,0.0,0.56,0.49872285870603367,0.0,0.4971517027863777,u358100,intermediate
0.46153846153846156,0.6666666666666666,0.5,0.375,1.0,1.0,1.0,0.29166666666666663,0.3333333333333333,1.0,0.0,-0.3333333333333333,0.0,0.13,0.49851851526214314,0.0,0.4833333333333334,u358505,intermediate
0.5522388059701493,0.8,0.7419354838709677,0.23076923076923078,1.0,1.0,1.0,0.5692307692307692,0.3333333333333333,2.0,0.0,0.0,0.0,0.67,0.49726361937187114,0.0,0.5490818858560795,u358779,intermediate
0.4117647058823529,0.4,0.625,0.0,1.0,1.0,1.0,0.4,1.0,0.0,3.0,1.0,0.0,0.17,0.4921529567847503,0.0,0.33,u360000,beginner
0.5454545454545454,0.0,0.6,0.0,0.0,1.0,1.0,0.36,1.0,0.0,4.0,0.6666666666666667,0.0,0.11,0.49792959773196915,0.0,0.24,u360130,beginner
0.46296296296296297,0.6363636363636364,0.47058823529411764,0.2222222222222222,1.0,1.0,1.0,0.41414141414141414,0.3333333333333333,2.0,0.0,-0.6666666666666667,0.0,0.54,0.4986263710309726,0.0,0.4043969102792633,u360134,beginner
0.5636363636363636,0.8313253012048193,0.52,0.2765957446808511,1.0,1.0,1.0,0.5547295565239683,1.0,0.0,9.0,0.6666666666666667,0.0,3.3,0.4959338798903947,0.0,0.4849033581133043,u360489,intermediate
0.2727272727272727,0.3333333333333333,0.2857142857142857,0.0,1.0,1.0,1.0,0.3333333333333333,0.3333333333333333,0.0,1.0,0.3333333333333333,0.0,0.11,0.4453617714151233,0.0,0.18095238095238095,u361084,beginner
0.3076923076923077,1.0,0.18181818181818182,0.0,1.0,1.0,0.0,0.49090909090909085,0.6666666666666666,0.0,2.0,0.3333333333333333,0.0,0.13,0.46153846153846156,0.0,0.27272727272727276,u362165,beginner
0.33962264150943394,0.6,0.25,0.0,1.0,1.0,1.0,0.6,0.3333333333333333,0.0,1.0,0.3333333333333333,0.0,0.53,0.4735811470947598,0.0,0.22,u363330,beginner
0.532258064516129,0.7727272727272727,0.48148148148148145,0.23076923076923078,1.0,1.0,1.0,0.5419580419580419,0.3333333333333333,1.0,0.0,-0.3333333333333333,0.0,0.62,0.4989583322018716,0.0,0.43944573944573945,u363771,beginner
0.55,0.75,0.5384615384615384,0.3333333333333333,1.0,1.0,1.0,0.4166666666666667,0.0,3.0,0.0,-0.6666666666666666,0.0,0.2,0.49749371855331,0.0,0.4987179487179487,u364372,intermediate
0.6732673267326733,0.9090909090909091,0.64,0.3333333333333333,1.0,1.0,1.0,0.5757575757575757,0.6666666666666666,0.0,2.0,0.0,0.0,1.01,0.4690185854386935,0.0,0.5711515151515152,u364702,intermediate
0.6666666666666666,0.7407407407407407,0.5454545454545454,0.0,1.0,1.0,1.0,0.7407407407407407,0.6666666666666666,0.0,1.0,0.3333333333333333,0.0,0.39,0.4714045207910317,0.0,0.3663299663299663,u364759,beginner
0.3888888888888889,0.5,0.45454545454545453,0.2,1.0,1.0,1.0,0.3,0.0,3.0,0.0,-0.6666666666666666,0.0,0.18,0.4874980215217846,0.0,0.36181818181818187,u366382,beginner
0.5714285714285714,0.8461538461538461,0.36363636363636365,0.25,1.0,1.0,1.0,0.5961538461538461,0.6666666666666666,1.0,0.0,0.3333333333333333,0.0,0.28,0.49487165930539356,0.0,0.41468531468531467,u367111,beginner
0.48514851485148514,0.6111111111111112,0.20833333333333334,0.0,1.0,1.0,1.0,0.6111111111111112,0.6666666666666666,1.0,0.0,0.3333333333333333,0.0,1.01,0.4997793847177806,0.0,0.20555555555555557,u367291,beginner
0.42105263157894735,0.6666666666666666,0.3333333333333333,0.25,1.0,1.0,1.0,0.41666666666666663,0.3333333333333333,1.0,0.0,0.0,0.0,0.19,0.49372797471825575,0.0,0.3666666666666667,u367310,beginner
0.09090909090909091,0.0,0.0,0.16666666666666666,1.0,1.0,1.0,-0.16666666666666666,0.0,6.0,0.0,0.0,0.0,0.11,0.2874797872880344,0.0,0.06666666666666667,u367491,beginner
0.5,0.0,0.4,0.6,0.0,1.0,1.0,-0.11999999999999997,0.6666666666666666,0.0,2.0,0.6666666666666666,0.0,0.1,0.5,0.0,0.4,u367753,beginner
0.5,1.0,0.5384615384615384,0.0,1.0,1.0,1.0,1.0,0.0,3.0,0.0,-0.3333333333333333,0.0,0.2,0.5,0.0,0.4153846153846154,u368486,beginner
0.45454545454545453,1.0,1.0,0.0,1.0,1.0,1.0,1.0,0.3333333333333333,2.0,0.0,0.3333333333333333,0.0,0.11,0.49792959773196915,0.0,0.6000000000000001,u368543,intermediate
0.6877192982456141,0.8785046728971962,0.672,0.33962264150943394,1.0,1.0,1.0,0.5388820313877623,0.3333333333333333,0.0,1.0,-0.3333333333333333,0.0,2.85,0.4634236345571665,0.0,0.5803499911832128,u368665,intermediate
0.3,0.14285714285714285,0.6666666666666666,0.0,1.0,1.0,0.0,-0.3142857142857142,0.0,3.0,0.0,-0.6666666666666666,0.0,0.1,0.45825756949558394,0.0,0.29523809523809524,u368949,beginner
0.5652173913043478,0.6666666666666666,0.6086956521739131,0.25,1.0,1.0,1.0,0.41666666666666663,0.0,4.0,0.0,-0.3333333333333333,0.0,0.46,0.4957284456952774,0.0,0.47681159420289854,u370178,intermediate
0.47619047619047616,0.8333333333333334,0.4166666666666667,0.0,1.0,1.0,1.0,0.8333333333333334,0.3333333333333333,0.0,1.0,-0.6666666666666667,0.0,0.21,0.49943278484292924,0.0,0.33333333333333337,u370287,beginner
0.47368421052631576,0.0,0.5833333333333334,0.3333333333333333,1.0,1.0,1.0,-0.3333333333333333,0.3333333333333333,1.0,0.0,0.0,0.0,0.19,0.4993069989739547,0.0,0.3666666666666667,u370810,beginner
0.4444444444444444,0.6666666666666666,0.3333333333333333,0.0,1.0,1.0,0.0,0.19999999999999998,1.0,0.0,5.0,0.6666666666666667,0.0,0.18,0.4969039949999533,0.0,0.26666666666666666,u371089,beginner
0.5529411764705883,0.7125,0.5265700483091788,0.20689655172413793,1.0,1.0,1.0,0.5056034482758621,0.6666666666666666,0.0,2.0,0.3333333333333333,0.0,4.25,0.49718933197918685,0.0,0.4358866400133267,u371467,beginner
0.5172413793103449,0.8484848484848485,0.4690265486725664,0.32142857142857145,1.0,1.0,1.0,0.527056277056277,0.6666666666666666,0.0,1.0,0.0,0.0,1.74,0.4997026464203254,0.0,0.4858790177374248,u371751,intermediate
0.4909090909090909,0.5294117647058824,0.5357142857142857,0.3,1.0,1.0,1.0,0.22941176470588237,1.0,0.0,3.0,0.6666666666666667,0.0,0.55,0.499917348540637,0.0,0.4401680672268908,u371978,beginner
0.504424778761062,0.8148148148148148,0.48,0.3055555555555556,1.0,1.0,1.0,0.5092592592592592,0.3333333333333333,0.0,1.0,-0.6666666666666667,0.0,1.13,0.49998042094957645,0.0,0.4771851851851852,u372141,intermediate
0.6,1.0,0.75,0.25,1.0,1.0,1.0,0.75,0.3333333333333333,0.0,1.0,-0.3333333333333333,0.0,0.1,0.48989794855663565,0.0,0.6,u372300,intermediate
0.5333333333333333,1.0,0.42857142857142855,0.5714285714285714,1.0,1.0,1.0,0.4285714285714286,0.3333333333333333,0.0,1.0,-0.6666666666666667,0.0,0.15,0.49888765156985887,0.0,0.6,u373110,intermediate
0.6153846153846154,1.0,0.6,0.5,1.0,1.0,1.0,0.5,0.3333333333333333,1.0,0.0,-0.6666666666666667,0.0,0.13,0.48650425541051995,0.0,0.64,u3733,intermediate
0.48717948717948717,0.7272727272727273,0.3902439024390244,0.4,1.0,1.0,1.0,0.32727272727272727,0.3333333333333333,0.0,1.0,0.0,0.0,0.78,0.4998356074261007,0.0,0.4615521064301553,u373350,intermediate
0.7093023255813954,0.8918918918918919,0.6341463414634146,0.25,1.0,1.0,1.0,0.6418918918918919,0.3333333333333333,0.0,1.0,0.0,0.0,0.86,0.454084283482945,0.0,0.5320369149637443,u373453,intermediate
0.7368421052631579,0.8108108108108109,0.6470588235294118,0.3333333333333333,1.0,1.0,1.0,0.47747747747747754,1.0,0.0,5.0,1.0,0.0,0.57,0.44034738238635557,0.0,0.5543190249072603,u3736,intermediate
0.2,0.0,0.4,0.0,0.0,1.0,1.0,0.24,0.0,5.0,0.0,0.0,0.0,0.1,0.4000000000000001,0.0,0.16000000000000003,u373630,beginner
0.4888888888888889,0.7777777777777778,0.5454545454545454,0.21428571428571427,1.0,1.0,1.0,0.5634920634920635,0.3333333333333333,1.0,0.0,-0.3333333333333333,0.0,0.45,0.4998765279645331,0.0,0.45945165945165944,u374509,intermediate
0.5652173913043478,1.0,0.5384615384615384,0.2,1.0,1.0,1.0,0.8,0.0,4.0,0.0,-0.6666666666666666,0.0,0.23,0.49572844569527735,0.0,0.4953846153846154,u374660,intermediate
0.5477707006369427,0.8,0.5466666666666666,0.30952380952380953,1.0,1.0,1.0,0.4904761904761905,0.0,4.0,0.0,-0.6666666666666666,0.0,1.57,0.49771272854996945,0.0,0.5024761904761905,u376090,intermediate
0.45454545454545453,0.5,0.5,0.0,1.0,1.0,1.0,0.5,0.3333333333333333,0.0,1.0,0.0,0.0,0.11,0.49792959773196915,0.0,0.30000000000000004,u376483,beginner
0.5714285714285714,0.8571428571428571,0.42857142857142855,0.42857142857142855,1.0,1.0,1.0,0.42857142857142855,0.3333333333333333,2.0,0.0,-0.3333333333333333,0.0,0.21,0.49487165930539356,0.0,0.5142857142857142,u377068,intermediate
0.45454545454545453,0.6,0.5,0.0,1.0,1.0,1.0,0.6,0.6666666666666666,0.0,2.0,0.6666666666666666,0.0,0.11,0.49792959773196915,0.0,0.32,u377185,beginner
0.5209790209790209,0.7956989247311828,0.4235294117647059,0.13043478260869565,1.0,1.0,1.0,0.6652641421224871,0.6666666666666666,1.0,0.0,0.3333333333333333,0.0,2.86,0.4995596868030504,0.0,0.38072546269559726,u378365,beginner
0.5808823529411765,0.6428571428571429,0.45652173913043476,0.6666666666666666,1.0,1.0,1.0,-0.023809523809523725,0.6666666666666666,0.0,1.0,0.0,0.0,1.36,0.4934146785237534,0.0,0.5778467908902691,u378413,intermediate
0.7333333333333333,1.0,0.8333333333333334,0.4,1.0,1.0,1.0,0.6,1.0,0.0,7.0,0.33333333333333337,0.0,0.15,0.4422166387140533,0.0,0.6933333333333335,u379284,intermediate
0.64,0.9090909090909091,0.5454545454545454,0.0,1.0,1.0,1.0,0.9090909090909091,0.6666666666666666,0.0,2.0,0.3333333333333333,0.0,0.25,0.48,0.0,0.4,u379590,beginner
0.6297376093294461,0.9111111111111111,0.6481481481481481,0.31868131868131866,1.0,1.0,1.0,0.5924297924297924,0.6666666666666666,0.0,1.0,0.0,0.0,3.43,0.4828748830965223,0.0,0.5689540089540089,u380133,intermediate
0.7,1.0,0.5,1.0,1.0,1.0,1.0,0.0,0.6666666666666666,0.0,2.0,0.0,0.0,0.1,0.45825756949558394,0.0,0.8,u380899,advanced
0.8461538461538461,1.0,0.8,0.8571428571428571,1.0,1.0,1.0,0.1428571428571429,0.6666666666666666,0.0,1.0,-0.33333333333333337,0.0,0.13,0.36080121229410994,0.0,0.8628571428571429,u380930,advanced
0.7,1.0,0.6666666666666666,0.6,1.0,1.0,1.0,0.4,0.3333333333333333,1.0,0.0,-0.3333333333333333,0.0,0.1,0.45825756949558405,0.0,0.7066666666666667,u381296,advanced
0.5,0.75,0.42857142857142855,0.3333333333333333,1.0,1.0,1.0,0.4166666666666667,0.6666666666666666,1.0,0.0,0.3333333333333333,0.0,0.14,0.5,0.0,0.4547619047619048,u381378,intermediate
0.6,1.0,0.5,0.5,1.0,1.0,1.0,0.5,0.6666666666666666,0.0,1.0,0.0,0.0,0.1,0.48989794855663565,0.0,0.6000000000000001,u381598,intermediate
0.5432098765432098,0.8333333333333334,0.5192307692307693,0.4117647058823529,1.0,1.0,1.0,0.42156862745098045,0.6666666666666666,0.0,1.0,0.0,0.0,0.81,0.4981294074526424,0.0,0.5390648567119156,u381899,intermediate
0.7272727272727273,0.6666666666666666,0.8,0.6666666666666666,1.0,1.0,1.0,0.0,0.3333333333333333,2.0,0.0,-0.3333333333333333,0.0,0.11,0.4453617714151233,0.0,0.72,u382073,advanced
0.5428571428571428,0.6428571428571429,0.5294117647058824,0.25,1.0,1.0,1.0,0.3928571428571429,1.0,0.0,4.0,0.6666666666666667,0.0,0.35,0.49815987926179134,0.0,0.4403361344537815,u383345,beginner
0.5333333333333333,1.0,0.6666666666666666,0.0,1.0,1.0,1.0,1.0,1.0,0.0,5.0,0.33333333333333337,0.0,0.15,0.4988876515698588,0.0,0.4666666666666667,u384132,intermediate
0.5454545454545454,0.75,0.5714285714285714,0.14285714285714285,1.0,1.0,1.0,0.6071428571428572,0.6666666666666666,0.0,2.0,0.0,0.0,0.33,0.4979295977319692,0.0,0.4357142857142857,u384239,beginner
0.2,1.0,0.14285714285714285,0.0,1.0,1.0,1.0,1.0,0.3333333333333333,0.0,1.0,0.0,0.0,0.1,0.4000000000000001,0.0,0.2571428571428572,u384255,beginner
0.4768211920529801,0.8125,0.37349397590361444,0.1,1.0,1.0,1.0,0.7125,0.3333333333333333,0.0,1.0,0.0,0.0,1.51,0.49946245390635235,0.0,0.35189759036144586,u384687,beginner
0.38461538461538464,1.0,0.3333333333333333,0.0,1.0,1.0,1.0,1.0,0.3333333333333333,0.0,1.0,0.0,0.0,0.13,0.48650425541051995,0.0,0.33333333333333337,u385216,beginner
0.6,1.0,0.6666666666666666,0.4,1.0,1.0,1.0,0.6,0.0,3.0,0.0,-1.0,0.0,0.1,0.4898979485566356,0.0,0.6266666666666667,u385630,intermediate
0.5454545454545454,0.5714285714285714,0.6666666666666666,0.0,1.0,1.0,1.0,0.5714285714285714,0.6666666666666666,0.0,1.0,0.0,0.0,0.11,0.49792959773196915,0.0,0.38095238095238093,u386036,beginner
0.7821782178217822,0.9761904761904762,0.7333333333333333,0.35714285714285715,1.0,1.0,1.0,0.6190476190476191,1.0,0.0,6.0,0.6666666666666667,0.0,1.01,0.4127656155579373,0.0,0.6314285714285715,u386097,intermediate
0.3888888888888889,0.8333333333333334,0.3333333333333333,0.0,1.0,1.0,1.0,0.8333333333333334,0.3333333333333333,2.0,0.0,0.0,0.0,0.18,0.4874980215217846,0.0,0.30000000000000004,u387704,beginner
0.2727272727272727,0.0,0.3,0.0,1.0,1.0,0.0,-0.18,0.3333333333333333,0.0,1.0,0.0,0.0,0.11,0.4453617714151233,0.0,0.12,u390130,beginner
0.5714285714285714,0.75,0.5,1.0,1.0,1.0,1.0,-0.25,0.6666666666666666,1.0,0.0,0.0,0.0,0.21,0.49487165930539356,0.0,0.75,u390653,advanced
0.4523809523809524,0.6153846153846154,0.4090909090909091,0.2857142857142857,1.0,1.0,1.0,0.3296703296703297,0.6666666666666666,0.0,1.0,0.3333333333333333,0.0,0.42,0.497727260961116,0.0,0.40099900099900104,u392239,beginner
0.5454545454545454,1.0,1.0,0.2857142857142857,1.0,1.0,1.0,0.7142857142857143,0.3333333333333333,0.0,1.0,-0.6666666666666667,0.0,0.11,0.49792959773196915,0.0,0.7142857142857144,u393746,advanced
0.6194444444444445,0.8645833333333334,0.5967741935483871,0.3717948717948718,1.0,1.0,1.0,0.49278846153846156,0.3333333333333333,1.0,0.0,-0.6666666666666667,0.0,3.6,0.4855234543164295,0.0,0.5603442928039702,u394168,intermediate
0.5764705882352941,0.8181818181818182,0.5544041450777202,0.288135593220339,1.0,1.0,1.0,0.5300462249614792,0.3333333333333333,1.0,0.0,-0.6666666666666667,0.0,3.4,0.49411764705882355,0.0,0.5006522589555873,u394539,intermediate
0.5,1.0,1.0,0.25,1.0,1.0,1.0,0.75,0.6666666666666666,1.0,0.0,0.0,0.0,0.12,0.5,0.0,0.7000000000000001,u394847,advanced
0.6120401337792643,0.8545454545454545,0.6463414634146342,0.375,1.0,1.0,1.0,0.4795454545454545,0.3333333333333333,1.0,0.0,-0.3333333333333333,0.0,5.98,0.48728534599629053,0.0,0.5794456762749446,u395015,intermediate
0.4666666666666667,1.0,0.38461538461538464,0.0,1.0,1.0,0.0,0.36923076923076925,1.0,0.0,5.0,1.0,0.0,0.15,0.49888765156985887,0.0,0.35384615384615387,u395938,beginner
0.6100278551532033,0.8290598290598291,0.5526315789473685,0.3269230769230769,1.0,1.0,1.0,0.5021367521367521,0.6666666666666666,0.0,2.0,0.3333333333333333,0.0,3.59,0.4877436530498226,0.0,0.517633828160144,u395973,intermediate
0.6470588235294118,0.875,0.5714285714285714,0.0,1.0,1.0,1.0,0.875,0.6666666666666666,0.0,2.0,0.0,0.0,0.17,0.47788461203740945,0.0,0.4035714285714286,u396089,beginner
0.5,1.0,0.5,0.42857142857142855,1.0,1.0,1.0,0.5714285714285714,0.3333333333333333,2.0,0.0,0.0,0.0,0.12,0.5,0.0,0.5714285714285714,u396604,intermediate
0.5454545454545454,0.6666666666666666,1.0,0.0,1.0,1.0,1.0,0.6666666666666666,0.3333333333333333,2.0,0.0,-0.3333333333333333,0.0,0.11,0.49792959773196915,0.0,0.5333333333333333,u397149,intermediate
0.15384615384615385,0.25,0.14285714285714285,0.0,1.0,1.0,1.0,0.25,0.3333333333333333,1.0,0.0,0.0,0.0,0.13,0.36080121229410994,0.0,0.10714285714285715,u399943,beginner
0.7018348623853211,0.9692307692307692,0.6597938144329897,0.4642857142857143,1.0,1.0,1.0,0.5049450549450549,0.6666666666666666,1.0,0.0,0.0,0.0,2.18,0.45745238913563285,0.0,0.6434779653336354,u400861,intermediate
0.5387453874538746,0.6181818181818182,0.4421052631578947,0.18181818181818182,1.0,1.0,1.0,0.43636363636363634,0.3333333333333333,1.0,0.0,0.0,0.0,2.71,0.4984965345426677,0.0,0.3732057416267943,u401593,beginner
0.5681818181818182,0.8,0.46153846153846156,0.2727272727272727,1.0,1.0,1.0,0.5272727272727273,0.6666666666666666,0.0,2.0,0.0,0.0,0.44,0.4953294254023493,0.0,0.45370629370629373,u401823,intermediate
0.3,0.5,0.25,0.0,1.0,1.0,0.0,0.15,0.3333333333333333,1.0,0.0,0.0,0.0,0.1,0.45825756949558394,0.0,0.2,u402029,beginner
0.46153846153846156,0.6666666666666666,0.3333333333333333,0.5,1.0,1.0,1.0,0.16666666666666663,0.3333333333333333,2.0,0.0,-0.3333333333333333,0.0,0.13,0.49851851526214314,0.0,0.4666666666666667,u403006,intermediate
0.7567567567567568,0.9393939393939394,0.6666666666666666,0.2,1.0,1.0,1.0,0.7393939393939395,0.6666666666666666,0.0,1.0,0.6666666666666666,0.0,0.74,0.42904075314560924,0.0,0.5345454545454547,u403103,intermediate
0.5915492957746479,1.0,0.6578947368421053,0.2,1.0,1.0,1.0,0.8,0.6666666666666666,1.0,0.0,0.3333333333333333,0.0,0.71,0.4915472779328211,0.0,0.5431578947368422,u403412,intermediate
0.5853658536585366,0.8636363636363636,0.35714285714285715,0.0,1.0,1.0,1.0,0.8636363636363636,1.0,0.0,5.0,0.6666666666666667,0.0,0.41,0.49265877748107695,0.0,0.31558441558441563,u403537,beginner
0.5763888888888888,0.8541666666666666,0.4625,0.3125,1.0,1.0,1.0,0.5416666666666666,0.3333333333333333,0.0,1.0,-0.3333333333333333,0.0,1.44,0.4941302840894505,0.0,0.48083333333333333,u404015,intermediate
0.43023255813953487,0.65,0.4090909090909091,0.2727272727272727,1.0,1.0,1.0,0.3772727272727273,0.3333333333333333,0.0,1.0,-0.3333333333333333,0.0,0.86,0.4951085780475296,0.0,0.40272727272727277,u406224,beginner
0.6505823627287853,0.848,0.5985663082437276,0.16666666666666666,1.0,1.0,1.0,0.6813333333333333,0.6666666666666666,0.0,2.0,0.0,0.0,6.01,0.47678606526933703,0.0,0.47569318996415766,u407790,intermediate
0.7272727272727273,0.9333333333333333,0.6153846153846154,0.4,1.0,1.0,1.0,0.5333333333333333,0.6666666666666666,0.0,1.0,-0.33333333333333337,0.0,0.33,0.4453617714151233,0.0,0.5928205128205128,u408878,intermediate
0.5951557093425606,0.8085106382978723,0.5895061728395061,0.34513274336283184,1.0,1.0,1.0,0.46337789493504045,0.6666666666666666,0.0,1.0,-0.33333333333333337,0.0,5.78,0.49086188584928264,0.0,0.5355576941405097,u409401,intermediate
0.47368421052631576,0.6666666666666666,0.42105263157894735,0.21052631578947367,1.0,1.0,1.0,0.45614035087719296,0.6666666666666666,0.0,2.0,0.3333333333333333,0.0,1.9,0.4993069989739546,0.0,0.38596491228070173,u409647,beginner
0.46153846153846156,0.0,0.7142857142857143,1.0,1.0,1.0,1.0,-1.0,0.3333333333333333,1.0,0.0,0.0,0.0,0.13,0.49851851526214314,0.0,0.6857142857142857,u410334,intermediate
0.7083333333333334,0.9375,0.7619047619047619,0.2727272727272727,1.0,1.0,1.0,0.6647727272727273,1.0,0.0,8.0,0.33333333333333337,0.0,0.48,0.45452967144315476,0.0,0.6013528138528139,u412027,intermediate
0.5207100591715976,0.6526315789473685,0.375,0.2,1.0,1.0,1.0,0.45263157894736844,0.6666666666666666,1.0,0.0,0.3333333333333333,0.0,1.69,0.4995709093303061,0.0,0.36052631578947375,u412121,beginner
0.18181818181818182,0.0,0.25,0.0,1.0,1.0,0.0,-0.15,0.3333333333333333,2.0,0.0,0.3333333333333333,0.0,0.11,0.38569460791993493,0.0,0.1,u412375,beginner
0.5,1.0,0.6363636363636364,0.2222222222222222,1.0,1.0,1.0,0.7777777777777778,0.6666666666666666,0.0,2.0,-0.33333333333333337,0.0,0.22,0.5,0.0,0.5434343434343435,u412452,intermediate
0.6,0.5,1.0,0.25,1.0,1.0,1.0,0.25,0.3333333333333333,2.0,0.0,-0.3333333333333333,0.0,0.1,0.4898979485566356,0.0,0.6,u412675,intermediate
0.3076923076923077,0.6666666666666666,0.3,0.0,1.0,1.0,1.0,0.6666666666666666,0.0,4.0,0.0,-0.6666666666666666,0.0,0.26,0.46153846153846145,0.0,0.2533333333333333,u412917,beginner
0.55,1.0,0.6666666666666666,0.4,1.0,1.0,1.0,0.6,0.3333333333333333,1.0,0.0,-0.3333333333333333,0.0,0.2,0.49749371855331,0.0,0.6266666666666667,u413107,intermediate
0.7,1.0,1.0,0.0,1.0,1.0,1.0,1.0,1.0,0.0,6.0,0.6666666666666667,0.0,0.1,0.45825756949558394,0.0,0.6000000000000001,u413391,intermediate
0.5526315789473685,0.8181818181818182,0.5227272727272727,0.1,1.0,1.0,1.0,0.7181818181818183,0.3333333333333333,0.0,1.0,-0.3333333333333333,0.0,0.76,0.49722220072871537,0.0,0.41272727272727283,u413471,beginner
0.5855855855855856,0.8333333333333334,0.5483870967741935,0.3157894736842105,1.0,1.0,1.0,0.5175438596491229,0.3333333333333333,2.0,0.0,-0.3333333333333333,0.0,1.11,0.49262065277449796,0.0,0.5123372948500283,u414001,intermediate
0.45454545454545453,0.75,0.25,0.3333333333333333,1.0,1.0,1.0,0.4166666666666667,0.6666666666666666,0.0,1.0,0.3333333333333333,0.0,0.11,0.49792959773196915,0.0,0.3833333333333333,u414788,beginner
0.5613015688553167,0.772972972972973,0.544477028347996,0.375,1.0,1.0,1.0,0.39797297297297296,0.6666666666666666,1.0,0.0,0.0,0.0,17.21,0.49622788883322233,0.0,0.522385405933793,u415735,intermediate
0.2727272727272727,1.0,0.25,0.0,1.0,1.0,1.0,1.0,0.0,3.0,0.0,0.0,0.0,0.11,0.4453617714151233,0.0,0.30000000000000004,u417305,beginner
0.4838709677419355,0.6666666666666666,0.4375,0.3333333333333333,1.0,1.0,1.0,0.3333333333333333,0.6666666666666666,0.0,2.0,0.0,0.0,0.31,0.4997397866074087,0.0,0.44166666666666665,u420206,beginner
0.5454545454545454,1.0,0.42857142857142855,0.5,1.0,1.0,1.0,0.5,0.3333333333333333,0.0,1.0,-0.3333333333333333,0.0,0.11,0.49792959773196915,0.0,0.5714285714285714,u422267,intermediate
0.5676691729323309,0.7788461538461539,0.4696969696969697,0.26666666666666666,1.0,1.0,1.0,0.5121794871794871,1.0,0.0,3.0,0.6666666666666667,0.0,2.66,0.49539972046283426,0.0,0.4503146853146853,u422444,intermediate
0.45098039215686275,0.5888888888888889,0.4875,0.2803738317757009,1.0,1.0,1.0,0.308515057113188,1.0,0.0,4.0,0.6666666666666667,0.0,3.57,0.49759127609605963,0.0,0.4249273104880582,u422517,beginner
0.6170212765957447,0.8117647058823529,0.5665236051502146,0.29850746268656714,1.0,1.0,1.0,0.5132572431957858,0.6666666666666666,0.0,2.0,0.0,0.0,4.7,0.4861131769700367,0.0,0.5083653683111833,u422614,intermediate
0.3,0.6666666666666666,0.16666666666666666,0.0,1.0,1.0,1.0,0.6666666666666666,0.3333333333333333,0.0,1.0,0.0,0.0,0.1,0.45825756949558405,0.0,0.2,u422919,beginner
0.4,0.75,0.3333333333333333,0.0,1.0,1.0,1.0,0.75,0.3333333333333333,2.0,0.0,0.0,0.0,0.1,0.48989794855663565,0.0,0.2833333333333333,u423050,beginner
0.18181818181818182,0.0,0.25,0.0,1.0,1.0,1.0,0.0,0.3333333333333333,0.0,1.0,0.3333333333333333,0.0,0.11,0.385694607919935,0.0,0.1,u424585,beginner
0.5714285714285714,0.5,0.6,0.5,1.0,1.0,1.0,0.0,0.3333333333333333,1.0,0.0,-0.3333333333333333,0.0,0.14,0.4948716593053935,0.0,0.54,u424717,intermediate
0.3076923076923077,0.3333333333333333,0.42857142857142855,0.0,1.0,1.0,1.0,0.3333333333333333,0.3333333333333333,0.0,1.0,0.0,0.0,0.26,0.4615384615384615,0.0,0.23809523809523808,u426971,beginner
0.7333333333333333,1.0,0.7333333333333333,0.42857142857142855,1.0,1.0,1.0,0.5714285714285714,1.0,0.0,9.0,0.0,0.0,0.3,0.44221663871405337,0.0,0.6647619047619048,u427269,intermediate
0.0,0.0,0.0,0.0,1.0,1.0,1.0,0.0,0.0,11.0,0.0,0.0,0.0,0.11,0.0,0.0,0.0,u427388,beginner
0.46153846153846156,0.5,0.5,0.0,1.0,1.0,1.0,0.5,0.6666666666666666,0.0,1.0,0.3333333333333333,0.0,0.13,0.49851851526214314,0.0,0.30000000000000004,u427612,beginner
0.45454545454545453,1.0,0.4,0.4,1.0,1.0,1.0,0.6,0.6666666666666666,0.0,1.0,0.3333333333333333,0.0,0.11,0.49792959773196915,0.0,0.52,u427764,intermediate
0.3,0.25,0.2,1.0,1.0,1.0,1.0,-0.75,0.3333333333333333,0.0,1.0,0.0,0.0,0.1,0.45825756949558405,0.0,0.53,u428473,intermediate
0.5128205128205128,0.65,0.4,0.25,1.0,1.0,1.0,0.4,0.6666666666666666,1.0,0.0,0.3333333333333333,0.0,0.39,0.4998356074261007,0.0,0.39,u430301,beginner
0.3125,0.0,0.36363636363636365,0.2,0.0,1.0,1.0,0.09818181818181818,0.3333333333333333,1.0,0.0,-0.3333333333333333,0.0,0.16,0.46351240544347894,0.0,0.2254545454545455,u430654,beginner
0.4,0.0,0.6666666666666666,0.2857142857142857,0.0,1.0,1.0,0.22857142857142854,0.3333333333333333,1.0,0.0,-0.3333333333333333,0.0,0.1,0.48989794855663565,0.0,0.38095238095238093,u430840,beginner
0.11764705882352941,0.25,0.125,0.0,1.0,1.0,1.0,0.25,0.6666666666666666,1.0,0.0,0.6666666666666666,0.0,0.17,0.32218973970892123,0.0,0.1,u431273,beginner
0.26666666666666666,0.0,0.3333333333333333,0.0,1.0,1.0,1.0,0.0,0.3333333333333333,0.0,1.0,0.3333333333333333,0.0,0.15,0.44221663871405337,0.0,0.13333333333333333,u433257,beginner
0.36363636363636365,1.0,1.0,0.125,1.0,1.0,1.0,0.875,0.0,3.0,0.0,0.0,0.0,0.11,0.48104569292083466,0.0,0.6500000000000001,u433862,intermediate
0.36363636363636365,0.5,0.375,0.21428571428571427,1.0,1.0,1.0,0.2857142857142857,0.0,6.0,0.0,-0.6666666666666666,0.0,0.44,0.4810456929208346,0.0,0.33571428571428574,u434490,beginner
0.6,1.0,0.625,0.0,1.0,1.0,1.0,1.0,0.6666666666666666,1.0,0.0,0.0,0.0,0.1,0.4898979485566356,0.0,0.45,u434723,intermediate
0.4166666666666667,0.6923076923076923,0.3103448275862069,0.3333333333333333,1.0,1.0,1.0,0.358974358974359,0.6666666666666666,0.0,2.0,0.3333333333333333,0.0,0.48,0.4930066485916347,0.0,0.3959328028293546,u434911,beginner
0.5294117647058824,0.8,0.5555555555555556,0.0,1.0,1.0,1.0,0.8,1.0,0.0,6.0,0.6666666666666667,0.0,0.17,0.4991341984846218,0.0,0.38222222222222224,u434964,beginner
0.5,0.0,0.6666666666666666,0.25,0.0,1.0,1.0,0.24999999999999997,0.6666666666666666,0.0,2.0,0.3333333333333333,0.0,0.1,0.5,0.0,0.3666666666666667,u435637,beginner
0.6666666666666666,0.0,0.8571428571428571,0.4,0.0,1.0,1.0,0.27428571428571424,0.6666666666666666,0.0,1.0,-0.33333333333333337,0.0,0.12,0.4714045207910317,0.0,0.5028571428571429,u436060,intermediate
0.6836734693877551,0.967741935483871,0.6037735849056604,0.35714285714285715,1.0,1.0,1.0,0.6105990783410138,0.6666666666666666,1.0,0.0,-0.33333333333333337,0.0,0.98,0.46504199449411593,0.0,0.5779149639161812,u436621,intermediate
0.4,1.0,0.3333333333333333,0.0,1.0,1.0,1.0,1.0,0.3333333333333333,0.0,1.0,0.0,0.0,0.1,0.4898979485566356,0.0,0.33333333333333337,u437140,beginner
0.5,0.5714285714285714,0.5882352941176471,0.2,1.0,1.0,1.0,0.3714285714285714,0.6666666666666666,0.0,2.0,0.6666666666666666,0.0,0.48,0.5,0.0,0.42957983193277316,u439093,beginner
0.3125,0.0,0.3,0.3333333333333333,0.0,1.0,1.0,-0.019999999999999993,0.3333333333333333,2.0,0.0,0.0,0.0,0.16,0.46351240544347894,0.0,0.2533333333333333,u439214,beginner
0.3333333333333333,0.5625,0.2962962962962963,0.09090909090909091,1.0,1.0,1.0,0.47159090909090906,0.6666666666666666,0.0,1.0,0.0,0.0,0.54,0.47140452079103173,0.0,0.2673821548821549,u439676,beginner
0.45569620253164556,0.6551724137931034,0.43243243243243246,0.07692307692307693,1.0,1.0,1.0,0.5782493368700266,0.3333333333333333,0.0,1.0,-0.6666666666666667,0.0,0.79,0.49803330564319004,0.0,0.3347766865008245,u439769,beginner
0.4,1.0,0.4,0.25,1.0,1.0,1.0,0.75,0.0,3.0,0.0,-0.6666666666666666,0.0,0.1,0.48989794855663565,0.0,0.4600000000000001,u442312,intermediate
0.5384615384615384,1.0,0.2,0.3333333333333333,1.0,1.0,1.0,0.6666666666666667,0.6666666666666666,0.0,2.0,0.3333333333333333,0.0,0.13,0.4985185152621432,0.0,0.41333333333333333,u443096,beginner
0.6808510638297872,0.9090909090909091,0.65625,0.25,1.0,1.0,1.0,0.6590909090909091,1.0,0.0,4.0,0.33333333333333337,0.0,0.47,0.46614685745120527,0.0,0.5443181818181818,u443278,intermediate
0.75,1.0,1.0,0.5,1.0,1.0,1.0,0.5,1.0,0.0,4.0,0.33333333333333337,0.0,0.12,0.4330127018922193,0.0,0.8,u443445,advanced
0.4,0.0,0.5,0.25,0.0,1.0,1.0,0.15,0.0,3.0,0.0,-0.6666666666666666,0.0,0.1,0.48989794855663565,0.0,0.30000000000000004,u443764,beginner
0.5575757575757576,0.7407407407407407,0.5517241379310345,0.36363636363636365,1.0,1.0,1.0,0.37710437710437705,0.6666666666666666,1.0,0.0,-0.33333333333333337,0.0,1.65,0.4966739696617668,0.0,0.5142923487751074,u443876,intermediate
0.5476190476190477,0.75,0.4166666666666667,0.5,1.0,1.0,1.0,0.25,1.0,0.0,3.0,0.33333333333333337,0.0,0.42,0.49772726096111597,0.0,0.5166666666666667,u445188,intermediate
0.4861111111111111,0.696078431372549,0.43846153846153846,0.21428571428571427,1.0,1.0,1.0,0.4817927170868347,0.3333333333333333,0.0,1.0,-0.3333333333333333,0.0,2.88,0.4998070615401828,0.0,0.40031458737341097,u445209,beginner
0.6231884057971014,0.7894736842105263,0.6216216216216216,0.38461538461538464,1.0,1.0,1.0,0.4048582995951417,1.0,0.0,4.0,0.6666666666666667,0.0,0.69,0.48458705789276774,0.0,0.5603895393369078,u446377,intermediate
0.7222222222222222,0.8333333333333334,0.6666666666666666,0.6666666666666666,1.0,1.0,1.0,0.16666666666666674,0.3333333333333333,0.0,1.0,-0.3333333333333333,0.0,0.18,0.4479032082388083,0.0,0.7,u446418,advanced
0.6808510638297872,0.7931034482758621,0.5333333333333333,0.3333333333333333,1.0,1.0,1.0,0.4597701149425288,0.3333333333333333,0.0,1.0,-0.6666666666666667,0.0,0.47,0.46614685745120527,0.0,0.5052873563218391,u446881,intermediate
0.7272727272727273,0.0,0.8571428571428571,0.5,0.0,1.0,1.0,0.21428571428571425,1.0,0.0,3.0,0.0,0.0,0.11,0.4453617714151233,0.0,0.5428571428571429,u447304,intermediate
0.3,1.0,0.25,0.0,1.0,1.0,1.0,1.0,0.3333333333333333,2.0,0.0,0.0,0.0,0.1,0.45825756949558394,0.0,0.30000000000000004,u449514,beginner
0.54,0.8,0.36363636363636365,0.375,1.0,1.0,1.0,0.42500000000000004,0.6666666666666666,0.0,1.0,0.3333333333333333,0.0,0.5,0.49839743177508455,0.0,0.45545454545454556,u449716,intermediate
0.5428571428571428,0.8888888888888888,0.47368421052631576,0.2857142857142857,1.0,1.0,1.0,0.6031746031746031,1.0,0.0,3.0,0.33333333333333337,0.0,0.35,0.49815987926179134,0.0,0.4815371762740184,u449719,intermediate
0.2711864406779661,0.3333333333333333,0.25806451612903225,0.23076923076923078,1.0,1.0,1.0,0.10256410256410253,0.0,6.0,0.0,-0.6666666666666666,0.0,0.59,0.4445721033425086,0.0,0.2622001654259719,u449828,beginner
0.6972477064220184,0.9523809523809523,0.6756756756756757,0.36666666666666664,1.0,1.0,1.0,0.5857142857142856,0.6666666666666666,0.0,1.0,0.0,0.0,1.09,0.4594489550660152,0.0,0.6074131274131274,u450572,intermediate
0.5916230366492147,0.8133333333333334,0.5324675324675324,0.28205128205128205,1.0,1.0,1.0,0.5312820512820513,0.3333333333333333,2.0,0.0,-0.3333333333333333,0.0,1.91,0.4915335381794172,0.0,0.4884741924741925,u4508,intermediate
0.21428571428571427,0.0,0.375,0.0,1.0,1.0,1.0,0.0,0.0,4.0,0.0,0.0,0.0,0.14,0.410325903324145,0.0,0.15000000000000002,u453173,beginner
0.38596491228070173,1.0,0.43243243243243246,0.06666666666666667,1.0,1.0,1.0,0.9333333333333333,1.0,0.0,5.0,0.6666666666666667,0.0,0.57,0.4868223482635652,0.0,0.39963963963963967,u454242,beginner
0.5,0.8095238095238095,0.4230769230769231,0.09090909090909091,1.0,1.0,1.0,0.7186147186147186,0.0,3.0,0.0,0.0,0.0,0.58,0.5,0.0,0.36749916749916756,u455495,beginner
0.4,1.0,0.5,0.0,1.0,1.0,1.0,1.0,0.3333333333333333,0.0,1.0,-0.3333333333333333,0.0,0.1,0.4898979485566356,0.0,0.4,u456650,beginner
0.4166666666666667,0.6,0.3333333333333333,0.0,1.0,1.0,1.0,0.6,0.6666666666666666,0.0,1.0,0.0,0.0,0.12,0.4930066485916347,0.0,0.2533333333333333,u456887,beginner
0.5873015873015873,0.8888888888888888,0.5277777777777778,0.2222222222222222,1.0,1.0,1.0,0.6666666666666666,1.0,0.0,7.0,0.0,0.0,0.63,0.4923194418816134,0.0,0.47777777777777786,u457663,intermediate
0.7333333333333333,1.0,0.75,0.5,1.0,1.0,1.0,0.5,1.0,0.0,4.0,0.33333333333333337,0.0,0.15,0.4422166387140533,0.0,0.7,u458101,advanced
0.4090909090909091,0.6111111111111112,0.3888888888888889,0.0,1.0,1.0,1.0,0.6111111111111112,0.3333333333333333,0.0,1.0,-0.6666666666666667,0.0,0.44,0.4916660830178167,0.0,0.2777777777777778,u458470,beginner
0.5,1.0,0.5,0.4,1.0,1.0,1.0,0.6,0.3333333333333333,0.0,1.0,-0.3333333333333333,0.0,0.1,0.5,0.0,0.56,u460321,intermediate
0.36363636363636365,1.0,0.2857142857142857,0.3333333333333333,1.0,1.0,1.0,0.6666666666666667,0.0,3.0,0.0,0.0,0.0,0.11,0.48104569292083466,0.0,0.4476190476190476,u460351,beginner
0.36363636363636365,0.0,0.5,0.2,0.0,1.0,1.0,0.18,0.3333333333333333,1.0,0.0,0.0,0.0,0.11,0.48104569292083466,0.0,0.28,u460769,beginner
0.5,1.0,0.5,0.2727272727272727,1.0,1.0,1.0,0.7272727272727273,0.6666666666666666,0.0,1.0,-0.33333333333333337,0.0,0.2,0.5,0.0,0.5090909090909091,u461596,intermediate
0.6,0.3333333333333333,0.8,0.5,1.0,1.0,1.0,-0.16666666666666669,0.6666666666666666,1.0,0.0,0.6666666666666666,0.0,0.1,0.4898979485566356,0.0,0.5866666666666667,u461725,intermediate
0.6680707666385847,0.8671023965141612,0.6332703213610587,0.3015075376884422,1.0,1.0,1.0,0.565594858825719,1.0,0.0,5.0,0.33333333333333337,0.0,11.87,0.4709057415253273,0.0,0.5473316229226326,u4620,intermediate
0.7857142857142857,0.94,0.7608695652173914,0.375,1.0,1.0,1.0,0.565,1.0,0.0,3.0,0.0,0.0,1.12,0.41032590332414487,0.0,0.6423478260869566,u462379,intermediate
0.5,0.75,0.45454545454545453,0.3333333333333333,1.0,1.0,1.0,0.4166666666666667,0.6666666666666666,0.0,1.0,0.3333333333333333,0.0,0.18,0.5,0.0,0.4651515151515152,u462380,intermediate
0.6129032258064516,0.9285714285714286,0.4166666666666667,0.2,1.0,1.0,1.0,0.7285714285714286,1.0,0.0,6.0,0.33333333333333337,0.0,0.31,0.487086092598113,0.0,0.4323809523809524,u462879,beginner
0.6395348837209303,0.8732394366197183,0.6171875,0.4067796610169492,1.0,1.0,1.0,0.4664597756027691,0.6666666666666666,0.0,2.0,-0.33333333333333337,0.0,2.58,0.48013541446657165,0.0,0.5842347517307234,u463209,intermediate
0.30434782608695654,1.0,0.4,0.23529411764705882,1.0,1.0,1.0,0.7647058823529411,0.3333333333333333,1.0,0.0,0.3333333333333333,0.0,0.23,0.4601306627938419,0.0,0.45411764705882357,u463634,intermediate
0.5,1.0,0.42857142857142855,0.3076923076923077,1.0,1.0,1.0,0.6923076923076923,0.6666666666666666,0.0,1.0,-0.33333333333333337,0.0,0.34,0.5,0.0,0.4945054945054945,u463706,intermediate
0.6666666666666666,1.0,0.6,0.2857142857142857,1.0,1.0,1.0,0.7142857142857143,0.6666666666666666,0.0,2.0,0.0,0.0,0.27,0.4714045207910317,0.0,0.5542857142857143,u464186,intermediate
0.47619047619047616,0.8571428571428571,0.36363636363636365,0.0,1.0,1.0,1.0,0.8571428571428571,0.6666666666666666,0.0,1.0,0.3333333333333333,0.0,0.21,0.49943278484292924,0.0,0.3168831168831169,u464290,beginner
0.5288461538461539,0.7741935483870968,0.4666666666666667,0.23076923076923078,1.0,1.0,1.0,0.5434243176178659,0.3333333333333333,0.0,1.0,-0.3333333333333333,0.0,1.04,0.4991672058622081,0.0,0.4338130686517784,u464455,beginner
0.45901639344262296,0.6363636363636364,0.34375,0.42857142857142855,1.0,1.0,1.0,0.2077922077922078,0.6666666666666666,1.0,0.0,0.6666666666666666,0.0,0.61,0.49831751323182505,0.0,0.4362012987012987,u464600,beginner
0.7058823529411765,1.0,1.0,0.16666666666666666,1.0,1.0,1.0,0.8333333333333334,1.0,0.0,10.0,0.33333333333333337,0.0,0.17,0.45564509955381377,0.0,0.6666666666666667,u465071,intermediate
0.8181818181818182,1.0,1.0,0.6666666666666666,1.0,1.0,1.0,0.33333333333333337,1.0,0.0,3.0,0.0,0.0,0.11,0.385694607919935,0.0,0.8666666666666667,u465292,advanced
0.375,1.0,0.42857142857142855,0.0,1.0,1.0,1.0,1.0,0.6666666666666666,0.0,1.0,0.0,0.0,0.16,0.4841229182759271,0.0,0.37142857142857144,u465770,beginner
0.15384615384615385,0.2,0.16666666666666666,0.0,1.0,1.0,1.0,0.2,0.0,3.0,0.0,-0.3333333333333333,0.0,0.13,0.36080121229410994,0.0,0.10666666666666667,u466515,beginner
0.5808080808080808,0.75,0.5609756097560976,0.21052631578947367,1.0,1.0,1.0,0.5394736842105263,1.0,0.0,3.0,0.0,0.0,1.98,0.4934268477455545,0.0,0.45860077021822854,u466703,intermediate
0.7142857142857143,0.8852459016393442,0.68,0.4,1.0,1.0,1.0,0.4852459016393442,1.0,0.0,6.0,0.6666666666666667,0.0,3.22,0.45175395145262565,0.0,0.6090491803278689,u466847,intermediate
0.5,0.3333333333333333,0.7142857142857143,0.0,1.0,1.0,1.0,0.3333333333333333,0.0,3.0,0.0,-0.6666666666666666,0.0,0.22,0.5,0.0,0.3523809523809524,u4669,beginner
0.5806451612903226,0.8888888888888888,0.5384615384615384,0.3333333333333333,1.0,1.0,1.0,0.5555555555555556,0.6666666666666666,0.0,1.0,-0.33333333333333337,0.0,0.31,0.49345350131543086,0.0,0.5264957264957265,u467157,intermediate
0.6,0.875,0.4444444444444444,0.5,1.0,1.0,1.0,0.375,0.6666666666666666,0.0,1.0,-0.33333333333333337,0.0,0.25,0.4898979485566356,0.0,0.5527777777777778,u467989,intermediate
0.6842105263157895,1.0,0.5384615384615384,1.0,1.0,1.0,1.0,0.0,1.0,0.0,10.0,0.6666666666666667,0.0,0.19,0.464829519280413,0.0,0.8153846153846154,u468294,advanced
0.6762820512820513,0.8541666666666666,0.6586826347305389,0.3877551020408163,1.0,1.0,1.0,0.4664115646258503,1.0,0.0,3.0,0.0,0.0,3.12,0.4678938323976843,0.0,0.5894084280418754,u469487,intermediate
0.6205357142857143,0.8309859154929577,0.5736434108527132,0.25,1.0,1.0,1.0,0.5809859154929577,0.6666666666666666,0.0,2.0,0.3333333333333333,0.0,2.24,0.48525368785989936,0.0,0.49565454743967685,u469501,intermediate
0.5306122448979592,0.9,0.47619047619047616,0.3888888888888889,1.0,1.0,1.0,0.5111111111111111,0.6666666666666666,1.0,0.0,0.0,0.0,0.49,0.4990620106382646,0.0,0.5260317460317461,u469965,intermediate
0.6153846153846154,1.0,0.7777777777777778,0.0,1.0,1.0,1.0,1.0,1.0,0.0,3.0,0.33333333333333337,0.0,0.13,0.48650425541051995,0.0,0.5111111111111111,u470995,intermediate
0.5555555555555556,0.8070175438596491,0.22580645161290322,0.18181818181818182,1.0,1.0,1.0,0.6251993620414673,0.6666666666666666,0.0,1.0,0.6666666666666666,0.0,0.99,0.49690399499995336,0.0,0.3244533621443639,u471020,beginner
0.5263157894736842,0.6666666666666666,0.47368421052631576,0.42857142857142855,1.0,1.0,1.0,0.23809523809523808,0.6666666666666666,0.0,2.0,0.3333333333333333,0.0,0.38,0.49930699897395464,0.0,0.4942355889724311,u471063,intermediate
0.5853658536585366,1.0,0.6,0.18181818181818182,1.0,1.0,1.0,0.8181818181818181,0.6666666666666666,0.0,1.0,-0.33333333333333337,0.0,0.41,0.49265877748107695,0.0,0.5127272727272727,u471071,intermediate
0.5428571428571428,0.9230769230769231,0.4117647058823529,0.0,1.0,1.0,1.0,0.9230769230769231,0.6666666666666666,1.0,0.0,0.3333333333333333,0.0,0.35,0.49815987926179134,0.0,0.34932126696832577,u472932,beginner
0.46454767726161367,0.6538461538461539,0.51171875,0.24752475247524752,1.0,1.0,1.0,0.40632140137090633,0.3333333333333333,0.0,1.0,-0.3333333333333333,0.0,4.09,0.4987415491138203,0.0,0.43446663175932976,u473078,beginner
0.4163265306122449,0.6551724137931034,0.35964912280701755,0.09090909090909091,1.0,1.0,1.0,0.5642633228840125,0.3333333333333333,1.0,0.0,-0.6666666666666667,0.0,2.45,0.4929490344047916,0.0,0.3112577682450641,u474831,beginner
0.6283185840707964,0.8372093023255814,0.559322033898305,0.18181818181818182,1.0,1.0,1.0,0.6553911205073997,1.0,0.0,6.0,1.0,0.0,1.13,0.4832539094327804,0.0,0.4638979467517111,u475950,intermediate
0.5,1.0,0.6428571428571429,0.1111111111111111,1.0,1.0,1.0,0.8888888888888888,0.6666666666666666,0.0,2.0,-0.33333333333333337,0.0,0.26,0.5,0.0,0.5015873015873016,u476288,intermediate
0.6,0.8125,0.5909090909090909,0.4117647058823529,1.0,1.0,1.0,0.4007352941176471,0.3333333333333333,2.0,0.0,-0.3333333333333333,0.0,0.55,0.4898979485566356,0.0,0.5635695187165776,u476593,intermediate
0.6666666666666666,0.75,0.75,0.5,1.0,1.0,1.0,0.25,1.0,0.0,5.0,0.0,0.0,0.12,0.4714045207910317,0.0,0.6500000000000001,u476920,intermediate
0.5878787878787879,0.851063829787234,0.518324607329843,0.3333333333333333,1.0,1.0,1.0,0.5177304964539007,0.6666666666666666,0.0,1.0,0.0,0.0,3.3,0.49221673949689587,0.0,0.5108759422227174,u478302,intermediate
0.6136136136136137,0.808,0.6003460207612457,0.3742690058479532,1.0,1.0,1.0,0.43373099415204686,0.6666666666666666,0.0,1.0,-0.33333333333333337,0.0,9.99,0.4869208835135914,0.0,0.5514460106436796,u478925,intermediate
0.4878048780487805,0.6666666666666666,0.4603174603174603,0.16666666666666666,1.0,1.0,1.0,0.5,0.3333333333333333,1.0,0.0,0.3333333333333333,0.0,1.23,0.49985125687607784,0.0,0.3841269841269841,u479380,beginner
0.5,1.0,1.0,0.0,1.0,1.0,1.0,1.0,0.0,3.0,0.0,-0.6666666666666666,0.0,0.1,0.5,0.0,0.6000000000000001,u479463,intermediate
0.5447761194029851,0.8571428571428571,0.4875,0.21052631578947367,1.0,1.0,1.0,0.6466165413533834,0.6666666666666666,0.0,1.0,0.0,0.0,1.34,0.4979910633045634,0.0,0.4506390977443609,u480472,intermediate
0.6598360655737705,0.8275862068965517,0.7230769230769231,0.3392857142857143,1.0,1.0,1.0,0.4883004926108374,1.0,0.0,4.0,0.0,0.0,2.44,0.4737641102298667,0.0,0.5904622963243653,u480866,intermediate
0.5416666666666666,0.75,0.5,0.5,1.0,1.0,1.0,0.25,0.6666666666666666,0.0,2.0,0.3333333333333333,0.0,0.24,0.4982608642958916,0.0,0.55,u482059,intermediate
0.6578947368421053,0.9,0.8,0.3076923076923077,1.0,1.0,1.0,0.5923076923076923,0.6666666666666666,0.0,1.0,0.0,0.0,0.38,0.47441464150841967,0.0,0.6230769230769232,u482241,intermediate
0.6313725490196078,0.8045112781954887,0.4803921568627451,0.25,1.0,1.0,1.0,0.5545112781954887,0.6666666666666666,0.0,1.0,0.6666666666666666,0.0,2.55,0.48243264127139107,0.0,0.45305911838419577,u482764,intermediate
0.5,0.7203389830508474,0.39903846153846156,0.3076923076923077,1.0,1.0,1.0,0.4126466753585397,0.0,3.0,0.0,-0.3333333333333333,0.0,3.52,0.5,0.0,0.42676010430247724,u483354,beginner
0.5508474576271186,0.7142857142857143,0.5299145299145299,0.22857142857142856,1.0,1.0,1.0,0.48571428571428577,0.6666666666666666,1.0,0.0,0.3333333333333333,0.0,2.36,0.4974078166382776,0.0,0.4462515262515263,u483395,beginner
0.21428571428571427,0.0,0.375,0.0,1.0,1.0,1.0,0.0,0.0,5.0,0.0,0.0,0.0,0.14,0.410325903324145,0.0,0.15000000000000002,u484467,beginner
0.3888888888888889,0.8,0.2,0.3333333333333333,1.0,1.0,1.0,0.46666666666666673,0.6666666666666666,0.0,1.0,0.0,0.0,0.18,0.4874980215217846,0.0,0.3733333333333334,u486072,beginner
0.36,0.5555555555555556,0.25,0.25,1.0,1.0,1.0,0.3055555555555556,0.6666666666666666,1.0,0.0,0.3333333333333333,0.0,0.25,0.48000000000000004,0.0,0.3111111111111111,u487057,beginner
0.4409448818897638,0.6565656565656566,0.41935483870967744,0.18461538461538463,1.0,1.0,1.0,0.47195027195027195,0.6666666666666666,0.0,2.0,0.3333333333333333,0.0,3.81,0.49650024473809284,0.0,0.3729012206431562,u488182,beginner
0.6296296296296297,0.8333333333333334,0.7272727272727273,0.4,1.0,1.0,1.0,0.43333333333333335,0.6666666666666666,0.0,2.0,0.3333333333333333,0.0,0.54,0.4829038818668628,0.0,0.6175757575757577,u488867,intermediate
0.5972222222222222,0.7777777777777778,0.5757575757575758,0.25,1.0,1.0,1.0,0.5277777777777778,0.3333333333333333,2.0,0.0,-0.3333333333333333,0.0,1.44,0.4904567661947104,0.0,0.4858585858585859,u4900,intermediate
0.6382978723404256,0.9333333333333333,0.625,0.125,1.0,1.0,1.0,0.8083333333333333,0.3333333333333333,0.0,1.0,0.0,0.0,0.47,0.48049318258026447,0.0,0.48666666666666664,u492318,intermediate
0.7419354838709677,0.9302325581395349,0.631578947368421,0.4166666666666667,1.0,1.0,1.0,0.5135658914728682,0.3333333333333333,1.0,0.0,0.0,0.0,0.93,0.43756967633066246,0.0,0.6053447572419421,u492736,intermediate
0.3,0.3333333333333333,0.2857142857142857,0.0,1.0,1.0,0.0,0.028571428571428567,0.6666666666666666,0.0,2.0,0.6666666666666666,0.0,0.1,0.45825756949558405,0.0,0.18095238095238095,u492840,beginner
0.8,0.875,0.7142857142857143,0.0,1.0,1.0,0.0,0.09642857142857142,0.6666666666666666,0.0,2.0,-0.33333333333333337,0.0,0.15,0.4,0.0,0.46071428571428574,u492848,intermediate
0.8,1.0,1.0,0.6,1.0,1.0,1.0,0.4,0.6666666666666666,0.0,2.0,-0.33333333333333337,0.0,0.1,0.4,0.0,0.8400000000000001,u492855,advanced
0.5,0.5,1.0,0.2857142857142857,1.0,1.0,1.0,0.2142857142857143,0.3333333333333333,1.0,0.0,-0.3333333333333333,0.0,0.14,0.5,0.0,0.6142857142857143,u492895,intermediate
0.6413793103448275,0.8782051282051282,0.6301369863013698,0.4803921568627451,1.0,1.0,1.0,0.3978129713423831,0.3333333333333333,2.0,0.0,0.3333333333333333,0.0,7.25,0.4795955489852058,0.0,0.6198526829066716,u492927,intermediate
0.45454545454545453,0.0,0.42857142857142855,0.5,0.0,1.0,1.0,-0.04285714285714287,0.6666666666666666,0.0,1.0,0.3333333333333333,0.0,0.11,0.49792959773196915,0.0,0.37142857142857144,u493004,beginner
0.4345991561181435,0.56,0.44680851063829785,0.2608695652173913,1.0,1.0,1.0,0.29913043478260876,0.6666666666666666,1.0,0.0,0.3333333333333333,0.0,2.37,0.49570427637810527,0.0,0.3950712303422757,u493014,beginner
0.5,1.0,0.391304347826087,0.0,1.0,1.0,1.0,1.0,0.6666666666666666,0.0,2.0,0.3333333333333333,0.0,0.3,0.5,0.0,0.35652173913043483,u493366,beginner
0.6842105263157895,0.9090909090909091,0.6071428571428571,0.2857142857142857,1.0,1.0,1.0,0.6233766233766234,0.6666666666666666,0.0,2.0,-0.33333333333333337,0.0,0.57,0.46482951928041294,0.0,0.538961038961039,u493579,intermediate
0.6440677966101694,0.8571428571428571,0.52,0.16666666666666666,1.0,1.0,1.0,0.6904761904761905,0.3333333333333333,1.0,0.0,-0.3333333333333333,0.0,0.59,0.478794809892391,0.0,0.4460952380952381,u493774,beginner
0.46153846153846156,0.7,0.3125,0.0,1.0,1.0,0.0,0.23249999999999996,0.6666666666666666,0.0,2.0,0.3333333333333333,0.0,0.26,0.4985185152621431,0.0,0.265,u493874,beginner
0.602780536246276,0.8078175895765473,0.566003616636528,0.3129251700680272,1.0,1.0,1.0,0.49489241950852003,0.3333333333333333,0.0,1.0,0.0,0.0,10.07,0.48932214477675945,0.0,0.5131350325971316,u493958,intermediate
0.6086956521739131,0.9230769230769231,0.625,0.1111111111111111,1.0,1.0,1.0,0.811965811965812,0.6666666666666666,0.0,2.0,0.0,0.0,0.46,0.48804226784007937,0.0,0.4790598290598291,u494049,intermediate
0.5130434782608696,0.72,0.3958333333333333,0.23529411764705882,1.0,1.0,1.0,0.48470588235294115,0.0,3.0,0.0,-0.3333333333333333,0.0,1.15,0.499829838719997,0.0,0.39645098039215687,u495308,beginner
0.6,1.0,0.5454545454545454,0.25,1.0,1.0,1.0,0.75,0.6666666666666666,0.0,1.0,0.0,0.0,0.2,0.48989794855663565,0.0,0.5181818181818182,u495905,intermediate
0.7272727272727273,0.6666666666666666,0.8333333333333334,0.5,1.0,1.0,1.0,0.16666666666666663,0.6666666666666666,0.0,1.0,0.0,0.0,0.11,0.4453617714151233,0.0,0.6666666666666667,u497831,intermediate
0.599406528189911,0.85,0.5920679886685553,0.36645962732919257,1.0,1.0,1.0,0.4835403726708074,1.0,0.0,6.0,0.6666666666666667,0.0,6.74,0.490018716125444,0.0,0.5534110463990991,u498349,intermediate
0.6912065439672802,0.8473895582329317,0.5756097560975609,0.2571428571428571,1.0,1.0,1.0,0.5902467010900746,1.0,0.0,11.0,0.6666666666666667,0.0,4.89,0.4619957332531206,0.0,0.5025789569427536,u499825,intermediate
0.5,0.8,0.3333333333333333,0.0,1.0,1.0,1.0,0.8,1.0,0.0,4.0,0.33333333333333337,0.0,0.22,0.5,0.0,0.29333333333333333,u500165,beginner
0.4,0.5,0.5,0.0,1.0,1.0,1.0,0.5,0.3333333333333333,0.0,1.0,0.0,0.0,0.1,0.4898979485566356,0.0,0.30000000000000004,u500820,beginner
0.07692307692307693,0.0,0.16666666666666666,0.0,0.0,1.0,1.0,0.09999999999999999,0.0,12.0,0.0,-0.3333333333333333,0.0,0.13,0.26646935501059654,0.0,0.06666666666666667,u500958,beginner
0.4,0.6666666666666666,0.3333333333333333,0.5,1.0,1.0,1.0,0.16666666666666663,0.6666666666666666,1.0,0.0,0.6666666666666666,0.0,0.2,0.48989794855663565,0.0,0.4666666666666667,u501242,intermediate
0.7142857142857143,0.9545454545454546,0.7317073170731707,0.2857142857142857,1.0,1.0,1.0,0.6688311688311689,0.6666666666666666,0.0,2.0,0.6666666666666666,0.0,0.77,0.4517539514526256,0.0,0.5978777320240735,u501302,intermediate
0.6363636363636364,1.0,0.75,0.5,1.0,1.0,1.0,0.5,1.0,0.0,4.0,0.6666666666666667,0.0,0.11,0.48104569292083466,0.0,0.7,u501464,advanced
0.6213592233009708,0.9090909090909091,0.6379310344827587,0.30434782608695654,1.0,1.0,1.0,0.6047430830039525,0.6666666666666666,0.0,1.0,0.3333333333333333,0.0,2.06,0.48504838822511837,0.0,0.558729726046068,u502411,intermediate
0.7,0.875,0.5652173913043478,0.2,1.0,1.0,1.0,0.675,0.6666666666666666,0.0,1.0,0.3333333333333333,0.0,0.6,0.458257569495584,0.0,0.48108695652173916,u502536,intermediate
0.4878048780487805,0.7272727272727273,0.391304347826087,0.42857142857142855,1.0,1.0,1.0,0.29870129870129875,0.6666666666666666,0.0,2.0,0.3333333333333333,0.0,0.41,0.4998512568760779,0.0,0.4734048560135517,u502650,intermediate
0.7304347826086957,0.9523809523809523,0.640625,0.3333333333333333,1.0,1.0,1.0,0.6190476190476191,0.6666666666666666,1.0,0.0,-0.33333333333333337,0.0,1.15,0.4437339416408025,0.0,0.5800595238095239,u502994,intermediate
0.7,0.8,0.6,0.0,1.0,1.0,0.0,0.12000000000000004,0.6666666666666666,0.0,2.0,0.0,0.0,0.1,0.45825756949558394,0.0,0.4,u504243,beginner
0.27586206896551724,0.25,0.25,1.0,1.0,1.0,1.0,-0.75,0.3333333333333333,1.0,0.0,0.0,0.0,0.58,0.4469476343729559,0.0,0.55,u504465,intermediate
0.4473684210526316,0.44,0.4583333333333333,0.3333333333333333,1.0,1.0,1.0,0.10666666666666669,0.3333333333333333,0.0,1.0,-0.3333333333333333,0.0,0.76,0.4972222007287153,0.0,0.40466666666666673,u505218,beginner
0.7701149425287356,0.9444444444444444,0.8222222222222222,0.5416666666666666,1.0,1.0,1.0,0.4027777777777778,1.0,0.0,5.0,0.33333333333333337,0.0,0.87,0.4207587406373133,0.0,0.7344444444444445,u505260,advanced
0.25,0.0,0.2727272727272727,0.0,0.0,1.0,1.0,0.1636363636363636,0.0,3.0,0.0,-0.3333333333333333,0.0,0.12,0.4330127018922193,0.0,0.10909090909090909,u505745,beginner
0.6732673267326733,0.8409090909090909,0.6,0.3333333333333333,1.0,1.0,1.0,0.5075757575757576,1.0,0.0,3.0,0.33333333333333337,0.0,1.01,0.46901858543869357,0.0,0.5415151515151515,u505829,intermediate
0.5454545454545454,0.0,1.0,0.16666666666666666,0.0,1.0,1.0,0.5,0.3333333333333333,0.0,1.0,-0.3333333333333333,0.0,0.11,0.49792959773196915,0.0,0.4666666666666667,u505988,intermediate
0.6224489795918368,0.7983193277310925,0.6296296296296297,0.29850746268656714,1.0,1.0,1.0,0.49981186504452535,0.6666666666666666,0.0,2.0,0.3333333333333333,0.0,2.94,0.48477442939672255,0.0,0.5309187024726972,u506015,intermediate
0.42857142857142855,0.8,0.4387755102040816,0.19444444444444445,1.0,1.0,1.0,0.6055555555555556,0.6666666666666666,1.0,0.0,0.3333333333333333,0.0,1.54,0.49487165930539345,0.0,0.41328798185941046,u506526,beginner
0.36363636363636365,1.0,1.0,0.0,1.0,1.0,1.0,1.0,0.3333333333333333,2.0,0.0,-0.3333333333333333,0.0,0.11,0.48104569292083466,0.0,0.6000000000000001,u506813,intermediate
0.5789473684210527,0.8571428571428571,0.6666666666666666,0.16666666666666666,1.0,1.0,1.0,0.6904761904761905,1.0,0.0,3.0,0.6666666666666667,0.0,0.19,0.49372797471825575,0.0,0.5047619047619047,u506920,intermediate
0.5652173913043478,1.0,0.5384615384615384,0.3333333333333333,1.0,1.0,1.0,0.6666666666666667,0.6666666666666666,1.0,0.0,0.3333333333333333,0.0,0.23,0.4957284456952773,0.0,0.5487179487179488,u507415,intermediate
0.6389728096676737,0.780952380952381,0.606508875739645,0.21138211382113822,1.0,1.0,1.0,0.5695702671312427,0.6666666666666666,0.0,2.0,0.3333333333333333,0.0,13.24,0.4802984053409635,0.0,0.48334687201478954,u507477,intermediate
0.16666666666666666,0.0,0.3333333333333333,0.0,1.0,1.0,1.0,0.0,0.0,10.0,0.0,-0.6666666666666666,0.0,0.12,0.3726779962499649,0.0,0.13333333333333333,u507498,beginner
0.2765957446808511,0.3157894736842105,0.25925925925925924,0.0,1.0,1.0,1.0,0.3157894736842105,0.3333333333333333,1.0,0.0,0.0,0.0,0.47,0.4473148093963539,0.0,0.16686159844054582,u509112,beginner
0.64,0.9210526315789473,0.6949152542372882,0.37735849056603776,1.0,1.0,1.0,0.5436941410129096,0.6666666666666666,0.0,1.0,0.0,0.0,1.5,0.48000000000000004,0.0,0.6131200242371199,u509544,intermediate
0.6090909090909091,0.875,0.5968586387434555,0.32905982905982906,1.0,1.0,1.0,0.545940170940171,0.6666666666666666,0.0,2.0,-0.33333333333333337,0.0,8.8,0.4879540691025324,0.0,0.5453673871213138,u510510,intermediate
0.46,1.0,0.3333333333333333,0.46153846153846156,1.0,1.0,1.0,0.5384615384615384,0.3333333333333333,0.0,1.0,-0.3333333333333333,0.0,0.5,0.49839743177508455,0.0,0.517948717948718,u510629,intermediate
0.375,0.6,0.3333333333333333,0.0,1.0,1.0,1.0,0.6,1.0,0.0,5.0,0.6666666666666667,0.0,0.24,0.4841229182759271,0.0,0.2533333333333333,u510786,beginner
0.5555555555555556,0.8181818181818182,0.2,0.0,1.0,1.0,1.0,0.8181818181818182,0.6666666666666666,0.0,1.0,0.3333333333333333,0.0,0.18,0.4969039949999533,0.0,0.24363636363636368,u511048,beginner
0.6,1.0,1.0,0.3333333333333333,1.0,1.0,1.0,0.6666666666666667,0.6666666666666666,1.0,0.0,-0.33333333333333337,0.0,0.1,0.4898979485566356,0.0,0.7333333333333334,u511546,advanced
0.75,1.0,0.875,0.3333333333333333,1.0,1.0,1.0,0.6666666666666667,0.6666666666666666,1.0,0.0,0.3333333333333333,0.0,0.2,0.4330127018922193,0.0,0.6833333333333333,u511783,intermediate
0.25,0.0,0.6,0.0,1.0,1.0,1.0,0.0,0.3333333333333333,0.0,1.0,0.3333333333333333,0.0,0.12,0.4330127018922193,0.0,0.24,u512599,beginner
0.3,0.2857142857142857,0.6666666666666666,0.0,1.0,1.0,1.0,0.2857142857142857,0.3333333333333333,0.0,1.0,-0.3333333333333333,0.0,0.2,0.45825756949558394,0.0,0.3238095238095238,u512659,beginner
0.5333333333333333,1.0,0.5,0.5,1.0,1.0,1.0,0.5,0.6666666666666666,0.0,2.0,0.6666666666666666,0.0,0.15,0.4988876515698588,0.0,0.6000000000000001,u512818,intermediate
0.5,0.75,0.2857142857142857,0.0,1.0,1.0,1.0,0.75,0.3333333333333333,2.0,0.0,0.3333333333333333,0.0,0.22,0.5,0.0,0.2642857142857143,u513148,beginner
0.4375,0.3333333333333333,0.6,0.375,1.0,1.0,1.0,-0.041666666666666685,1.0,0.0,3.0,0.33333333333333337,0.0,0.16,0.49607837082461076,0.0,0.45666666666666667,u513285,intermediate
0.4,0.2,0.5,0.0,1.0,1.0,0.0,-0.18,0.6666666666666666,0.0,2.0,0.3333333333333333,0.0,0.15,0.48989794855663565,0.0,0.24000000000000002,u513306,beginner
0.7096774193548387,1.0,0.8181818181818182,0.4166666666666667,1.0,1.0,1.0,0.5833333333333333,1.0,0.0,3.0,0.33333333333333337,0.0,0.31,0.4539112025635577,0.0,0.6939393939393941,u513635,intermediate
0.6153846153846154,0.5,0.8571428571428571,0.25,1.0,1.0,1.0,0.25,0.6666666666666666,0.0,2.0,0.0,0.0,0.13,0.48650425541051995,0.0,0.5428571428571428,u513712,intermediate
0.46153846153846156,1.0,0.3333333333333333,0.0,1.0,1.0,1.0,1.0,0.6666666666666666,0.0,1.0,-0.33333333333333337,0.0,0.13,0.49851851526214314,0.0,0.33333333333333337,u515100,beginner
0.16666666666666666,0.11764705882352941,1.0,0.0,1.0,1.0,0.0,-0.5294117647058824,0.3333333333333333,0.0,1.0,0.0,0.0,0.18,0.372677996249965,0.0,0.42352941176470593,u515101,beginner
0.39285714285714285,1.0,0.3076923076923077,0.38461538461538464,1.0,1.0,1.0,0.6153846153846154,0.3333333333333333,1.0,0.0,0.0,0.0,0.28,0.48838551182776235,0.0,0.47692307692307695,u515484,intermediate
0.6531914893617021,0.825503355704698,0.5795981452859351,0.32335329341317365,1.0,1.0,1.0,0.5021500622915244,0.6666666666666666,0.0,2.0,0.0,0.0,14.1,0.4759541654268229,0.0,0.5262812466205832,u515672,intermediate
0.5,0.8,0.5714285714285714,0.25,1.0,1.0,1.0,0.55,0.6666666666666666,1.0,0.0,0.3333333333333333,0.0,0.2,0.5,0.0,0.48857142857142855,u516062,intermediate
0.6101694915254238,0.8125,0.6428571428571429,0.3333333333333333,1.0,1.0,1.0,0.4791666666666667,0.6666666666666666,0.0,1.0,0.0,0.0,0.59,0.4877116803368868,0.0,0.5529761904761905,u516868,intermediate
0.2727272727272727,0.0,0.375,0.0,1.0,1.0,0.0,-0.22499999999999998,0.0,3.0,0.0,-0.3333333333333333,0.0,0.11,0.4453617714151233,0.0,0.15000000000000002,u516937,beginner
0.6474820143884892,0.8387096774193549,0.5964912280701754,0.2,1.0,1.0,1.0,0.6387096774193548,0.6666666666666666,0.0,1.0,0.3333333333333333,0.0,1.39,0.4777541788743595,0.0,0.48633842671194116,u517020,intermediate
0.5,0.8333333333333334,0.5714285714285714,0.2222222222222222,1.0,1.0,1.0,0.6111111111111112,0.6666666666666666,0.0,1.0,0.0,0.0,0.22,0.5,0.0,0.4841269841269842,u518681,intermediate
0.7368421052631579,1.0,0.7272727272727273,0.3333333333333333,1.0,1.0,1.0,0.6666666666666667,0.6666666666666666,0.0,2.0,0.0,0.0,0.19,0.44034738238635557,0.0,0.6242424242424243,u519253,intermediate
0.7282608695652174,0.875,0.7021276595744681,0.46153846153846156,1.0,1.0,1.0,0.41346153846153844,0.6666666666666666,0.0,1.0,0.0,0.0,0.92,0.4448561289061114,0.0,0.6404664484451719,u520736,intermediate
0.5,0.4444444444444444,0.3333333333333333,0.75,1.0,1.0,1.0,-0.3055555555555556,0.0,3.0,0.0,-0.6666666666666666,0.0,0.16,0.5,0.0,0.5222222222222223,u520801,intermediate
0.38095238095238093,0.45454545454545453,0.42857142857142855,0.0,1.0,1.0,1.0,0.45454545454545453,0.3333333333333333,1.0,0.0,-0.3333333333333333,0.0,0.21,0.4856209060564557,0.0,0.2623376623376623,u521071,beginner
0.6813725490196079,0.8174603174603174,0.4864864864864865,0.0,1.0,1.0,1.0,0.8174603174603174,1.0,0.0,10.0,0.6666666666666667,0.0,2.04,0.4659442010178149,0.0,0.35808665808665807,u521539,beginner
0.6038961038961039,0.8767123287671232,0.5978260869565217,0.3106060606060606,1.0,1.0,1.0,0.5661062681610627,0.6666666666666666,0.0,2.0,0.0,0.0,4.62,0.48908649500391027,0.0,0.5387153247784576,u522381,intermediate
0.6,0.8333333333333334,0.0,0.5,1.0,1.0,1.0,0.33333333333333337,0.6666666666666666,1.0,0.0,0.0,0.0,0.1,0.4898979485566356,0.0,0.3666666666666667,u522500,beginner
0.6056737588652482,0.8191489361702128,0.5168539325842697,0.1791044776119403,1.0,1.0,1.0,0.6400444585582725,0.6666666666666666,0.0,2.0,0.6666666666666666,0.0,7.05,0.4887054907480469,0.0,0.4422131513125266,u522922,beginner
0.65,0.7567567567567568,0.5833333333333334,0.36363636363636365,1.0,1.0,1.0,0.39312039312039315,0.6666666666666666,1.0,0.0,0.3333333333333333,0.0,0.6,0.4769696007084729,0.0,0.5301392301392303,u523054,intermediate
0.52,0.7142857142857143,0.2222222222222222,0.5,1.0,1.0,1.0,0.2142857142857143,0.6666666666666666,1.0,0.0,0.3333333333333333,0.0,0.25,0.4995998398718719,0.0,0.43174603174603177,u523133,beginner
0.2727272727272727,0.5,0.25,0.2,1.0,1.0,1.0,0.3,0.0,7.0,0.0,-0.6666666666666666,0.0,0.11,0.4453617714151233,0.0,0.28,u524750,beginner
0.6428571428571429,0.8333333333333334,0.5208333333333334,0.2,1.0,1.0,1.0,0.6333333333333333,1.0,0.0,4.0,0.6666666666666667,0.0,1.12,0.4791574237499549,0.0,0.45500000000000007,u525673,intermediate
0.7794117647058824,0.8780487804878049,0.7083333333333334,0.0,1.0,1.0,1.0,0.8780487804878049,1.0,0.0,6.0,0.6666666666666667,0.0,0.68,0.4146432994079908,0.0,0.45894308943089435,u525727,intermediate
0.2,0.25,0.16666666666666666,0.0,1.0,1.0,0.0,0.05,0.0,3.0,0.0,-0.3333333333333333,0.0,0.1,0.4000000000000001,0.0,0.11666666666666667,u526651,beginner
0.7105263157894737,0.88,0.5555555555555556,0.0,1.0,1.0,1.0,0.88,0.6666666666666666,0.0,2.0,0.0,0.0,0.38,0.45351810367405493,0.0,0.39822222222222226,u527110,beginner
0.6170212765957447,0.6,0.7241379310344828,0.25,1.0,1.0,1.0,0.35,0.6666666666666666,0.0,1.0,0.0,0.0,0.47,0.4861131769700368,0.0,0.5096551724137931,u527490,intermediate
0.5862068965517241,0.868421052631579,0.5283018867924528,0.28,1.0,1.0,1.0,0.588421052631579,0.3333333333333333,2.0,0.0,-0.3333333333333333,0.0,1.16,0.49251230541674823,0.0,0.49700496524329696,u528061,intermediate
0.5384615384615384,0.5,0.6,0.5,1.0,1.0,1.0,0.0,1.0,0.0,3.0,1.0,0.0,0.13,0.4985185152621432,0.0,0.54,u528265,intermediate
0.2727272727272727,1.0,0.125,0.0,1.0,1.0,1.0,1.0,0.6666666666666666,0.0,1.0,0.6666666666666666,0.0,0.11,0.4453617714151233,0.0,0.25,u528658,beginner
0.5416666666666666,0.8,0.5,0.0,1.0,1.0,1.0,0.8,0.6666666666666666,1.0,0.0,0.3333333333333333,0.0,0.24,0.4982608642958916,0.0,0.36000000000000004,u529131,beginner
0.5,0.875,0.2,0.2,1.0,1.0,1.0,0.675,0.6666666666666666,0.0,1.0,0.0,0.0,0.18,0.5,0.0,0.335,u529213,beginner
0.5,1.0,0.5714285714285714,0.25,1.0,1.0,1.0,0.75,0.3333333333333333,2.0,0.0,0.0,0.0,0.12,0.5,0.0,0.5285714285714286,u529283,intermediate
0.4,1.0,0.2857142857142857,0.3333333333333333,1.0,1.0,1.0,0.6666666666666667,0.3333333333333333,0.0,1.0,-0.6666666666666667,0.0,0.15,0.4898979485566357,0.0,0.4476190476190476,u529746,beginner
0.6752136752136753,0.9782608695652174,0.625,0.5040650406504065,1.0,1.0,1.0,0.47419582891481094,1.0,0.0,11.0,0.33333333333333337,0.0,3.51,0.4682949583522299,0.0,0.6472781901732061,u530684,intermediate
0.25,0.6666666666666666,0.09090909090909091,0.3333333333333333,1.0,1.0,1.0,0.3333333333333333,0.0,4.0,0.0,-0.6666666666666666,0.0,0.2,0.4330127018922193,0.0,0.30303030303030304,u530871,beginner
0.43478260869565216,0.47368421052631576,0.4,0.5,1.0,1.0,1.0,-0.026315789473684237,0.0,3.0,0.0,-0.3333333333333333,0.0,0.46,0.4957284456952773,0.0,0.4547368421052632,u530901,intermediate
0.6901408450704225,0.875,0.4074074074074074,0.75,1.0,1.0,1.0,0.125,0.6666666666666666,1.0,0.0,0.0,0.0,0.71,0.46243535660230994,0.0,0.6379629629629631,u531118,intermediate
0.5,0.75,0.5714285714285714,0.0,1.0,1.0,1.0,0.75,0.3333333333333333,1.0,0.0,0.0,0.0,0.14,0.5,0.0,0.37857142857142856,u531870,beginner
0.508130081300813,0.6698564593301436,0.4824120603015075,0.16666666666666666,1.0,1.0,1.0,0.503189792663477,0.3333333333333333,1.0,0.0,0.0,0.0,4.92,0.4999338974084896,0.0,0.3936027826532984,u532028,beginner
0.5,0.8571428571428571,0.2727272727272727,0.5,1.0,1.0,1.0,0.3571428571428571,0.6666666666666666,0.0,2.0,0.3333333333333333,0.0,0.2,0.5,0.0,0.4805194805194805,u532757,intermediate
0.7183098591549296,0.9444444444444444,0.7058823529411765,0.5263157894736842,1.0,1.0,1.0,0.41812865497076024,0.6666666666666666,0.0,1.0,0.0,0.0,0.71,0.44982308232876933,0.0,0.6817681458548333,u5330,intermediate
1.0,1.0,1.0,1.0,1.0,1.0,1.0,0.0,1.0,0.0,10.0,0.0,0.0,0.1,0.0,0.0,1.0,u533941,advanced
0.55078125,0.7978723404255319,0.45038167938931295,0.22580645161290322,1.0,1.0,1.0,0.5720658888126287,1.0,0.0,3.0,0.6666666666666667,0.0,2.56,0.4974145802531702,0.0,0.4300497204859929,u534787,beginner
0.47368421052631576,0.7777777777777778,0.25,0.0,1.0,1.0,1.0,0.7777777777777778,0.3333333333333333,0.0,1.0,-0.3333333333333333,0.0,0.19,0.4993069989739547,0.0,0.25555555555555554,u534903,beginner
0.625,0.0,0.6363636363636364,0.6,0.0,1.0,1.0,0.021818181818181823,1.0,0.0,4.0,0.33333333333333337,0.0,0.16,0.4841229182759271,0.0,0.49454545454545457,u535194,intermediate
0.5984015984015985,0.814621409921671,0.5316455696202531,0.24305555555555555,1.0,1.0,1.0,0.5715658543661154,0.3333333333333333,2.0,0.0,-0.3333333333333333,0.0,10.01,0.4902215064968188,0.0,0.4728047320546577,u5353,intermediate
0.6,0.7727272727272727,0.5714285714285714,0.25,1.0,1.0,1.0,0.5227272727272727,0.6666666666666666,0.0,1.0,0.0,0.0,0.65,0.48989794855663565,0.0,0.48311688311688306,u535604,intermediate
0.5247524752475248,0.7741935483870968,0.4482758620689655,0.25,1.0,1.0,1.0,0.5241935483870968,0.6666666666666666,0.0,1.0,0.3333333333333333,0.0,1.01,0.4993869391254849,0.0,0.4341490545050056,u535610,beginner
0.2727272727272727,1.0,0.25,0.0,1.0,1.0,1.0,1.0,0.0,3.0,0.0,-0.3333333333333333,0.0,0.11,0.4453617714151233,0.0,0.30000000000000004,u535894,beginner
0.6059225512528473,0.7831858407079646,0.4752186588921283,0.18072289156626506,1.0,1.0,1.0,0.6024629491416995,0.3333333333333333,2.0,0.0,0.0,0.0,8.78,0.4886516275794934,0.0,0.4190137883249503,u536356,beginner
0.45454545454545453,0.5,0.25,1.0,1.0,1.0,1.0,-0.5,0.3333333333333333,0.0,1.0,-0.3333333333333333,0.0,0.11,0.49792959773196915,0.0,0.6000000000000001,u536539,intermediate
0.36363636363636365,1.0,0.26666666666666666,0.4,1.0,1.0,1.0,0.6,0.3333333333333333,1.0,0.0,-0.3333333333333333,0.0,0.22,0.4810456929208346,0.0,0.46666666666666673,u536580,intermediate
0.6687116564417178,0.7981651376146789,0.6255707762557078,0.3076923076923077,1.0,1.0,1.0,0.4904728299223712,0.6666666666666666,0.0,2.0,0.3333333333333333,0.0,4.89,0.47067650990961063,0.0,0.532938261102142,u536705,intermediate
0.5333333333333333,0.8333333333333334,0.42857142857142855,0.0,1.0,1.0,1.0,0.8333333333333334,0.3333333333333333,0.0,1.0,0.0,0.0,0.15,0.4988876515698588,0.0,0.3380952380952381,u537089,beginner
0.3888888888888889,1.0,0.4444444444444444,0.25,1.0,1.0,1.0,0.75,0.0,3.0,0.0,-0.6666666666666666,0.0,0.18,0.4874980215217846,0.0,0.47777777777777775,u537386,intermediate
0.5223880597014925,0.6875,0.5757575757575758,0.2777777777777778,1.0,1.0,1.0,0.4097222222222222,1.0,0.0,5.0,0.6666666666666667,0.0,0.67,0.49949852330392575,0.0,0.47891414141414146,u538008,intermediate
0.5454545454545454,0.5,0.75,0.4,1.0,1.0,1.0,0.09999999999999998,0.6666666666666666,1.0,0.0,0.3333333333333333,0.0,0.11,0.49792959773196915,0.0,0.56,u538074,intermediate
0.7,1.0,1.0,0.4,1.0,1.0,1.0,0.6,0.3333333333333333,0.0,1.0,-0.6666666666666667,0.0,0.1,0.45825756949558394,0.0,0.7600000000000001,u538813,advanced
0.4375,0.75,0.3333333333333333,0.3333333333333333,1.0,1.0,1.0,0.4166666666666667,0.3333333333333333,1.0,0.0,-0.3333333333333333,0.0,0.16,0.49607837082461076,0.0,0.41666666666666663,u538918,beginner
0.6879756468797564,0.8843537414965986,0.6115107913669064,0.25882352941176473,1.0,1.0,1.0,0.6255302120848338,0.0,3.0,0.0,-0.6666666666666666,0.0,6.57,0.46331971270402156,0.0,0.5250044766107882,u5391,intermediate
0.5,0.5454545454545454,0.375,1.0,1.0,1.0,1.0,-0.4545454545454546,0.6666666666666666,0.0,1.0,0.6666666666666666,0.0,0.2,0.5,0.0,0.6590909090909092,u5394,intermediate
0.5155172413793103,0.834319526627219,0.5132743362831859,0.22702702702702704,1.0,1.0,1.0,0.6072924996001919,0.3333333333333333,1.0,0.0,-0.3333333333333333,0.0,5.8,0.499759157214729,0.0,0.46298445064952903,u5400,intermediate
0.45454545454545453,0.0,0.5,0.0,0.0,1.0,1.0,0.3,0.6666666666666666,1.0,0.0,0.3333333333333333,0.0,0.11,0.49792959773196915,0.0,0.2,u540066,beginner
0.5454545454545454,0.8181818181818182,0.6052631578947368,0.23529411764705882,1.0,1.0,1.0,0.5828877005347595,0.6666666666666666,0.0,2.0,-0.33333333333333337,0.0,0.66,0.49792959773196915,0.0,0.49985927385308193,u540077,intermediate
0.45454545454545453,1.0,1.0,0.14285714285714285,1.0,1.0,1.0,0.8571428571428572,0.3333333333333333,0.0,1.0,-0.3333333333333333,0.0,0.11,0.49792959773196915,0.0,0.6571428571428573,u540133,intermediate
0.4166666666666667,1.0,0.4444444444444444,0.0,1.0,1.0,1.0,1.0,0.3333333333333333,1.0,0.0,0.0,0.0,0.12,0.4930066485916347,0.0,0.37777777777777777,u540310,beginner
0.5,0.5,0.5,0.5,1.0,1.0,1.0,0.0,0.6666666666666666,0.0,2.0,0.3333333333333333,0.0,0.1,0.5,0.0,0.5,u540603,intermediate
0.45454545454545453,1.0,0.25,0.0,1.0,1.0,1.0,1.0,0.0,3.0,0.0,-0.3333333333333333,0.0,0.11,0.49792959773196915,0.0,0.30000000000000004,u540946,beginner
0.5185185185185185,1.0,0.375,0.0,1.0,1.0,1.0,1.0,1.0,0.0,4.0,1.0,0.0,0.27,0.4996569467863719,0.0,0.35000000000000003,u542569,beginner
0.5027322404371585,0.8571428571428571,0.5684210526315789,0.29850746268656714,1.0,1.0,1.0,0.55863539445629,0.0,4.0,0.0,0.0,0.0,1.83,0.4999925348064644,0.0,0.5181999775558299,u5426,intermediate
0.5,1.0,0.4,0.0,1.0,1.0,1.0,1.0,0.3333333333333333,1.0,0.0,-0.6666666666666667,0.0,0.1,0.5,0.0,0.36000000000000004,u542770,beginner
0.3333333333333333,0.0,0.6666666666666666,0.0,1.0,1.0,1.0,0.0,0.6666666666666666,0.0,2.0,0.3333333333333333,0.0,0.12,0.4714045207910317,0.0,0.26666666666666666,u543045,beginner
0.45454545454545453,0.6666666666666666,0.5,0.3333333333333333,1.0,1.0,1.0,0.3333333333333333,0.6666666666666666,0.0,1.0,0.0,0.0,0.11,0.49792959773196915,0.0,0.4666666666666667,u543630,intermediate
0.5103857566765578,0.7549019607843137,0.509090909090909,0.15714285714285714,1.0,1.0,1.0,0.5977591036414566,0.6666666666666666,0.0,1.0,0.6666666666666666,0.0,3.37,0.49989212442111486,0.0,0.4174738986503692,u544693,beginner
0.6153846153846154,0.8333333333333334,0.5,0.0,1.0,1.0,1.0,0.8333333333333334,0.6666666666666666,0.0,1.0,0.3333333333333333,0.0,0.13,0.48650425541051995,0.0,0.3666666666666667,u545688,beginner
0.6998428496595076,0.8566929133858268,0.6554347826086957,0.5338983050847458,1.0,1.0,1.0,0.322794608301081,0.3333333333333333,0.0,1.0,-0.3333333333333333,0.0,19.09,0.4583261234535595,0.0,0.647071817754542,u546956,intermediate
0.5609756097560976,0.8888888888888888,0.5909090909090909,0.2,1.0,1.0,1.0,0.6888888888888889,0.6666666666666666,1.0,0.0,0.0,0.0,0.41,0.4962680475457513,0.0,0.49414141414141416,u547249,intermediate
0.46153846153846156,1.0,0.6666666666666666,0.14285714285714285,1.0,1.0,1.0,0.8571428571428572,0.3333333333333333,0.0,1.0,0.0,0.0,0.13,0.49851851526214314,0.0,0.5238095238095238,u547939,intermediate
0.8235294117647058,1.0,0.8571428571428571,0.3333333333333333,1.0,1.0,1.0,0.6666666666666667,1.0,0.0,6.0,0.6666666666666667,0.0,0.17,0.3812200410828153,0.0,0.6761904761904762,u548226,intermediate
0.2,0.0,0.3333333333333333,0.0,1.0,1.0,1.0,0.0,0.3333333333333333,2.0,0.0,0.3333333333333333,0.0,0.1,0.4000000000000001,0.0,0.13333333333333333,u549183,beginner
0.5833333333333334,1.0,0.6666666666666666,0.3333333333333333,1.0,1.0,1.0,0.6666666666666667,0.0,3.0,0.0,-0.6666666666666666,0.0,0.12,0.4930066485916347,0.0,0.6,u549614,intermediate
0.5778846153846153,0.8767772511848341,0.5932539682539683,0.36,1.0,1.0,1.0,0.5167772511848341,1.0,0.0,3.0,0.0,0.0,10.4,0.4938967368655016,0.0,0.5566570375385541,u5497,intermediate
0.6545454545454545,0.9230769230769231,0.5714285714285714,0.5714285714285714,1.0,1.0,1.0,0.35164835164835173,1.0,0.0,6.0,0.6666666666666667,0.0,0.55,0.4755162483862553,0.0,0.6417582417582417,u550018,intermediate
0.4,1.0,0.42857142857142855,0.0,1.0,1.0,1.0,1.0,0.3333333333333333,0.0,1.0,0.0,0.0,0.1,0.4898979485566356,0.0,0.37142857142857144,u550205,beginner
0.7407407407407407,0.8620689655172413,0.7368421052631579,0.16666666666666666,1.0,1.0,1.0,0.6954022988505747,1.0,0.0,15.0,0.33333333333333337,0.0,0.54,0.43822813208145295,0.0,0.5338173018753781,u551617,intermediate
0.47619047619047616,1.0,0.75,0.18181818181818182,1.0,1.0,1.0,0.8181818181818181,0.6666666666666666,1.0,0.0,-0.33333333333333337,0.0,0.21,0.49943278484292924,0.0,0.5727272727272728,u552175,intermediate
0.5625,0.8181818181818182,0.0,0.0,1.0,1.0,1.0,0.8181818181818182,0.6666666666666666,0.0,2.0,0.6666666666666666,0.0,0.16,0.49607837082461076,0.0,0.16363636363636366,u552752,beginner
0.6379310344827587,0.7916666666666666,0.56,0.4444444444444444,1.0,1.0,1.0,0.3472222222222222,0.3333333333333333,2.0,0.0,-0.3333333333333333,0.0,0.58,0.480598616026426,0.0,0.5601111111111111,u552846,intermediate
0.6672240802675585,0.844059405940594,0.6205287713841369,0.38926174496644295,1.0,1.0,1.0,0.4547976609741511,0.3333333333333333,0.0,1.0,0.0,0.0,11.96,0.47120707441492127,0.0,0.5727280877283507,u553095,intermediate
0.6244784422809457,0.8743718592964824,0.6463414634146342,0.328125,1.0,1.0,1.0,0.5462468592964824,0.6666666666666666,1.0,0.0,-0.33333333333333337,0.0,7.19,0.4842572843100135,0.0,0.5646609572251502,u553421,intermediate
0.6470588235294118,0.8518518518518519,0.5844748858447488,0.3974358974358974,1.0,1.0,1.0,0.45441595441595445,0.3333333333333333,0.0,1.0,-0.3333333333333333,0.0,4.59,0.47788461203740945,0.0,0.5631346836826289,u554628,intermediate
0.6122448979591837,0.875,0.52,0.375,1.0,1.0,1.0,0.5,0.6666666666666666,1.0,0.0,0.0,0.0,0.49,0.4872382198495233,0.0,0.533,u555216,intermediate
0.5786407766990291,0.7763975155279503,0.5174825174825175,0.36764705882352944,1.0,1.0,1.0,0.4087504567044209,0.6666666666666666,0.0,1.0,0.3333333333333333,0.0,5.15,0.49377690128252605,0.0,0.5093313336280089,u555541,intermediate
0.5545454545454546,0.8695652173913043,0.576271186440678,0.25,1.0,1.0,1.0,0.6195652173913043,0.6666666666666666,1.0,0.0,0.3333333333333333,0.0,1.1,0.4970158884667871,0.0,0.5044215180545321,u555634,intermediate
0.5,1.0,0.5714285714285714,0.3333333333333333,1.0,1.0,1.0,0.6666666666666667,0.6666666666666666,1.0,0.0,0.3333333333333333,0.0,0.14,0.5,0.0,0.5619047619047619,u555943,intermediate
0.3,0.0,0.42857142857142855,0.0,0.0,1.0,1.0,0.2571428571428571,0.0,3.0,0.0,0.0,0.0,0.1,0.45825756949558394,0.0,0.17142857142857143,u556608,beginner
0.5472972972972973,0.5932203389830508,0.5384615384615384,0.4583333333333333,1.0,1.0,1.0,0.1348870056497175,0.3333333333333333,0.0,1.0,0.0,0.0,1.48,0.4977579388300814,0.0,0.5173620165145589,u557070,intermediate
0.47058823529411764,0.5,0.46153846153846156,0.0,1.0,1.0,0.0,0.02307692307692306,0.3333333333333333,1.0,0.0,0.0,0.0,0.17,0.4991341984846218,0.0,0.2846153846153846,u557148,beginner
0.6153846153846154,0.9285714285714286,0.375,0.0,1.0,1.0,1.0,0.9285714285714286,0.6666666666666666,0.0,1.0,0.0,0.0,0.26,0.4865042554105199,0.0,0.33571428571428574,u557657,beginner
0.6818181818181818,1.0,0.6,0.5,1.0,1.0,1.0,0.5,1.0,0.0,6.0,0.33333333333333337,0.0,0.22,0.46577048936179993,0.0,0.64,u557686,intermediate
0.38461538461538464,0.5,0.42857142857142855,0.0,1.0,1.0,1.0,0.5,0.6666666666666666,0.0,1.0,0.3333333333333333,0.0,0.13,0.48650425541051995,0.0,0.27142857142857146,u558135,beginner
0.42473118279569894,0.5769230769230769,0.36486486486486486,0.20588235294117646,1.0,1.0,1.0,0.3710407239819004,0.0,3.0,0.0,-0.3333333333333333,0.0,1.86,0.4943021395428767,0.0,0.3436835025070319,u559317,beginner
0.5333333333333333,0.8,0.5588235294117647,0.41935483870967744,1.0,1.0,1.0,0.3806451612903226,0.0,3.0,0.0,-0.3333333333333333,0.0,0.75,0.49888765156985876,0.0,0.5512713472485768,u560060,intermediate
0.48360655737704916,0.7058823529411765,0.43103448275862066,0.18604651162790697,1.0,1.0,1.0,0.5198358413132695,0.3333333333333333,0.0,1.0,0.0,0.0,2.44,0.49973118277626816,0.0,0.3880088683428464,u560700,beginner
0.3939393939393939,0.5662650602409639,0.33884297520661155,0.20408163265306123,1.0,1.0,1.0,0.3621834275879027,0.6666666666666666,0.0,2.0,0.0,0.0,8.91,0.48862168171506365,0.0,0.33042285519206194,u5615,beginner
0.6623376623376623,0.8421052631578947,0.5142857142857142,0.25,1.0,1.0,1.0,0.5921052631578947,0.6666666666666666,0.0,1.0,0.0,0.0,0.77,0.4729127650917695,0.0,0.47413533834586463,u561643,intermediate
0.5279503105590062,0.7560975609756098,0.47619047619047616,0.3888888888888889,1.0,1.0,1.0,0.36720867208672087,0.3333333333333333,0.0,1.0,-0.6666666666666667,0.0,1.61,0.49921816887975456,0.0,0.497251258226868,u5634,intermediate
0.7802690582959642,0.9274193548387096,0.6410256410256411,0.42857142857142855,1.0,1.0,1.0,0.4988479262672811,0.6666666666666666,1.0,0.0,0.3333333333333333,0.0,2.23,0.4140643125915267,0.0,0.6133226988065699,u563590,intermediate
0.8,1.0,1.0,0.6,1.0,1.0,1.0,0.4,0.6666666666666666,1.0,0.0,-0.33333333333333337,0.0,0.1,0.4,0.0,0.8400000000000001,u563757,advanced
0.5882870981946279,0.822429906542056,0.5410146989094358,0.31978609625668447,1.0,1.0,1.0,0.5026438102853716,0.6666666666666666,0.0,2.0,0.0,0.0,45.42,0.4921436663133765,0.0,0.5088062993748593,u563979,intermediate
0.6189111747851003,0.8853503184713376,0.6185567010309279,0.3464052287581699,1.0,1.0,1.0,0.5389450897131677,0.6666666666666666,0.0,2.0,-0.33333333333333337,0.0,6.98,0.48565433438941663,0.0,0.5630548356099067,u564135,intermediate
0.4264705882352941,0.7692307692307693,0.36585365853658536,0.06976744186046512,1.0,1.0,1.0,0.6994633273703041,0.6666666666666666,0.0,2.0,0.3333333333333333,0.0,1.36,0.4945638741411834,0.0,0.3280945940049741,u564404,beginner
0.5348837209302325,1.0,0.56,0.3076923076923077,1.0,1.0,1.0,0.6923076923076923,1.0,0.0,4.0,0.33333333333333337,0.0,0.43,0.498781641616912,0.0,0.5470769230769231,u564651,intermediate
0.36363636363636365,1.0,0.16666666666666666,0.3333333333333333,1.0,1.0,1.0,0.6666666666666667,0.3333333333333333,2.0,0.0,-0.3333333333333333,0.0,0.11,0.48104569292083466,0.0,0.4,u565014,beginner
0.47619047619047616,0.625,0.625,0.0,1.0,1.0,1.0,0.625,0.6666666666666666,1.0,0.0,0.3333333333333333,0.0,0.21,0.49943278484292924,0.0,0.375,u565478,beginner
0.6695957820738138,0.8420348058902276,0.6098591549295774,0.324,1.0,1.0,1.0,0.5180348058902275,1.0,0.0,3.0,1.0,0.0,17.07,0.47035866177075075,0.0,0.5419506231498765,u5655,intermediate
0.7857142857142857,0.9166666666666666,0.7692307692307693,0.3333333333333333,1.0,1.0,1.0,0.5833333333333333,1.0,0.0,13.0,0.6666666666666667,0.0,0.28,0.410325903324145,0.0,0.6243589743589744,u565578,intermediate
0.5217391304347826,1.0,0.5,0.2,1.0,1.0,1.0,0.8,1.0,0.0,3.0,0.33333333333333337,0.0,0.23,0.4995271866554807,0.0,0.48000000000000004,u565682,intermediate
0.5652173913043478,0.7142857142857143,0.5,0.5,1.0,1.0,1.0,0.2142857142857143,0.3333333333333333,1.0,0.0,0.0,0.0,0.23,0.4957284456952773,0.0,0.5428571428571429,u566079,intermediate
0.5384615384615384,1.0,0.5,0.5,1.0,1.0,1.0,0.5,0.6666666666666666,1.0,0.0,0.3333333333333333,0.0,0.13,0.49851851526214314,0.0,0.6000000000000001,u566304,intermediate
0.6261127596439169,0.7622950819672131,0.625,0.32727272727272727,1.0,1.0,1.0,0.4350223546944858,1.0,0.0,5.0,0.6666666666666667,0.0,3.37,0.48383424006057657,0.0,0.5333681073025336,u567195,intermediate
0.64,0.8333333333333334,0.5882352941176471,0.5,1.0,1.0,1.0,0.33333333333333337,1.0,0.0,4.0,0.0,0.0,0.25,0.48,0.0,0.6019607843137256,u567909,intermediate
0.3333333333333333,0.5,0.3125,0.0,1.0,1.0,1.0,0.5,0.3333333333333333,0.0,1.0,0.3333333333333333,0.0,0.27,0.4714045207910317,0.0,0.225,u569188,beginner
0.5783132530120482,1.0,0.5833333333333334,0.09090909090909091,1.0,1.0,1.0,0.9090909090909091,0.0,3.0,0.0,-0.3333333333333333,0.0,0.83,0.4938289525763661,0.0,0.4696969696969697,u569509,intermediate
0.4166666666666667,0.0,0.5,0.0,0.0,1.0,1.0,0.3,0.3333333333333333,2.0,0.0,-0.3333333333333333,0.0,0.12,0.4930066485916347,0.0,0.2,u569720,beginner
0.6416666666666667,0.7763157894736842,0.45,0.0,1.0,1.0,1.0,0.7763157894736842,0.6666666666666666,1.0,0.0,0.6666666666666666,0.0,1.2,0.4795107460271934,0.0,0.3352631578947369,u570278,beginner
0.5,1.0,0.6,0.0,1.0,1.0,1.0,1.0,0.6666666666666666,0.0,1.0,0.0,0.0,0.14,0.5,0.0,0.44,u570868,beginner
0.25,0.5,0.5,0.125,1.0,1.0,1.0,0.375,0.3333333333333333,0.0,1.0,0.0,0.0,0.12,0.4330127018922193,0.0,0.35000000000000003,u571107,beginner
0.7042889390519187,0.901840490797546,0.6561085972850679,0.3389830508474576,1.0,1.0,1.0,0.5628574399500884,0.6666666666666666,1.0,0.0,0.0,0.0,4.43,0.4563617308463117,0.0,0.5784047574125194,u571297,intermediate
0.18181818181818182,0.0,0.16666666666666666,0.2,0.0,1.0,1.0,-0.02000000000000001,0.0,5.0,0.0,-0.3333333333333333,0.0,0.11,0.38569460791993493,0.0,0.14666666666666667,u572927,beginner
0.8181818181818182,1.0,0.8333333333333334,0.5,1.0,1.0,1.0,0.5,0.6666666666666666,0.0,2.0,-0.33333333333333337,0.0,0.11,0.385694607919935,0.0,0.7333333333333334,u573155,advanced
0.35294117647058826,0.3333333333333333,0.3333333333333333,0.5,1.0,1.0,1.0,-0.16666666666666669,0.6666666666666666,0.0,1.0,0.3333333333333333,0.0,0.17,0.4778846120374094,0.0,0.4,u573697,beginner
0.5567375886524822,0.7931034482758621,0.5660377358490566,0.3230769230769231,1.0,1.0,1.0,0.470026525198939,0.3333333333333333,2.0,0.0,-0.3333333333333333,0.0,2.82,0.4967704158199256,0.0,0.5142665532255644,u575115,intermediate
0.7905405405405406,0.9534883720930233,0.7522935779816514,0.5,1.0,1.0,1.0,0.4534883720930233,1.0,0.0,9.0,0.6666666666666667,0.0,2.96,0.4069228358084743,0.0,0.6916151056112652,u575331,intermediate
0.38461538461538464,0.5,0.2857142857142857,0.5,1.0,1.0,1.0,0.0,0.6666666666666666,1.0,0.0,0.3333333333333333,0.0,0.13,0.48650425541051995,0.0,0.4142857142857143,u575706,beginner
0.8181818181818182,1.0,1.0,0.6,1.0,1.0,1.0,0.4,1.0,0.0,4.0,0.0,0.0,0.11,0.385694607919935,0.0,0.8400000000000001,u575838,advanced
0.6987951807228916,1.0,0.7209302325581395,0.43478260869565216,1.0,1.0,1.0,0.5652173913043479,0.6666666666666666,0.0,2.0,0.0,0.0,0.83,0.45878151240144033,0.0,0.6622851365015167,u576668,intermediate
0.5830985915492958,0.8350515463917526,0.5603864734299517,0.19607843137254902,1.0,1.0,1.0,0.6389731150192036,0.3333333333333333,0.0,1.0,-0.6666666666666667,0.0,3.55,0.4930462697176841,0.0,0.4695962711993508,u576753,intermediate
0.16666666666666666,0.2,0.0,0.0,1.0,1.0,1.0,0.2,0.0,5.0,0.0,-0.3333333333333333,0.0,0.12,0.3726779962499649,0.0,0.04000000000000001,u576804,beginner
0.5692307692307692,0.9444444444444444,0.5151515151515151,0.21428571428571427,1.0,1.0,1.0,0.7301587301587301,0.6666666666666666,0.0,2.0,0.3333333333333333,0.0,0.65,0.49518390582864863,0.0,0.4806637806637807,u577221,intermediate
0.6923076923076923,0.8260869565217391,0.46153846153846156,0.6666666666666666,1.0,1.0,1.0,0.1594202898550725,0.6666666666666666,0.0,2.0,0.3333333333333333,0.0,0.39,0.4615384615384615,0.0,0.6164994425863992,u577448,intermediate
0.34210526315789475,1.0,0.45,0.17647058823529413,1.0,1.0,1.0,0.8235294117647058,0.3333333333333333,1.0,0.0,0.0,0.0,0.38,0.47441464150841967,0.0,0.4505882352941177,u577512,intermediate
0.5454545454545454,1.0,0.5714285714285714,0.0,1.0,1.0,1.0,1.0,0.6666666666666666,0.0,1.0,0.0,0.0,0.11,0.49792959773196915,0.0,0.4285714285714286,u577637,beginner
0.5374851249504164,0.7386503067484662,0.5222772277227723,0.242914979757085,1.0,1.0,1.0,0.49573532699138123,0.6666666666666666,0.0,1.0,0.3333333333333333,0.0,25.21,0.49859288543605557,0.0,0.45380694434163615,u578,intermediate
0.5555555555555556,0.8888888888888888,0.4666666666666667,0.0,1.0,1.0,1.0,0.8888888888888888,0.6666666666666666,0.0,1.0,0.0,0.0,0.27,0.4969039949999533,0.0,0.36444444444444446,u578237,beginner
0.42105263157894735,0.5652173913043478,0.21428571428571427,0.0,1.0,1.0,1.0,0.5652173913043478,0.3333333333333333,0.0,1.0,0.0,0.0,0.38,0.4937279747182557,0.0,0.19875776397515527,u578512,beginner
0.723404255319149,0.9239766081871345,0.7424242424242424,0.46621621621621623,1.0,1.0,1.0,0.4577603919709182,1.0,0.0,6.0,0.0,0.0,5.17,0.447314809396354,0.0,0.6682515050936104,u5786,intermediate
0.4090909090909091,0.0,0.3,0.5454545454545454,1.0,1.0,1.0,-0.5454545454545454,0.3333333333333333,1.0,0.0,0.0,0.0,0.22,0.4916660830178166,0.0,0.33818181818181814,u580050,beginner
0.4166666666666667,1.0,0.6,0.16666666666666666,1.0,1.0,1.0,0.8333333333333334,0.3333333333333333,0.0,1.0,-0.3333333333333333,0.0,0.12,0.4930066485916347,0.0,0.5066666666666667,u580208,intermediate
0.23076923076923078,0.5,0.125,0.3333333333333333,1.0,1.0,1.0,0.16666666666666669,0.0,3.0,0.0,-0.3333333333333333,0.0,0.13,0.4213250442347432,0.0,0.2833333333333333,u583744,beginner
0.4,0.6666666666666666,0.4444444444444444,0.0,1.0,1.0,1.0,0.6666666666666666,0.6666666666666666,1.0,0.0,0.3333333333333333,0.0,0.15,0.48989794855663565,0.0,0.3111111111111111,u583928,beginner
0.6842105263157895,0.8775510204081632,0.6,0.3333333333333333,1.0,1.0,1.0,0.5442176870748299,1.0,0.0,4.0,0.33333333333333337,0.0,1.14,0.46482951928041305,0.0,0.5488435374149659,u585068,intermediate
0.6666666666666666,0.8823529411764706,0.55,0.4,1.0,1.0,1.0,0.48235294117647054,0.3333333333333333,1.0,0.0,-0.3333333333333333,0.0,0.42,0.4714045207910317,0.0,0.5564705882352942,u585721,intermediate
0.32142857142857145,0.0,0.6666666666666666,0.15789473684210525,0.0,1.0,1.0,0.30526315789473685,0.0,5.0,0.0,-0.3333333333333333,0.0,0.28,0.46702488680792925,0.0,0.3298245614035088,u586660,beginner
0.6473684210526316,0.9245283018867925,0.7088607594936709,0.3103448275862069,1.0,1.0,1.0,0.6141834743005856,0.3333333333333333,1.0,0.0,0.0,0.0,1.9,0.4777892301804785,0.0,0.5925878952093097,u589314,intermediate
0.4444444444444444,1.0,0.5,0.3333333333333333,1.0,1.0,1.0,0.6666666666666667,0.3333333333333333,2.0,0.0,-0.3333333333333333,0.0,0.18,0.4969039949999533,0.0,0.5333333333333333,u589341,intermediate
0.5589600742804085,0.8201438848920863,0.5303030303030303,0.28780487804878047,1.0,1.0,1.0,0.5323390068433058,0.6666666666666666,0.0,1.0,0.6666666666666666,0.0,10.77,0.4965115402896983,0.0,0.49127194031914156,u590077,intermediate
0.3,1.0,0.14285714285714285,0.0,1.0,1.0,1.0,1.0,1.0,0.0,3.0,1.0,0.0,0.1,0.45825756949558405,0.0,0.2571428571428572,u590265,beginner
0.4375,0.6666666666666666,0.36363636363636365,0.5,1.0,1.0,1.0,0.16666666666666663,0.6666666666666666,0.0,1.0,0.3333333333333333,0.0,0.16,0.49607837082461076,0.0,0.4787878787878788,u590546,intermediate
0.5535714285714286,0.6875,0.5405405405405406,0.0,1.0,1.0,1.0,0.6875,0.6666666666666666,0.0,1.0,0.0,0.0,0.56,0.4971218181098234,0.0,0.35371621621621624,u590806,beginner
0.5751295336787565,0.7906976744186046,0.5486725663716814,0.40540540540540543,1.0,1.0,1.0,0.3852922690131992,0.3333333333333333,0.0,1.0,0.0,0.0,1.93,0.49432332857069633,0.0,0.5397707235945557,u590942,intermediate
0.6428571428571429,1.0,0.6666666666666666,0.5714285714285714,1.0,1.0,1.0,0.4285714285714286,0.3333333333333333,2.0,0.0,-0.6666666666666667,0.0,0.14,0.47915742374995496,0.0,0.6952380952380952,u590981,intermediate
0.675531914893617,0.8421052631578947,0.5512820512820513,0.26666666666666666,1.0,1.0,1.0,0.5754385964912281,1.0,0.0,3.0,0.0,0.0,1.88,0.46817576491503693,0.0,0.49560053981106617,u592949,intermediate
0.2,0.0,0.25,0.0,1.0,1.0,1.0,0.0,0.0,7.0,0.0,-0.6666666666666666,0.0,0.1,0.4000000000000001,0.0,0.1,u593318,beginner
0.6946564885496184,0.8913043478260869,0.6571428571428571,0.26666666666666666,1.0,1.0,1.0,0.6246376811594203,0.6666666666666666,0.0,1.0,0.0,0.0,1.31,0.46055276729765976,0.0,0.547784679089027,u593406,intermediate
0.5135135135135135,0.85,0.3953488372093023,0.36363636363636365,1.0,1.0,1.0,0.48636363636363633,1.0,0.0,6.0,0.0,0.0,0.74,0.49981735159207913,0.0,0.47359408033826644,u595141,intermediate
0.5,1.0,0.5,0.0,1.0,1.0,1.0,1.0,0.3333333333333333,0.0,1.0,0.0,0.0,0.12,0.5,0.0,0.4,u595218,beginner
0.5239616613418531,0.7532467532467533,0.49732620320855614,0.2653061224489796,1.0,1.0,1.0,0.48794063079777367,0.3333333333333333,0.0,1.0,0.0,0.0,3.13,0.4994255087455369,0.0,0.455702280912365,u595759,intermediate
0.5,0.6666666666666666,0.42857142857142855,0.3333333333333333,1.0,1.0,1.0,0.3333333333333333,0.6666666666666666,0.0,2.0,0.6666666666666666,0.0,0.16,0.5,0.0,0.4380952380952381,u596995,beginner
0.4,1.0,0.375,0.0,1.0,1.0,1.0,1.0,0.6666666666666666,0.0,1.0,0.3333333333333333,0.0,0.1,0.4898979485566356,0.0,0.35000000000000003,u597529,beginner
0.7575757575757576,1.0,0.8333333333333334,0.5,1.0,1.0,1.0,0.5,1.0,0.0,3.0,0.0,0.0,0.33,0.4285495643554833,0.0,0.7333333333333334,u598028,advanced
0.5856573705179283,0.7906976744186046,0.6343283582089553,0.3783783783783784,1.0,1.0,1.0,0.4123192960402262,1.0,0.0,3.0,0.33333333333333337,0.0,2.51,0.49260817581111493,0.0,0.5632222295186544,u598273,intermediate
0.33587786259541985,0.47058823529411764,0.30666666666666664,0.22727272727272727,1.0,1.0,1.0,0.24331550802139038,0.0,4.0,0.0,-0.6666666666666666,0.0,1.31,0.47229643658803117,0.0,0.30769340463458106,u598427,beginner
0.4888888888888889,0.7777777777777778,0.5,0.3333333333333333,1.0,1.0,1.0,0.4444444444444445,0.6666666666666666,1.0,0.0,-0.33333333333333337,0.0,0.45,0.4998765279645331,0.0,0.48888888888888893,u598613,intermediate
0.5,0.6666666666666666,1.0,0.3333333333333333,1.0,1.0,1.0,0.3333333333333333,0.6666666666666666,0.0,2.0,0.0,0.0,0.1,0.5,0.0,0.6666666666666666,u598757,intermediate
0.5465116279069767,0.9,0.55,0.2692307692307692,1.0,1.0,1.0,0.6307692307692307,0.3333333333333333,1.0,0.0,-0.3333333333333333,0.0,0.86,0.4978319681071545,0.0,0.5076923076923077,u598980,intermediate
0.6206896551724138,0.8888888888888888,0.7777777777777778,0.2727272727272727,1.0,1.0,1.0,0.6161616161616161,0.6666666666666666,0.0,1.0,0.0,0.0,0.29,0.48521542343000995,0.0,0.5979797979797981,u600135,intermediate
0.5,1.0,0.7142857142857143,0.0,1.0,1.0,1.0,1.0,0.6666666666666666,1.0,0.0,-0.33333333333333337,0.0,0.12,0.5,0.0,0.48571428571428577,u600522,intermediate
0.64,0.9,0.5,0.0,1.0,1.0,1.0,0.9,1.0,0.0,5.0,0.0,0.0,0.25,0.48000000000000004,0.0,0.38,u601008,beginner
0.4945054945054945,0.6739130434782609,0.4727272727272727,0.2692307692307692,1.0,1.0,1.0,0.40468227424749165,0.6666666666666666,0.0,2.0,0.0,0.0,1.82,0.4999698094979045,0.0,0.43156582547886896,u601055,beginner
0.26666666666666666,0.3333333333333333,0.2857142857142857,0.0,1.0,1.0,1.0,0.3333333333333333,0.0,3.0,0.0,-0.3333333333333333,0.0,0.15,0.44221663871405337,0.0,0.18095238095238095,u601330,beginner
0.673469387755102,0.8688524590163934,0.6043956043956044,0.5454545454545454,1.0,1.0,1.0,0.323397913561848,0.3333333333333333,0.0,1.0,0.0,0.0,1.96,0.4689438895133085,0.0,0.6337105517433386,u601640,intermediate
0.5172413793103449,0.6666666666666666,0.45454545454545453,0.3333333333333333,1.0,1.0,1.0,0.3333333333333333,0.6666666666666666,0.0,1.0,0.3333333333333333,0.0,0.29,0.49970264642032547,0.0,0.4484848484848485,u602217,beginner
0.2857142857142857,0.6666666666666666,0.2222222222222222,0.0,1.0,1.0,1.0,0.6666666666666666,0.0,3.0,0.0,-0.3333333333333333,0.0,0.21,0.45175395145262565,0.0,0.2222222222222222,u602899,beginner
0.6512455516014235,0.8961038961038961,0.6554054054054054,0.30357142857142855,1.0,1.0,1.0,0.5925324675324675,0.6666666666666666,0.0,2.0,0.3333333333333333,0.0,2.81,0.4765761042276261,0.0,0.5628115128115128,u603511,intermediate
0.3877551020408163,0.6176470588235294,0.288135593220339,0.0,1.0,1.0,1.0,0.6176470588235294,0.3333333333333333,1.0,0.0,0.3333333333333333,0.0,0.98,0.4872382198495233,0.0,0.2387836490528415,u603615,beginner
0.5789473684210527,0.8181818181818182,0.48,0.5,1.0,1.0,1.0,0.31818181818181823,0.6666666666666666,0.0,1.0,0.3333333333333333,0.0,0.38,0.4937279747182557,0.0,0.5556363636363637,u603733,intermediate
0.2777777777777778,0.2857142857142857,0.16666666666666666,0.4,1.0,1.0,1.0,-0.11428571428571432,0.3333333333333333,2.0,0.0,0.3333333333333333,0.0,0.18,0.44790320823880836,0.0,0.28380952380952384,u604642,beginner
0.2,0.0,0.2857142857142857,0.0,0.0,1.0,1.0,0.1714285714285714,0.3333333333333333,2.0,0.0,0.0,0.0,0.1,0.4000000000000001,0.0,0.11428571428571428,u605627,beginner
0.6363636363636364,1.0,0.75,0.4,1.0,1.0,1.0,0.6,0.6666666666666666,1.0,0.0,0.0,0.0,0.11,0.4810456929208346,0.0,0.66,u606610,intermediate
0.25,0.3333333333333333,0.3333333333333333,0.0,1.0,1.0,1.0,0.3333333333333333,0.3333333333333333,0.0,1.0,0.0,0.0,0.12,0.4330127018922193,0.0,0.2,u607115,beginner
0.625,1.0,0.8571428571428571,0.2857142857142857,1.0,1.0,1.0,0.7142857142857143,0.6666666666666666,0.0,2.0,0.0,0.0,0.16,0.4841229182759271,0.0,0.6571428571428573,u607259,intermediate
0.6,1.0,0.6,0.3333333333333333,1.0,1.0,1.0,0.6666666666666667,0.3333333333333333,0.0,1.0,-0.3333333333333333,0.0,0.15,0.48989794855663565,0.0,0.5733333333333334,u609751,intermediate
0.3,0.25,0.3333333333333333,0.0,1.0,1.0,0.0,-0.04999999999999999,0.3333333333333333,0.0,1.0,0.0,0.0,0.1,0.45825756949558405,0.0,0.18333333333333335,u609905,beginner
0.7,0.0,0.8571428571428571,0.3333333333333333,0.0,1.0,1.0,0.3142857142857142,0.3333333333333333,0.0,1.0,-0.3333333333333333,0.0,0.1,0.45825756949558394,0.0,0.47619047619047616,u610282,intermediate
0.6415094339622641,0.8709677419354839,0.6140350877192983,0.3333333333333333,1.0,1.0,1.0,0.5376344086021505,1.0,0.0,3.0,0.33333333333333337,0.0,1.06,0.4795571708354277,0.0,0.5531409168081494,u610903,intermediate
0.4,0.6666666666666666,0.2,0.5,1.0,1.0,1.0,0.16666666666666663,0.3333333333333333,1.0,0.0,0.0,0.0,0.1,0.48989794855663565,0.0,0.41333333333333333,u611108,beginner
0.8478260869565217,1.0,0.875,0.5833333333333334,1.0,1.0,1.0,0.41666666666666663,1.0,0.0,9.0,0.33333333333333337,0.0,0.46,0.3591893835186588,0.0,0.7833333333333334,u611131,advanced
0.38461538461538464,0.6,0.25,0.0,1.0,1.0,0.0,0.21,0.3333333333333333,0.0,1.0,-0.3333333333333333,0.0,0.13,0.48650425541051995,0.0,0.22,u611313,beginner
0.4166666666666667,0.5,0.2,0.6666666666666666,1.0,1.0,1.0,-0.16666666666666663,0.0,3.0,0.0,-0.6666666666666666,0.0,0.12,0.4930066485916347,0.0,0.44666666666666666,u611921,beginner
0.8181818181818182,1.0,0.7142857142857143,1.0,1.0,1.0,1.0,0.0,1.0,0.0,3.0,0.33333333333333337,0.0,0.11,0.385694607919935,0.0,0.8857142857142858,u612272,advanced
0.6967213114754098,0.8478260869565217,0.6307692307692307,0.45454545454545453,1.0,1.0,1.0,0.3932806324110672,1.0,0.0,4.0,0.6666666666666667,0.0,1.22,0.45967458664950667,0.0,0.6036910915171785,u612560,intermediate
0.4090909090909091,0.5,0.6,0.2,1.0,1.0,1.0,0.3,1.0,0.0,3.0,0.0,0.0,0.22,0.4916660830178166,0.0,0.42,u612828,beginner
0.6086956521739131,0.875,0.4444444444444444,0.5,1.0,1.0,1.0,0.375,0.6666666666666666,0.0,1.0,0.3333333333333333,0.0,0.23,0.48804226784007926,0.0,0.5527777777777778,u614009,intermediate
0.65,0.7727272727272727,0.5294117647058824,0.0,1.0,1.0,1.0,0.7727272727272727,0.6666666666666666,0.0,1.0,-0.33333333333333337,0.0,0.4,0.47696960070847283,0.0,0.3663101604278075,u614060,beginner
0.35294117647058826,0.5294117647058824,0.25806451612903225,0.3333333333333333,1.0,1.0,1.0,0.19607843137254904,0.6666666666666666,0.0,1.0,0.6666666666666666,0.0,0.51,0.47788461203740945,0.0,0.3424414927261227,u614620,beginner
0.3125,0.42857142857142855,0.25,0.0,1.0,1.0,1.0,0.42857142857142855,0.3333333333333333,0.0,1.0,0.0,0.0,0.16,0.46351240544347894,0.0,0.18571428571428572,u615093,beginner
0.6363636363636364,1.0,0.3333333333333333,0.5,1.0,1.0,1.0,0.5,0.0,3.0,0.0,-0.6666666666666666,0.0,0.11,0.4810456929208347,0.0,0.5333333333333334,u615696,intermediate
0.5517241379310345,0.875,0.5625,0.0,1.0,1.0,1.0,0.875,0.6666666666666666,0.0,2.0,0.0,0.0,0.29,0.4973174173053778,0.0,0.4,u615930,beginner
0.6666666666666666,0.9090909090909091,0.3333333333333333,0.0,1.0,1.0,1.0,0.9090909090909091,1.0,0.0,10.0,1.0,0.0,0.18,0.4714045207910317,0.0,0.3151515151515152,u616025,beginner
0.6919597989949748,0.8600451467268623,0.6727107887579329,0.5720720720720721,1.0,1.0,1.0,0.28797307465479016,1.0,0.0,7.0,0.0,0.0,19.9,0.4616832632550251,0.0,0.6699221736773745,u617572,intermediate
0.5,0.0,0.5454545454545454,0.5,1.0,1.0,1.0,-0.5,0.6666666666666666,1.0,0.0,0.3333333333333333,0.0,0.14,0.5,0.0,0.4181818181818182,u618231,beginner
0.3125,0.4,0.3,0.0,1.0,1.0,1.0,0.4,0.3333333333333333,2.0,0.0,0.0,0.0,0.16,0.46351240544347894,0.0,0.2,u618331,beginner
0.7035739313244569,0.8600583090379009,0.6245901639344262,0.25190839694656486,1.0,1.0,1.0,0.6081499120913361,0.6666666666666666,0.0,1.0,0.3333333333333333,0.0,14.27,0.45668112998579796,0.0,0.5226110861599766,u618619,intermediate
0.6363636363636364,1.0,0.5,1.0,1.0,1.0,1.0,0.0,0.6666666666666666,0.0,2.0,-0.33333333333333337,0.0,0.11,0.48104569292083466,0.0,0.8,u623695,advanced
0.2,0.0,0.2,0.25,1.0,1.0,1.0,-0.25,0.3333333333333333,2.0,0.0,0.0,0.0,0.1,0.4000000000000001,0.0,0.18000000000000002,u624619,beginner
0.3333333333333333,1.0,0.2857142857142857,0.0,1.0,1.0,0.0,0.42857142857142855,0.3333333333333333,1.0,0.0,-0.3333333333333333,0.0,0.15,0.47140452079103173,0.0,0.3142857142857143,u624906,beginner
0.7333333333333333,1.0,1.0,0.2,1.0,1.0,1.0,0.8,1.0,0.0,8.0,0.33333333333333337,0.0,0.15,0.4422166387140533,0.0,0.6800000000000002,u625502,intermediate
0.5057471264367817,0.7857142857142857,0.5,0.3157894736842105,1.0,1.0,1.0,0.4699248120300752,0.6666666666666666,1.0,0.0,0.0,0.0,0.87,0.49996696944670216,0.0,0.48345864661654137,u625603,intermediate
0.3333333333333333,0.6666666666666666,0.3,0.0,1.0,1.0,1.0,0.6666666666666666,0.3333333333333333,1.0,0.0,0.3333333333333333,0.0,0.21,0.4714045207910316,0.0,0.2533333333333333,u627854,beginner
0.6,1.0,0.5555555555555556,0.0,1.0,1.0,1.0,1.0,0.6666666666666666,0.0,2.0,0.0,0.0,0.15,0.48989794855663565,0.0,0.4222222222222223,u628732,beginner
0.5,1.0,0.5,0.4,1.0,1.0,1.0,0.6,1.0,0.0,3.0,0.0,0.0,0.14,0.5,0.0,0.56,u629404,intermediate
0.7,1.0,0.6,0.6666666666666666,1.0,1.0,1.0,0.33333333333333337,0.3333333333333333,2.0,0.0,-0.6666666666666667,0.0,0.1,0.45825756949558405,0.0,0.7066666666666667,u629979,advanced
0.5,0.6666666666666666,0.4444444444444444,0.5,1.0,1.0,1.0,0.16666666666666663,0.3333333333333333,0.0,1.0,-0.3333333333333333,0.0,0.14,0.5,0.0,0.5111111111111111,u630873,intermediate
0.3448275862068966,0.5714285714285714,0.13333333333333333,0.0,1.0,1.0,0.0,0.26285714285714284,0.3333333333333333,0.0,1.0,0.3333333333333333,0.0,0.29,0.4753120259341455,0.0,0.1676190476190476,u631213,beginner
0.3076923076923077,1.0,0.6666666666666666,0.1111111111111111,1.0,1.0,1.0,0.8888888888888888,0.0,7.0,0.0,-0.6666666666666666,0.0,0.13,0.46153846153846156,0.0,0.5111111111111111,u631627,intermediate
0.6428571428571429,1.0,0.5,0.3333333333333333,1.0,1.0,1.0,0.6666666666666667,0.3333333333333333,0.0,1.0,-0.3333333333333333,0.0,0.28,0.47915742374995496,0.0,0.5333333333333333,u631953,intermediate
0.46808510638297873,0.6111111111111112,0.4387755102040816,0.24752475247524752,1.0,1.0,1.0,0.36358635863586364,0.3333333333333333,2.0,0.0,0.3333333333333333,0.0,6.11,0.49898039998121585,0.0,0.39674232729395387,u633679,beginner
0.67601246105919,0.926829268292683,0.6981132075471698,0.375,1.0,1.0,1.0,0.551829268292683,0.3333333333333333,2.0,0.0,-0.6666666666666667,0.0,3.21,0.46799531360034696,0.0,0.6146111366774045,u634379,intermediate
0.6370967741935484,0.8461538461538461,0.7407407407407407,0.38636363636363635,1.0,1.0,1.0,0.4597902097902098,0.6666666666666666,0.0,1.0,0.0,0.0,1.24,0.4808372640568982,0.0,0.6200725200725201,u634885,intermediate
0.6,0.5,0.6666666666666666,0.5,1.0,1.0,1.0,0.0,0.3333333333333333,0.0,1.0,0.0,0.0,0.1,0.48989794855663565,0.0,0.5666666666666667,u635495,intermediate
0.38461538461538464,0.6666666666666666,1.0,0.2222222222222222,1.0,1.0,1.0,0.4444444444444444,0.3333333333333333,0.0,1.0,-0.3333333333333333,0.0,0.13,0.48650425541051995,0.0,0.6222222222222222,u637052,intermediate
0.7582417582417582,0.8936170212765957,0.625,0.5,1.0,1.0,1.0,0.3936170212765957,1.0,0.0,3.0,0.6666666666666667,0.0,0.91,0.428148565687432,0.0,0.6287234042553191,u637078,intermediate
0.7307692307692307,0.8571428571428571,0.7272727272727273,0.625,1.0,1.0,1.0,0.2321428571428571,0.6666666666666666,0.0,1.0,-0.33333333333333337,0.0,0.26,0.4435600997950306,0.0,0.7123376623376624,u637372,advanced
0.43478260869565216,0.8333333333333334,0.5,0.0,1.0,1.0,1.0,0.8333333333333334,0.0,5.0,0.0,-0.6666666666666666,0.0,0.23,0.4957284456952774,0.0,0.3666666666666667,u637418,beginner
0.2857142857142857,0.375,0.0,0.5,1.0,1.0,1.0,-0.125,0.0,5.0,0.0,0.0,0.0,0.14,0.45175395145262565,0.0,0.275,u638924,beginner
0.4074074074074074,1.0,0.2,0.0,1.0,1.0,0.0,0.48,1.0,0.0,5.0,0.6666666666666667,0.0,0.27,0.4913518207933925,0.0,0.28,u639032,beginner
0.3125,1.0,0.25,0.3333333333333333,1.0,1.0,1.0,0.6666666666666667,0.3333333333333333,0.0,1.0,-0.3333333333333333,0.0,0.16,0.46351240544347894,0.0,0.43333333333333335,u639196,beginner
0.7476635514018691,0.9166666666666666,0.7627118644067796,0.16666666666666666,1.0,1.0,1.0,0.75,0.6666666666666666,1.0,0.0,0.0,0.0,1.07,0.43435327247185984,0.0,0.5550847457627119,u639400,intermediate
0.5306122448979592,1.0,0.5483870967741935,0.0,1.0,1.0,1.0,1.0,0.6666666666666666,0.0,1.0,0.0,0.0,0.49,0.4990620106382646,0.0,0.41935483870967744,u639656,beginner
0.6,1.0,0.6,0.3333333333333333,1.0,1.0,1.0,0.6666666666666667,0.3333333333333333,2.0,0.0,0.0,0.0,0.1,0.4898979485566356,0.0,0.5733333333333334,u640262,intermediate
0.45774647887323944,0.7272727272727273,0.5058823529411764,0.17142857142857143,1.0,1.0,1.0,0.5558441558441558,0.6666666666666666,0.0,2.0,0.0,0.0,1.42,0.4982114410091265,0.0,0.41637891520244463,u640793,beginner
0.7232704402515723,0.8172043010752689,0.631578947368421,0.3333333333333333,1.0,1.0,1.0,0.48387096774193555,0.6666666666666666,1.0,0.0,0.6666666666666666,0.0,1.59,0.44738161619569156,0.0,0.5494057724957555,u6416,intermediate
0.3076923076923077,0.25,0.3333333333333333,0.0,1.0,1.0,0.0,-0.04999999999999999,0.3333333333333333,1.0,0.0,0.0,0.0,0.13,0.46153846153846156,0.0,0.18333333333333335,u641616,beginner
0.5,1.0,0.5789473684210527,0.3,1.0,1.0,1.0,0.7,0.3333333333333333,1.0,0.0,-0.3333333333333333,0.0,0.44,0.5,0.0,0.5515789473684211,u645732,intermediate
0.7,1.0,0.8,0.3333333333333333,1.0,1.0,1.0,0.6666666666666667,0.3333333333333333,1.0,0.0,-0.6666666666666667,0.0,0.1,0.45825756949558405,0.0,0.6533333333333333,u646150,intermediate
0.5208333333333334,0.6666666666666666,0.5294117647058824,0.375,1.0,1.0,1.0,0.29166666666666663,0.6666666666666666,1.0,0.0,0.0,0.0,0.48,0.4995657836784083,0.0,0.4950980392156863,u646177,intermediate
0.5738831615120275,0.8461538461538461,0.5125,0.3584905660377358,1.0,1.0,1.0,0.4876632801161103,0.3333333333333333,1.0,0.0,-0.3333333333333333,0.0,2.91,0.49451115098143905,0.0,0.5176269956458636,u646231,intermediate
0.6,1.0,0.5,0.5,1.0,1.0,1.0,0.5,0.3333333333333333,1.0,0.0,-0.3333333333333333,0.0,0.1,0.4898979485566356,0.0,0.6000000000000001,u647906,intermediate
0.5333333333333333,0.0,1.0,0.36363636363636365,0.0,1.0,1.0,0.3818181818181818,0.0,4.0,0.0,-1.0,0.0,0.15,0.49888765156985887,0.0,0.5454545454545455,u647937,intermediate
0.5,1.0,0.5833333333333334,0.2727272727272727,1.0,1.0,1.0,0.7272727272727273,0.3333333333333333,0.0,1.0,-0.3333333333333333,0.0,0.52,0.5,0.0,0.5424242424242425,u650143,intermediate
0.5714285714285714,0.75,0.6666666666666666,0.25,1.0,1.0,1.0,0.5,0.6666666666666666,1.0,0.0,0.0,0.0,0.14,0.4948716593053935,0.0,0.5166666666666667,u650612,intermediate
0.5691056910569106,0.7397260273972602,0.36363636363636365,0.0,1.0,1.0,1.0,0.7397260273972602,0.6666666666666666,0.0,2.0,0.0,0.0,1.23,0.4952013766777581,0.0,0.2933997509339975,u651765,beginner
0.6164469554300063,0.8839506172839506,0.5997638724911453,0.34017595307917886,1.0,1.0,1.0,0.5437746642047718,0.0,3.0,0.0,-0.6666666666666666,0.0,15.93,0.4862510735937579,0.0,0.5527660536849198,u652104,intermediate
0.4,0.0,0.6666666666666666,0.0,1.0,1.0,1.0,0.0,0.6666666666666666,0.0,1.0,0.3333333333333333,0.0,0.1,0.4898979485566356,0.0,0.26666666666666666,u653403,beginner
0.2996688741721854,0.4551282051282051,0.310126582278481,0.09090909090909091,1.0,1.0,1.0,0.36421911421911424,0.3333333333333333,1.0,0.0,0.0,0.0,6.04,0.4581129118727831,0.0,0.2514399103006698,u653760,beginner
0.4168241965973535,0.5872442839951865,0.362874251497006,0.20222222222222222,1.0,1.0,1.0,0.3850220617729643,0.3333333333333333,2.0,0.0,0.0,0.0,21.16,0.4930332501244965,0.0,0.34348744628672856,u654531,beginner
0.4180790960451977,0.5769230769230769,0.45555555555555555,0.29508196721311475,1.0,1.0,1.0,0.2818411097099621,0.0,5.0,0.0,-0.6666666666666666,0.0,1.77,0.493243312671574,0.0,0.41563962449208347,u654959,beginner
0.4339622641509434,0.72,0.4,0.2777777777777778,1.0,1.0,1.0,0.4422222222222222,0.6666666666666666,0.0,1.0,0.6666666666666666,0.0,1.06,0.4956198315684414,0.0,0.41511111111111115,u6551,beginner
0.38095238095238093,0.4444444444444444,0.42857142857142855,0.2,1.0,1.0,1.0,0.2444444444444444,0.6666666666666666,0.0,1.0,0.0,0.0,0.21,0.4856209060564557,0.0,0.34031746031746035,u655233,beginner
0.6309523809523809,0.7916666666666666,0.6326530612244898,0.2727272727272727,1.0,1.0,1.0,0.5189393939393939,0.6666666666666666,1.0,0.0,0.0,0.0,0.84,0.48254686189312485,0.0,0.5204854669140384,u655403,intermediate
0.6973684210526315,0.8518518518518519,0.6486486486486487,0.5,1.0,1.0,1.0,0.35185185185185186,0.6666666666666666,0.0,2.0,-0.33333333333333337,0.0,0.76,0.459397111844634,0.0,0.6298298298298299,u655588,intermediate
0.3333333333333333,1.0,0.16666666666666666,0.4,1.0,1.0,1.0,0.6,0.3333333333333333,2.0,0.0,0.0,0.0,0.12,0.4714045207910317,0.0,0.4266666666666667,u656043,beginner
0.3,1.0,0.0,0.0,1.0,1.0,1.0,1.0,0.0,7.0,0.0,-1.0,0.0,0.1,0.45825756949558394,0.0,0.2,u656536,beginner
0.6190476190476191,0.9090909090909091,0.6956521739130435,0.0,1.0,1.0,1.0,0.9090909090909091,0.6666666666666666,0.0,2.0,0.0,0.0,0.42,0.4856209060564557,0.0,0.4600790513833992,u657220,intermediate
0.6,1.0,0.3333333333333333,0.5,1.0,1.0,1.0,0.5,0.6666666666666666,0.0,2.0,0.0,0.0,0.1,0.48989794855663565,0.0,0.5333333333333334,u657606,intermediate
0.5849056603773585,0.9166666666666666,0.5714285714285714,0.3076923076923077,1.0,1.0,1.0,0.6089743589743589,0.3333333333333333,2.0,0.0,0.0,0.0,0.53,0.4927382964981357,0.0,0.534981684981685,u658459,intermediate
0.7333333333333333,1.0,1.0,0.42857142857142855,1.0,1.0,1.0,0.5714285714285714,0.6666666666666666,0.0,1.0,-0.33333333333333337,0.0,0.15,0.4422166387140533,0.0,0.7714285714285716,u660029,advanced
0.7142857142857143,1.0,0.75,0.625,1.0,1.0,1.0,0.375,1.0,0.0,4.0,0.33333333333333337,0.0,0.14,0.45175395145262565,0.0,0.75,u660730,advanced
0.41904761904761906,0.49056603773584906,0.4,0.23529411764705882,1.0,1.0,1.0,0.25527192008879024,0.0,5.0,0.0,-0.6666666666666666,0.0,1.05,0.49340319417099493,0.0,0.35223085460599335,u660791,beginner
0.5,1.0,0.5,0.3333333333333333,1.0,1.0,1.0,0.6666666666666667,0.0,5.0,0.0,-0.6666666666666666,0.0,0.12,0.5,0.0,0.5333333333333333,u661207,intermediate
0.5882352941176471,1.0,0.3333333333333333,0.5833333333333334,1.0,1.0,1.0,0.41666666666666663,0.6666666666666666,1.0,0.0,0.0,0.0,0.17,0.49215295678475035,0.0,0.5666666666666668,u661620,intermediate
0.2,0.3333333333333333,1.0,0.0,1.0,1.0,1.0,0.3333333333333333,0.0,6.0,0.0,-0.3333333333333333,0.0,0.1,0.4000000000000001,0.0,0.4666666666666667,u662284,intermediate
0.3076923076923077,1.0,0.3333333333333333,0.0,1.0,1.0,1.0,1.0,0.0,3.0,0.0,-1.0,0.0,0.13,0.46153846153846156,0.0,0.33333333333333337,u662380,beginner
0.35714285714285715,0.0,0.3333333333333333,0.4,0.0,1.0,1.0,-0.04000000000000002,0.3333333333333333,2.0,0.0,-0.3333333333333333,0.0,0.14,0.47915742374995485,0.0,0.29333333333333333,u662564,beginner
0.5,1.0,0.5,0.0,1.0,1.0,1.0,1.0,0.6666666666666666,0.0,2.0,0.0,0.0,0.1,0.5,0.0,0.4,u663178,beginner
0.7272727272727273,0.5,0.8333333333333334,0.6666666666666666,1.0,1.0,1.0,-0.16666666666666663,0.6666666666666666,0.0,1.0,0.0,0.0,0.11,0.4453617714151233,0.0,0.7,u663575,advanced
0.375,1.0,0.6666666666666666,0.1111111111111111,1.0,1.0,1.0,0.8888888888888888,0.0,3.0,0.0,-1.0,0.0,0.16,0.4841229182759271,0.0,0.5111111111111111,u664479,intermediate
0.6,1.0,1.0,0.3333333333333333,1.0,1.0,1.0,0.6666666666666667,0.3333333333333333,0.0,1.0,-0.3333333333333333,0.0,0.1,0.48989794855663565,0.0,0.7333333333333334,u666159,advanced
0.2,0.25,0.0,0.0,1.0,1.0,1.0,0.25,0.0,5.0,0.0,-0.3333333333333333,0.0,0.1,0.4000000000000001,0.0,0.05,u666612,beginner
0.7714285714285715,1.0,0.6,0.42857142857142855,1.0,1.0,1.0,0.5714285714285714,1.0,0.0,12.0,0.0,0.0,0.35,0.41991252733425904,0.0,0.6114285714285714,u668104,intermediate
0.5,1.0,0.6470588235294118,0.22727272727272727,1.0,1.0,1.0,0.7727272727272727,0.3333333333333333,0.0,1.0,-0.6666666666666667,0.0,0.46,0.5,0.0,0.5497326203208557,u668499,intermediate
0.7368421052631579,0.9318181818181818,0.7038327526132404,0.5396825396825397,1.0,1.0,1.0,0.3921356421356421,1.0,0.0,5.0,0.33333333333333337,0.0,5.89,0.44034738238635557,0.0,0.6837697532819484,u668688,intermediate
0.6818181818181818,0.8,0.6666666666666666,0.6,1.0,1.0,1.0,0.20000000000000007,0.6666666666666666,0.0,2.0,-0.33333333333333337,0.0,0.22,0.46577048936179993,0.0,0.6666666666666667,u670338,intermediate
0.18181818181818182,0.25,0.16666666666666666,0.0,1.0,1.0,1.0,0.25,0.3333333333333333,0.0,1.0,0.3333333333333333,0.0,0.11,0.385694607919935,0.0,0.11666666666666667,u670760,beginner
0.5066666666666667,0.625,0.5,0.38095238095238093,1.0,1.0,1.0,0.24404761904761907,0.6666666666666666,0.0,2.0,0.0,0.0,0.75,0.4999555535800713,0.0,0.4773809523809524,u6721,intermediate
0.6388888888888888,0.8,0.7894736842105263,0.0,1.0,1.0,1.0,0.8,0.3333333333333333,2.0,0.0,-0.3333333333333333,0.0,0.36,0.48032267960529396,0.0,0.4757894736842106,u672375,intermediate
0.5333333333333333,0.875,0.5,0.25,1.0,1.0,1.0,0.625,0.6666666666666666,0.0,1.0,0.0,0.0,0.3,0.49888765156985887,0.0,0.475,u672809,intermediate
0.7058823529411765,1.0,0.42857142857142855,0.6666666666666666,1.0,1.0,1.0,0.33333333333333337,1.0,0.0,7.0,0.33333333333333337,0.0,0.17,0.45564509955381377,0.0,0.638095238095238,u673123,intermediate
0.5,0.8,0.5,0.3333333333333333,1.0,1.0,1.0,0.46666666666666673,1.0,0.0,3.0,0.6666666666666667,0.0,0.2,0.5,0.0,0.4933333333333334,u673545,intermediate
0.3225806451612903,0.2727272727272727,0.42857142857142855,0.16666666666666666,1.0,1.0,1.0,0.10606060606060605,0.0,5.0,0.0,0.0,0.0,0.31,0.4674637660061109,0.0,0.29264069264069265,u674306,beginner
0.18181818181818182,0.2,0.25,0.0,1.0,1.0,1.0,0.2,0.0,3.0,0.0,-0.3333333333333333,0.0,0.11,0.38569460791993493,0.0,0.14,u674379,beginner
0.16666666666666666,1.0,0.25,0.0,1.0,1.0,1.0,1.0,0.0,11.0,0.0,0.0,0.0,0.18,0.37267799624996495,0.0,0.30000000000000004,u674912,beginner
0.4375,0.0,0.5,0.0,0.0,1.0,1.0,0.3,0.6666666666666666,0.0,1.0,0.3333333333333333,0.0,0.16,0.49607837082461076,0.0,0.2,u674952,beginner
0.4,0.0,0.5,0.25,0.0,1.0,1.0,0.15,0.3333333333333333,2.0,0.0,-0.3333333333333333,0.0,0.1,0.48989794855663565,0.0,0.30000000000000004,u675407,beginner
0.5252955082742317,0.7588532883642496,0.5170630816959669,0.29009009009009007,1.0,1.0,1.0,0.4687631982741595,0.3333333333333333,2.0,0.0,-0.3333333333333333,0.0,21.15,0.4993597273120334,0.0,0.47463192638727275,u675539,intermediate
0.46551724137931033,0.5384615384615384,0.47619047619047616,0.2727272727272727,1.0,1.0,1.0,0.26573426573426573,0.6666666666666666,0.0,1.0,0.0,0.0,1.16,0.49880952212032525,0.0,0.40725940725940724,u675956,beginner
0.5,0.7272727272727273,0.45454545454545453,0.16666666666666666,1.0,1.0,1.0,0.5606060606060607,0.3333333333333333,0.0,1.0,0.0,0.0,0.28,0.5,0.0,0.3939393939393939,u676560,beginner
0.41935483870967744,0.8333333333333334,0.35294117647058826,0.25,1.0,1.0,1.0,0.5833333333333334,0.0,7.0,0.0,-1.0,0.0,0.31,0.49345350131543086,0.0,0.40784313725490196,u677068,beginner
0.5925925925925926,0.9090909090909091,0.4,0.0,1.0,1.0,1.0,0.9090909090909091,0.6666666666666666,1.0,0.0,0.6666666666666666,0.0,0.27,0.4913518207933925,0.0,0.34181818181818185,u677510,beginner
0.6225631192074145,0.7957957957957958,0.5638957816377171,0.47104247104247104,1.0,1.0,1.0,0.3247533247533248,0.6666666666666666,1.0,0.0,0.0,0.0,31.29,0.4847455846216127,0.0,0.5731344602312345,u677906,intermediate
0.5909090909090909,1.0,0.7142857142857143,0.0,1.0,1.0,1.0,1.0,0.6666666666666666,0.0,2.0,0.0,0.0,0.22,0.49166608301781667,0.0,0.48571428571428577,u678745,intermediate
0.6702508960573477,0.875,0.6180555555555556,0.22580645161290322,1.0,1.0,1.0,0.6491935483870968,1.0,0.0,4.0,0.6666666666666667,0.0,2.79,0.47012193353604576,0.0,0.5125448028673836,u679102,intermediate
0.5431034482758621,0.6896551724137931,0.5507246376811594,0.2777777777777778,1.0,1.0,1.0,0.41187739463601536,1.0,0.0,3.0,0.6666666666666667,0.0,1.16,0.4981386280411609,0.0,0.46933200066633357,u681319,intermediate
0.45454545454545453,0.8,0.3333333333333333,0.5,1.0,1.0,1.0,0.30000000000000004,1.0,0.0,4.0,0.6666666666666667,0.0,0.22,0.49792959773196915,0.0,0.49333333333333335,u681462,intermediate
0.5,0.6,0.5,0.0,1.0,1.0,1.0,0.6,0.3333333333333333,0.0,1.0,0.3333333333333333,0.0,0.2,0.5,0.0,0.32,u681838,beginner
0.4,1.0,0.3333333333333333,0.0,1.0,1.0,0.0,0.4,0.0,3.0,0.0,-0.3333333333333333,0.0,0.1,0.48989794855663565,0.0,0.33333333333333337,u682187,beginner
0.6153846153846154,0.75,1.0,0.3333333333333333,1.0,1.0,1.0,0.4166666666666667,0.3333333333333333,1.0,0.0,-0.3333333333333333,0.0,0.13,0.48650425541051995,0.0,0.6833333333333333,u682207,intermediate
0.2,0.25,0.2,0.0,1.0,1.0,1.0,0.25,0.6666666666666666,0.0,1.0,0.6666666666666666,0.0,0.1,0.4000000000000001,0.0,0.13,u682660,beginner
0.45454545454545453,1.0,1.0,0.0,1.0,1.0,1.0,1.0,0.3333333333333333,0.0,1.0,-0.6666666666666667,0.0,0.11,0.49792959773196915,0.0,0.6000000000000001,u682953,intermediate
0.7407407407407407,1.0,0.9,0.14285714285714285,1.0,1.0,1.0,0.8571428571428572,1.0,0.0,5.0,0.6666666666666667,0.0,0.27,0.43822813208145306,0.0,0.6171428571428572,u683300,intermediate
0.6363636363636364,0.0,1.0,0.4,1.0,1.0,1.0,-0.4,1.0,0.0,4.0,0.33333333333333337,0.0,0.11,0.48104569292083466,0.0,0.56,u683482,intermediate
0.47619047619047616,0.6666666666666666,0.4,0.0,1.0,1.0,1.0,0.6666666666666666,0.3333333333333333,0.0,1.0,0.0,0.0,0.21,0.49943278484292924,0.0,0.29333333333333333,u684010,beginner
0.3793103448275862,0.5,0.4,0.16666666666666666,1.0,1.0,1.0,0.33333333333333337,0.6666666666666666,1.0,0.0,0.6666666666666666,0.0,0.29,0.48521542343000995,0.0,0.32666666666666666,u684037,beginner
0.3888888888888889,0.375,0.42857142857142855,0.3333333333333333,1.0,1.0,1.0,0.041666666666666685,1.0,0.0,3.0,1.0,0.0,0.18,0.4874980215217846,0.0,0.37976190476190474,u684400,beginner
0.643312101910828,0.9166666666666666,0.6170212765957447,0.37037037037037035,1.0,1.0,1.0,0.5462962962962963,0.3333333333333333,0.0,1.0,-0.3333333333333333,0.0,1.57,0.4790215459098896,0.0,0.5782899921197794,u685348,intermediate
0.4444444444444444,0.5,0.6,0.16666666666666666,1.0,1.0,1.0,0.33333333333333337,0.3333333333333333,2.0,0.0,0.0,0.0,0.18,0.4969039949999533,0.0,0.4066666666666666,u685477,beginner
0.7058823529411765,1.0,1.0,0.16666666666666666,1.0,1.0,1.0,0.8333333333333334,1.0,0.0,3.0,0.0,0.0,0.17,0.45564509955381377,0.0,0.6666666666666667,u686487,intermediate
0.6153846153846154,1.0,0.7,0.0,1.0,1.0,1.0,1.0,1.0,0.0,3.0,0.33333333333333337,0.0,0.13,0.48650425541051995,0.0,0.48,u689328,intermediate
0.5742971887550201,0.8313725490196079,0.5388692579505301,0.3142857142857143,1.0,1.0,1.0,0.5170868347338936,1.0,0.0,3.0,0.33333333333333337,0.0,9.96,0.49444911542351944,0.0,0.5075364986984194,u6894,intermediate
0.4117647058823529,1.0,0.6666666666666666,0.1111111111111111,1.0,1.0,1.0,0.8888888888888888,0.3333333333333333,1.0,0.0,-0.3333333333333333,0.0,0.17,0.4921529567847503,0.0,0.5111111111111111,u689509,intermediate
0.5454545454545454,0.5,0.5,1.0,1.0,1.0,1.0,-0.5,0.3333333333333333,1.0,0.0,0.0,0.0,0.11,0.49792959773196915,0.0,0.7000000000000001,u689618,advanced
0.3,0.6666666666666666,1.0,0.0,1.0,1.0,1.0,0.6666666666666666,0.0,3.0,0.0,-0.6666666666666666,0.0,0.1,0.45825756949558394,0.0,0.5333333333333333,u689959,intermediate
0.42857142857142855,1.0,0.3333333333333333,0.42857142857142855,1.0,1.0,1.0,0.5714285714285714,0.0,4.0,0.0,-0.6666666666666666,0.0,0.21,0.49487165930539345,0.0,0.5047619047619047,u690813,intermediate
0.4857142857142857,0.8333333333333334,0.5,0.3333333333333333,1.0,1.0,1.0,0.5,0.6666666666666666,0.0,2.0,0.0,0.0,0.35,0.4997958767010257,0.0,0.5,u691054,intermediate
0.38461538461538464,0.0,0.4166666666666667,0.0,1.0,1.0,0.0,-0.25,0.0,5.0,0.0,-0.6666666666666666,0.0,0.13,0.48650425541051995,0.0,0.16666666666666669,u691402,beginner
0.23529411764705882,0.2222222222222222,0.2857142857142857,0.0,1.0,1.0,1.0,0.2222222222222222,0.3333333333333333,0.0,1.0,0.3333333333333333,0.0,0.17,0.42418250299576343,0.0,0.15873015873015872,u693020,beginner
0.2,0.3333333333333333,0.5,0.0,1.0,1.0,1.0,0.3333333333333333,0.3333333333333333,1.0,0.0,0.3333333333333333,0.0,0.1,0.4000000000000001,0.0,0.26666666666666666,u693262,beginner
0.5,1.0,0.6666666666666666,0.0,1.0,1.0,1.0,1.0,1.0,0.0,5.0,1.0,0.0,0.1,0.5,0.0,0.4666666666666667,u694135,intermediate
0.5483870967741935,0.8181818181818182,0.5161290322580645,0.0,1.0,1.0,1.0,0.8181818181818182,1.0,0.0,4.0,0.6666666666666667,0.0,0.62,0.49765318130779074,0.0,0.37008797653958947,u694397,beginner
0.2692307692307692,0.5,0.25,0.0,1.0,1.0,0.0,0.15,0.3333333333333333,0.0,1.0,0.0,0.0,0.26,0.4435600997950307,0.0,0.2,u695704,beginner
0.45,0.5,0.5555555555555556,0.0,1.0,1.0,1.0,0.5,0.6666666666666666,1.0,0.0,0.3333333333333333,0.0,0.2,0.49749371855331004,0.0,0.32222222222222224,u697726,beginner
0.4666666666666667,0.0,0.4666666666666667,0.0,0.0,1.0,0.0,0.0,0.6666666666666666,1.0,0.0,0.3333333333333333,0.0,0.15,0.4988876515698588,0.0,0.18666666666666668,u698643,beginner
0.5454545454545454,1.0,0.5714285714285714,0.3333333333333333,1.0,1.0,1.0,0.6666666666666667,0.6666666666666666,0.0,2.0,0.3333333333333333,0.0,0.11,0.49792959773196915,0.0,0.5619047619047619,u700552,intermediate
0.5,0.6666666666666666,0.4,0.5,1.0,1.0,1.0,0.16666666666666663,0.0,4.0,0.0,-0.6666666666666666,0.0,0.1,0.5,0.0,0.49333333333333335,u700622,intermediate
0.6,1.0,1.0,0.42857142857142855,1.0,1.0,1.0,0.5714285714285714,0.3333333333333333,0.0,1.0,-0.3333333333333333,0.0,0.1,0.48989794855663565,0.0,0.7714285714285716,u700642,advanced
0.3333333333333333,0.0,0.3333333333333333,0.0,0.0,1.0,0.0,0.0,0.3333333333333333,2.0,0.0,0.0,0.0,0.15,0.47140452079103173,0.0,0.13333333333333333,u700927,beginner
0.28125,1.0,0.5,0.19230769230769232,1.0,1.0,1.0,0.8076923076923077,0.3333333333333333,0.0,1.0,-0.6666666666666667,0.0,0.32,0.4496092053105675,0.0,0.47692307692307695,u701343,intermediate
0.5737704918032787,0.8333333333333334,0.5428571428571428,0.42857142857142855,1.0,1.0,1.0,0.4047619047619048,1.0,0.0,6.0,0.0,0.0,0.61,0.49452797144256905,0.0,0.5552380952380953,u703292,intermediate
0.25,0.0,0.26666666666666666,0.0,1.0,1.0,0.0,-0.16,0.3333333333333333,2.0,0.0,0.0,0.0,0.16,0.4330127018922193,0.0,0.10666666666666667,u703697,beginner
0.4,0.75,0.2,0.0,1.0,1.0,1.0,0.75,1.0,0.0,4.0,0.6666666666666667,0.0,0.2,0.48989794855663565,0.0,0.23000000000000004,u704580,beginner
0.6363636363636364,1.0,0.8333333333333334,0.25,1.0,1.0,1.0,0.75,0.3333333333333333,0.0,1.0,-0.3333333333333333,0.0,0.11,0.48104569292083466,0.0,0.6333333333333334,u705302,intermediate
0.47368421052631576,0.5714285714285714,0.25,0.0,1.0,1.0,1.0,0.5714285714285714,0.6666666666666666,0.0,1.0,0.3333333333333333,0.0,0.19,0.4993069989739547,0.0,0.2142857142857143,u705600,beginner
0.7120708748615725,0.8909287257019438,0.5798816568047337,0.3382352941176471,1.0,1.0,1.0,0.5526934315842967,0.3333333333333333,2.0,0.0,0.0,0.0,18.06,0.4527979063947262,0.0,0.5454325255093411,u7057,intermediate
0.6363636363636364,1.0,0.625,0.0,1.0,1.0,1.0,1.0,1.0,0.0,4.0,0.0,0.0,0.11,0.48104569292083466,0.0,0.45,u706141,intermediate
0.373015873015873,0.47058823529411764,0.37142857142857144,0.22727272727272727,1.0,1.0,1.0,0.24331550802139038,0.6666666666666666,0.0,1.0,0.0,0.0,1.26,0.4836062773518134,0.0,0.33359816653934304,u706248,beginner
0.5581395348837209,0.8333333333333334,0.5517241379310345,0.1,1.0,1.0,1.0,0.7333333333333334,0.6666666666666666,1.0,0.0,0.0,0.0,0.86,0.49660829079215396,0.0,0.42735632183908046,u706552,beginner
0.7281746031746031,0.9363057324840764,0.7027027027027027,0.4318181818181818,1.0,1.0,1.0,0.5044875506658946,1.0,0.0,3.0,0.33333333333333337,0.0,5.04,0.44490038263201387,0.0,0.6410695003051692,u706740,intermediate
0.5238095238095238,1.0,0.3333333333333333,0.25,1.0,1.0,1.0,0.75,0.6666666666666666,1.0,0.0,-0.33333333333333337,0.0,0.21,0.49943278484292924,0.0,0.43333333333333335,u706814,beginner
0.3888888888888889,0.5,0.375,0.0,1.0,1.0,0.0,0.075,0.6666666666666666,0.0,2.0,0.3333333333333333,0.0,0.18,0.4874980215217846,0.0,0.25,u706917,beginner
0.6914893617021277,0.84375,0.6923076923076923,0.4782608695652174,1.0,1.0,1.0,0.3654891304347826,0.6666666666666666,0.0,2.0,0.3333333333333333,0.0,0.94,0.46187858183175345,0.0,0.636977424749164,u707713,intermediate
0.47413793103448276,0.6764705882352942,0.5636363636363636,0.2840909090909091,1.0,1.0,1.0,0.39237967914438504,0.6666666666666666,1.0,0.0,0.0,0.0,2.32,0.49933070543360625,0.0,0.47438502673796795,u709236,intermediate
0.46153846153846156,1.0,0.6666666666666666,0.3333333333333333,1.0,1.0,1.0,0.6666666666666667,0.3333333333333333,0.0,1.0,-0.3333333333333333,0.0,0.13,0.49851851526214314,0.0,0.6,u709237,intermediate
0.3076923076923077,1.0,0.25,0.25,1.0,1.0,1.0,0.75,0.0,3.0,0.0,-0.3333333333333333,0.0,0.13,0.46153846153846156,0.0,0.4,u711128,beginner
0.4,0.0,0.6,0.2,0.0,1.0,1.0,0.23999999999999996,0.0,3.0,0.0,-0.6666666666666666,0.0,0.1,0.48989794855663565,0.0,0.32,u716794,beginner
0.2727272727272727,0.0,0.16666666666666666,0.5,1.0,1.0,1.0,-0.5,0.3333333333333333,0.0,1.0,0.3333333333333333,0.0,0.11,0.4453617714151233,0.0,0.26666666666666666,u718995,beginner
0.5,0.3333333333333333,1.0,0.0,1.0,1.0,1.0,0.3333333333333333,0.6666666666666666,1.0,0.0,0.3333333333333333,0.0,0.16,0.5,0.0,0.4666666666666667,u719406,intermediate
0.6,0.6666666666666666,0.5,0.6666666666666666,1.0,1.0,1.0,0.0,0.6666666666666666,0.0,1.0,0.3333333333333333,0.0,0.1,0.48989794855663565,0.0,0.6000000000000001,u719646,intermediate
0.6774193548387096,1.0,0.6666666666666666,0.5384615384615384,1.0,1.0,1.0,0.46153846153846156,0.3333333333333333,2.0,0.0,-0.6666666666666667,0.0,0.31,0.46746376600611095,0.0,0.6820512820512821,u720874,intermediate
0.7,1.0,0.0,1.0,1.0,1.0,1.0,0.0,1.0,0.0,3.0,0.0,0.0,0.1,0.45825756949558394,0.0,0.6000000000000001,u721892,intermediate
0.2,1.0,0.14285714285714285,0.0,1.0,1.0,1.0,1.0,0.0,4.0,0.0,-0.3333333333333333,0.0,0.1,0.4000000000000001,0.0,0.2571428571428572,u722120,beginner
0.5638766519823789,0.7835051546391752,0.45,0.23333333333333334,1.0,1.0,1.0,0.550171821305842,1.0,0.0,3.0,0.0,0.0,2.27,0.4959029878227414,0.0,0.4300343642611684,u722122,beginner
0.4,1.0,0.375,0.0,1.0,1.0,1.0,1.0,0.6666666666666666,0.0,1.0,0.3333333333333333,0.0,0.1,0.4898979485566356,0.0,0.35000000000000003,u722142,beginner
0.16666666666666666,0.0,0.2,0.0,1.0,1.0,1.0,0.0,0.0,6.0,0.0,-0.3333333333333333,0.0,0.12,0.3726779962499649,0.0,0.08000000000000002,u724658,beginner
0.7,1.0,1.0,0.14285714285714285,1.0,1.0,1.0,0.8571428571428572,1.0,0.0,12.0,0.33333333333333337,0.0,0.2,0.45825756949558394,0.0,0.6571428571428573,u725368,intermediate
0.41025641025641024,0.5555555555555556,0.4107142857142857,0.2,1.0,1.0,1.0,0.35555555555555557,0.3333333333333333,1.0,0.0,-0.3333333333333333,0.0,1.17,0.491880156237202,0.0,0.35539682539682543,u7261,beginner
0.5,0.8571428571428571,0.3333333333333333,0.0,1.0,1.0,1.0,0.8571428571428571,0.3333333333333333,0.0,1.0,-0.3333333333333333,0.0,0.16,0.5,0.0,0.3047619047619048,u726420,beginner
0.5869565217391305,0.8043478260869565,0.36363636363636365,0.5,1.0,1.0,1.0,0.30434782608695654,0.6666666666666666,0.0,1.0,0.3333333333333333,0.0,0.92,0.49238050664809235,0.0,0.5063241106719367,u727006,intermediate
0.4444444444444444,0.6,0.36363636363636365,0.5,1.0,1.0,1.0,0.09999999999999998,0.6666666666666666,1.0,0.0,0.0,0.0,0.18,0.4969039949999533,0.0,0.4654545454545455,u727077,intermediate
0.5454545454545454,0.5,0.8,0.25,1.0,1.0,1.0,0.25,0.3333333333333333,1.0,0.0,-0.3333333333333333,0.0,0.11,0.49792959773196915,0.0,0.52,u727744,intermediate
0.4,1.0,0.0,0.2,1.0,1.0,1.0,0.8,0.6666666666666666,0.0,2.0,0.0,0.0,0.1,0.4898979485566356,0.0,0.28,u728562,beginner
0.7333333333333333,0.8,0.625,0.5,1.0,1.0,1.0,0.30000000000000004,0.6666666666666666,0.0,1.0,0.0,0.0,0.3,0.44221663871405337,0.0,0.6100000000000001,u728584,intermediate
0.42857142857142855,1.0,0.6666666666666666,0.2222222222222222,1.0,1.0,1.0,0.7777777777777778,0.0,5.0,0.0,-1.0,0.0,0.14,0.4948716593053935,0.0,0.5555555555555556,u730266,intermediate
0.6231884057971014,0.7804878048780488,0.39215686274509803,0.4,1.0,1.0,1.0,0.3804878048780488,0.3333333333333333,1.0,0.0,-0.3333333333333333,0.0,1.38,0.4845870578927677,0.0,0.47296030607364903,u730552,intermediate
0.3333333333333333,1.0,0.2857142857142857,0.3,1.0,1.0,1.0,0.7,0.3333333333333333,2.0,0.0,-0.3333333333333333,0.0,0.18,0.4714045207910317,0.0,0.4342857142857143,u731060,beginner
0.35714285714285715,0.0,1.0,0.18181818181818182,0.0,1.0,1.0,0.49090909090909085,0.3333333333333333,1.0,0.0,0.0,0.0,0.14,0.47915742374995485,0.0,0.4727272727272728,u731118,intermediate
0.42857142857142855,0.0,0.42857142857142855,0.0,0.0,1.0,0.0,0.0,0.3333333333333333,1.0,0.0,-0.3333333333333333,0.0,0.14,0.49487165930539345,0.0,0.17142857142857143,u732122,beginner
0.6666666666666666,0.5,0.6666666666666666,0.75,1.0,1.0,1.0,-0.25,0.3333333333333333,1.0,0.0,-0.3333333333333333,0.0,0.15,0.47140452079103173,0.0,0.6666666666666667,u732270,intermediate
0.65,0.7692307692307693,0.6818181818181818,0.2,1.0,1.0,1.0,0.5692307692307692,1.0,0.0,7.0,0.0,0.0,0.4,0.47696960070847283,0.0,0.5065734265734265,u733499,intermediate
0.3076923076923077,1.0,0.42857142857142855,0.0,1.0,1.0,1.0,1.0,0.3333333333333333,1.0,0.0,0.3333333333333333,0.0,0.13,0.46153846153846156,0.0,0.37142857142857144,u734150,beginner
0.625,0.8333333333333334,0.5714285714285714,0.3333333333333333,1.0,1.0,1.0,0.5,0.6666666666666666,0.0,1.0,0.0,0.0,0.16,0.4841229182759271,0.0,0.5285714285714286,u734284,intermediate
0.6363636363636364,1.0,0.5,0.5,1.0,1.0,1.0,0.5,0.3333333333333333,2.0,0.0,0.0,0.0,0.11,0.4810456929208347,0.0,0.6000000000000001,u734420,intermediate
0.8275862068965517,0.9090909090909091,0.9166666666666666,0.5,1.0,1.0,1.0,0.40909090909090906,0.6666666666666666,0.0,1.0,-0.33333333333333337,0.0,0.29,0.37773969483114905,0.0,0.7484848484848485,u734806,advanced
0.2727272727272727,0.3333333333333333,0.36363636363636365,0.0,1.0,1.0,1.0,0.3333333333333333,0.6666666666666666,1.0,0.0,0.6666666666666666,0.0,0.22,0.44536177141512334,0.0,0.21212121212121215,u735041,beginner
0.5384615384615384,1.0,0.5454545454545454,0.0,1.0,1.0,1.0,1.0,1.0,0.0,3.0,0.33333333333333337,0.0,0.13,0.49851851526214314,0.0,0.4181818181818182,u735276,beginner
0.4166666666666667,1.0,0.375,0.3333333333333333,1.0,1.0,1.0,0.6666666666666667,0.3333333333333333,2.0,0.0,-0.6666666666666667,0.0,0.12,0.4930066485916347,0.0,0.4833333333333334,u735830,intermediate
0.48148148148148145,0.8076923076923077,0.5370370370370371,0.07142857142857142,1.0,1.0,1.0,0.7362637362637363,0.6666666666666666,1.0,0.0,0.0,0.0,1.08,0.49965694678637185,0.0,0.404924704924705,u736017,beginner
0.47619047619047616,0.735632183908046,0.5307692307692308,0.226890756302521,1.0,1.0,1.0,0.508741427605525,0.3333333333333333,2.0,0.0,-0.3333333333333333,0.0,3.36,0.49943278484292924,0.0,0.4501904316103099,u7366,intermediate
0.375,0.6666666666666666,0.5,0.14285714285714285,1.0,1.0,1.0,0.5238095238095237,0.0,3.0,0.0,-0.3333333333333333,0.0,0.16,0.4841229182759271,0.0,0.39047619047619053,u736856,beginner
0.45454545454545453,1.0,0.42857142857142855,0.3333333333333333,1.0,1.0,1.0,0.6666666666666667,0.0,4.0,0.0,-0.3333333333333333,0.0,0.11,0.49792959773196915,0.0,0.5047619047619047,u737066,intermediate
0.4,1.0,0.3333333333333333,0.2,1.0,1.0,1.0,0.8,0.0,3.0,0.0,-0.6666666666666666,0.0,0.1,0.48989794855663565,0.0,0.4133333333333334,u737433,beginner
0.38461538461538464,0.3333333333333333,0.4,0.0,1.0,1.0,0.0,-0.04000000000000002,0.6666666666666666,0.0,1.0,0.3333333333333333,0.0,0.13,0.48650425541051995,0.0,0.22666666666666668,u738216,beginner
0.6,1.0,0.625,0.4444444444444444,1.0,1.0,1.0,0.5555555555555556,0.6666666666666666,0.0,1.0,-0.33333333333333337,0.0,0.2,0.48989794855663565,0.0,0.6277777777777778,u738609,intermediate
0.34615384615384615,0.6,0.3333333333333333,0.25,1.0,1.0,1.0,0.35,0.3333333333333333,2.0,0.0,-0.3333333333333333,0.0,0.26,0.47574295680203776,0.0,0.3533333333333333,u738634,beginner
0.45454545454545453,0.0,1.0,0.14285714285714285,0.0,1.0,1.0,0.5142857142857143,0.6666666666666666,0.0,1.0,0.0,0.0,0.11,0.49792959773196915,0.0,0.4571428571428572,u738810,intermediate
0.4444444444444444,0.6,0.4,0.375,1.0,1.0,1.0,0.22499999999999998,0.6666666666666666,0.0,1.0,0.0,0.0,0.18,0.4969039949999533,0.0,0.43000000000000005,u739146,beginner
1.0,1.0,1.0,1.0,1.0,1.0,1.0,0.0,1.0,0.0,10.0,0.0,0.0,0.1,0.0,0.0,1.0,u739432,advanced
0.4,1.0,0.3333333333333333,0.0,1.0,1.0,0.0,0.4,0.3333333333333333,0.0,1.0,0.0,0.0,0.1,0.4898979485566356,0.0,0.33333333333333337,u739694,beginner
0.1,0.0,0.0,0.2,0.0,1.0,1.0,-0.12,0.0,6.0,0.0,0.0,0.0,0.1,0.30000000000000004,0.0,0.08000000000000002,u742581,beginner
0.5859030837004405,0.6867469879518072,0.5789473684210527,0.42857142857142855,1.0,1.0,1.0,0.25817555938037867,0.3333333333333333,0.0,1.0,0.0,0.0,2.27,0.4925653867363755,0.0,0.540356916387354,u744345,intermediate
0.4230769230769231,0.0,0.4838709677419355,0.3333333333333333,0.0,1.0,1.0,0.09032258064516131,0.3333333333333333,1.0,0.0,0.0,0.0,0.52,0.4940474068717357,0.0,0.32688172043010755,u744434,beginner
0.5,1.0,0.0,0.5,1.0,1.0,1.0,0.5,0.6666666666666666,0.0,1.0,0.0,0.0,0.1,0.5,0.0,0.4,u744701,beginner
0.6666666666666666,1.0,0.8,0.25,1.0,1.0,1.0,0.75,1.0,0.0,3.0,0.33333333333333337,0.0,0.12,0.4714045207910317,0.0,0.62,u744714,intermediate
0.5617977528089888,1.0,0.5454545454545454,0.17647058823529413,1.0,1.0,1.0,0.8235294117647058,0.6666666666666666,0.0,2.0,-0.33333333333333337,0.0,0.89,0.4961663408049352,0.0,0.4887700534759359,u745113,intermediate
0.15384615384615385,0.16666666666666666,0.16666666666666666,0.0,1.0,1.0,1.0,0.16666666666666666,0.3333333333333333,2.0,0.0,0.0,0.0,0.13,0.36080121229410994,0.0,0.1,u745140,beginner
0.5454545454545454,1.0,0.2,0.5,1.0,1.0,1.0,0.5,0.6666666666666666,1.0,0.0,0.3333333333333333,0.0,0.11,0.49792959773196915,0.0,0.48000000000000004,u745331,intermediate
0.5,0.0,1.0,0.16666666666666666,0.0,1.0,1.0,0.5,0.0,3.0,0.0,-0.6666666666666666,0.0,0.1,0.5,0.0,0.4666666666666667,u746212,intermediate
0.6857142857142857,0.8775510204081632,0.6504854368932039,0.3409090909090909,1.0,1.0,1.0,0.5366419294990723,0.3333333333333333,1.0,0.0,0.0,0.0,2.45,0.46423076597919766,0.0,0.5720680152025506,u746675,intermediate
0.5011990407673861,0.6931818181818182,0.5352112676056338,0.29310344827586204,1.0,1.0,1.0,0.4000783699059562,0.3333333333333333,1.0,0.0,0.0,0.0,4.17,0.49999856229917117,0.0,0.46996224998896197,u747632,intermediate
0.5,0.76,0.4222222222222222,0.25,1.0,1.0,1.0,0.51,0.0,3.0,0.0,-0.6666666666666666,0.0,0.82,0.5,0.0,0.42088888888888887,u747946,beginner
0.577639751552795,0.7252747252747253,0.3793103448275862,0.4166666666666667,1.0,1.0,1.0,0.30860805860805857,1.0,0.0,3.0,0.33333333333333337,0.0,1.61,0.49393528825021227,0.0,0.46344574965264623,u749600,intermediate
0.42105263157894735,1.0,0.4375,0.0,1.0,1.0,1.0,1.0,0.0,3.0,0.0,-0.6666666666666666,0.0,0.19,0.49372797471825575,0.0,0.375,u749897,beginner
0.5925925925925926,1.0,0.6666666666666666,0.36363636363636365,1.0,1.0,1.0,0.6363636363636364,0.6666666666666666,0.0,1.0,0.0,0.0,0.27,0.4913518207933925,0.0,0.6121212121212122,u750976,intermediate
0.45622119815668205,0.6521739130434783,0.4496124031007752,0.2619047619047619,1.0,1.0,1.0,0.39026915113871635,0.3333333333333333,1.0,0.0,0.0,0.0,2.17,0.49807972906871395,0.0,0.41504164861091053,u752129,beginner
0.6923076923076923,0.7692307692307693,0.7,0.3333333333333333,1.0,1.0,1.0,0.43589743589743596,0.6666666666666666,0.0,1.0,0.3333333333333333,0.0,0.26,0.4615384615384615,0.0,0.5671794871794872,u753620,intermediate
0.6041666666666666,1.0,0.4782608695652174,0.3,1.0,1.0,1.0,0.7,0.6666666666666666,0.0,2.0,-0.33333333333333337,0.0,0.48,0.48902894142939596,0.0,0.511304347826087,u754035,intermediate
0.23529411764705882,0.0,0.26666666666666666,0.0,0.0,1.0,1.0,0.16,0.0,3.0,0.0,0.0,0.0,0.17,0.42418250299576343,0.0,0.10666666666666667,u754584,beginner
0.5454545454545454,1.0,0.6,0.25,1.0,1.0,1.0,0.75,0.3333333333333333,1.0,0.0,-0.3333333333333333,0.0,0.11,0.49792959773196915,0.0,0.54,u754590,intermediate
0.46153846153846156,0.6666666666666666,0.5,0.25,1.0,1.0,1.0,0.41666666666666663,0.3333333333333333,2.0,0.0,-0.3333333333333333,0.0,0.13,0.49851851526214314,0.0,0.43333333333333335,u754744,beginner
0.6698113207547169,0.9130434782608695,0.6349206349206349,0.5,1.0,1.0,1.0,0.4130434782608695,0.0,7.0,0.0,-0.6666666666666666,0.0,1.06,0.4702808898345101,0.0,0.6365769496204279,u755182,intermediate
0.5294117647058824,0.8571428571428571,0.25,0.3333333333333333,1.0,1.0,1.0,0.5238095238095237,0.6666666666666666,0.0,1.0,0.3333333333333333,0.0,0.17,0.4991341984846218,0.0,0.40476190476190477,u756019,beginner
0.4,0.0,0.4444444444444444,0.0,0.0,1.0,1.0,0.26666666666666666,0.3333333333333333,0.0,1.0,0.0,0.0,0.1,0.4898979485566356,0.0,0.17777777777777778,u756928,beginner
0.6666666666666666,1.0,0.5,0.5714285714285714,1.0,1.0,1.0,0.4285714285714286,1.0,0.0,5.0,0.6666666666666667,0.0,0.15,0.4714045207910317,0.0,0.6285714285714286,u757395,intermediate
0.5,0.8,0.5,0.2,1.0,1.0,1.0,0.6000000000000001,0.6666666666666666,0.0,1.0,-0.33333333333333337,0.0,0.12,0.5,0.0,0.44000000000000006,u757658,beginner
0.7857142857142857,1.0,1.0,0.4,1.0,1.0,1.0,0.6,1.0,0.0,3.0,0.33333333333333337,0.0,0.14,0.410325903324145,0.0,0.7600000000000001,u757856,advanced
0.6190476190476191,0.9130434782608695,0.3,0.2222222222222222,1.0,1.0,1.0,0.6908212560386473,0.3333333333333333,0.0,1.0,-0.3333333333333333,0.0,0.42,0.4856209060564557,0.0,0.3914975845410628,u758148,beginner
0.3333333333333333,0.0,0.6666666666666666,0.0,1.0,1.0,1.0,0.0,0.0,5.0,0.0,-0.3333333333333333,0.0,0.12,0.4714045207910317,0.0,0.26666666666666666,u758281,beginner
0.5544715447154471,0.8869047619047619,0.6267942583732058,0.25630252100840334,1.0,1.0,1.0,0.6306022408963585,0.3333333333333333,0.0,1.0,-0.3333333333333333,0.0,6.15,0.49702399420582605,0.0,0.5306196641335961,u758394,intermediate
0.6111111111111112,0.8870967741935484,0.5,0.16666666666666666,1.0,1.0,1.0,0.7204301075268817,0.3333333333333333,0.0,1.0,-0.3333333333333333,0.0,1.44,0.4874980215217845,0.0,0.44408602150537635,u758428,beginner
0.5238095238095238,0.8,0.75,0.125,1.0,1.0,1.0,0.675,0.3333333333333333,2.0,0.0,0.0,0.0,0.21,0.49943278484292924,0.0,0.5100000000000001,u758611,intermediate
0.7068062827225131,0.9305555555555556,0.6421052631578947,0.2916666666666667,1.0,1.0,1.0,0.6388888888888888,1.0,0.0,5.0,0.6666666666666667,0.0,1.91,0.4552264946446944,0.0,0.5596198830409357,u758703,intermediate
0.5352112676056338,0.9090909090909091,0.5806451612903226,0.3448275862068966,1.0,1.0,1.0,0.5642633228840125,1.0,0.0,3.0,0.0,0.0,0.71,0.49875862562326134,0.0,0.5520072808170695,u762240,intermediate
0.5191204588910134,0.8323529411764706,0.4506024096385542,0.2508591065292096,1.0,1.0,1.0,0.581493834647261,0.6666666666666666,0.0,2.0,0.0,0.0,10.46,0.499634274296507,0.0,0.4470551947023996,u763679,beginner
0.4375,0.0,0.4666666666666667,0.0,1.0,1.0,0.0,-0.27999999999999997,0.6666666666666666,1.0,0.0,0.6666666666666666,0.0,0.16,0.49607837082461076,0.0,0.18666666666666668,u763715,beginner
0.61003861003861,0.7922077922077922,0.5496688741721855,0.45161290322580644,1.0,1.0,1.0,0.3405948889819858,1.0,0.0,3.0,0.0,0.0,2.59,0.48774122677990905,0.0,0.5589542694007552,u765318,intermediate
0.4117647058823529,0.4444444444444444,1.0,0.2857142857142857,1.0,1.0,1.0,0.15873015873015872,0.6666666666666666,0.0,2.0,0.0,0.0,0.17,0.49215295678475035,0.0,0.6031746031746033,u765510,intermediate
0.4166666666666667,0.5,0.5,0.0,1.0,1.0,1.0,0.5,0.3333333333333333,1.0,0.0,0.0,0.0,0.12,0.4930066485916347,0.0,0.30000000000000004,u766239,beginner
0.2608695652173913,0.3333333333333333,0.3,0.14285714285714285,1.0,1.0,1.0,0.19047619047619047,0.3333333333333333,2.0,0.0,-0.3333333333333333,0.0,0.23,0.4391089103635686,0.0,0.24380952380952378,u767275,beginner
0.48484848484848486,1.0,0.4444444444444444,0.36363636363636365,1.0,1.0,1.0,0.6363636363636364,0.0,7.0,0.0,-1.0,0.0,0.33,0.4997703788627467,0.0,0.5232323232323233,u769018,intermediate
0.46153846153846156,0.0,0.5555555555555556,0.3333333333333333,1.0,1.0,1.0,-0.3333333333333333,0.3333333333333333,2.0,0.0,0.0,0.0,0.13,0.49851851526214314,0.0,0.35555555555555557,u769856,beginner
0.46153846153846156,0.75,0.6666666666666666,0.16666666666666666,1.0,1.0,1.0,0.5833333333333334,0.3333333333333333,2.0,0.0,-0.3333333333333333,0.0,0.13,0.4985185152621432,0.0,0.48333333333333334,u771052,intermediate
0.48,0.75,0.5,0.36363636363636365,1.0,1.0,1.0,0.38636363636363635,0.3333333333333333,1.0,0.0,-0.6666666666666667,0.0,0.25,0.4995998398718719,0.0,0.4954545454545455,u772866,intermediate
0.6153846153846154,0.7435897435897436,0.42857142857142855,0.4,1.0,1.0,1.0,0.3435897435897436,0.3333333333333333,1.0,0.0,0.3333333333333333,0.0,0.65,0.48650425541051995,0.0,0.48014652014652015,u776216,intermediate
0.6865671641791045,0.8947368421052632,0.6486486486486487,0.45454545454545453,1.0,1.0,1.0,0.44019138755980863,0.6666666666666666,0.0,1.0,0.0,0.0,0.67,0.46388866471403145,0.0,0.6202250096986939,u778,intermediate
0.53125,0.5666666666666667,0.6363636363636364,0.25,1.0,1.0,1.0,0.31666666666666665,0.6666666666666666,1.0,0.0,0.0,0.0,0.64,0.4990224819584785,0.0,0.4678787878787879,u788482,intermediate
0.4166666666666667,0.0,0.75,0.25,0.0,1.0,1.0,0.3,0.6666666666666666,0.0,2.0,-0.33333333333333337,0.0,0.12,0.4930066485916347,0.0,0.4,u790836,beginner
0.7,0.75,1.0,0.0,1.0,1.0,1.0,0.75,0.6666666666666666,0.0,2.0,0.0,0.0,0.1,0.45825756949558394,0.0,0.55,u791124,intermediate
0.5,1.0,0.5714285714285714,0.25,1.0,1.0,1.0,0.75,0.3333333333333333,1.0,0.0,0.0,0.0,0.12,0.5,0.0,0.5285714285714286,u791459,intermediate
0.47058823529411764,0.75,0.25,0.4444444444444444,1.0,1.0,1.0,0.3055555555555556,0.6666666666666666,0.0,1.0,0.3333333333333333,0.0,0.17,0.4991341984846218,0.0,0.4277777777777778,u791529,beginner
0.3,0.0,0.3333333333333333,0.5,1.0,1.0,1.0,-0.5,0.3333333333333333,0.0,1.0,0.0,0.0,0.1,0.45825756949558405,0.0,0.33333333333333337,u791824,beginner
0.29411764705882354,0.0,0.0,0.3333333333333333,0.0,1.0,1.0,-0.19999999999999998,0.0,4.0,0.0,-0.3333333333333333,0.0,0.17,0.4556450995538137,0.0,0.13333333333333333,u793812,beginner
0.5363636363636364,0.8461538461538461,0.5396825396825397,0.4117647058823529,1.0,1.0,1.0,0.4343891402714932,0.6666666666666666,0.0,1.0,0.3333333333333333,0.0,1.1,0.4986759327964536,0.0,0.5498096674567263,u794318,intermediate
0.5,0.0,0.5,1.0,1.0,1.0,1.0,-1.0,0.3333333333333333,1.0,0.0,-0.3333333333333333,0.0,0.1,0.5,0.0,0.6000000000000001,u794954,intermediate
0.14285714285714285,0.3333333333333333,0.0,0.16666666666666666,1.0,1.0,1.0,0.16666666666666666,0.3333333333333333,1.0,0.0,0.3333333333333333,0.0,0.14,0.3499271061118826,0.0,0.13333333333333333,u795485,beginner
0.5657142857142857,0.8133333333333334,0.43243243243243246,0.23076923076923078,1.0,1.0,1.0,0.5825641025641026,1.0,0.0,3.0,0.33333333333333337,0.0,1.75,0.49566282153603297,0.0,0.427947331947332,u795492,beginner
0.6153846153846154,1.0,0.6,0.5,1.0,1.0,1.0,0.5,0.6666666666666666,1.0,0.0,0.0,0.0,0.13,0.48650425541051995,0.0,0.64,u798286,intermediate
0.5454545454545454,1.0,0.5,0.2,1.0,1.0,1.0,0.8,0.6666666666666666,0.0,2.0,0.3333333333333333,0.0,0.11,0.49792959773196915,0.0,0.48000000000000004,u798293,intermediate
0.6434378629500581,0.9098712446351931,0.625,0.43656716417910446,1.0,1.0,1.0,0.4733040804560886,0.3333333333333333,0.0,1.0,0.0,0.0,8.61,0.47898390314531486,0.0,0.6066011145986804,u801452,intermediate
0.5826086956521739,0.7596153846153846,0.5096153846153846,0.09090909090909091,1.0,1.0,1.0,0.6687062937062936,0.6666666666666666,0.0,1.0,0.3333333333333333,0.0,2.3,0.4931285870872288,0.0,0.39213286713286716,u801952,beginner
0.5,0.8,0.6666666666666666,0.2,1.0,1.0,1.0,0.6000000000000001,0.0,5.0,0.0,-0.3333333333333333,0.0,0.24,0.5,0.0,0.5066666666666667,u802344,intermediate
0.3125,1.0,0.4,0.2,1.0,1.0,1.0,0.8,0.0,8.0,0.0,-0.6666666666666666,0.0,0.16,0.46351240544347894,0.0,0.44000000000000006,u802962,beginner
0.2608695652173913,0.3333333333333333,0.2222222222222222,0.25,1.0,1.0,1.0,0.08333333333333331,0.0,4.0,0.0,-0.6666666666666666,0.0,0.23,0.4391089103635685,0.0,0.25555555555555554,u803965,beginner
0.7,1.0,1.0,0.25,1.0,1.0,1.0,0.75,0.3333333333333333,2.0,0.0,-0.3333333333333333,0.0,0.1,0.45825756949558405,0.0,0.7000000000000001,u804484,advanced
0.6323529411764706,0.9583333333333334,0.5714285714285714,0.0,1.0,1.0,1.0,0.9583333333333334,0.3333333333333333,0.0,1.0,0.0,0.0,0.68,0.4821645973751471,0.0,0.42023809523809524,u806803,beginner
0.42105263157894735,0.5555555555555556,0.3333333333333333,0.0,1.0,1.0,1.0,0.5555555555555556,0.6666666666666666,0.0,2.0,0.3333333333333333,0.0,0.19,0.49372797471825575,0.0,0.24444444444444446,u807017,beginner
0.0,0.0,0.0,0.0,1.0,1.0,1.0,0.0,0.0,10.0,0.0,0.0,0.0,0.1,0.0,0.0,0.0,u807274,beginner
0.4376237623762376,0.8571428571428571,0.6104651162790697,0.27491408934707906,1.0,1.0,1.0,0.582228767795778,0.6666666666666666,0.0,1.0,0.0,0.0,5.05,0.49609394773561183,0.0,0.5255802536790309,u807990,intermediate
0.5,0.5,0.6,0.3333333333333333,1.0,1.0,1.0,0.16666666666666669,0.3333333333333333,0.0,1.0,-0.3333333333333333,0.0,0.12,0.5,0.0,0.4733333333333333,u809004,intermediate
0.3,0.0,0.3,0.0,0.0,1.0,0.0,0.0,0.0,4.0,0.0,-0.3333333333333333,0.0,0.1,0.45825756949558394,0.0,0.12,u809737,beginner
0.4166666666666667,1.0,0.25,0.0,1.0,1.0,1.0,1.0,0.3333333333333333,0.0,1.0,-0.3333333333333333,0.0,0.12,0.4930066485916347,0.0,0.30000000000000004,u812694,beginner
0.21428571428571427,0.0,0.2727272727272727,0.0,1.0,1.0,1.0,0.0,0.0,6.0,0.0,0.0,0.0,0.14,0.41032590332414504,0.0,0.10909090909090909,u813167,beginner
0.375,1.0,0.25,0.3333333333333333,1.0,1.0,1.0,0.6666666666666667,0.6666666666666666,0.0,1.0,0.3333333333333333,0.0,0.16,0.4841229182759271,0.0,0.43333333333333335,u814266,beginner
0.25,0.5,0.0,0.0,1.0,1.0,1.0,0.5,0.3333333333333333,2.0,0.0,0.0,0.0,0.12,0.4330127018922193,0.0,0.1,u814617,beginner
0.2916666666666667,0.4,0.3125,0.0,1.0,1.0,1.0,0.4,0.3333333333333333,1.0,0.0,0.0,0.0,0.24,0.45452967144315476,0.0,0.20500000000000002,u814894,beginner
0.4,0.75,0.25,0.0,1.0,1.0,1.0,0.75,0.6666666666666666,0.0,2.0,0.3333333333333333,0.0,0.1,0.4898979485566356,0.0,0.25,u815503,beginner
0.20930232558139536,0.26666666666666666,0.22727272727272727,0.0,1.0,1.0,1.0,0.26666666666666666,0.0,7.0,0.0,0.0,0.0,0.43,0.40681059731478836,0.0,0.14424242424242426,u816362,beginner
0.3,1.0,0.14285714285714285,0.0,1.0,1.0,1.0,1.0,0.3333333333333333,1.0,0.0,0.0,0.0,0.1,0.45825756949558394,0.0,0.2571428571428572,u816397,beginner
0.5384615384615384,1.0,0.5,0.3333333333333333,1.0,1.0,1.0,0.6666666666666667,0.3333333333333333,0.0,1.0,-0.3333333333333333,0.0,0.13,0.4985185152621431,0.0,0.5333333333333333,u817414,intermediate
0.6276595744680851,0.8571428571428571,0.7111111111111111,0.14285714285714285,1.0,1.0,1.0,0.7142857142857142,0.3333333333333333,1.0,0.0,-0.3333333333333333,0.0,0.94,0.48342841563837285,0.0,0.513015873015873,u818146,intermediate
0.4583333333333333,0.875,0.3333333333333333,0.14285714285714285,1.0,1.0,1.0,0.7321428571428572,0.0,3.0,0.0,-0.6666666666666666,0.0,0.24,0.4982608642958916,0.0,0.3654761904761905,u818148,beginner
0.5,0.75,0.4,0.2,1.0,1.0,1.0,0.55,0.6666666666666666,0.0,2.0,0.3333333333333333,0.0,0.18,0.5,0.0,0.39000000000000007,u818287,beginner
0.6774193548387096,1.0,0.8,0.3,1.0,1.0,1.0,0.7,0.6666666666666666,0.0,2.0,-0.33333333333333337,0.0,0.31,0.4674637660061109,0.0,0.64,u818413,intermediate
0.4166666666666667,0.6666666666666666,0.36363636363636365,0.2857142857142857,1.0,1.0,1.0,0.38095238095238093,0.3333333333333333,2.0,0.0,-0.3333333333333333,0.0,0.24,0.4930066485916347,0.0,0.3930735930735931,u819044,beginner
0.4,1.0,0.6,0.2222222222222222,1.0,1.0,1.0,0.7777777777777778,0.3333333333333333,1.0,0.0,-0.3333333333333333,0.0,0.15,0.48989794855663565,0.0,0.5288888888888889,u819474,intermediate
0.15384615384615385,0.14285714285714285,0.23076923076923078,0.0,1.0,1.0,1.0,0.14285714285714285,0.3333333333333333,0.0,1.0,0.3333333333333333,0.0,0.26,0.36080121229410994,0.0,0.12087912087912088,u821656,beginner
0.68,1.0,0.75,0.5333333333333333,1.0,1.0,1.0,0.4666666666666667,1.0,0.0,3.0,0.0,0.0,0.25,0.46647615158762407,0.0,0.7133333333333334,u823437,advanced
0.5,1.0,0.5714285714285714,0.25,1.0,1.0,1.0,0.75,0.6666666666666666,1.0,0.0,0.0,0.0,0.12,0.5,0.0,0.5285714285714286,u824519,intermediate
0.4444444444444444,1.0,0.6666666666666666,0.1111111111111111,1.0,1.0,1.0,0.8888888888888888,0.3333333333333333,2.0,0.0,-0.3333333333333333,0.0,0.18,0.4969039949999533,0.0,0.5111111111111111,u827453,intermediate
0.6,1.0,1.0,0.5,1.0,1.0,1.0,0.5,0.6666666666666666,0.0,1.0,-0.33333333333333337,0.0,0.15,0.48989794855663565,0.0,0.8,u827606,advanced
0.3157894736842105,0.6666666666666666,0.2857142857142857,0.0,1.0,1.0,1.0,0.6666666666666666,0.3333333333333333,1.0,0.0,0.0,0.0,0.19,0.46482951928041294,0.0,0.24761904761904763,u827950,beginner
0.6363636363636364,0.8666666666666667,0.52,0.5,1.0,1.0,1.0,0.3666666666666667,0.3333333333333333,2.0,0.0,-0.6666666666666667,0.0,0.44,0.48104569292083466,0.0,0.5813333333333334,u829321,intermediate
0.1,0.0,0.16666666666666666,0.0,1.0,1.0,0.0,-0.09999999999999999,0.3333333333333333,2.0,0.0,0.3333333333333333,0.0,0.1,0.30000000000000004,0.0,0.06666666666666667,u829425,beginner
0.52,0.8,0.6363636363636364,0.2222222222222222,1.0,1.0,1.0,0.5777777777777778,0.6666666666666666,0.0,2.0,0.0,0.0,0.25,0.4995998398718719,0.0,0.5034343434343435,u832110,intermediate
0.5806451612903226,0.7692307692307693,0.6176470588235294,0.3333333333333333,1.0,1.0,1.0,0.43589743589743596,0.6666666666666666,0.0,2.0,0.0,0.0,0.62,0.4934535013154308,0.0,0.5342383107088989,u8682,intermediate
0.5375,0.5714285714285714,0.5526315789473685,0.42857142857142855,1.0,1.0,1.0,0.14285714285714285,0.0,5.0,0.0,-0.6666666666666666,0.0,0.8,0.49859176687947826,0.0,0.5067669172932331,u8687,intermediate
0.5538461538461539,0.7,0.4666666666666667,0.2,1.0,1.0,1.0,0.49999999999999994,0.3333333333333333,0.0,1.0,0.0,0.0,0.65,0.49709213604318503,0.0,0.4066666666666667,u9024,beginner
0.3235294117647059,0.5,0.23529411764705882,0.0,1.0,1.0,1.0,0.5,0.6666666666666666,0.0,2.0,0.3333333333333333,0.0,0.34,0.46782275648784905,0.0,0.19411764705882353,u9859,beginner
0.4731997834325934,0.71875,0.41115434500648507,0.18316831683168316,1.0,1.0,1.0,0.5355816831683169,1.0,0.0,6.0,0.33333333333333337,0.0,18.47,0.4992812317641633,0.0,0.3814790647352673,u991,beginner
