overall_acc,acc_easy,acc_medium,acc_hard,has_easy,has_medium,has_hard,diff_discrimination,last3_acc,error_streak,correct_streak,acc_trend,avg_time_norm,n_seen_norm,acc_std,proficiency,student_id,true_level
0.1875,0.6666666666666666,0.0,0.14285714285714285,1.0,1.0,1.0,0.5238095238095237,0.0,6.0,0.0,-0.3333333333333333,0.74999375,0.16,0.3903123748998999,0.19047619047619047,u100381,beginner
0.6480198898952229,0.844559585492228,0.5279057859703021,0.22094508301404853,1.0,1.0,1.0,0.6236145024781794,0.3333333333333333,0.0,1.0,0.0,0.7604086248742083,56.31,0.4775878057440392,0.4684522646921859,u10054,intermediate
0.8824893699265559,0.9613492621222769,0.8409610983981693,0.6206896551724138,1.0,1.0,1.0,0.3406596069498631,1.0,0.0,3.0,0.33333333333333337,0.7698620667439763,25.87,0.32202776571778136,0.7769301538526887,u10109,advanced
0.16666666666666666,0.5,0.07692307692307693,0.15384615384615385,1.0,1.0,1.0,0.34615384615384615,0.0,12.0,0.0,-0.3333333333333333,0.13110333333333332,0.3,0.3726779962499649,0.19230769230769232,u101603,beginner
0.5434782608695652,0.8787878787878788,0.42857142857142855,0.17647058823529413,1.0,1.0,1.0,0.7023172905525846,0.6666666666666666,0.0,1.0,0.3333333333333333,1.2778978260869565,0.92,0.4981060537995478,0.4177743824802649,u102044,beginner
0.3333333333333333,0.5,0.46153846153846156,0.15384615384615385,1.0,1.0,1.0,0.34615384615384615,0.3333333333333333,2.0,0.0,0.0,1.06555,0.3,0.4714045207910317,0.34615384615384615,u102432,beginner
0.4,0.25,0.6923076923076923,0.15384615384615385,1.0,1.0,1.0,0.09615384615384615,0.3333333333333333,1.0,0.0,0.0,1.107771111111111,0.3,0.4898979485566357,0.38846153846153847,u102537,beginner
0.6460396039603961,0.7402135231316725,0.4791666666666667,0.25925925925925924,1.0,1.0,1.0,0.4809542638724133,0.3333333333333333,0.0,1.0,0.0,1.1616301980198018,4.04,0.47819706615065155,0.44341307499670485,u102689,beginner
0.5833333333333334,0.9166666666666666,0.7142857142857143,0.2,1.0,1.0,1.0,0.7166666666666666,0.6666666666666666,0.0,1.0,-0.33333333333333337,0.6727766666666667,0.6,0.49300664859163473,0.5490476190476191,u103361,intermediate
0.4666666666666667,0.75,0.6153846153846154,0.23076923076923078,1.0,1.0,1.0,0.5192307692307692,0.6666666666666666,1.0,0.0,0.0,0.8599922222222223,0.3,0.49888765156985887,0.4884615384615385,u105260,intermediate
0.675,1.0,0.8235294117647058,0.4117647058823529,1.0,1.0,1.0,0.5882352941176471,0.6666666666666666,1.0,0.0,-0.33333333333333337,0.816665,0.4,0.4683748498798798,0.6941176470588235,u105593,intermediate
0.6262626262626263,0.8688524590163934,0.6477272727272727,0.2857142857142857,1.0,1.0,1.0,0.5831381733021077,0.0,6.0,0.0,-0.6666666666666666,0.7042085858585858,1.98,0.48379515211426455,0.5471471151799021,u105791,intermediate
0.26666666666666666,0.5,0.23076923076923078,0.23076923076923078,1.0,1.0,1.0,0.2692307692307692,0.3333333333333333,1.0,0.0,-0.3333333333333333,0.30666333333333334,0.3,0.4422166387140533,0.2846153846153846,u106161,beginner
0.2,0.25,0.38461538461538464,0.0,1.0,1.0,1.0,0.25,0.0,3.0,0.0,0.0,1.006661111111111,0.3,0.4000000000000001,0.20384615384615384,u107328,beginner
0.6521739130434783,0.8275862068965517,0.6818181818181818,0.3157894736842105,1.0,1.0,1.0,0.5117967332123412,1.0,0.0,3.0,0.33333333333333337,0.7018101449275362,0.92,0.476280484787101,0.5645603035802673,u107419,intermediate
0.72,0.8070652173913043,0.5619047619047619,0.14814814814814814,1.0,1.0,1.0,0.6589170692431562,0.3333333333333333,1.0,0.0,0.0,0.8019992666666667,5.0,0.44899888641287294,0.44543420749942486,u108911,beginner
0.6475770925110133,0.7923076923076923,0.5441176470588235,0.2413793103448276,1.0,1.0,1.0,0.5509283819628646,0.6666666666666666,0.0,2.0,-0.33333333333333337,0.9236403817914831,2.27,0.47772481803439504,0.4726603214229989,u109171,intermediate
0.4666666666666667,0.75,0.6923076923076923,0.15384615384615385,1.0,1.0,1.0,0.5961538461538461,0.3333333333333333,1.0,0.0,-0.3333333333333333,0.9933277777777777,0.3,0.49888765156985887,0.4884615384615385,u109626,intermediate
0.3235294117647059,0.75,0.38461538461538464,0.0,1.0,1.0,1.0,0.75,0.6666666666666666,0.0,1.0,0.3333333333333333,0.8313696078431373,0.34,0.467822756487849,0.3038461538461539,u110884,beginner
0.3,1.0,0.0,0.0,1.0,1.0,1.0,1.0,0.0,4.0,0.0,-0.3333333333333333,0.7933233333333334,0.1,0.45825756949558394,0.2,u111628,beginner
0.6426229508196721,0.7986577181208053,0.5932203389830508,0.18421052631578946,1.0,1.0,1.0,0.6144471918050158,0.0,3.0,0.0,-0.6666666666666666,0.7361743169398907,3.05,0.47922718401556624,0.47070388974369726,u111995,intermediate
0.575,0.9285714285714286,0.46153846153846156,0.3076923076923077,1.0,1.0,1.0,0.6208791208791209,1.0,0.0,10.0,0.33333333333333337,0.6058300000000001,0.4,0.49434299833212975,0.49340659340659343,u112964,intermediate
0.475,0.875,0.47368421052631576,0.23076923076923078,1.0,1.0,1.0,0.6442307692307692,1.0,0.0,3.0,0.33333333333333337,0.8033325,0.4,0.49937460888595453,0.45678137651821865,u113194,intermediate
0.24242424242424243,0.5,0.26666666666666666,0.14285714285714285,1.0,1.0,1.0,0.35714285714285715,0.0,13.0,0.0,-0.6666666666666666,0.22726868686868687,0.33,0.42854956435548336,0.2638095238095238,u113411,beginner
0.36666666666666664,0.75,0.3076923076923077,0.3076923076923077,1.0,1.0,1.0,0.4423076923076923,0.0,4.0,0.0,-0.6666666666666666,0.9633277777777778,0.3,0.48189440982669857,0.3961538461538462,u113990,beginner
0.4166666666666667,0.42857142857142855,0.6666666666666666,0.0,1.0,1.0,1.0,0.42857142857142855,0.3333333333333333,0.0,1.0,-0.3333333333333333,0.9111083333333333,0.12,0.4930066485916347,0.35238095238095235,u114549,beginner
0.2,0.5,0.23076923076923078,0.07692307692307693,1.0,1.0,1.0,0.4230769230769231,0.0,6.0,0.0,0.0,0.84222,0.3,0.4000000000000001,0.2230769230769231,u114958,beginner
0.16666666666666666,0.25,0.07692307692307693,0.23076923076923078,1.0,1.0,1.0,0.019230769230769218,0.3333333333333333,2.0,0.0,0.0,0.18555,0.3,0.37267799624996495,0.17307692307692307,u116343,beginner
0.6,1.0,0.9230769230769231,0.15384615384615385,1.0,1.0,1.0,0.8461538461538461,0.6666666666666666,1.0,0.0,0.0,0.796661111111111,0.3,0.48989794855663565,0.6307692307692307,u118382,intermediate
0.36666666666666664,0.75,0.38461538461538464,0.23076923076923078,1.0,1.0,1.0,0.5192307692307692,0.3333333333333333,2.0,0.0,-0.6666666666666667,0.8899977777777778,0.3,0.48189440982669857,0.3961538461538462,u118522,beginner
0.26666666666666666,0.5,0.3076923076923077,0.15384615384615385,1.0,1.0,1.0,0.34615384615384615,0.6666666666666666,0.0,1.0,0.0,0.9799966666666667,0.3,0.4422166387140533,0.2846153846153846,u119327,beginner
0.13333333333333333,0.0,0.07692307692307693,0.23076923076923078,1.0,1.0,1.0,-0.23076923076923078,0.0,6.0,0.0,0.0,0.07555222222222222,0.3,0.33993463423951903,0.12307692307692308,u119675,beginner
0.8095238095238095,1.0,0.8571428571428571,0.5714285714285714,1.0,1.0,1.0,0.4285714285714286,0.3333333333333333,0.0,1.0,-0.3333333333333333,0.5936507936507937,0.21,0.39267672624930094,0.7714285714285715,u11995,advanced
0.6992840095465394,0.8524945770065075,0.5777027027027027,0.2716049382716049,1.0,1.0,1.0,0.5808896387349026,0.6666666666666666,1.0,0.0,-0.33333333333333337,0.7177005966587112,8.38,0.45856938792188773,0.5102219717910246,u120252,intermediate
0.5,0.8,0.5,0.15384615384615385,1.0,1.0,1.0,0.6461538461538462,0.6666666666666666,1.0,0.0,-0.33333333333333337,0.7379979999999999,0.5,0.5,0.4215384615384616,u122438,beginner
0.16666666666666666,0.25,0.15384615384615385,0.15384615384615385,1.0,1.0,1.0,0.09615384615384615,0.0,7.0,0.0,-0.3333333333333333,0.5044433333333334,0.3,0.37267799624996495,0.17307692307692307,u123163,beginner
0.3,0.5,0.3076923076923077,0.23076923076923078,1.0,1.0,1.0,0.2692307692307692,0.0,4.0,0.0,-0.3333333333333333,1.1722177777777778,0.3,0.45825756949558394,0.3153846153846154,u123507,beginner
0.2,0.0,0.38461538461538464,0.07692307692307693,1.0,1.0,1.0,-0.07692307692307693,0.0,5.0,0.0,0.0,0.9377711111111112,0.3,0.4000000000000001,0.18461538461538463,u123735,beginner
0.6166666666666667,1.0,0.7931034482758621,0.22727272727272727,1.0,1.0,1.0,0.7727272727272727,0.6666666666666666,0.0,1.0,0.0,1.129441111111111,0.6,0.4861984048604941,0.6081504702194358,u124357,intermediate
0.43333333333333335,0.75,0.6153846153846154,0.15384615384615385,1.0,1.0,1.0,0.5961538461538461,1.0,0.0,3.0,0.6666666666666667,1.0144433333333334,0.3,0.49553562491061676,0.45769230769230773,u124453,intermediate
0.3,0.25,0.46153846153846156,0.15384615384615385,1.0,1.0,1.0,0.09615384615384615,0.3333333333333333,2.0,0.0,0.0,0.72333,0.3,0.45825756949558394,0.29615384615384616,u124533,beginner
0.4,1.0,0.5384615384615384,0.07692307692307693,1.0,1.0,1.0,0.9230769230769231,0.3333333333333333,1.0,0.0,-0.6666666666666667,0.85333,0.3,0.4898979485566357,0.4461538461538462,u124902,beginner
0.64,0.9285714285714286,0.6818181818181818,0.2857142857142857,1.0,1.0,1.0,0.6428571428571429,1.0,0.0,14.0,0.0,0.716664,0.5,0.48,0.5727272727272728,u125580,intermediate
0.7044534412955465,0.8167539267015707,0.38095238095238093,0.14285714285714285,1.0,1.0,1.0,0.6738967838444279,1.0,0.0,6.0,0.33333333333333337,0.9592435897435897,2.47,0.45628805632232855,0.37287459486412367,u125708,beginner
0.6353358457104855,0.869980879541109,0.547543075941289,0.22065727699530516,1.0,1.0,1.0,0.6493236025458039,0.6666666666666666,0.0,1.0,0.6666666666666666,0.8505372275179192,45.11,0.4813358586951815,0.48127631708285956,u12618,intermediate
0.23333333333333334,0.5,0.15384615384615385,0.23076923076923078,1.0,1.0,1.0,0.2692307692307692,0.0,4.0,0.0,-0.6666666666666666,0.40999444444444444,0.3,0.4229525846816506,0.25384615384615383,u127222,beginner
0.5966666666666667,0.7431693989071039,0.42857142857142855,0.05263157894736842,1.0,1.0,1.0,0.6905378199597354,0.3333333333333333,2.0,0.0,0.0,0.6668884444444444,3.0,0.49056656587618724,0.3411150827889396,u127385,beginner
0.55,0.8,0.2,0.4,1.0,1.0,1.0,0.4,0.6666666666666666,0.0,2.0,0.0,0.5533283333333333,0.2,0.4974937185533099,0.4000000000000001,u127459,beginner
0.4666666666666667,1.0,0.5384615384615384,0.23076923076923078,1.0,1.0,1.0,0.7692307692307692,0.3333333333333333,0.0,1.0,-0.3333333333333333,0.71555,0.3,0.49888765156985887,0.5076923076923077,u127464,intermediate
0.36666666666666664,1.0,0.46153846153846156,0.07692307692307693,1.0,1.0,1.0,0.9230769230769231,0.6666666666666666,1.0,0.0,0.0,0.77777,0.3,0.48189440982669857,0.4153846153846154,u128269,beginner
0.5757906215921483,0.7572881355932204,0.5228136882129277,0.2764227642276423,1.0,1.0,1.0,0.4808653713655781,0.3333333333333333,1.0,0.0,-0.3333333333333333,0.7605684660123591,36.68,0.4942224010288037,0.4711522080948721,u12944,intermediate
0.6551094890510949,0.8313953488372093,0.6312292358803987,0.3466666666666667,1.0,1.0,1.0,0.48472868217054266,0.6666666666666666,1.0,0.0,0.3333333333333333,1.0641723236009732,5.48,0.47533256400788304,0.5574374307862681,u129553,intermediate
0.3,0.5,0.38461538461538464,0.15384615384615385,1.0,1.0,1.0,0.34615384615384615,0.3333333333333333,0.0,1.0,0.0,0.9266644444444445,0.3,0.45825756949558394,0.3153846153846154,u129802,beginner
0.36666666666666664,0.5,0.6153846153846154,0.07692307692307693,1.0,1.0,1.0,0.4230769230769231,0.6666666666666666,1.0,0.0,0.3333333333333333,0.9844411111111111,0.3,0.48189440982669857,0.3769230769230769,u130457,beginner
0.5927835051546392,0.7847826086956522,0.4861111111111111,0.26,1.0,1.0,1.0,0.5247826086956522,0.0,3.0,0.0,-0.3333333333333333,1.045324673539519,9.7,0.4913158059448312,0.45540096618357484,u13097,intermediate
0.6388888888888888,0.7857142857142857,0.7,0.21428571428571427,1.0,1.0,1.0,0.5714285714285714,1.0,0.0,3.0,0.33333333333333337,0.8516171296296297,1.44,0.48032267960529396,0.5228571428571428,u131041,intermediate
0.15384615384615385,0.3333333333333333,0.0,0.14285714285714285,1.0,1.0,1.0,0.19047619047619047,0.3333333333333333,1.0,0.0,0.0,0.6589717948717949,0.13,0.36080121229410994,0.12380952380952381,u135118,beginner
0.49122807017543857,0.6774193548387096,0.38235294117647056,0.05555555555555555,1.0,1.0,1.0,0.621863799283154,1.0,0.0,3.0,0.6666666666666667,1.5423964912280703,1.14,0.49992304732543885,0.3106472696605524,u135300,beginner
0.8227513227513228,0.9166666666666666,0.7011494252873564,0.2962962962962963,1.0,1.0,1.0,0.6203703703703703,0.3333333333333333,1.0,0.0,0.3333333333333333,0.7273383597883598,3.78,0.381879017048949,0.5823116219667944,u135678,intermediate
0.581039755351682,0.7175141242937854,0.5208333333333334,0.24074074074074073,1.0,1.0,1.0,0.47677338355304466,0.3333333333333333,1.0,0.0,-0.3333333333333333,1.0871533129459734,3.27,0.49338885075824274,0.4481324544883868,u13581,beginner
0.3,0.3333333333333333,0.6666666666666666,0.0,1.0,1.0,1.0,0.3333333333333333,0.0,4.0,0.0,-0.6666666666666666,0.30332666666666663,0.1,0.45825756949558394,0.3333333333333333,u136293,beginner
0.3,0.75,0.38461538461538464,0.07692307692307693,1.0,1.0,1.0,0.6730769230769231,0.0,5.0,0.0,-0.6666666666666666,0.6322166666666666,0.3,0.45825756949558394,0.33461538461538465,u136737,beginner
0.46,0.7647058823529411,0.47058823529411764,0.125,1.0,1.0,1.0,0.6397058823529411,0.6666666666666666,0.0,2.0,0.0,0.8233313333333333,0.5,0.49839743177508455,0.3911764705882353,u137132,beginner
0.23333333333333334,0.25,0.15384615384615385,0.3076923076923077,1.0,1.0,1.0,-0.05769230769230771,0.0,6.0,0.0,-0.6666666666666666,0.32333,0.3,0.4229525846816506,0.23461538461538461,u137399,beginner
0.16666666666666666,0.5,0.07692307692307693,0.15384615384615385,1.0,1.0,1.0,0.34615384615384615,0.0,8.0,0.0,-0.3333333333333333,0.59333,0.3,0.37267799624996495,0.19230769230769232,u137700,beginner
0.54,0.7,0.5625,0.2857142857142857,1.0,1.0,1.0,0.41428571428571426,1.0,0.0,4.0,0.6666666666666667,0.98933,0.5,0.49839743177508455,0.47928571428571426,u137845,intermediate
0.36666666666666664,0.25,0.38461538461538464,0.38461538461538464,1.0,1.0,1.0,-0.13461538461538464,0.3333333333333333,1.0,0.0,-0.6666666666666667,1.3377755555555557,0.3,0.48189440982669857,0.3576923076923077,u138164,beginner
0.7054263565891473,0.8368253968253968,0.6709594333547971,0.4551386623164764,1.0,1.0,1.0,0.38168673450892043,1.0,0.0,4.0,0.0,0.8469654103180967,37.41,0.45585086598415986,0.6178043176335888,u13819,intermediate
0.16666666666666666,0.25,0.15384615384615385,0.15384615384615385,1.0,1.0,1.0,0.09615384615384615,0.0,10.0,0.0,-0.6666666666666666,0.9977744444444444,0.3,0.3726779962499649,0.17307692307692307,u138913,beginner
0.36666666666666664,0.75,0.6153846153846154,0.0,1.0,1.0,1.0,0.75,0.6666666666666666,1.0,0.0,0.0,0.9022155555555555,0.3,0.48189440982669857,0.3961538461538462,u138958,beginner
0.6677195198989261,0.8186898478733312,0.5848563968668408,0.3038130381303813,1.0,1.0,1.0,0.5148768097429499,0.6666666666666666,0.0,2.0,0.3333333333333333,0.7843693619709412,63.32,0.47103095720437926,0.5192057435735551,u139675,intermediate
0.5,1.0,0.3333333333333333,0.25,1.0,1.0,1.0,0.75,0.3333333333333333,0.0,1.0,-0.3333333333333333,0.40665999999999997,0.1,0.5,0.43333333333333335,u140122,beginner
0.7351174221736756,0.8711297071129707,0.5335892514395394,0.23478260869565218,1.0,1.0,1.0,0.6363470984173185,0.6666666666666666,0.0,2.0,0.0,1.0123220826506463,18.31,0.4412706627347955,0.4815746854766708,u141129,intermediate
0.7488372093023256,0.8595890410958904,0.5495495495495496,0.37037037037037035,1.0,1.0,1.0,0.48921867072552006,0.3333333333333333,1.0,0.0,0.0,0.9865872093023256,4.3,0.4336819609652107,0.5398857761871461,u141397,intermediate
0.6,1.0,0.6923076923076923,0.38461538461538464,1.0,1.0,1.0,0.6153846153846154,0.0,3.0,0.0,-1.0,0.9388833333333333,0.3,0.4898979485566357,0.6307692307692307,u141812,intermediate
0.46296296296296297,0.6521739130434783,0.5625,0.06666666666666667,1.0,1.0,1.0,0.5855072463768116,0.0,4.0,0.0,0.0,1.2938222222222222,0.54,0.49862637103097257,0.3821014492753623,u142096,beginner
0.7355658198614319,0.8654205607476636,0.6,0.22727272727272727,1.0,1.0,1.0,0.6381478334749363,0.6666666666666666,1.0,0.0,0.3333333333333333,0.9529999615088529,8.66,0.44103145524215326,0.5039932030586236,u143003,intermediate
0.3333333333333333,0.5,0.46153846153846156,0.15384615384615385,1.0,1.0,1.0,0.34615384615384615,0.3333333333333333,2.0,0.0,-0.3333333333333333,0.9088844444444444,0.3,0.4714045207910316,0.34615384615384615,u143071,beginner
0.36666666666666664,0.25,0.6153846153846154,0.15384615384615385,1.0,1.0,1.0,0.09615384615384615,0.3333333333333333,2.0,0.0,0.0,1.2899966666666667,0.3,0.48189440982669857,0.3576923076923077,u143165,beginner
0.6333333333333333,1.0,0.6153846153846154,0.5384615384615384,1.0,1.0,1.0,0.46153846153846156,1.0,0.0,3.0,0.33333333333333337,0.97555,0.3,0.4818944098266986,0.6615384615384616,u143458,intermediate
0.625,0.875,0.5925925925925926,0.07692307692307693,1.0,1.0,1.0,0.7980769230769231,1.0,0.0,6.0,0.33333333333333337,0.653701388888889,0.72,0.4841229182759271,0.44280626780626786,u143618,beginner
0.6349206349206349,0.8214285714285714,0.6818181818181818,0.15384615384615385,1.0,1.0,1.0,0.6675824175824175,0.3333333333333333,0.0,1.0,-0.3333333333333333,1.1211603174603175,0.63,0.48145240914613024,0.4985514485514485,u143829,intermediate
0.7296416938110749,0.8454545454545455,0.532258064516129,0.2,1.0,1.0,1.0,0.6454545454545455,1.0,0.0,6.0,1.0,0.6933743756786102,3.07,0.4441449003012199,0.4619941348973607,u146533,intermediate
0.7554709800190295,0.8955696202531646,0.6069182389937107,0.3465346534653465,1.0,1.0,1.0,0.549034966787818,0.6666666666666666,0.0,2.0,-0.33333333333333337,0.7422415160164922,10.51,0.42980760622412983,0.5604950810342558,u147231,intermediate
0.7586206896551724,0.946236559139785,0.6666666666666666,0.2962962962962963,1.0,1.0,1.0,0.6499402628434887,1.0,0.0,6.0,0.33333333333333337,0.7862061302681992,1.74,0.42791978089623645,0.5744324970131423,u147593,intermediate
0.4375,0.6666666666666666,0.5,0.25,1.0,1.0,1.0,0.41666666666666663,0.3333333333333333,1.0,0.0,0.0,1.7427041666666667,0.32,0.49607837082461076,0.43333333333333335,u147664,beginner
0.732739420935412,0.888268156424581,0.7540983606557377,0.367816091954023,1.0,1.0,1.0,0.520452064470558,0.3333333333333333,2.0,0.0,-0.6666666666666667,0.9045262063845583,4.49,0.44252950403634006,0.6264194123288205,u147728,intermediate
0.6875,1.0,0.7857142857142857,0.46153846153846156,1.0,1.0,1.0,0.5384615384615384,1.0,0.0,4.0,0.0,1.1270802083333333,0.32,0.46351240544347894,0.6989010989010989,u148008,intermediate
0.7094017094017094,0.918918918918919,0.6909090909090909,0.44,1.0,1.0,1.0,0.47891891891891897,0.6666666666666666,1.0,0.0,0.0,1.2122492877492879,1.17,0.45403846103567264,0.6361474201474202,u148017,intermediate
0.2,0.5,0.07692307692307693,0.23076923076923078,1.0,1.0,1.0,0.2692307692307692,0.0,9.0,0.0,-0.3333333333333333,0.20555222222222222,0.3,0.4000000000000001,0.2230769230769231,u148764,beginner
0.2,0.3333333333333333,0.3333333333333333,0.0,1.0,1.0,1.0,0.3333333333333333,0.0,4.0,0.0,-0.3333333333333333,0.9799933333333333,0.1,0.4000000000000001,0.2,u148996,beginner
0.3333333333333333,0.25,0.38461538461538464,0.3076923076923077,1.0,1.0,1.0,-0.05769230769230771,0.6666666666666666,0.0,1.0,0.3333333333333333,0.7466611111111111,0.3,0.4714045207910317,0.3269230769230769,u149442,beginner
0.2,0.25,0.15384615384615385,0.23076923076923078,1.0,1.0,1.0,0.019230769230769218,0.0,5.0,0.0,-0.6666666666666666,0.7055533333333333,0.3,0.4000000000000001,0.20384615384615384,u149707,beginner
0.575,0.9230769230769231,0.6923076923076923,0.14285714285714285,1.0,1.0,1.0,0.7802197802197803,0.6666666666666666,1.0,0.0,0.0,0.9866658333333332,0.4,0.49434299833212975,0.5186813186813187,u149739,intermediate
0.6475409836065574,0.8533333333333334,0.3333333333333333,0.2857142857142857,1.0,1.0,1.0,0.5676190476190477,0.3333333333333333,0.0,1.0,-0.3333333333333333,1.2450800546448089,1.22,0.4777359711769772,0.4182857142857143,u149937,beginner
0.5666666666666667,1.0,0.6153846153846154,0.38461538461538464,1.0,1.0,1.0,0.6153846153846154,0.6666666666666666,1.0,0.0,-0.33333333333333337,0.9699955555555555,0.3,0.49553562491061676,0.6000000000000001,u151419,intermediate
0.3,0.25,0.46153846153846156,0.15384615384615385,1.0,1.0,1.0,0.09615384615384615,0.3333333333333333,2.0,0.0,-0.6666666666666667,0.20110555555555557,0.3,0.45825756949558394,0.29615384615384616,u151450,beginner
0.5963302752293578,0.8305084745762712,0.38235294117647056,0.1875,1.0,1.0,1.0,0.6430084745762712,0.6666666666666666,1.0,0.0,0.0,0.6657477064220184,1.09,0.49063273237141064,0.39404287138584254,u151756,beginner
0.7682926829268293,0.8507462686567164,0.5480769230769231,0.375,1.0,1.0,1.0,0.47574626865671643,1.0,0.0,5.0,0.6666666666666667,0.8457128972653363,9.02,0.42192302175624863,0.5393800229621126,u152,intermediate
0.6954643628509719,0.8350515463917526,0.5223880597014925,0.23684210526315788,1.0,1.0,1.0,0.5982094411285948,0.3333333333333333,1.0,0.0,-0.3333333333333333,0.8583871130309576,4.63,0.46021047669002885,0.4707023752642107,u153096,intermediate
0.38461538461538464,0.6666666666666666,0.6666666666666666,0.14285714285714285,1.0,1.0,1.0,0.5238095238095237,0.0,3.0,0.0,-0.6666666666666666,0.9256307692307693,0.13,0.48650425541051995,0.4571428571428572,u153269,intermediate
0.5459770114942529,0.7966101694915254,0.4327485380116959,0.3728813559322034,1.0,1.0,1.0,0.423728813559322,0.6666666666666666,0.0,1.0,0.0,0.6474130268199233,3.48,0.4978816269095068,0.48157399147586477,u15399,intermediate
0.645372460496614,0.8327822390174776,0.5305191100969766,0.29642857142857143,1.0,1.0,1.0,0.5363536675889062,0.6666666666666666,1.0,0.0,0.0,0.8868596313017306,44.3,0.4784003007201818,0.49733552041371476,u154,intermediate
0.3,0.25,0.21428571428571427,0.4166666666666667,1.0,1.0,1.0,-0.16666666666666669,0.0,5.0,0.0,-0.3333333333333333,0.5744422222222222,0.3,0.45825756949558394,0.3023809523809524,u154978,beginner
0.3333333333333333,0.25,0.2857142857142857,0.4166666666666667,1.0,1.0,1.0,-0.16666666666666669,0.3333333333333333,2.0,0.0,0.0,0.8999977777777778,0.3,0.4714045207910317,0.330952380952381,u155509,beginner
0.5753424657534246,0.8709677419354839,0.4482758620689655,0.15384615384615385,1.0,1.0,1.0,0.71712158808933,1.0,0.0,6.0,0.33333333333333337,0.7251118721461187,0.73,0.49429091925119767,0.41504235475314455,u155653,beginner
0.6219512195121951,0.8222222222222222,0.4583333333333333,0.23076923076923078,1.0,1.0,1.0,0.5914529914529914,0.6666666666666666,0.0,1.0,0.0,0.710160569105691,0.82,0.48489988663587913,0.4400854700854701,u156604,beginner
0.2,0.5,0.14285714285714285,0.16666666666666666,1.0,1.0,1.0,0.33333333333333337,0.3333333333333333,1.0,0.0,0.0,0.5244433333333333,0.3,0.4000000000000001,0.2238095238095238,u156928,beginner
0.2,0.0,0.21428571428571427,0.25,1.0,1.0,1.0,-0.25,0.0,4.0,0.0,-0.3333333333333333,0.1622177777777778,0.3,0.4,0.18571428571428572,u157726,beginner
0.6451612903225806,0.7931034482758621,0.65,0.3076923076923077,1.0,1.0,1.0,0.4854111405835544,0.6666666666666666,0.0,1.0,0.3333333333333333,0.7569876344086022,0.62,0.4784644185223008,0.5416976127320955,u157851,intermediate
0.36,0.5,0.391304347826087,0.15384615384615385,1.0,1.0,1.0,0.34615384615384615,0.0,9.0,0.0,-0.3333333333333333,0.6833313333333333,0.5,0.48,0.31806020066889634,u158718,beginner
0.36666666666666664,0.5,0.35714285714285715,0.3333333333333333,1.0,1.0,1.0,0.16666666666666669,0.0,3.0,0.0,-0.3333333333333333,0.796661111111111,0.3,0.48189440982669857,0.3761904761904762,u159089,beginner
0.6470588235294118,0.7142857142857143,0.6666666666666666,0.0,1.0,1.0,1.0,0.7142857142857143,0.6666666666666666,0.0,1.0,0.3333333333333333,0.8176470588235294,0.17,0.47788461203740945,0.4095238095238095,u15999,beginner
0.7220338983050848,0.8625,0.6632653061224489,0.2702702702702703,1.0,1.0,1.0,0.5922297297297298,1.0,0.0,4.0,0.6666666666666667,1.1512968361581921,2.95,0.44799659374089806,0.5459142305570878,u160285,intermediate
0.3076923076923077,0.3333333333333333,0.0,0.42857142857142855,1.0,1.0,1.0,-0.09523809523809523,0.6666666666666666,0.0,2.0,0.3333333333333333,0.27435384615384617,0.13,0.46153846153846156,0.23809523809523808,u160313,beginner
0.5,1.0,0.5714285714285714,0.25,1.0,1.0,1.0,0.75,0.3333333333333333,0.0,1.0,0.0,1.0411066666666666,0.3,0.5,0.5285714285714286,u160756,intermediate
0.704225352112676,0.9166666666666666,0.6071428571428571,0.0,1.0,1.0,1.0,0.9166666666666666,0.3333333333333333,2.0,0.0,0.0,0.8215953051643192,0.71,0.4563901900287226,0.42619047619047623,u160947,beginner
0.3,0.6666666666666666,0.0,0.25,1.0,1.0,1.0,0.41666666666666663,0.0,6.0,0.0,-0.6666666666666666,0.75666,0.1,0.45825756949558394,0.23333333333333334,u162011,beginner
0.7841726618705036,0.9230769230769231,0.8301886792452831,0.23809523809523808,1.0,1.0,1.0,0.684981684981685,0.3333333333333333,0.0,1.0,-0.3333333333333333,0.5175064748201439,1.39,0.41139506346750493,0.6119289515515931,u162342,intermediate
0.5405405405405406,0.7647058823529411,0.3333333333333333,0.4,1.0,1.0,1.0,0.3647058823529411,0.3333333333333333,0.0,1.0,-0.3333333333333333,0.819818018018018,0.37,0.4983537544482643,0.4462745098039216,u16256,beginner
0.45454545454545453,0.6666666666666666,0.36,0.0,1.0,1.0,1.0,0.6666666666666666,0.0,4.0,0.0,-0.3333333333333333,0.9307337662337662,0.77,0.4979295977319691,0.2773333333333333,u162822,beginner
0.7634049323786793,0.9164677804295943,0.699232943076302,0.432,1.0,1.0,1.0,0.4844677804295943,0.6666666666666666,0.0,1.0,0.3333333333333333,0.958196732962079,62.85,0.42499157826783274,0.6357867333164398,u163717,intermediate
0.59375,0.7586206896551724,0.38596491228070173,0.21052631578947367,1.0,1.0,1.0,0.5480943738656987,0.6666666666666666,1.0,0.0,0.3333333333333333,0.8880189236111111,1.92,0.4911323014219285,0.39032062915910465,u163970,beginner
0.6557377049180327,0.8024132730015083,0.5198776758409785,0.16666666666666666,1.0,1.0,1.0,0.6357466063348417,1.0,0.0,3.0,0.6666666666666667,0.6304793260473588,10.98,0.4751271064324406,0.4351003916033598,u164507,beginner
0.509090909090909,0.7307692307692307,0.4117647058823529,0.16666666666666666,1.0,1.0,1.0,0.5641025641025641,1.0,0.0,3.0,0.6666666666666667,1.1430260606060605,0.55,0.4999173485406371,0.377526395173454,u164814,beginner
0.4,1.0,0.5,0.08333333333333333,1.0,1.0,1.0,0.9166666666666666,0.6666666666666666,1.0,0.0,0.0,1.0533288888888888,0.3,0.4898979485566357,0.43333333333333335,u164942,beginner
0.5555555555555556,0.7894736842105263,0.6071428571428571,0.1875,1.0,1.0,1.0,0.6019736842105263,1.0,0.0,3.0,0.33333333333333337,1.791532275132275,0.63,0.49690399499995336,0.47575187969924815,u165037,intermediate
0.6,1.0,0.6428571428571429,0.4166666666666667,1.0,1.0,1.0,0.5833333333333333,1.0,0.0,3.0,0.33333333333333337,2.614442222222222,0.3,0.48989794855663565,0.6238095238095238,u165120,intermediate
0.36666666666666664,0.5,0.2857142857142857,0.4166666666666667,1.0,1.0,1.0,0.08333333333333331,0.6666666666666666,0.0,1.0,0.3333333333333333,0.25222,0.3,0.48189440982669857,0.380952380952381,u165129,beginner
0.5,0.6875,0.5652173913043478,0.15384615384615385,1.0,1.0,1.0,0.5336538461538461,0.6666666666666666,0.0,2.0,0.0,0.9326897435897437,0.52,0.5,0.42512541806020065,u165293,beginner
0.7659783677482792,0.9219143576826196,0.7326086956521739,0.475,1.0,1.0,1.0,0.44691435768261967,0.6666666666666666,0.0,1.0,-0.33333333333333337,0.686159521468371,10.17,0.4233857672264871,0.6674263497973936,u165892,intermediate
0.7523219814241486,0.9145299145299145,0.7547169811320755,0.3404255319148936,1.0,1.0,1.0,0.574104382615021,0.6666666666666666,1.0,0.0,0.0,0.9951490196078431,3.23,0.43166377852466564,0.6209629881247706,u166019,intermediate
0.6739130434782609,0.926829268292683,0.5555555555555556,0.26666666666666666,1.0,1.0,1.0,0.6601626016260163,1.0,0.0,6.0,0.33333333333333337,0.7836934782608695,0.92,0.4687795359314744,0.5142547425474255,u166048,intermediate
0.6377358490566037,0.7642045454545454,0.4732824427480916,0.14893617021276595,1.0,1.0,1.0,0.6152683752417795,1.0,0.0,14.0,0.6666666666666667,0.8735197484276729,5.3,0.48065459103669916,0.4017283542752521,u166261,beginner
0.5911179173047473,0.7288135593220338,0.3966789667896679,0.2247191011235955,1.0,1.0,1.0,0.5040944581984383,0.3333333333333333,1.0,0.0,0.3333333333333333,0.9970189212183086,19.59,0.49162742513619523,0.39432193902971213,u166417,beginner
0.5666666666666667,1.0,0.5,0.5,1.0,1.0,1.0,0.5,0.6666666666666666,0.0,1.0,0.0,1.02222,0.3,0.4955356249106168,0.6000000000000001,u167271,intermediate
0.6346153846153846,0.868421052631579,0.5652173913043478,0.35,1.0,1.0,1.0,0.518421052631579,0.0,4.0,0.0,-0.6666666666666666,0.7253192307692308,1.04,0.48153784713649667,0.539771167048055,u167400,intermediate
0.7,1.0,0.7857142857142857,0.5,1.0,1.0,1.0,0.5,1.0,0.0,4.0,0.0,1.2799955555555556,0.3,0.45825756949558394,0.7142857142857142,u167792,advanced
0.7314814814814815,0.9662162162162162,0.6830601092896175,0.4752475247524752,1.0,1.0,1.0,0.490968691463741,1.0,0.0,14.0,0.0,0.9645061728395062,4.32,0.44318881273238225,0.6565662968600804,u1678,intermediate
0.6397306397306397,0.7616279069767442,0.5294117647058824,0.21739130434782608,1.0,1.0,1.0,0.5442366026289182,0.6666666666666666,1.0,0.0,-0.33333333333333337,0.8325464646464646,2.97,0.48007848141784704,0.45104680901683225,u168431,intermediate
0.3,1.0,0.2857142857142857,0.08333333333333333,1.0,1.0,1.0,0.9166666666666666,0.3333333333333333,2.0,0.0,-0.6666666666666667,0.6955533333333332,0.3,0.45825756949558394,0.3476190476190476,u168880,beginner
0.5666666666666667,1.0,0.6428571428571429,0.3333333333333333,1.0,1.0,1.0,0.6666666666666667,0.3333333333333333,1.0,0.0,-0.3333333333333333,1.046661111111111,0.3,0.4955356249106168,0.5904761904761905,u169579,intermediate
0.676829268292683,0.8309859154929577,0.6571428571428571,0.2608695652173913,1.0,1.0,1.0,0.5701163502755664,0.3333333333333333,1.0,0.0,-0.6666666666666667,0.5971538617886178,1.64,0.46768729924499164,0.5334021520426909,u169797,intermediate
0.696652719665272,0.7915492957746478,0.4634146341463415,0.21951219512195122,1.0,1.0,1.0,0.5720371006526966,0.6666666666666666,0.0,1.0,0.0,0.6297388423988843,9.56,0.45970393499322143,0.4314805908622467,u170148,beginner
0.325,0.2,0.5,0.16666666666666666,1.0,1.0,1.0,0.033333333333333354,0.3333333333333333,1.0,0.0,0.0,0.32833,0.4,0.4683748498798799,0.3066666666666667,u170357,beginner
0.5242641209228321,0.7426086956521739,0.39338235294117646,0.13043478260869565,1.0,1.0,1.0,0.6121739130434782,0.6666666666666666,0.0,1.0,-0.33333333333333337,0.5854409970830019,12.57,0.4994109054033984,0.35804859335038364,u17046,beginner
0.3333333333333333,1.0,0.21428571428571427,0.25,1.0,1.0,1.0,0.75,0.0,3.0,0.0,-0.6666666666666666,0.14999333333333334,0.3,0.4714045207910316,0.3857142857142857,u171063,beginner
0.43333333333333335,0.5,0.5714285714285714,0.25,1.0,1.0,1.0,0.25,1.0,0.0,3.0,0.33333333333333337,1.0211055555555555,0.3,0.49553562491061676,0.4285714285714286,u171455,beginner
0.4782608695652174,0.9285714285714286,0.45,0.0,1.0,1.0,1.0,0.9285714285714286,0.0,3.0,0.0,-0.3333333333333333,0.9833311594202898,0.46,0.4995271866554808,0.36571428571428577,u171508,beginner
0.2,0.75,0.14285714285714285,0.08333333333333333,1.0,1.0,1.0,0.6666666666666666,0.3333333333333333,2.0,0.0,-0.3333333333333333,0.85222,0.3,0.40000000000000013,0.24047619047619048,u171590,beginner
0.6333333333333333,0.875,0.72,0.3157894736842105,1.0,1.0,1.0,0.5592105263157895,0.3333333333333333,0.0,1.0,0.0,0.8022183333333333,0.6,0.48189440982669873,0.5893157894736842,u172170,intermediate
0.4666666666666667,0.5,0.5714285714285714,0.3333333333333333,1.0,1.0,1.0,0.16666666666666669,0.6666666666666666,0.0,1.0,0.0,0.8744433333333334,0.3,0.49888765156985887,0.46190476190476193,u172531,intermediate
0.5,1.0,0.5,0.3333333333333333,1.0,1.0,1.0,0.6666666666666667,0.6666666666666666,1.0,0.0,-0.33333333333333337,0.9655511111111111,0.3,0.5,0.5333333333333333,u172866,intermediate
0.5384615384615384,1.0,0.6666666666666666,0.2857142857142857,1.0,1.0,1.0,0.7142857142857143,0.3333333333333333,1.0,0.0,0.0,0.838451282051282,0.13,0.4985185152621431,0.580952380952381,u173276,intermediate
0.2,0.0,0.3333333333333333,0.25,1.0,1.0,1.0,-0.25,0.0,4.0,0.0,-0.3333333333333333,0.70666,0.1,0.4000000000000001,0.23333333333333334,u174788,beginner
0.26666666666666666,0.75,0.21428571428571427,0.16666666666666666,1.0,1.0,1.0,0.5833333333333334,0.3333333333333333,1.0,0.0,-0.3333333333333333,0.9377722222222222,0.3,0.4422166387140533,0.3023809523809524,u174828,beginner
0.593103448275862,0.8166666666666667,0.48484848484848486,0.2631578947368421,1.0,1.0,1.0,0.5535087719298246,0.6666666666666666,0.0,2.0,0.3333333333333333,0.7887356321839081,1.45,0.4912552777519483,0.46253588516746413,u17499,intermediate
0.5333333333333333,0.75,0.7142857142857143,0.25,1.0,1.0,1.0,0.5,0.6666666666666666,1.0,0.0,0.3333333333333333,0.9811077777777778,0.3,0.4988876515698589,0.5357142857142858,u176073,intermediate
0.36666666666666664,0.75,0.35714285714285715,0.25,1.0,1.0,1.0,0.5,0.0,5.0,0.0,-0.3333333333333333,0.53555,0.3,0.48189440982669857,0.3928571428571429,u176267,beginner
0.4,0.5,0.42857142857142855,0.3333333333333333,1.0,1.0,1.0,0.16666666666666669,0.3333333333333333,0.0,1.0,0.0,1.2955522222222222,0.3,0.4898979485566357,0.40476190476190477,u176387,beginner
0.23333333333333334,0.5,0.2857142857142857,0.08333333333333333,1.0,1.0,1.0,0.4166666666666667,0.0,7.0,0.0,-0.6666666666666666,0.48221555555555556,0.3,0.4229525846816506,0.24761904761904763,u176715,beginner
0.5333333333333333,0.75,0.6428571428571429,0.3333333333333333,1.0,1.0,1.0,0.4166666666666667,0.6666666666666666,0.0,2.0,0.3333333333333333,0.9688844444444444,0.3,0.49888765156985887,0.5404761904761906,u177093,intermediate
0.4666666666666667,1.0,0.5714285714285714,0.16666666666666666,1.0,1.0,1.0,0.8333333333333334,0.6666666666666666,1.0,0.0,0.3333333333333333,0.8855511111111111,0.3,0.49888765156985887,0.49523809523809526,u177390,intermediate
0.5,1.0,0.6428571428571429,0.16666666666666666,1.0,1.0,1.0,0.8333333333333334,1.0,0.0,5.0,0.6666666666666667,0.9133311111111111,0.3,0.5,0.5238095238095238,u177466,intermediate
0.4666666666666667,0.75,0.7142857142857143,0.08333333333333333,1.0,1.0,1.0,0.6666666666666666,0.6666666666666666,1.0,0.0,0.0,0.9088844444444444,0.3,0.49888765156985887,0.4690476190476191,u177774,intermediate
0.6333333333333333,1.0,0.5714285714285714,0.5833333333333334,1.0,1.0,1.0,0.41666666666666663,0.6666666666666666,0.0,2.0,0.0,0.9255533333333333,0.3,0.48189440982669857,0.661904761904762,u177848,intermediate
0.5,0.8888888888888888,0.5555555555555556,0.15384615384615385,1.0,1.0,1.0,0.735042735042735,0.6666666666666666,1.0,0.0,0.6666666666666666,0.9724983333333334,0.4,0.5,0.46153846153846156,u179713,intermediate
0.43333333333333335,1.0,0.5,0.16666666666666666,1.0,1.0,1.0,0.8333333333333334,0.3333333333333333,1.0,0.0,0.0,1.0177744444444445,0.3,0.4955356249106168,0.4666666666666667,u180075,intermediate
0.32727272727272727,0.5294117647058824,0.24,0.23076923076923078,1.0,1.0,1.0,0.2986425339366516,0.3333333333333333,2.0,0.0,0.0,0.8066624242424242,0.55,0.46921774183868875,0.2941900452488688,u180445,beginner
0.3333333333333333,0.5,0.5,0.08333333333333333,1.0,1.0,1.0,0.4166666666666667,0.6666666666666666,0.0,2.0,0.3333333333333333,1.0333344444444443,0.3,0.4714045207910317,0.33333333333333337,u180670,beginner
0.48333333333333334,0.6774193548387096,0.3488372093023256,0.06666666666666667,1.0,1.0,1.0,0.610752688172043,0.6666666666666666,1.0,0.0,0.6666666666666666,0.5733319444444444,1.2,0.49972214501883166,0.3016854213553388,u180882,beginner
0.3333333333333333,0.25,0.5,0.16666666666666666,1.0,1.0,1.0,0.08333333333333334,0.6666666666666666,1.0,0.0,0.0,1.2166611111111112,0.3,0.4714045207910317,0.31666666666666665,u181055,beginner
0.3111111111111111,0.35714285714285715,0.3684210526315789,0.16666666666666666,1.0,1.0,1.0,0.1904761904761905,0.3333333333333333,2.0,0.0,0.3333333333333333,0.5281437037037037,0.45,0.4629481479111035,0.28546365914786964,u181290,beginner
0.4666666666666667,0.75,0.5,0.3333333333333333,1.0,1.0,1.0,0.4166666666666667,0.3333333333333333,0.0,1.0,-0.3333333333333333,1.4377733333333331,0.3,0.4988876515698589,0.4833333333333334,u181329,intermediate
0.6333333333333333,0.75,0.8571428571428571,0.3333333333333333,1.0,1.0,1.0,0.4166666666666667,0.6666666666666666,0.0,2.0,0.0,1.0511088888888889,0.3,0.48189440982669857,0.6261904761904762,u182283,intermediate
0.3,0.75,0.21428571428571427,0.25,1.0,1.0,1.0,0.5,0.0,5.0,0.0,-0.3333333333333333,0.9433288888888889,0.3,0.45825756949558394,0.33571428571428574,u183606,beginner
0.3,0.0,0.3333333333333333,0.5,1.0,1.0,1.0,-0.5,0.3333333333333333,1.0,0.0,0.0,0.9333266666666666,0.1,0.45825756949558394,0.33333333333333337,u183672,beginner
0.675,1.0,0.7368421052631579,0.42857142857142855,1.0,1.0,1.0,0.5714285714285714,0.6666666666666666,0.0,2.0,0.0,0.7216633333333334,0.4,0.4683748498798798,0.6661654135338346,u185571,intermediate
0.6,0.75,0.7142857142857143,0.4166666666666667,1.0,1.0,1.0,0.3333333333333333,1.0,0.0,3.0,0.0,0.8066622222222222,0.3,0.48989794855663565,0.6023809523809525,u185803,intermediate
0.46153846153846156,0.6666666666666666,0.3333333333333333,0.42857142857142855,1.0,1.0,1.0,0.23809523809523808,0.3333333333333333,2.0,0.0,-0.3333333333333333,0.2846051282051282,0.13,0.49851851526214314,0.4380952380952381,u186303,beginner
0.4166666666666667,0.6666666666666666,0.5,0.21428571428571427,1.0,1.0,1.0,0.45238095238095233,0.3333333333333333,2.0,0.0,-0.6666666666666667,0.6527731481481481,0.36,0.4930066485916347,0.4190476190476191,u186603,beginner
0.6013579049466538,0.7636022514071295,0.5341614906832298,0.23295454545454544,1.0,1.0,1.0,0.530647705952584,1.0,0.0,8.0,0.6666666666666667,1.1001557710960232,10.31,0.48961880591417756,0.459566864736536,u18662,intermediate
0.5245901639344263,0.7333333333333333,0.3157894736842105,0.3333333333333333,1.0,1.0,1.0,0.39999999999999997,0.6666666666666666,1.0,0.0,0.0,0.932784699453552,0.61,0.4993949577615677,0.4063157894736842,u186700,beginner
0.5793103448275863,0.75,0.43902439024390244,0.15,1.0,1.0,1.0,0.6,0.6666666666666666,0.0,1.0,0.0,0.928503908045977,1.45,0.49366979774271125,0.38560975609756104,u187027,beginner
0.26666666666666666,0.25,0.35714285714285715,0.16666666666666666,1.0,1.0,1.0,0.08333333333333334,0.0,3.0,0.0,-1.0,0.7055511111111111,0.3,0.4422166387140533,0.25952380952380955,u187107,beginner
0.6376811594202898,0.7702702702702703,0.5531914893617021,0.29411764705882354,1.0,1.0,1.0,0.47615262321144675,0.6666666666666666,0.0,1.0,0.0,0.6480673913043479,1.38,0.48067025947179703,0.49297770862226437,u188042,intermediate
0.7363494539781591,0.9346733668341709,0.7436708860759493,0.40476190476190477,1.0,1.0,1.0,0.5299114620722661,1.0,0.0,6.0,0.6666666666666667,0.5407691627665107,6.41,0.44061200120312893,0.6463077897019758,u188332,intermediate
0.6733668341708543,0.8618421052631579,0.6113989637305699,0.3584905660377358,1.0,1.0,1.0,0.503351539225422,0.3333333333333333,1.0,0.0,-0.3333333333333333,0.5113065326633166,3.98,0.4689818128771899,0.5603242329599539,u18848,intermediate
0.4,0.6666666666666666,0.5,0.0,1.0,1.0,1.0,0.6666666666666666,0.0,3.0,0.0,0.0,0.43,0.1,0.48989794855663565,0.33333333333333337,u1885,beginner
0.3576158940397351,0.7142857142857143,0.34523809523809523,0.1282051282051282,1.0,1.0,1.0,0.5860805860805861,0.3333333333333333,2.0,0.0,-0.3333333333333333,1.087858719646799,1.51,0.4792982019264166,0.3322344322344322,u18894,beginner
0.6850393700787402,0.9,0.7096774193548387,0.45714285714285713,1.0,1.0,1.0,0.4428571428571429,0.6666666666666666,1.0,0.0,0.3333333333333333,0.6779524934383203,1.27,0.46450019539378345,0.6467281105990783,u189538,intermediate
0.36585365853658536,0.8461538461538461,0.1875,0.08333333333333333,1.0,1.0,1.0,0.7628205128205128,0.6666666666666666,1.0,0.0,0.3333333333333333,0.43252032520325207,0.41,0.4816687233690609,0.2775641025641026,u189709,beginner
0.3333333333333333,0.75,0.42857142857142855,0.08333333333333333,1.0,1.0,1.0,0.6666666666666666,0.3333333333333333,1.0,0.0,0.0,1.0755511111111111,0.3,0.4714045207910317,0.3547619047619048,u190259,beginner
0.2,0.0,0.2857142857142857,0.16666666666666666,1.0,1.0,1.0,-0.16666666666666666,0.3333333333333333,0.0,1.0,0.3333333333333333,0.05333333333333334,0.3,0.40000000000000013,0.18095238095238095,u192013,beginner
0.3333333333333333,0.45,0.2857142857142857,0.23076923076923078,1.0,1.0,1.0,0.21923076923076923,0.6666666666666666,1.0,0.0,0.0,0.5950574074074074,0.54,0.4714045207910317,0.2965934065934066,u192234,beginner
0.3,0.5,0.35714285714285715,0.16666666666666666,1.0,1.0,1.0,0.33333333333333337,0.0,3.0,0.0,-0.6666666666666666,0.9077766666666667,0.3,0.45825756949558394,0.30952380952380953,u192261,beginner
0.36666666666666664,1.0,0.42857142857142855,0.08333333333333333,1.0,1.0,1.0,0.9166666666666666,0.6666666666666666,1.0,0.0,0.3333333333333333,0.9766622222222222,0.3,0.48189440982669857,0.40476190476190477,u192941,beginner
0.45,0.6666666666666666,0.5625,0.08333333333333333,1.0,1.0,1.0,0.5833333333333333,1.0,0.0,3.0,1.0,1.0308291666666667,0.4,0.49749371855331004,0.39166666666666666,u193424,beginner
0.3,0.5,0.5,0.0,1.0,1.0,1.0,0.5,0.6666666666666666,1.0,0.0,0.0,1.074438888888889,0.3,0.45825756949558394,0.30000000000000004,u193449,beginner
0.8100289296046287,0.9257950530035336,0.7555555555555555,0.3963963963963964,1.0,1.0,1.0,0.5293986566071371,0.3333333333333333,0.0,1.0,-0.6666666666666667,1.0442274831243972,10.37,0.39227804273016376,0.6459397913814875,u193996,intermediate
0.8240740740740741,0.9411764705882353,0.8979591836734694,0.52,1.0,1.0,1.0,0.42117647058823526,0.6666666666666666,1.0,0.0,-0.33333333333333337,1.3302462962962964,1.08,0.38075713323985355,0.7554189675870349,u194143,advanced
0.6473029045643154,0.8170731707317073,0.3283582089552239,0.0,1.0,1.0,1.0,0.8170731707317073,0.6666666666666666,1.0,0.0,0.0,0.7997228215767634,2.41,0.47780943304513795,0.294757917728431,u194309,beginner
0.7,1.0,0.8571428571428571,0.4166666666666667,1.0,1.0,1.0,0.5833333333333333,1.0,0.0,3.0,0.33333333333333337,0.6766655555555555,0.3,0.45825756949558394,0.7095238095238097,u194648,advanced
0.55,0.6818181818181818,0.5769230769230769,0.25,1.0,1.0,1.0,0.43181818181818177,1.0,0.0,6.0,0.33333333333333337,0.7577766666666667,0.6,0.49749371855331,0.46713286713286706,u194903,intermediate
0.4,1.0,0.35714285714285715,0.25,1.0,1.0,1.0,0.75,0.3333333333333333,2.0,0.0,0.0,0.7233288888888888,0.3,0.48989794855663565,0.44285714285714284,u195269,beginner
0.7405405405405405,0.8636363636363636,0.8235294117647058,0.5178571428571429,1.0,1.0,1.0,0.34577922077922074,0.6666666666666666,0.0,1.0,0.3333333333333333,0.6390976576576577,1.85,0.43833805259920633,0.7092818945760123,u195404,advanced
0.4909090909090909,0.7192982456140351,0.3157894736842105,0.06666666666666667,1.0,1.0,1.0,0.6526315789473685,0.0,3.0,0.0,-0.6666666666666666,0.8630296969696969,1.1,0.499917348540637,0.2968421052631579,u195873,beginner
0.5704697986577181,0.7752808988764045,0.3333333333333333,0.06666666666666667,1.0,1.0,1.0,0.7086142322097378,1.0,0.0,3.0,0.33333333333333337,0.816327293064877,1.49,0.4950090983781416,0.31505617977528094,u196003,beginner
0.5666666666666667,1.0,0.7857142857142857,0.16666666666666666,1.0,1.0,1.0,0.8333333333333334,0.6666666666666666,1.0,0.0,0.0,0.9311066666666666,0.3,0.4955356249106168,0.5809523809523809,u196725,intermediate
0.6,0.9411764705882353,0.6,0.15384615384615385,1.0,1.0,1.0,0.7873303167420814,1.0,0.0,3.0,0.6666666666666667,0.8846653333333333,0.5,0.48989794855663565,0.4897737556561086,u197018,intermediate
0.2,0.0,0.14285714285714285,0.3333333333333333,1.0,1.0,1.0,-0.3333333333333333,0.3333333333333333,1.0,0.0,0.0,1.0811066666666667,0.3,0.4000000000000001,0.19047619047619047,u197375,beginner
0.4666666666666667,0.75,0.6428571428571429,0.16666666666666666,1.0,1.0,1.0,0.5833333333333334,0.6666666666666666,1.0,0.0,0.6666666666666666,1.5155522222222222,0.3,0.49888765156985887,0.47380952380952385,u197570,intermediate
0.45714285714285713,0.8571428571428571,0.4666666666666667,0.23076923076923078,1.0,1.0,1.0,0.6263736263736264,0.3333333333333333,0.0,1.0,0.0,0.9752371428571428,0.35,0.49815987926179134,0.45040293040293045,u197582,intermediate
0.4146341463414634,1.0,0.42857142857142855,0.07692307692307693,1.0,1.0,1.0,0.9230769230769231,0.0,3.0,0.0,-0.3333333333333333,0.9154439024390244,0.41,0.492658777481077,0.4021978021978022,u198334,beginner
0.6851428571428572,0.8717632552404438,0.6128,0.3471337579617834,1.0,1.0,1.0,0.5246294972786605,1.0,0.0,6.0,0.0,1.2919783809523808,17.5,0.46445895668937165,0.5583261542328022,u19928,intermediate
0.6875,0.9444444444444444,0.6744186046511628,0.47368421052631576,1.0,1.0,1.0,0.47076023391812866,0.3333333333333333,2.0,0.0,0.0,1.0366666666666666,0.8,0.46351240544347894,0.6481300149598803,u200165,intermediate
0.5,1.0,0.6428571428571429,0.16666666666666666,1.0,1.0,1.0,0.8333333333333334,0.3333333333333333,1.0,0.0,-0.3333333333333333,0.9211077777777777,0.3,0.5,0.5238095238095238,u200472,intermediate
0.6533333333333333,0.8928571428571429,0.6785714285714286,0.2631578947368421,1.0,1.0,1.0,0.6296992481203008,0.6666666666666666,1.0,0.0,0.3333333333333333,0.9004408888888888,0.75,0.47590848793532653,0.5552631578947369,u201157,intermediate
0.7112010796221323,0.8469626168224299,0.5822306238185255,0.21649484536082475,1.0,1.0,1.0,0.6304677714616052,0.6666666666666666,0.0,1.0,0.6666666666666666,0.7916328385065228,14.82,0.45320426296146615,0.48888271103622616,u20122,intermediate
0.6728971962616822,0.7829457364341085,0.5571428571428572,0.26666666666666666,1.0,1.0,1.0,0.5162790697674418,0.6666666666666666,0.0,1.0,0.0,0.6647973520249222,2.14,0.4691551550658368,0.48611295681063127,u201581,intermediate
0.4,1.0,0.5,0.08333333333333333,1.0,1.0,1.0,0.9166666666666666,0.3333333333333333,1.0,0.0,0.0,0.8811044444444445,0.3,0.48989794855663565,0.43333333333333335,u202462,beginner
0.23333333333333334,0.75,0.2857142857142857,0.0,1.0,1.0,1.0,0.75,0.0,3.0,0.0,0.0,0.8299944444444444,0.3,0.4229525846816506,0.2642857142857143,u202591,beginner
0.26666666666666666,0.5,0.2857142857142857,0.16666666666666666,1.0,1.0,1.0,0.33333333333333337,0.0,3.0,0.0,-0.6666666666666666,0.765548888888889,0.3,0.4422166387140533,0.28095238095238095,u202825,beginner
0.3643835616438356,0.5703703703703704,0.3382352941176471,0.10638297872340426,1.0,1.0,1.0,0.4639873916469662,0.0,7.0,0.0,-0.6666666666666666,1.0251142465753424,3.65,0.4812568769873203,0.29192138321049466,u20288,beginner
0.3,0.75,0.35714285714285715,0.08333333333333333,1.0,1.0,1.0,0.6666666666666666,0.0,4.0,0.0,-0.6666666666666666,0.6899955555555555,0.3,0.45825756949558394,0.32619047619047625,u204058,beginner
0.7096774193548387,0.8181818181818182,0.8064516129032258,0.5,1.0,1.0,1.0,0.31818181818181823,0.3333333333333333,2.0,0.0,-0.6666666666666667,0.4962354838709677,0.62,0.45391120256355777,0.686217008797654,u204323,intermediate
0.48,0.75,0.45,0.21428571428571427,1.0,1.0,1.0,0.5357142857142857,0.3333333333333333,1.0,0.0,0.0,0.9913313333333333,0.5,0.49959983987187184,0.4157142857142858,u205239,beginner
0.6417910447761194,0.9523809523809523,0.5806451612903226,0.3333333333333333,1.0,1.0,1.0,0.6190476190476191,1.0,0.0,3.0,0.33333333333333337,0.6751228855721393,0.67,0.4794739822151943,0.5560675883256528,u205661,intermediate
0.44,0.75,0.3684210526315789,0.2,1.0,1.0,1.0,0.55,0.3333333333333333,1.0,0.0,-0.6666666666666667,1.4999973333333332,0.5,0.4963869458396343,0.37736842105263163,u205878,beginner
0.8666666666666667,1.0,0.9285714285714286,0.75,1.0,1.0,1.0,0.25,1.0,0.0,4.0,0.0,0.7966666666666666,0.3,0.33993463423951903,0.8714285714285714,u206184,advanced
0.36666666666666664,1.0,0.35714285714285715,0.16666666666666666,1.0,1.0,1.0,0.8333333333333334,0.0,5.0,0.0,-0.3333333333333333,0.5766611111111111,0.3,0.48189440982669857,0.4095238095238095,u207693,beginner
0.17391304347826086,0.3333333333333333,0.1111111111111111,0.18181818181818182,1.0,1.0,1.0,0.1515151515151515,0.0,3.0,0.0,-0.3333333333333333,1.074636231884058,0.23,0.3790346907426672,0.18383838383838386,u207870,beginner
0.5,0.6666666666666666,0.7142857142857143,0.16666666666666666,1.0,1.0,1.0,0.5,0.6666666666666666,0.0,1.0,0.3333333333333333,1.2479083333333334,0.32,0.5,0.48571428571428577,u208226,intermediate
0.4,1.0,0.0,0.25,1.0,1.0,1.0,0.75,0.3333333333333333,0.0,1.0,0.0,1.4499966666666668,0.1,0.4898979485566356,0.30000000000000004,u208284,beginner
0.7333333333333333,1.0,0.7142857142857143,0.6666666666666666,1.0,1.0,1.0,0.33333333333333337,1.0,0.0,4.0,0.6666666666666667,1.0522166666666666,0.3,0.44221663871405337,0.7523809523809524,u208594,advanced
0.43333333333333335,1.0,0.35714285714285715,0.3333333333333333,1.0,1.0,1.0,0.6666666666666667,0.3333333333333333,0.0,1.0,-0.3333333333333333,1.00111,0.3,0.4955356249106168,0.47619047619047616,u208706,intermediate
0.4,1.0,0.42857142857142855,0.16666666666666666,1.0,1.0,1.0,0.8333333333333334,0.0,4.0,0.0,-0.6666666666666666,1.13333,0.3,0.48989794855663565,0.4380952380952381,u208724,beginner
0.391304347826087,0.5813953488372093,0.3142857142857143,0.0,1.0,1.0,1.0,0.5813953488372093,0.6666666666666666,0.0,1.0,0.3333333333333333,0.7445644927536232,0.92,0.4880422678400793,0.2419933554817276,u208936,beginner
0.3,0.75,0.21428571428571427,0.25,1.0,1.0,1.0,0.5,0.3333333333333333,0.0,1.0,0.0,0.6000022222222222,0.3,0.45825756949558394,0.33571428571428574,u209039,beginner
0.3,1.0,0.21428571428571427,0.16666666666666666,1.0,1.0,1.0,0.8333333333333334,0.0,3.0,0.0,-0.3333333333333333,1.892218888888889,0.3,0.45825756949558394,0.35238095238095235,u209309,beginner
0.36363636363636365,0.6666666666666666,0.5,0.0,1.0,1.0,1.0,0.6666666666666666,0.0,3.0,0.0,-0.6666666666666666,0.7999909090909091,0.11,0.48104569292083466,0.33333333333333337,u209312,beginner
0.6333333333333333,0.75,0.8571428571428571,0.3333333333333333,1.0,1.0,1.0,0.4166666666666667,1.0,0.0,8.0,0.0,1.1788877777777778,0.3,0.4818944098266986,0.6261904761904762,u209471,intermediate
0.42,0.7058823529411765,0.3333333333333333,0.16666666666666666,1.0,1.0,1.0,0.5392156862745099,0.3333333333333333,0.0,1.0,0.3333333333333333,0.95333,0.5,0.4935585071701226,0.3411764705882353,u209553,beginner
0.46774193548387094,0.625,0.44,0.23076923076923078,1.0,1.0,1.0,0.3942307692307692,0.6666666666666666,1.0,0.0,0.3333333333333333,0.7989247311827957,0.62,0.4989583322018715,0.39330769230769236,u209759,beginner
0.7445255474452555,0.9545454545454546,0.7428571428571429,0.34782608695652173,1.0,1.0,1.0,0.6067193675889329,0.6666666666666666,1.0,0.0,0.0,0.7228700729927007,1.37,0.43612756923473445,0.6271823828345567,u210018,intermediate
0.36666666666666664,1.0,0.42857142857142855,0.08333333333333333,1.0,1.0,1.0,0.9166666666666666,0.0,3.0,0.0,-0.3333333333333333,0.8977733333333333,0.3,0.48189440982669857,0.40476190476190477,u210206,beginner
0.5306971904266389,0.7384615384615385,0.4092140921409214,0.1678832116788321,1.0,1.0,1.0,0.5705783267827064,0.0,14.0,0.0,-0.6666666666666666,0.9426291016302463,9.61,0.4990567928602022,0.37853122922020915,u210730,beginner
0.5774518790100825,0.7423312883435583,0.5559038662486938,0.3,1.0,1.0,1.0,0.44233128834355834,0.3333333333333333,1.0,0.0,-0.6666666666666667,1.5056662694775436,21.82,0.4939647825886047,0.49082780416818916,u21241,intermediate
0.5571428571428572,0.7878787878787878,0.5416666666666666,0.0,1.0,1.0,1.0,0.7878787878787878,1.0,0.0,5.0,0.6666666666666667,0.9880938095238095,0.7,0.496723961448963,0.37424242424242427,u213452,beginner
0.23333333333333334,0.25,0.21428571428571427,0.25,1.0,1.0,1.0,0.0,0.0,5.0,0.0,-0.6666666666666666,0.38555,0.3,0.4229525846816506,0.23571428571428574,u213766,beginner
0.85,0.8888888888888888,0.8421052631578947,0.8333333333333334,1.0,1.0,1.0,0.05555555555555547,1.0,0.0,5.0,0.0,0.81583,0.4,0.3570714214271425,0.847953216374269,u213858,advanced
0.6745182012847966,0.7859778597785978,0.5654761904761905,0.25,1.0,1.0,1.0,0.5359778597785978,1.0,0.0,3.0,0.6666666666666667,0.7663810135617416,4.67,0.46855458318142534,0.4833860481461958,u214498,intermediate
0.6662763466042154,0.8207792207792208,0.595108695652174,0.33663366336633666,1.0,1.0,1.0,0.4841455574128842,0.6666666666666666,0.0,2.0,0.0,0.44668161592505856,8.54,0.4715423380354672,0.5368527877632484,u214828,intermediate
0.375,0.6666666666666666,0.5,0.0,1.0,1.0,1.0,0.6666666666666666,0.3333333333333333,0.0,1.0,0.3333333333333333,1.1041641666666668,0.4,0.4841229182759271,0.33333333333333337,u215161,beginner
0.6971830985915493,0.8888888888888888,0.6885245901639344,0.5555555555555556,1.0,1.0,1.0,0.33333333333333326,0.3333333333333333,0.0,1.0,-0.6666666666666667,0.6863833333333333,1.42,0.45947668670982145,0.6754098360655738,u215225,intermediate
0.7549019607843137,1.0,0.8913043478260869,0.4117647058823529,1.0,1.0,1.0,0.5882352941176471,0.6666666666666666,1.0,0.0,-0.33333333333333337,0.7637238562091504,1.02,0.430145313107457,0.7212276214833759,u215987,advanced
0.65625,0.8378378378378378,0.7317073170731707,0.1111111111111111,1.0,1.0,1.0,0.7267267267267268,0.6666666666666666,1.0,0.0,0.6666666666666666,0.6572909722222222,0.96,0.47495887979908324,0.5046949388412802,u217287,intermediate
0.5666666666666667,1.0,0.7142857142857143,0.25,1.0,1.0,1.0,0.75,1.0,0.0,6.0,0.6666666666666667,1.0188866666666667,0.3,0.4955356249106168,0.5857142857142857,u218464,intermediate
0.4090909090909091,1.0,0.25,0.36363636363636365,1.0,1.0,1.0,0.6363636363636364,0.3333333333333333,0.0,1.0,-0.3333333333333333,0.6742348484848485,0.22,0.4916660830178166,0.44545454545454555,u219347,beginner
0.52,0.8823529411764706,0.35,0.3076923076923077,1.0,1.0,1.0,0.5746606334841629,0.6666666666666666,1.0,0.0,0.3333333333333333,0.826664,0.5,0.49959983987187184,0.4395475113122172,u219500,beginner
0.43333333333333335,0.75,0.35714285714285715,0.4166666666666667,1.0,1.0,1.0,0.3333333333333333,0.3333333333333333,0.0,1.0,-0.3333333333333333,0.9377722222222222,0.3,0.49553562491061687,0.4595238095238096,u219754,intermediate
0.6847932269619017,0.8503105590062112,0.5682403433476395,0.24324324324324326,1.0,1.0,1.0,0.607067315762968,1.0,0.0,3.0,0.6666666666666667,0.8619000868338217,30.71,0.46459817398372016,0.49465554643759535,u219782,intermediate
0.36666666666666664,0.75,0.42857142857142855,0.16666666666666666,1.0,1.0,1.0,0.5833333333333334,0.0,4.0,0.0,-0.3333333333333333,0.4477722222222222,0.3,0.48189440982669857,0.3880952380952381,u219806,beginner
0.46,0.625,0.4090909090909091,0.3333333333333333,1.0,1.0,1.0,0.2916666666666667,0.3333333333333333,2.0,0.0,-0.3333333333333333,0.8773326666666666,0.5,0.49839743177508455,0.421969696969697,u219839,beginner
0.3333333333333333,0.5,0.35714285714285715,0.25,1.0,1.0,1.0,0.25,0.3333333333333333,2.0,0.0,-0.3333333333333333,0.61333,0.3,0.4714045207910317,0.34285714285714286,u220124,beginner
0.6,0.8461538461538461,0.6896551724137931,0.2777777777777778,1.0,1.0,1.0,0.5683760683760684,1.0,0.0,3.0,1.0,0.6183311111111112,0.6,0.48989794855663565,0.5562039493073977,u220290,intermediate
0.26666666666666666,1.0,0.21428571428571427,0.08333333333333333,1.0,1.0,1.0,0.9166666666666666,0.0,4.0,0.0,-0.3333333333333333,1.1488855555555555,0.3,0.4422166387140533,0.319047619047619,u220790,beginner
0.8333333333333334,0.8333333333333334,0.0,0.0,1.0,0.0,0.0,0.0,0.3333333333333333,1.0,0.0,-0.6666666666666667,0.8333333333333334,0.12,0.37267799624996495,0.16666666666666669,u22094,beginner
0.4,0.5,0.42857142857142855,0.3333333333333333,1.0,1.0,1.0,0.16666666666666669,0.0,5.0,0.0,0.0,0.5311055555555555,0.3,0.48989794855663565,0.40476190476190477,u221110,beginner
0.36666666666666664,0.75,0.5,0.08333333333333333,1.0,1.0,1.0,0.6666666666666666,0.6666666666666666,1.0,0.0,0.3333333333333333,1.172218888888889,0.3,0.48189440982669857,0.38333333333333336,u221268,beginner
0.46153846153846156,1.0,0.6666666666666666,0.14285714285714285,1.0,1.0,1.0,0.8571428571428572,0.0,6.0,0.0,-1.0,1.0615333333333334,0.13,0.4985185152621432,0.5238095238095238,u222361,intermediate
0.5368421052631579,0.6444444444444445,0.4489795918367347,0.0,1.0,1.0,1.0,0.6444444444444445,0.6666666666666666,1.0,0.0,0.0,1.607719298245614,0.95,0.49864081188745313,0.3084807256235828,u223343,beginner
0.7333333333333333,0.85,0.42857142857142855,0.6666666666666666,1.0,1.0,1.0,0.18333333333333335,0.6666666666666666,0.0,1.0,0.3333333333333333,0.6,0.3,0.4422166387140533,0.608095238095238,u22346,intermediate
0.2,0.25,0.21428571428571427,0.16666666666666666,1.0,1.0,1.0,0.08333333333333334,0.0,12.0,0.0,-0.3333333333333333,0.29221777777777774,0.3,0.4000000000000001,0.20238095238095238,u224124,beginner
0.7956989247311828,0.9361702127659575,0.7931034482758621,0.4117647058823529,1.0,1.0,1.0,0.5244055068836045,1.0,0.0,4.0,0.33333333333333337,0.8845870967741936,0.93,0.4031899625645736,0.6691813042164775,u22418,intermediate
0.584958217270195,0.6703296703296703,0.35294117647058826,0.16666666666666666,1.0,1.0,1.0,0.5036630036630036,0.3333333333333333,2.0,0.0,-0.3333333333333333,1.0202403899721448,3.59,0.4927292373284443,0.34190907132083603,u224340,beginner
0.7906976744186046,0.9506172839506173,0.696969696969697,0.13333333333333333,1.0,1.0,1.0,0.817283950617284,0.3333333333333333,1.0,0.0,-0.3333333333333333,0.7165348837209303,1.29,0.40681059731478836,0.5222446689113356,u225052,intermediate
0.7692307692307693,1.0,0.6666666666666666,0.7142857142857143,1.0,1.0,1.0,0.2857142857142857,0.3333333333333333,0.0,1.0,-0.3333333333333333,0.5333282051282051,0.13,0.42132504423474315,0.7523809523809524,u225390,advanced
0.3333333333333333,0.5,0.21428571428571427,0.4166666666666667,1.0,1.0,1.0,0.08333333333333331,0.3333333333333333,1.0,0.0,0.3333333333333333,0.24221444444444445,0.3,0.4714045207910317,0.3523809523809524,u225534,beginner
0.4567901234567901,0.7142857142857143,0.36363636363636365,0.25,1.0,1.0,1.0,0.4642857142857143,0.0,5.0,0.0,-0.3333333333333333,0.6584341563786008,0.81,0.4981294074526423,0.3883116883116884,u225670,beginner
0.778111846061335,0.8930581613508443,0.6503340757238307,0.33783783783783783,1.0,1.0,1.0,0.5552203235130064,0.3333333333333333,0.0,1.0,0.0,0.7454803768290238,16.63,0.41551630663592054,0.5738803976948363,u228702,intermediate
0.42990654205607476,0.6956521739130435,0.4642857142857143,0.14285714285714285,1.0,1.0,1.0,0.5527950310559007,0.3333333333333333,1.0,0.0,-0.6666666666666667,0.9545171339563863,1.07,0.49506252852893556,0.38198757763975155,u2295,beginner
0.325,0.8,0.17647058823529413,0.15384615384615385,1.0,1.0,1.0,0.6461538461538462,0.0,4.0,0.0,-0.3333333333333333,0.9166650000000001,0.4,0.4683748498798799,0.29212669683257925,u230184,beginner
0.6428571428571429,0.7627118644067796,0.6527777777777778,0.30434782608695654,1.0,1.0,1.0,0.4583640383198231,0.6666666666666666,0.0,1.0,0.0,0.6854969696969697,1.54,0.4791574237499549,0.5353926144272496,u230496,intermediate
0.3,0.5,0.21428571428571427,0.3333333333333333,1.0,1.0,1.0,0.16666666666666669,0.3333333333333333,1.0,0.0,0.0,2.035553333333333,0.3,0.45825756949558394,0.319047619047619,u231259,beginner
0.6275395033860045,0.7553093259464451,0.45616883116883117,0.1780821917808219,1.0,1.0,1.0,0.5772271341656232,1.0,0.0,6.0,0.33333333333333337,0.718077445447705,17.72,0.48346010701613357,0.40476227436915024,u232359,beginner
0.7035714285714286,0.8587896253602305,0.6469072164948454,0.4,1.0,1.0,1.0,0.4587896253602305,1.0,0.0,3.0,0.33333333333333337,0.6046426190476191,8.4,0.45668224562532284,0.5905208116699843,u232584,intermediate
0.6025641025641025,0.7682926829268293,0.4791666666666667,0.3076923076923077,1.0,1.0,1.0,0.4606003752345216,0.3333333333333333,2.0,0.0,0.0,0.5732897435897436,1.56,0.48936755599980286,0.4684021263289556,u232967,intermediate
0.7434292866082604,0.8705882352941177,0.6655172413793103,0.36904761904761907,1.0,1.0,1.0,0.5015406162464986,1.0,0.0,6.0,0.33333333333333337,0.5281182311222361,7.99,0.43674040621562993,0.5879435912295953,u233509,intermediate
0.36666666666666664,0.75,0.42857142857142855,0.16666666666666666,1.0,1.0,1.0,0.5833333333333334,0.0,3.0,0.0,-0.3333333333333333,1.3488844444444443,0.3,0.48189440982669857,0.3880952380952381,u234567,beginner
0.7638095238095238,0.8860759493670886,0.7174887892376681,0.47692307692307695,1.0,1.0,1.0,0.4091528724440116,1.0,0.0,7.0,0.6666666666666667,0.7394918095238096,5.25,0.42474055039210973,0.6549799363377158,u234908,intermediate
0.5642857142857143,0.75,0.43478260869565216,0.1111111111111111,1.0,1.0,1.0,0.6388888888888888,0.3333333333333333,2.0,0.0,-0.6666666666666667,0.6197614285714286,1.4,0.4958501254802458,0.36835748792270534,u235507,beginner
0.5666666666666667,1.0,0.6,0.2222222222222222,1.0,1.0,1.0,0.7777777777777778,0.3333333333333333,1.0,0.0,-0.6666666666666667,0.5522222222222223,0.3,0.49553562491061676,0.5288888888888889,u23574,intermediate
0.48333333333333334,0.6666666666666666,0.43478260869565216,0.23076923076923078,1.0,1.0,1.0,0.43589743589743585,0.6666666666666666,1.0,0.0,0.0,0.7488866666666666,0.6,0.49972214501883166,0.3995540691192865,u235868,beginner
0.6201550387596899,0.8571428571428571,0.38636363636363635,0.4090909090909091,1.0,1.0,1.0,0.448051948051948,0.0,3.0,0.0,-1.0,0.8550369509043928,1.29,0.4853480881394892,0.4896103896103896,u23672,intermediate
0.6041666666666666,0.8421052631578947,0.5980392156862745,0.4444444444444444,1.0,1.0,1.0,0.39766081871345027,0.3333333333333333,2.0,0.0,-0.6666666666666667,1.2334716666666667,2.4,0.4890289414293959,0.5854145166838666,u23718,intermediate
0.5526315789473685,0.88,0.5,0.21052631578947367,1.0,1.0,1.0,0.6694736842105263,0.3333333333333333,2.0,0.0,0.0,0.8131565789473685,0.76,0.49722220072871537,0.46021052631578946,u238054,intermediate
0.8,1.0,0.7857142857142857,0.75,1.0,1.0,1.0,0.25,1.0,0.0,3.0,0.0,0.79555,0.3,0.4,0.8142857142857143,u238883,advanced
0.3,1.0,0.35714285714285715,0.0,1.0,1.0,1.0,1.0,0.3333333333333333,2.0,0.0,0.0,1.5377733333333332,0.3,0.45825756949558405,0.34285714285714286,u239741,beginner
0.3333333333333333,0.5,0.42857142857142855,0.16666666666666666,1.0,1.0,1.0,0.33333333333333337,0.0,8.0,0.0,0.0,0.6966644444444445,0.3,0.4714045207910316,0.3380952380952381,u240058,beginner
0.6842105263157895,1.0,0.5,0.3333333333333333,1.0,1.0,1.0,0.6666666666666667,0.6666666666666666,0.0,1.0,0.3333333333333333,1.166657894736842,0.19,0.46482951928041294,0.5333333333333333,u240666,intermediate
0.543859649122807,0.85,0.5416666666666666,0.07692307692307693,1.0,1.0,1.0,0.773076923076923,0.0,3.0,0.0,-0.6666666666666666,0.8122783625730994,0.57,0.4980726163711716,0.4174358974358975,u241346,beginner
0.6470588235294118,0.7619047619047619,0.7619047619047619,0.1111111111111111,1.0,1.0,1.0,0.6507936507936507,0.6666666666666666,0.0,2.0,0.0,0.6372542483660131,0.51,0.4778846120374094,0.5015873015873016,u241482,intermediate
0.6902985074626866,0.865546218487395,0.6016260162601627,0.3076923076923077,1.0,1.0,1.0,0.5578539107950873,1.0,0.0,4.0,0.6666666666666667,0.75671592039801,2.68,0.4623704986885234,0.5368365732784672,u242592,intermediate
0.38461538461538464,1.0,0.0,0.2857142857142857,1.0,1.0,1.0,0.7142857142857143,0.0,3.0,0.0,-0.6666666666666666,1.320505128205128,0.13,0.48650425541051995,0.3142857142857143,u243023,beginner
0.5,0.75,0.7142857142857143,0.16666666666666666,1.0,1.0,1.0,0.5833333333333334,1.0,0.0,3.0,0.6666666666666667,1.04555,0.3,0.5,0.5023809523809525,u243052,intermediate
0.6153846153846154,1.0,1.0,0.2857142857142857,1.0,1.0,1.0,0.7142857142857143,0.3333333333333333,0.0,1.0,-0.3333333333333333,0.815374358974359,0.13,0.48650425541051995,0.7142857142857144,u243143,advanced
0.2619047619047619,0.3076923076923077,0.29411764705882354,0.16666666666666666,1.0,1.0,1.0,0.14102564102564105,0.6666666666666666,0.0,2.0,0.0,0.5999976190476191,0.42,0.43967107887189016,0.24585218702865763,u243870,beginner
0.7054945054945055,0.8947368421052632,0.5855263157894737,0.19642857142857142,1.0,1.0,1.0,0.6983082706766918,0.6666666666666666,0.0,1.0,0.0,0.751865054945055,4.55,0.45582014897497525,0.4917293233082707,u244226,intermediate
0.36666666666666664,0.75,0.42857142857142855,0.16666666666666666,1.0,1.0,1.0,0.5833333333333334,0.3333333333333333,0.0,1.0,-0.3333333333333333,0.9622177777777777,0.3,0.48189440982669857,0.3880952380952381,u244489,beginner
0.5543478260869565,0.8620689655172413,0.5555555555555556,0.05555555555555555,1.0,1.0,1.0,0.8065134099616857,0.3333333333333333,0.0,1.0,0.3333333333333333,1.636955072463768,0.92,0.4970375376162468,0.4168582375478927,u244730,beginner
0.7906976744186046,1.0,0.8372093023255814,0.56,1.0,1.0,1.0,0.43999999999999995,0.6666666666666666,0.0,1.0,-0.33333333333333337,0.7577503875968993,0.86,0.4068105973147884,0.7588837209302326,u244888,advanced
0.8,1.0,0.8333333333333334,0.0,1.0,1.0,1.0,1.0,0.6666666666666666,1.0,0.0,0.0,0.29333333333333333,0.1,0.4,0.5333333333333334,u244920,intermediate
0.7333333333333333,1.0,0.8571428571428571,0.5,1.0,1.0,1.0,0.5,0.6666666666666666,0.0,2.0,-0.33333333333333337,0.8955533333333333,0.3,0.44221663871405337,0.7428571428571429,u244922,advanced
0.648936170212766,0.85,0.5609756097560976,0.3076923076923077,1.0,1.0,1.0,0.5423076923076923,1.0,0.0,8.0,0.33333333333333337,0.9234024822695035,0.94,0.477302856897331,0.5174671669793621,u244950,intermediate
0.4166666666666667,0.75,0.5,0.0,1.0,1.0,1.0,0.75,0.6666666666666666,1.0,0.0,0.3333333333333333,0.9569402777777778,0.24,0.4930066485916347,0.35000000000000003,u245065,beginner
0.55,0.8571428571428571,0.7142857142857143,0.08333333333333333,1.0,1.0,1.0,0.7738095238095237,1.0,0.0,3.0,0.0,0.8808366666666666,0.4,0.4974937185533099,0.4904761904761905,u245991,intermediate
0.4523809523809524,1.0,0.5,0.2631578947368421,1.0,1.0,1.0,0.736842105263158,0.6666666666666666,1.0,0.0,0.3333333333333333,1.0031714285714286,0.42,0.497727260961116,0.5052631578947369,u246256,intermediate
0.5666666666666667,0.75,0.7142857142857143,0.3333333333333333,1.0,1.0,1.0,0.4166666666666667,0.6666666666666666,1.0,0.0,0.3333333333333333,0.9622144444444445,0.3,0.4955356249106168,0.5690476190476191,u246359,intermediate
0.746031746031746,0.8674698795180723,0.7590361445783133,0.2608695652173913,1.0,1.0,1.0,0.6066003143006811,1.0,0.0,5.0,0.33333333333333337,0.9514980599647267,1.89,0.43527965716832034,0.5814562598218964,u246511,intermediate
0.66875,0.9607843137254902,0.6545454545454545,0.4074074074074074,1.0,1.0,1.0,0.5533769063180829,0.0,4.0,0.0,-1.0,0.6714583333333334,1.6,0.4706627640891088,0.6169380075262428,u24654,intermediate
0.3,0.75,0.35714285714285715,0.08333333333333333,1.0,1.0,1.0,0.6666666666666666,0.6666666666666666,1.0,0.0,0.0,1.1211066666666665,0.3,0.458257569495584,0.32619047619047625,u246707,beginner
0.3412698412698413,0.6136363636363636,0.3,0.03125,1.0,1.0,1.0,0.5823863636363636,0.6666666666666666,1.0,0.0,0.3333333333333333,0.7711616402116401,1.26,0.474135778769646,0.25522727272727275,u246770,beginner
0.6301289566236812,0.8148443735035914,0.47958725886047554,0.20095693779904306,1.0,1.0,1.0,0.6138874357045483,0.3333333333333333,2.0,0.0,0.0,0.6686708137944509,68.24,0.4827695668204781,0.4351865533645257,u24691,beginner
0.6680555555555555,0.8419618528610354,0.5877862595419847,0.1978021978021978,1.0,1.0,1.0,0.6441596550588377,1.0,0.0,4.0,0.33333333333333337,0.7655523611111111,7.2,0.4709111702294962,0.48262775350988013,u247384,intermediate
0.6153846153846154,0.8260869565217391,0.5,0.0,1.0,1.0,1.0,0.8260869565217391,0.3333333333333333,2.0,0.0,-0.6666666666666667,0.7811965811965812,0.39,0.4865042554105199,0.3652173913043478,u247509,beginner
0.8,1.0,0.8,0.0,1.0,1.0,1.0,1.0,0.6666666666666666,0.0,1.0,-0.33333333333333337,0.4033333333333333,0.1,0.4,0.52,u248411,intermediate
0.5833333333333334,0.7857142857142857,0.5789473684210527,0.15384615384615385,1.0,1.0,1.0,0.6318681318681318,0.6666666666666666,0.0,1.0,0.3333333333333333,1.0511083333333333,0.6,0.49300664859163473,0.4502602660497398,u248909,intermediate
0.575,0.9166666666666666,0.6666666666666666,0.15384615384615385,1.0,1.0,1.0,0.7628205128205128,1.0,0.0,3.0,0.33333333333333337,1.2308316666666665,0.4,0.49434299833212975,0.5115384615384615,u249265,intermediate
0.6938775510204082,0.9722222222222222,0.5555555555555556,0.47058823529411764,1.0,1.0,1.0,0.5016339869281046,0.6666666666666666,1.0,0.0,0.0,0.7027197278911564,0.98,0.46088121594433534,0.6049019607843138,u249561,intermediate
0.275,0.36363636363636365,0.1875,0.3076923076923077,1.0,1.0,1.0,0.05594405594405594,0.0,4.0,0.0,-0.6666666666666666,0.8858308333333333,0.4,0.44651427748729383,0.27080419580419585,u249778,beginner
0.2857142857142857,0.5,0.2777777777777778,0.18181818181818182,1.0,1.0,1.0,0.3181818181818182,0.6666666666666666,0.0,1.0,0.6666666666666666,1.198095238095238,0.35,0.45175395145262565,0.2838383838383839,u24995,beginner
0.5,1.0,0.3333333333333333,0.25,1.0,1.0,1.0,0.75,0.3333333333333333,2.0,0.0,0.0,0.8433266666666667,0.1,0.5,0.43333333333333335,u250156,beginner
0.68,1.0,0.631578947368421,0.35714285714285715,1.0,1.0,1.0,0.6428571428571428,0.6666666666666666,1.0,0.0,0.0,0.6713313333333333,0.5,0.46647615158762407,0.5954887218045113,u250504,intermediate
0.6790123456790124,0.8863636363636364,0.6666666666666666,0.0,1.0,1.0,1.0,0.8863636363636364,0.3333333333333333,1.0,0.0,-0.6666666666666667,0.5975308641975309,0.81,0.4668560592886182,0.44393939393939397,u25090,beginner
0.2,0.5,0.21428571428571427,0.08333333333333333,1.0,1.0,1.0,0.4166666666666667,0.0,3.0,0.0,-0.3333333333333333,0.8088855555555555,0.3,0.4000000000000001,0.21904761904761905,u251376,beginner
0.6388888888888888,1.0,0.7058823529411765,0.3333333333333333,1.0,1.0,1.0,0.6666666666666667,1.0,0.0,6.0,0.6666666666666667,1.1518481481481482,0.36,0.480322679605294,0.615686274509804,u251683,intermediate
0.75,1.0,0.6666666666666666,0.5,1.0,1.0,1.0,0.5,1.0,0.0,3.0,0.33333333333333337,0.8861111111111111,0.12,0.4330127018922193,0.6666666666666667,u252487,intermediate
0.5550847457627118,0.6923076923076923,0.43714285714285717,0.22988505747126436,1.0,1.0,1.0,0.4624226348364279,0.0,5.0,0.0,-0.3333333333333333,0.5414901129943503,9.44,0.49695640732790375,0.4052727043071871,u253174,beginner
0.6,1.0,0.5,0.5,1.0,1.0,1.0,0.5,0.6666666666666666,1.0,0.0,0.0,0.48333333333333334,0.1,0.4898979485566356,0.6000000000000001,u254222,intermediate
0.5,1.0,0.5,0.0,1.0,1.0,1.0,1.0,0.6666666666666666,0.0,1.0,0.0,0.91,0.1,0.5,0.4,u254931,beginner
0.75,1.0,0.8333333333333334,0.5,1.0,1.0,1.0,0.5,0.6666666666666666,0.0,2.0,-0.33333333333333337,0.7722222222222223,0.12,0.4330127018922193,0.7333333333333334,u256018,advanced
0.5938864628820961,0.9375,0.6111111111111112,0.3424657534246575,1.0,1.0,1.0,0.5950342465753424,0.6666666666666666,0.0,2.0,0.0,0.734061135371179,2.29,0.49110623299596673,0.5689307458143075,u256492,intermediate
0.6,0.6666666666666666,0.6666666666666666,0.0,1.0,1.0,1.0,0.6666666666666666,1.0,0.0,4.0,0.6666666666666667,0.6533333333333333,0.1,0.48989794855663565,0.4,u257336,beginner
0.5,0.6666666666666666,0.5,0.2,1.0,1.0,1.0,0.4666666666666666,0.6666666666666666,1.0,0.0,0.0,0.9652777777777778,0.24,0.5,0.4133333333333334,u257705,beginner
0.48484848484848486,0.8333333333333334,0.45,0.2857142857142857,1.0,1.0,1.0,0.5476190476190477,0.6666666666666666,0.0,1.0,0.0,0.5494949494949495,0.33,0.4997703788627467,0.46095238095238095,u257757,intermediate
0.5333333333333333,0.8,0.4,0.4,1.0,1.0,1.0,0.4,0.3333333333333333,1.0,0.0,-0.6666666666666667,0.8688888888888889,0.15,0.4988876515698588,0.4800000000000001,u259122,intermediate
0.6125461254612546,0.71875,0.5864197530864198,0.15384615384615385,1.0,1.0,1.0,0.5649038461538461,0.6666666666666666,0.0,2.0,0.3333333333333333,0.600369003690037,2.71,0.4871687281052218,0.43985636277302953,u261213,beginner
0.3,1.0,0.3333333333333333,0.0,1.0,1.0,1.0,1.0,0.0,4.0,0.0,-0.3333333333333333,1.2466666666666666,0.1,0.45825756949558394,0.33333333333333337,u263682,beginner
0.5,1.0,0.6666666666666666,0.0,1.0,1.0,1.0,1.0,0.0,3.0,0.0,-0.6666666666666666,0.6533333333333333,0.1,0.5,0.4666666666666667,u264885,intermediate
0.2,0.16666666666666666,0.3333333333333333,0.0,1.0,1.0,1.0,0.16666666666666666,0.3333333333333333,2.0,0.0,0.3333333333333333,0.4866666666666667,0.1,0.4000000000000001,0.16666666666666666,u265299,beginner
0.5238095238095238,0.5714285714285714,0.4,0.5,1.0,1.0,1.0,0.0714285714285714,0.6666666666666666,1.0,0.0,0.3333333333333333,0.9,0.21,0.49943278484292924,0.4742857142857143,u265537,intermediate
0.4782608695652174,0.5454545454545454,0.5555555555555556,0.0,1.0,1.0,1.0,0.5454545454545454,0.3333333333333333,0.0,1.0,0.0,0.8753623188405797,0.23,0.4995271866554807,0.33131313131313134,u266635,beginner
0.5,0.8,0.25,0.0,1.0,1.0,1.0,0.8,0.3333333333333333,1.0,0.0,0.0,0.6833333333333333,0.1,0.5,0.26,u266688,beginner
0.7586206896551724,1.0,0.8666666666666667,0.375,1.0,1.0,1.0,0.625,0.0,3.0,0.0,-1.0,1.4310344827586208,0.29,0.42791978089623645,0.6966666666666667,u26687,intermediate
0.3,0.4,0.5,0.0,1.0,1.0,1.0,0.4,0.6666666666666666,1.0,0.0,0.6666666666666666,0.3466666666666667,0.1,0.45825756949558394,0.28,u267108,beginner
0.61,0.847457627118644,0.27586206896551724,0.25,1.0,1.0,1.0,0.597457627118644,0.6666666666666666,0.0,1.0,0.0,0.803,1.0,0.4877499359302879,0.3798363530099357,u269444,beginner
0.7142857142857143,0.9333333333333333,0.6190476190476191,0.5,1.0,1.0,1.0,0.43333333333333335,0.3333333333333333,1.0,0.0,-0.6666666666666667,0.8587301587301588,0.42,0.45175395145262554,0.6342857142857143,u269524,intermediate
0.32727272727272727,0.5789473684210527,0.25925925925925924,0.0,1.0,1.0,1.0,0.5789473684210527,0.3333333333333333,2.0,0.0,-0.3333333333333333,1.0216624242424241,0.55,0.46921774183868875,0.21949317738791424,u2702,beginner
0.5267489711934157,0.68,0.40476190476190477,0.2647058823529412,1.0,1.0,1.0,0.41529411764705887,0.6666666666666666,0.0,2.0,-0.33333333333333337,0.7717407407407407,2.43,0.4992839798552462,0.4037871148459384,u27106,beginner
0.4777777777777778,0.5737704918032787,0.32,0.0,1.0,1.0,1.0,0.5737704918032787,0.3333333333333333,2.0,0.0,0.0,1.2385185185185186,0.9,0.4995059287330894,0.24275409836065576,u271205,beginner
0.6,0.7619047619047619,0.3333333333333333,0.4,1.0,1.0,1.0,0.36190476190476184,0.3333333333333333,1.0,0.0,-0.6666666666666667,0.7209523809523809,0.35,0.48989794855663565,0.44571428571428573,u27217,beginner
0.49710982658959535,0.7169811320754716,0.5466666666666666,0.15555555555555556,1.0,1.0,1.0,0.5614255765199161,0.3333333333333333,1.0,0.0,-0.6666666666666667,1.046242774566474,1.73,0.49999164682788233,0.4242851153039832,u27225,beginner
0.4666666666666667,0.6666666666666666,0.4666666666666667,0.3333333333333333,1.0,1.0,1.0,0.3333333333333333,1.0,0.0,4.0,0.0,0.6266666666666667,0.3,0.49888765156985887,0.45333333333333337,u272479,intermediate
0.5,0.6,0.5,0.0,1.0,1.0,1.0,0.6,1.0,0.0,3.0,0.33333333333333337,0.86,0.2,0.5,0.32,u272587,beginner
0.625,0.7941176470588235,0.53125,0.16666666666666666,1.0,1.0,1.0,0.6274509803921569,1.0,0.0,3.0,0.33333333333333337,0.6532407407407408,0.72,0.4841229182759271,0.43799019607843137,u274170,beginner
0.7589453860640302,0.8797250859106529,0.6582278481012658,0.4,1.0,1.0,1.0,0.4797250859106529,0.3333333333333333,2.0,0.0,-0.3333333333333333,0.8675455430006277,10.62,0.42772337677072364,0.599236156422637,u275007,intermediate
0.5,1.0,0.6,0.0,1.0,1.0,1.0,1.0,0.3333333333333333,2.0,0.0,-0.3333333333333333,0.71,0.1,0.5,0.44,u275757,beginner
0.615530303030303,0.7669616519174042,0.3741496598639456,0.23809523809523808,1.0,1.0,1.0,0.5288664138221661,0.6666666666666666,1.0,0.0,0.0,0.449873547979798,5.28,0.48646967950914094,0.39829028956715434,u276406,beginner
0.5,0.6,0.25,1.0,1.0,1.0,1.0,-0.4,1.0,0.0,3.0,1.0,0.2966666666666667,0.1,0.5,0.62,u278083,intermediate
0.6086956521739131,0.6388888888888888,0.5652173913043478,0.6,1.0,1.0,1.0,0.03888888888888886,0.6666666666666666,0.0,2.0,-0.33333333333333337,0.6888888888888889,0.69,0.4880422678400793,0.5938647342995169,u278718,intermediate
0.6172839506172839,0.7666666666666667,0.603448275862069,0.4318181818181818,1.0,1.0,1.0,0.3348484848484849,0.6666666666666666,1.0,0.0,-0.33333333333333337,0.7541127572016461,1.62,0.48604986876616113,0.5674399164054337,u27911,intermediate
0.7894736842105263,1.0,0.65,0.2857142857142857,1.0,1.0,1.0,0.7142857142857143,0.6666666666666666,0.0,1.0,0.3333333333333333,0.5111111111111112,0.57,0.40768245749551757,0.5742857142857143,u280599,intermediate
0.5172413793103449,0.6666666666666666,0.4117647058823529,0.0,1.0,1.0,0.0,0.15294117647058822,0.3333333333333333,0.0,1.0,-0.3333333333333333,0.6103448275862069,0.29,0.4997026464203254,0.2980392156862745,u280790,beginner
0.625,0.6666666666666666,0.5625,0.7,1.0,1.0,1.0,-0.033333333333333326,1.0,0.0,3.0,0.0,0.8125,0.32,0.4841229182759271,0.6383333333333333,u28098,intermediate
0.5714285714285714,0.8,0.4,0.0,1.0,1.0,1.0,0.8,1.0,0.0,6.0,0.6666666666666667,0.7523809523809524,0.21,0.4948716593053935,0.32000000000000006,u282854,beginner
0.36363636363636365,1.0,0.3333333333333333,0.0,1.0,1.0,1.0,1.0,0.3333333333333333,1.0,0.0,-0.3333333333333333,0.8212121212121212,0.11,0.48104569292083466,0.33333333333333337,u284348,beginner
0.5714285714285714,0.6486486486486487,0.47058823529411764,0.0,1.0,1.0,1.0,0.6486486486486487,0.6666666666666666,0.0,1.0,0.3333333333333333,0.7416666666666667,0.56,0.4948716593053935,0.3179650238473768,u284662,beginner
0.5,0.5555555555555556,0.4,0.5,1.0,1.0,1.0,0.05555555555555558,0.3333333333333333,0.0,1.0,0.0,1.0625,0.16,0.5,0.47111111111111115,u289732,intermediate
0.7792207792207793,1.0,0.7894736842105263,0.7272727272727273,1.0,1.0,1.0,0.2727272727272727,0.6666666666666666,0.0,1.0,0.0,0.8761887445887446,0.77,0.4147719330563977,0.8066985645933016,u29129,advanced
0.72,0.8333333333333334,0.6666666666666666,0.5714285714285714,1.0,1.0,1.0,0.261904761904762,0.6666666666666666,0.0,1.0,-0.33333333333333337,0.7253253333333333,0.25,0.448998886412873,0.6619047619047619,u294494,intermediate
0.6363636363636364,0.6666666666666666,0.6,0.0,1.0,1.0,0.0,0.03999999999999999,0.6666666666666666,1.0,0.0,0.3333333333333333,0.5212121212121212,0.11,0.4810456929208346,0.3733333333333333,u295250,beginner
0.4444444444444444,0.6,0.3333333333333333,0.0,1.0,1.0,1.0,0.6,0.0,4.0,0.0,-0.6666666666666666,1.1574074074074072,0.18,0.4969039949999533,0.2533333333333333,u296851,beginner
0.5514705882352942,0.7704918032786885,0.5227272727272727,0.16129032258064516,1.0,1.0,1.0,0.6092014806980434,0.0,10.0,0.0,-1.0,0.7507321078431373,1.36,0.49734372273781924,0.42770539877890484,u30002,beginner
0.6,0.8,0.625,0.0,1.0,1.0,1.0,0.8,0.6666666666666666,0.0,1.0,-0.33333333333333337,0.9733333333333334,0.15,0.48989794855663565,0.41000000000000003,u300561,beginner
0.5925925925925926,0.5882352941176471,0.6,0.0,1.0,1.0,0.0,-0.007058823529411739,0.0,3.0,0.0,-0.6666666666666666,0.8382716049382717,0.27,0.4913518207933925,0.35764705882352943,u300910,beginner
0.6470588235294118,0.8181818181818182,0.4,0.0,1.0,1.0,1.0,0.8181818181818182,0.3333333333333333,2.0,0.0,0.0,0.7647058823529411,0.17,0.4778846120374094,0.3236363636363637,u301157,beginner
0.38596491228070173,0.5483870967741935,0.21739130434782608,0.0,1.0,1.0,1.0,0.5483870967741935,0.6666666666666666,0.0,2.0,0.3333333333333333,0.6853766081871345,0.57,0.4868223482635652,0.19663394109396914,u301575,beginner
0.47058823529411764,0.6666666666666666,0.0,0.0,1.0,1.0,1.0,0.6666666666666666,0.3333333333333333,0.0,1.0,0.0,0.707843137254902,0.17,0.4991341984846218,0.13333333333333333,u302017,beginner
0.7272727272727273,1.0,0.4,1.0,1.0,1.0,1.0,0.0,0.6666666666666666,0.0,2.0,-0.33333333333333337,0.5787878787878789,0.11,0.4453617714151233,0.76,u302646,advanced
0.609375,0.8068181818181818,0.5344827586206896,0.32608695652173914,1.0,1.0,1.0,0.48073122529644263,0.0,3.0,0.0,-1.0,0.6885387152777778,1.92,0.48789046862487484,0.5055915224206079,u30305,intermediate
0.36666666666666664,0.8333333333333334,0.3333333333333333,0.1111111111111111,1.0,1.0,1.0,0.7222222222222223,0.3333333333333333,0.0,1.0,-0.6666666666666667,0.6222222222222222,0.3,0.48189440982669857,0.3444444444444445,u30407,beginner
0.5882352941176471,0.8333333333333334,0.45454545454545453,0.0,1.0,1.0,0.0,0.2272727272727273,0.3333333333333333,1.0,0.0,0.0,0.5627450980392157,0.17,0.49215295678475035,0.3484848484848485,u306274,beginner
0.6363636363636364,0.9444444444444444,0.26666666666666666,0.0,1.0,1.0,0.0,0.4066666666666667,0.3333333333333333,2.0,0.0,-0.6666666666666667,1.1808080808080808,0.33,0.48104569292083466,0.29555555555555557,u30869,beginner
0.7,1.0,0.6666666666666666,0.5,1.0,1.0,1.0,0.5,0.6666666666666666,0.0,2.0,0.0,0.58,0.1,0.45825756949558394,0.6666666666666667,u309471,intermediate
0.5714285714285714,0.7777777777777778,0.4444444444444444,0.3333333333333333,1.0,1.0,1.0,0.4444444444444445,0.3333333333333333,0.0,1.0,-0.3333333333333333,0.9984126984126984,0.21,0.49487165930539356,0.4666666666666667,u310281,intermediate
0.5714285714285714,0.673469387755102,0.5116279069767442,0.16666666666666666,1.0,1.0,1.0,0.5068027210884354,0.3333333333333333,1.0,0.0,0.0,1.4465986394557824,0.98,0.4948716593053935,0.40601170700838474,u310375,beginner
0.7666666666666667,0.85,0.7142857142857143,0.3333333333333333,1.0,1.0,1.0,0.5166666666666666,0.3333333333333333,0.0,1.0,-0.6666666666666667,0.5922222222222223,0.3,0.4229525846816507,0.589047619047619,u31120,intermediate
0.47058823529411764,0.8,0.42105263157894735,0.0,1.0,1.0,1.0,0.8,0.3333333333333333,1.0,0.0,0.3333333333333333,0.7401960784313725,0.34,0.4991341984846218,0.32842105263157895,u312749,beginner
0.47619047619047616,0.5294117647058824,0.25,0.0,1.0,1.0,0.0,0.1676470588235294,0.6666666666666666,1.0,0.0,0.6666666666666666,0.2491968253968254,0.21,0.49943278484292924,0.2058823529411765,u313029,beginner
0.3076923076923077,0.5,0.18181818181818182,0.0,1.0,1.0,1.0,0.5,0.3333333333333333,2.0,0.0,0.3333333333333333,0.7653846153846153,0.26,0.46153846153846145,0.17272727272727273,u314023,beginner
0.6595744680851063,0.9473684210526315,0.6666666666666666,0.1,1.0,1.0,1.0,0.8473684210526315,0.3333333333333333,2.0,0.0,-0.6666666666666667,0.6212765957446809,0.47,0.4738522861982998,0.496140350877193,u31548,intermediate
0.6893203883495146,0.9347826086956522,0.6363636363636364,0.2916666666666667,1.0,1.0,1.0,0.6431159420289856,1.0,0.0,16.0,0.0,0.947888996763754,1.03,0.46277185583739755,0.5581686429512517,u31594,intermediate
0.5454545454545454,1.0,0.25,0.3333333333333333,1.0,1.0,1.0,0.6666666666666667,0.6666666666666666,0.0,2.0,0.0,0.7454545454545455,0.11,0.49792959773196915,0.43333333333333335,u316323,beginner
0.5142857142857142,0.75,0.25,0.0,1.0,1.0,1.0,0.75,1.0,0.0,3.0,0.6666666666666667,0.5866666666666667,0.35,0.4997958767010257,0.25,u317236,beginner
0.6842105263157895,0.75,0.6666666666666666,0.0,1.0,1.0,0.0,0.050000000000000024,1.0,0.0,3.0,0.0,0.743859649122807,0.19,0.464829519280413,0.4166666666666667,u317635,beginner
0.2727272727272727,1.0,0.2857142857142857,0.0,1.0,1.0,1.0,1.0,0.3333333333333333,2.0,0.0,0.0,1.493939393939394,0.11,0.4453617714151233,0.3142857142857143,u318647,beginner
0.6967741935483871,0.8285714285714286,0.43243243243243246,0.38461538461538464,1.0,1.0,1.0,0.443956043956044,0.6666666666666666,0.0,1.0,0.0,1.045375053763441,1.55,0.45965195175630646,0.49253341253341254,u319774,intermediate
0.5238095238095238,0.8,0.5,0.0,1.0,1.0,1.0,0.8,0.3333333333333333,0.0,1.0,-0.3333333333333333,0.7476190476190476,0.21,0.49943278484292924,0.36000000000000004,u319778,beginner
0.5,0.6666666666666666,1.0,0.2,1.0,1.0,1.0,0.4666666666666666,0.3333333333333333,2.0,0.0,-0.3333333333333333,0.96,0.1,0.5,0.6133333333333333,u321079,intermediate
0.6732954545454546,0.8778625954198473,0.6642599277978339,0.4708333333333333,1.0,1.0,1.0,0.407029262086514,0.3333333333333333,1.0,0.0,-0.6666666666666667,0.884122380050505,10.56,0.4690081933547476,0.6296098235364365,u32234,intermediate
0.6,0.6666666666666666,0.75,0.3333333333333333,1.0,1.0,1.0,0.3333333333333333,0.3333333333333333,2.0,0.0,-0.3333333333333333,0.5233333333333333,0.1,0.4898979485566356,0.5666666666666667,u322542,intermediate
0.7058823529411765,1.0,0.5555555555555556,0.0,1.0,1.0,1.0,1.0,0.6666666666666666,1.0,0.0,0.0,0.6960784313725491,0.17,0.45564509955381377,0.4222222222222223,u323090,beginner
0.6153846153846154,1.0,0.6666666666666666,0.0,1.0,1.0,1.0,1.0,0.6666666666666666,1.0,0.0,0.3333333333333333,0.6256410256410256,0.13,0.48650425541051995,0.4666666666666667,u326589,intermediate
0.41379310344827586,0.6521739130434783,0.38095238095238093,0.07142857142857142,1.0,1.0,1.0,0.5807453416149069,0.3333333333333333,2.0,0.0,-0.3333333333333333,0.9091931034482759,0.58,0.49251230541674834,0.31138716356107665,u32813,beginner
0.6666666666666666,1.0,0.16666666666666666,1.0,1.0,1.0,1.0,0.0,1.0,0.0,6.0,0.6666666666666667,1.448888888888889,0.15,0.47140452079103173,0.6666666666666667,u330088,intermediate
0.4,0.6,0.3333333333333333,0.25,1.0,1.0,1.0,0.35,0.3333333333333333,1.0,0.0,0.0,1.22,0.15,0.48989794855663565,0.3533333333333333,u332165,beginner
0.4117647058823529,0.6,0.4444444444444444,0.0,1.0,1.0,1.0,0.6,0.6666666666666666,0.0,1.0,0.3333333333333333,1.0568627450980392,0.17,0.49215295678475035,0.2977777777777778,u332462,beginner
0.5925925925925926,0.6875,0.3333333333333333,1.0,1.0,1.0,1.0,-0.3125,1.0,0.0,7.0,1.0,0.7308641975308642,0.27,0.4913518207933925,0.6708333333333334,u332473,intermediate
0.7039848197343453,0.8658536585365854,0.6094420600858369,0.3333333333333333,1.0,1.0,1.0,0.532520325203252,1.0,0.0,5.0,0.6666666666666667,0.9841231499051234,5.27,0.4564977473306376,0.5502808890749852,u3330,intermediate
0.36363636363636365,0.5,0.3333333333333333,0.3333333333333333,1.0,1.0,1.0,0.16666666666666669,0.0,3.0,0.0,0.0,0.8575757575757575,0.11,0.48104569292083466,0.3666666666666667,u333114,beginner
0.7419354838709677,0.8604651162790697,0.6415094339622641,0.4375,1.0,1.0,1.0,0.42296511627906974,0.3333333333333333,0.0,1.0,0.0,0.5645161290322581,1.55,0.43756967633066246,0.6036967968407196,u336249,intermediate
0.6295336787564767,0.9126984126984127,0.5806451612903226,0.3619047619047619,1.0,1.0,1.0,0.5507936507936508,0.6666666666666666,0.0,1.0,-0.33333333333333337,1.1075987046632125,3.86,0.48292962848412385,0.5595596518177164,u33762,intermediate
0.625,0.5,0.7777777777777778,0.3333333333333333,1.0,1.0,1.0,0.16666666666666669,0.3333333333333333,0.0,1.0,-0.3333333333333333,0.65625,0.16,0.4841229182759271,0.5444444444444444,u338454,intermediate
0.6912751677852349,0.8433734939759037,0.5471698113207547,0.3076923076923077,1.0,1.0,1.0,0.535681186283596,1.0,0.0,4.0,0.33333333333333337,0.8333322147651007,1.49,0.4619673258886718,0.5106195464004057,u339,intermediate
0.36363636363636365,0.5,0.14285714285714285,0.0,1.0,1.0,1.0,0.5,0.6666666666666666,0.0,2.0,0.3333333333333333,1.2515151515151515,0.22,0.4810456929208346,0.15714285714285714,u339976,beginner
0.0,0.0,0.0,0.0,1.0,1.0,1.0,0.0,0.0,12.0,0.0,0.0,0.8722222222222222,0.12,0.0,0.0,u340246,beginner
0.6451612903225806,0.7647058823529411,0.5384615384615384,0.0,1.0,1.0,1.0,0.7647058823529411,0.3333333333333333,2.0,0.0,-0.3333333333333333,0.5731182795698925,0.31,0.47846441852230076,0.36832579185520364,u341300,beginner
0.6,0.625,0.6666666666666666,0.3333333333333333,1.0,1.0,1.0,0.2916666666666667,0.6666666666666666,0.0,2.0,0.3333333333333333,0.695,0.2,0.48989794855663565,0.525,u342746,intermediate
0.7200292397660819,0.8779121863799283,0.6014336917562724,0.3280922431865828,1.0,1.0,1.0,0.5498199431933455,0.3333333333333333,1.0,0.0,0.0,0.8757477988953866,82.08,0.44898455836248985,0.5473928112531278,u344221,intermediate
0.37168141592920356,0.4576271186440678,0.3235294117647059,0.2,1.0,1.0,1.0,0.2576271186440678,0.3333333333333333,1.0,0.0,-0.3333333333333333,0.718287610619469,1.13,0.4832539094327804,0.30093718843469597,u34465,beginner
0.7391304347826086,0.9122807017543859,0.5979381443298969,0.42105263157894735,1.0,1.0,1.0,0.49122807017543857,0.3333333333333333,1.0,0.0,0.0,0.4088405797101449,2.3,0.43910891036356864,0.5900524507144149,u344915,intermediate
0.4,0.6666666666666666,0.0,0.0,1.0,1.0,1.0,0.6666666666666666,0.3333333333333333,1.0,0.0,0.0,0.72,0.1,0.48989794855663565,0.13333333333333333,u347741,beginner
0.6363636363636364,1.0,0.7142857142857143,0.0,1.0,1.0,1.0,1.0,0.6666666666666666,1.0,0.0,0.0,1.1181818181818182,0.11,0.4810456929208346,0.48571428571428577,u348671,intermediate
0.7333333333333333,1.0,0.5,0.6666666666666666,1.0,1.0,1.0,0.33333333333333337,0.6666666666666666,0.0,2.0,0.0,0.7822222222222223,0.15,0.44221663871405326,0.6666666666666667,u349696,intermediate
0.42105263157894735,0.5833333333333334,0.14285714285714285,0.0,1.0,1.0,0.0,0.2642857142857143,0.6666666666666666,1.0,0.0,0.0,0.6070175438596491,0.19,0.49372797471825575,0.17380952380952383,u351161,beginner
0.4166666666666667,0.5833333333333334,0.2,0.5,1.0,1.0,1.0,0.08333333333333337,0.3333333333333333,1.0,0.0,0.0,0.6236111111111111,0.24,0.4930066485916347,0.3966666666666667,u351785,beginner
0.09090909090909091,0.25,0.0,0.0,1.0,1.0,1.0,0.25,0.0,9.0,0.0,-0.3333333333333333,0.3939393939393939,0.11,0.2874797872880344,0.05,u352356,beginner
0.5,0.7142857142857143,0.631578947368421,0.21428571428571427,1.0,1.0,1.0,0.5,0.3333333333333333,1.0,0.0,0.0,1.6025,0.4,0.5,0.4812030075187971,u35290,intermediate
0.5294117647058824,0.875,0.3333333333333333,0.0,1.0,1.0,1.0,0.875,0.3333333333333333,0.0,1.0,-0.3333333333333333,0.6352941176470589,0.17,0.4991341984846218,0.30833333333333335,u353212,beginner
0.5,0.625,0.5,0.0,1.0,1.0,1.0,0.625,0.0,3.0,0.0,-0.3333333333333333,0.8407407407407408,0.18,0.5,0.325,u353348,beginner
0.6652719665271967,0.9393939393939394,0.6666666666666666,0.3709677419354839,1.0,1.0,1.0,0.5684261974584556,1.0,0.0,8.0,0.33333333333333337,0.9450488145048815,2.39,0.47189530309193917,0.6029325513196482,u353517,intermediate
0.6190476190476191,0.7741935483870968,0.5555555555555556,0.2631578947368421,1.0,1.0,1.0,0.5110356536502547,0.6666666666666666,1.0,0.0,-0.33333333333333337,0.7235449735449735,1.26,0.48562090605645564,0.48232408979437846,u35352,intermediate
0.6451612903225806,0.8888888888888888,0.3076923076923077,0.0,1.0,1.0,0.0,0.34871794871794864,1.0,0.0,9.0,0.33333333333333337,0.43118279569892476,0.31,0.4784644185223008,0.3008547008547009,u353909,beginner
0.6666666666666666,0.7777777777777778,0.75,0.0,1.0,1.0,1.0,0.7777777777777778,1.0,0.0,3.0,0.33333333333333337,0.5377777777777778,0.15,0.4714045207910317,0.4555555555555556,u355039,intermediate
0.47368421052631576,0.6666666666666666,0.4444444444444444,0.0,1.0,1.0,1.0,0.6666666666666666,0.3333333333333333,1.0,0.0,0.0,0.8026315789473685,0.38,0.4993069989739547,0.3111111111111111,u355202,beginner
0.23333333333333334,1.0,0.15384615384615385,0.07692307692307693,1.0,1.0,1.0,0.9230769230769231,0.0,6.0,0.0,-0.6666666666666666,0.7555522222222222,0.3,0.4229525846816506,0.2923076923076923,u35761,beginner
0.7337992376111817,0.8592375366568915,0.5897435897435898,0.1885245901639344,1.0,1.0,1.0,0.6707129464929571,1.0,0.0,3.0,1.0,1.190830050825921,15.74,0.44197049278479006,0.48315477929438805,u358954,intermediate
0.36363636363636365,0.5,0.2,0.0,1.0,1.0,1.0,0.5,0.3333333333333333,1.0,0.0,0.0,0.7,0.22,0.4810456929208346,0.18000000000000002,u360086,beginner
0.5,0.6428571428571429,0.0,0.0,1.0,1.0,0.0,0.38571428571428573,1.0,0.0,3.0,1.0,1.2055555555555555,0.18,0.5,0.1285714285714286,u360491,beginner
0.6037735849056604,0.8461538461538461,0.5714285714285714,0.15384615384615385,1.0,1.0,1.0,0.6923076923076923,0.0,3.0,0.0,-1.0,0.44150754716981133,0.53,0.4891125055402159,0.4593406593406594,u36110,intermediate
0.5218855218855218,0.7328767123287672,0.32558139534883723,0.2727272727272727,1.0,1.0,1.0,0.46014943960149446,0.6666666666666666,1.0,0.0,0.0,0.4879910213243547,2.97,0.4995207942936894,0.38589880969619744,u361199,beginner
0.6763157894736842,0.789272030651341,0.5,0.05263157894736842,1.0,1.0,1.0,0.7366404517039726,0.0,3.0,0.0,-0.6666666666666666,0.8138585087719298,3.8,0.4678811199249992,0.3789070377092156,u361346,beginner
0.6896551724137931,0.8181818181818182,0.7272727272727273,0.42857142857142855,1.0,1.0,1.0,0.3896103896103897,0.3333333333333333,2.0,0.0,-0.3333333333333333,0.5517241379310346,0.29,0.46263475396547377,0.6259740259740261,u362466,intermediate
0.6363636363636364,0.9166666666666666,0.5,0.4,1.0,1.0,1.0,0.5166666666666666,1.0,0.0,5.0,0.6666666666666667,1.0434343434343434,0.33,0.48104569292083466,0.5433333333333334,u362864,intermediate
0.7,1.0,0.8,0.0,1.0,1.0,1.0,1.0,0.6666666666666666,0.0,1.0,0.0,0.5733333333333334,0.1,0.45825756949558394,0.52,u362877,intermediate
0.7857142857142857,0.8571428571428571,0.75,0.6666666666666666,1.0,1.0,1.0,0.19047619047619047,1.0,0.0,7.0,0.33333333333333337,0.6714285714285714,0.14,0.41032590332414504,0.7380952380952381,u364054,advanced
0.35294117647058826,0.14285714285714285,0.5555555555555556,0.0,1.0,1.0,1.0,0.14285714285714285,0.3333333333333333,0.0,1.0,0.0,1.7509803921568627,0.17,0.4778846120374094,0.2507936507936508,u364446,beginner
0.417910447761194,0.6296296296296297,0.2916666666666667,0.25,1.0,1.0,1.0,0.37962962962962965,0.6666666666666666,0.0,2.0,-0.33333333333333337,0.7990039800995025,0.67,0.49321527289129274,0.34259259259259267,u36501,beginner
0.5652173913043478,0.5789473684210527,0.6666666666666666,0.0,1.0,1.0,1.0,0.5789473684210527,0.6666666666666666,0.0,2.0,0.3333333333333333,0.908695652173913,0.23,0.49572844569527735,0.3824561403508772,u365576,beginner
0.2727272727272727,0.5,0.16666666666666666,0.0,1.0,1.0,1.0,0.5,0.3333333333333333,2.0,0.0,0.0,0.9696969696969697,0.11,0.4453617714151233,0.16666666666666669,u365943,beginner
0.7830188679245284,0.8714285714285714,0.6774193548387096,0.2,1.0,1.0,1.0,0.6714285714285715,0.3333333333333333,1.0,0.0,0.0,0.7396216981132075,1.06,0.41218966556516,0.5252534562211981,u366218,intermediate
0.5967741935483871,0.75,0.6363636363636364,0.16666666666666666,1.0,1.0,1.0,0.5833333333333334,0.6666666666666666,1.0,0.0,0.0,0.7182795698924731,0.62,0.4905453653466307,0.47121212121212125,u36624,intermediate
0.37037037037037035,0.5,0.2692307692307692,0.25,1.0,1.0,1.0,0.25,0.6666666666666666,1.0,0.0,0.6666666666666666,0.7617283950617283,0.54,0.4829038818668628,0.3076923076923077,u366273,beginner
0.6428571428571429,0.8,0.0,1.0,1.0,1.0,1.0,-0.19999999999999996,1.0,0.0,5.0,0.6666666666666667,0.6238095238095238,0.14,0.4791574237499549,0.56,u366581,intermediate
0.7,0.7142857142857143,1.0,0.5,1.0,1.0,1.0,0.2142857142857143,0.6666666666666666,0.0,1.0,0.3333333333333333,0.69,0.1,0.45825756949558394,0.7428571428571429,u369265,advanced
0.2222222222222222,0.25,0.3125,0.08333333333333333,1.0,1.0,1.0,0.16666666666666669,0.3333333333333333,2.0,0.0,0.0,0.27685185185185185,0.36,0.41573970964154905,0.20833333333333331,u37045,beginner
0.8085106382978723,0.9306930693069307,0.7868852459016393,0.38461538461538464,1.0,1.0,1.0,0.546077684691546,1.0,0.0,13.0,0.0,1.0437932624113475,1.88,0.3934732342320623,0.6547388660681958,u37350,intermediate
0.9285714285714286,0.9285714285714286,0.0,0.0,1.0,0.0,0.0,0.0,0.6666666666666666,0.0,1.0,-0.33333333333333337,0.5690476190476191,0.14,0.25753937681885636,0.18571428571428572,u37531,beginner
0.717948717948718,0.8,0.3684210526315789,0.3333333333333333,1.0,1.0,1.0,0.46666666666666673,1.0,0.0,3.0,0.33333333333333337,0.7584045584045584,1.17,0.44999817371241646,0.44070175438596493,u375419,beginner
0.9,1.0,0.8333333333333334,1.0,1.0,1.0,1.0,0.0,0.6666666666666666,0.0,1.0,-0.33333333333333337,0.5366666666666666,0.1,0.3,0.9333333333333335,u376584,advanced
0.3125,0.2857142857142857,0.2857142857142857,0.5,1.0,1.0,1.0,-0.2142857142857143,0.3333333333333333,2.0,0.0,0.0,0.24583333333333332,0.16,0.46351240544347894,0.37142857142857144,u378303,beginner
0.6102941176470589,0.8205128205128205,0.639344262295082,0.3333333333333333,1.0,1.0,1.0,0.48717948717948717,0.6666666666666666,1.0,0.0,0.0,0.6887254901960784,1.36,0.48768351172913027,0.5531736023539302,u378878,intermediate
0.56575682382134,0.7327188940092166,0.39263803680981596,0.21739130434782608,1.0,1.0,1.0,0.5153275896613906,0.3333333333333333,1.0,0.0,-0.3333333333333333,0.5483870967741935,4.03,0.4956571800356868,0.3905555152649001,u380311,beginner
0.5,0.75,0.5,0.16666666666666666,1.0,1.0,1.0,0.5833333333333334,0.6666666666666666,1.0,0.0,-0.33333333333333337,0.5226190476190476,0.28,0.5,0.4166666666666667,u381137,beginner
0.2857142857142857,0.3333333333333333,0.2857142857142857,0.25,1.0,1.0,1.0,0.08333333333333331,0.3333333333333333,2.0,0.0,0.3333333333333333,1.2634920634920637,0.21,0.45175395145262565,0.28095238095238095,u382481,beginner
0.625,0.8333333333333334,0.8333333333333334,0.0,1.0,1.0,1.0,0.8333333333333334,1.0,0.0,7.0,1.0,0.6666666666666666,0.16,0.4841229182759271,0.5,u382611,intermediate
0.5925925925925926,0.8888888888888888,0.5454545454545454,0.2857142857142857,1.0,1.0,1.0,0.6031746031746031,0.6666666666666666,0.0,1.0,0.0,0.6518518518518518,0.27,0.4913518207933925,0.5102453102453103,u383482,intermediate
0.3902439024390244,0.4444444444444444,0.4666666666666667,0.24,1.0,1.0,1.0,0.20444444444444443,0.3333333333333333,2.0,0.0,-0.3333333333333333,2.278047967479675,0.82,0.4878048780487804,0.37155555555555553,u3841,beginner
0.6928702010968921,0.8658536585365854,0.6226415094339622,0.38202247191011235,1.0,1.0,1.0,0.483831186626473,1.0,0.0,6.0,0.6666666666666667,1.3313222425350395,5.47,0.46130368037643527,0.5750363242449469,u3853,intermediate
0.6086956521739131,0.7333333333333333,0.5416666666666666,0.0,1.0,1.0,1.0,0.7333333333333333,1.0,0.0,5.0,1.0,0.7428985507246377,1.15,0.48804226784007926,0.36333333333333334,u385813,beginner
0.5263157894736842,1.0,0.42857142857142855,0.0,1.0,1.0,1.0,1.0,0.3333333333333333,0.0,1.0,-0.3333333333333333,0.5385964912280702,0.19,0.49930699897395464,0.37142857142857144,u386026,beginner
0.5454545454545454,0.6666666666666666,0.6666666666666666,0.0,1.0,1.0,1.0,0.6666666666666666,0.0,3.0,0.0,-0.6666666666666666,0.7303030303030302,0.11,0.49792959773196915,0.4,u386109,beginner
0.803921568627451,0.9090909090909091,0.9032258064516129,0.3333333333333333,1.0,1.0,1.0,0.5757575757575757,0.6666666666666666,1.0,0.0,0.0,0.7163398692810458,0.51,0.3970285633591487,0.6764418377321604,u386610,intermediate
0.8181818181818182,1.0,0.8888888888888888,0.0,1.0,1.0,1.0,1.0,1.0,0.0,3.0,0.0,1.209090909090909,0.11,0.385694607919935,0.5555555555555556,u386919,intermediate
0.6635294117647059,0.85,0.5414012738853503,0.39705882352941174,1.0,1.0,1.0,0.45294117647058824,1.0,0.0,3.0,0.6666666666666667,0.9221938039215687,4.25,0.47250199098828066,0.5453840389659048,u3887,intermediate
0.5789473684210527,0.6666666666666666,0.75,0.0,1.0,1.0,1.0,0.6666666666666666,0.6666666666666666,0.0,2.0,0.0,0.7280701754385964,0.19,0.49372797471825575,0.43333333333333335,u388773,beginner
0.8076923076923077,1.0,0.7692307692307693,0.3333333333333333,1.0,1.0,1.0,0.6666666666666667,1.0,0.0,8.0,0.33333333333333337,0.8948717948717949,0.26,0.39411349099844606,0.641025641025641,u389012,intermediate
0.3829787234042553,0.46153846153846156,0.3125,0.2,1.0,1.0,1.0,0.26153846153846155,0.0,4.0,0.0,-1.0,0.924113475177305,0.47,0.48611317697003675,0.29730769230769233,u38930,beginner
0.6153846153846154,1.0,0.75,0.2,1.0,1.0,1.0,0.8,0.6666666666666666,1.0,0.0,0.0,0.9384615384615385,0.13,0.48650425541051995,0.5800000000000001,u390266,intermediate
0.5370212765957447,0.6294919454770755,0.35873015873015873,0.18867924528301888,1.0,1.0,1.0,0.44081270019405666,0.3333333333333333,2.0,0.0,0.0,0.6578439716312057,11.75,0.49862754143671345,0.34486215070068615,u391559,beginner
0.7972972972972973,0.9264705882352942,0.7358490566037735,0.5925925925925926,1.0,1.0,1.0,0.3338779956427016,0.3333333333333333,0.0,1.0,-0.6666666666666667,0.6211702702702702,1.48,0.40201283190928433,0.7166707773256054,u39174,advanced
0.6299342105263158,0.8085106382978723,0.48598130841121495,0.2,1.0,1.0,1.0,0.6085106382978722,1.0,0.0,3.0,0.33333333333333337,0.9841544956140351,6.08,0.482822017864661,0.4360946510240605,u393860,beginner
0.6,1.0,0.4,0.0,1.0,1.0,1.0,1.0,1.0,0.0,3.0,0.6666666666666667,0.6633333333333333,0.1,0.48989794855663565,0.36000000000000004,u394479,beginner
0.6285714285714286,0.76,0.42857142857142855,0.0,1.0,1.0,1.0,0.76,1.0,0.0,5.0,0.0,0.6066666666666667,0.35,0.4831867007225075,0.32342857142857145,u39512,beginner
0.2727272727272727,0.5,0.14285714285714285,0.5,1.0,1.0,1.0,0.0,0.3333333333333333,0.0,1.0,0.0,1.2575757575757576,0.11,0.4453617714151233,0.35714285714285715,u395453,beginner
0.5531496062992126,0.6297142857142857,0.4797047970479705,0.29906542056074764,1.0,1.0,1.0,0.33064886515353803,0.6666666666666666,0.0,2.0,0.3333333333333333,0.7177160542432196,15.24,0.4971670939937987,0.4374509441863444,u396520,beginner
0.4,0.6666666666666666,0.2857142857142857,0.0,1.0,1.0,1.0,0.6666666666666666,0.3333333333333333,2.0,0.0,0.0,1.068888888888889,0.15,0.48989794855663565,0.24761904761904763,u396848,beginner
0.38095238095238093,0.38461538461538464,0.42857142857142855,0.0,1.0,1.0,1.0,0.38461538461538464,0.6666666666666666,0.0,1.0,0.6666666666666666,0.7206349206349206,0.21,0.4856209060564557,0.24835164835164836,u397770,beginner
0.6625,0.7373737373737373,0.5769230769230769,0.3333333333333333,1.0,1.0,1.0,0.40404040404040403,0.6666666666666666,0.0,1.0,0.3333333333333333,0.9997910416666667,1.6,0.47285700798444347,0.5115773115773116,u398,intermediate
0.7307692307692307,1.0,0.5833333333333334,0.3333333333333333,1.0,1.0,1.0,0.6666666666666667,0.6666666666666666,1.0,0.0,-0.33333333333333337,0.5243589743589744,0.26,0.4435600997950306,0.5666666666666667,u398465,intermediate
0.3333333333333333,0.4,0.35,0.0,1.0,1.0,1.0,0.4,0.3333333333333333,0.0,1.0,0.0,1.1914529914529914,0.39,0.4714045207910317,0.22,u398560,beginner
0.5454545454545454,1.0,0.8,0.0,1.0,1.0,1.0,1.0,0.0,3.0,0.0,-0.6666666666666666,1.1181818181818182,0.11,0.49792959773196915,0.52,u399570,intermediate
0.5,0.7777777777777778,0.25,0.0,1.0,1.0,1.0,0.7777777777777778,0.3333333333333333,0.0,1.0,-0.3333333333333333,0.6592592592592592,0.18,0.5,0.25555555555555554,u399864,beginner
0.5,1.0,0.5714285714285714,0.0,1.0,1.0,1.0,1.0,0.3333333333333333,0.0,1.0,0.0,0.92,0.1,0.5,0.4285714285714286,u400117,beginner
0.6036036036036037,0.7936507936507936,0.4,0.23076923076923078,1.0,1.0,1.0,0.5628815628815629,0.6666666666666666,0.0,1.0,0.3333333333333333,0.9324324324324325,1.11,0.4891485391170533,0.41103785103785107,u401324,beginner
0.6333333333333333,0.8,0.42857142857142855,0.0,1.0,1.0,1.0,0.8,0.0,3.0,0.0,-1.0,0.6444444444444444,0.3,0.4818944098266986,0.33142857142857146,u40198,beginner
0.6296296296296297,0.8181818181818182,0.5384615384615384,0.3333333333333333,1.0,1.0,1.0,0.4848484848484849,0.6666666666666666,1.0,0.0,0.3333333333333333,0.5135802469135803,0.27,0.4829038818668629,0.5123543123543124,u402014,intermediate
0.7091412742382271,0.8408408408408409,0.5615615615615616,0.25,1.0,1.0,1.0,0.5908408408408409,1.0,0.0,8.0,0.0,1.1857791012619268,10.83,0.4541584827018105,0.49279279279279276,u40220,intermediate
0.6494845360824743,0.8181818181818182,0.5454545454545454,0.0,1.0,1.0,1.0,0.8181818181818182,0.6666666666666666,0.0,2.0,0.6666666666666666,0.7439862542955326,0.97,0.4771314006353045,0.38181818181818183,u403085,beginner
0.7142857142857143,0.8333333333333334,0.4375,0.6,1.0,1.0,1.0,0.2333333333333334,0.3333333333333333,0.0,1.0,-0.6666666666666667,0.7185185185185184,0.63,0.45175395145262554,0.5816666666666667,u40392,intermediate
0.7142857142857143,1.0,0.7272727272727273,0.5,1.0,1.0,1.0,0.5,0.6666666666666666,1.0,0.0,0.0,0.7976190476190476,0.14,0.45175395145262565,0.6909090909090909,u405390,intermediate
0.7619047619047619,1.0,0.6,0.6666666666666666,1.0,1.0,1.0,0.33333333333333337,1.0,0.0,3.0,0.33333333333333337,0.6444444444444444,0.21,0.4259177099999599,0.7066666666666667,u406676,advanced
0.5121951219512195,0.7272727272727273,0.38461538461538464,0.0,1.0,1.0,1.0,0.7272727272727273,0.6666666666666666,0.0,2.0,0.0,0.49837398373983743,0.41,0.49985125687607795,0.29930069930069936,u407125,beginner
0.45454545454545453,0.5714285714285714,0.5,0.0,1.0,1.0,1.0,0.5714285714285714,0.3333333333333333,1.0,0.0,0.0,1.3424242424242423,0.11,0.49792959773196915,0.3142857142857143,u407688,beginner
0.45098039215686275,0.5161290322580645,0.3888888888888889,0.0,1.0,1.0,1.0,0.5161290322580645,0.3333333333333333,2.0,0.0,0.3333333333333333,0.7718954248366012,0.51,0.4975912760960597,0.25878136200716845,u408734,beginner
0.75,0.9615384615384616,0.7446808510638298,0.47368421052631576,1.0,1.0,1.0,0.4878542510121458,0.6666666666666666,0.0,1.0,-0.33333333333333337,0.597463768115942,0.92,0.4330127018922193,0.6796537169437505,u408799,intermediate
0.6345177664974619,0.8356164383561644,0.5806451612903226,0.3225806451612903,1.0,1.0,1.0,0.5130357931948741,1.0,0.0,3.0,0.0,0.5436548223350254,1.97,0.4815651259139664,0.528413610251878,u409272,intermediate
0.6162790697674418,0.72,0.5,0.375,1.0,1.0,1.0,0.345,0.3333333333333333,0.0,1.0,0.0,1.034108527131783,0.86,0.48629124805410434,0.494,u409640,intermediate
0.3,0.4,0.2,0.0,1.0,1.0,0.0,0.12,0.3333333333333333,0.0,1.0,0.3333333333333333,0.07666666666666666,0.1,0.45825756949558405,0.16000000000000003,u409761,beginner
0.7147435897435898,0.852803738317757,0.4794520547945205,0.22,1.0,1.0,1.0,0.632803738317757,0.6666666666666666,0.0,1.0,0.3333333333333333,0.7410728632478633,6.24,0.4515364776671281,0.4503415695813597,u409848,intermediate
0.6,0.719626168224299,0.47058823529411764,0.4,1.0,1.0,1.0,0.319626168224299,0.6666666666666666,0.0,2.0,0.0,0.7041018803418803,1.95,0.48989794855663565,0.4921605277625069,u412101,intermediate
0.4,0.75,0.2222222222222222,0.5,1.0,1.0,1.0,0.25,0.3333333333333333,1.0,0.0,-0.6666666666666667,1.2066666666666668,0.15,0.48989794855663565,0.43888888888888894,u412225,beginner
0.46875,0.6,0.46153846153846156,0.0,1.0,1.0,1.0,0.6,0.6666666666666666,0.0,1.0,0.3333333333333333,0.7666666666666667,0.32,0.4990224819584785,0.3046153846153846,u412710,beginner
0.6235294117647059,0.7804878048780488,0.5,0.375,1.0,1.0,1.0,0.4054878048780488,1.0,0.0,3.0,0.6666666666666667,1.1447058823529412,0.85,0.48450024192880004,0.5060975609756098,u413779,intermediate
0.5294117647058824,0.6,0.4,0.5,1.0,1.0,1.0,0.09999999999999998,0.0,3.0,0.0,-1.0,0.5745098039215687,0.17,0.4991341984846218,0.48000000000000004,u413863,intermediate
0.375,0.5714285714285714,0.2,0.25,1.0,1.0,1.0,0.3214285714285714,0.3333333333333333,0.0,1.0,-0.3333333333333333,0.61875,0.16,0.4841229182759271,0.29428571428571426,u414892,beginner
0.6936936936936937,0.8809523809523809,0.625,0.38461538461538464,1.0,1.0,1.0,0.4963369963369963,1.0,0.0,3.0,0.33333333333333337,0.6888888888888889,1.11,0.46095851551228945,0.5800366300366301,u414935,intermediate
0.5882352941176471,1.0,0.375,0.0,1.0,1.0,1.0,1.0,0.6666666666666666,0.0,1.0,0.0,0.6411764705882353,0.17,0.4921529567847503,0.35000000000000003,u415980,beginner
0.5555555555555556,1.0,0.4444444444444444,0.0,1.0,1.0,1.0,1.0,0.3333333333333333,2.0,0.0,-0.6666666666666667,0.5111111111111112,0.27,0.4969039949999533,0.37777777777777777,u416322,beginner
0.6388888888888888,0.7727272727272727,0.6,0.0,1.0,1.0,1.0,0.7727272727272727,0.6666666666666666,0.0,1.0,0.0,0.6981481481481482,0.36,0.48032267960529396,0.39454545454545453,u418157,beginner
0.5294117647058824,0.7,0.3333333333333333,0.0,1.0,1.0,1.0,0.7,0.6666666666666666,0.0,2.0,0.3333333333333333,0.9588235294117646,0.17,0.4991341984846218,0.2733333333333333,u418388,beginner
0.5,1.0,0.5555555555555556,0.0,1.0,1.0,1.0,1.0,0.6666666666666666,0.0,1.0,0.0,1.174074074074074,0.18,0.5,0.4222222222222223,u418438,beginner
0.5714285714285714,0.5,1.0,0.0,1.0,1.0,0.0,-0.3,0.6666666666666666,1.0,0.0,0.3333333333333333,0.588095238095238,0.14,0.4948716593053935,0.5,u420186,intermediate
0.6763485477178424,0.7728706624605678,0.6477611940298508,0.38028169014084506,1.0,1.0,1.0,0.39258897231972273,0.3333333333333333,2.0,0.0,-0.6666666666666667,1.0138294605809128,7.23,0.46786877403584853,0.565791286160392,u421338,intermediate
0.4375,0.25,0.5,0.0,1.0,1.0,0.0,-0.15,0.3333333333333333,0.0,1.0,-0.6666666666666667,1.3416666666666666,0.16,0.49607837082461076,0.25,u422955,beginner
0.6666666666666666,1.0,0.5454545454545454,0.5,1.0,1.0,1.0,0.5,0.6666666666666666,1.0,0.0,0.0,0.6544444444444444,0.3,0.4714045207910317,0.6181818181818182,u423761,intermediate
0.6363636363636364,1.0,0.8,0.25,1.0,1.0,1.0,0.75,0.3333333333333333,0.0,1.0,-0.6666666666666667,0.9545454545454546,0.11,0.48104569292083466,0.62,u424118,intermediate
0.6585365853658537,1.0,0.6470588235294118,0.42857142857142855,1.0,1.0,1.0,0.5714285714285714,0.6666666666666666,0.0,1.0,0.0,1.2056894308943091,0.41,0.47420053890789227,0.6302521008403361,u42432,intermediate
0.5714285714285714,0.5,0.6666666666666666,0.0,1.0,1.0,0.0,-0.09999999999999998,0.6666666666666666,1.0,0.0,0.0,1.2095238095238094,0.14,0.4948716593053935,0.3666666666666667,u425656,beginner
0.8181818181818182,0.8571428571428571,0.75,0.0,1.0,1.0,0.0,0.06428571428571425,0.6666666666666666,0.0,2.0,0.0,0.609090909090909,0.11,0.385694607919935,0.4714285714285715,u425978,intermediate
0.6,0.8,0.2857142857142857,0.3333333333333333,1.0,1.0,1.0,0.46666666666666673,0.0,3.0,0.0,-0.3333333333333333,0.9733333333333334,0.25,0.48989794855663565,0.40761904761904766,u426461,beginner
0.2727272727272727,0.5,0.0,0.0,1.0,1.0,0.0,0.3,0.3333333333333333,0.0,1.0,0.3333333333333333,0.7969696969696969,0.11,0.4453617714151233,0.1,u427562,beginner
0.6928702010968921,0.8695652173913043,0.664,0.36666666666666664,1.0,1.0,1.0,0.5028985507246377,0.0,3.0,0.0,-0.6666666666666666,0.7017062766605728,5.47,0.46130368037643527,0.5861797101449275,u428094,intermediate
0.47619047619047616,1.0,0.5,0.2222222222222222,1.0,1.0,1.0,0.7777777777777778,0.6666666666666666,1.0,0.0,-0.33333333333333337,0.5126984126984128,0.21,0.49943278484292924,0.48888888888888893,u428397,intermediate
0.5714285714285714,0.7142857142857143,0.75,0.0,1.0,1.0,1.0,0.7142857142857143,0.6666666666666666,0.0,2.0,0.6666666666666666,0.5857142857142857,0.14,0.4948716593053935,0.44285714285714295,u428584,beginner
0.5384615384615384,1.0,0.42857142857142855,0.3333333333333333,1.0,1.0,1.0,0.6666666666666667,0.6666666666666666,0.0,2.0,0.3333333333333333,1.0205128205128207,0.13,0.49851851526214314,0.5047619047619047,u430114,intermediate
0.3125,0.38461538461538464,0.0,0.0,1.0,1.0,0.0,0.23076923076923078,0.3333333333333333,1.0,0.0,0.3333333333333333,0.95625,0.16,0.46351240544347894,0.07692307692307693,u432406,beginner
0.7344913151364765,0.8705035971223022,0.6697674418604651,0.6326530612244898,1.0,1.0,1.0,0.23785053589781235,0.6666666666666666,1.0,0.0,-0.33333333333333337,0.6775847808105873,4.03,0.44160369464664323,0.6950689206584425,u433403,intermediate
0.7054263565891473,0.8648648648648649,0.5531914893617021,0.125,1.0,1.0,1.0,0.7398648648648649,0.6666666666666666,0.0,1.0,0.3333333333333333,0.6434108527131782,1.29,0.45585086598415986,0.4442495687176538,u433753,beginner
0.42857142857142855,0.6,0.4166666666666667,0.25,1.0,1.0,1.0,0.35,0.3333333333333333,1.0,0.0,0.0,0.5825396825396826,0.21,0.49487165930539345,0.3866666666666667,u434179,beginner
0.6470588235294118,0.8333333333333334,0.5454545454545454,0.0,1.0,1.0,0.0,0.17272727272727276,0.6666666666666666,0.0,2.0,0.0,0.584313725490196,0.17,0.47788461203740945,0.3848484848484849,u435398,beginner
0.36363636363636365,0.6666666666666666,0.0,0.0,1.0,1.0,1.0,0.6666666666666666,0.6666666666666666,0.0,1.0,0.3333333333333333,0.4636363636363637,0.11,0.4810456929208346,0.13333333333333333,u436075,beginner
0.22857142857142856,0.16666666666666666,0.125,0.38461538461538464,1.0,1.0,1.0,-0.21794871794871798,0.0,4.0,0.0,-0.6666666666666666,0.43332857142857145,0.35,0.41991252733425904,0.2371794871794872,u43620,beginner
0.6666666666666666,0.8421052631578947,0.5263157894736842,0.0,1.0,1.0,1.0,0.8421052631578947,0.6666666666666666,1.0,0.0,0.3333333333333333,0.6376068376068377,0.39,0.4714045207910317,0.3789473684210526,u436561,beginner
0.7777777777777778,1.0,0.6923076923076923,0.5,1.0,1.0,1.0,0.5,1.0,0.0,13.0,0.33333333333333337,0.654320987654321,0.27,0.41573970964154905,0.676923076923077,u437859,intermediate
0.528,0.6024096385542169,0.4,0.2857142857142857,1.0,1.0,1.0,0.3166953528399312,0.3333333333333333,2.0,0.0,0.3333333333333333,0.4208,1.25,0.49921538437832624,0.39476764199655767,u438320,beginner
0.26666666666666666,0.5,0.3333333333333333,0.0,1.0,1.0,1.0,0.5,0.0,4.0,0.0,-0.6666666666666666,0.72,0.15,0.44221663871405337,0.23333333333333334,u438948,beginner
0.6017699115044248,0.7297297297297297,0.3548387096774194,0.375,1.0,1.0,1.0,0.3547297297297297,1.0,0.0,6.0,0.6666666666666667,0.8029469026548672,1.13,0.48953333401555155,0.4378814298169137,u439373,beginner
0.6,0.6666666666666666,1.0,0.0,1.0,1.0,1.0,0.6666666666666666,0.3333333333333333,0.0,1.0,-0.3333333333333333,1.26,0.1,0.48989794855663565,0.5333333333333333,u442879,intermediate
0.65625,0.7872340425531915,0.5789473684210527,0.36363636363636365,1.0,1.0,1.0,0.42359767891682787,1.0,0.0,3.0,0.0,1.2243055555555555,0.96,0.47495887979908324,0.5344803013336049,u4429,intermediate
0.6714285714285714,0.9117647058823529,0.6086956521739131,0.15384615384615385,1.0,1.0,1.0,0.7579185520361991,1.0,0.0,5.0,0.33333333333333337,0.6785695238095237,0.7,0.4696937777935313,0.4873696635844974,u44556,intermediate
0.7535211267605634,0.926829268292683,0.763986013986014,0.49324324324324326,1.0,1.0,1.0,0.4335860250494397,0.3333333333333333,2.0,0.0,-0.3333333333333333,0.9001815597287428,12.78,0.43096059945899273,0.6882575565502395,u44563,intermediate
0.2903225806451613,0.5,0.21428571428571427,0.3076923076923077,1.0,1.0,1.0,0.1923076923076923,0.0,6.0,0.0,-0.6666666666666666,0.3451548387096774,0.31,0.4539112025635577,0.3087912087912088,u44595,beginner
0.26666666666666666,0.25,0.15384615384615385,0.38461538461538464,1.0,1.0,1.0,-0.13461538461538464,0.0,5.0,0.0,-0.3333333333333333,0.20666,0.3,0.4422166387140533,0.2653846153846154,u44634,beginner
0.6111111111111112,0.7777777777777778,0.35714285714285715,0.0,1.0,1.0,1.0,0.7777777777777778,0.6666666666666666,0.0,1.0,0.6666666666666666,0.8993827160493827,0.54,0.4874980215217845,0.29841269841269846,u447574,beginner
0.7096774193548387,0.8235294117647058,0.5384615384615384,1.0,1.0,1.0,1.0,-0.17647058823529416,0.6666666666666666,0.0,1.0,0.6666666666666666,0.5344086021505376,0.31,0.4539112025635577,0.7800904977375566,u447880,advanced
0.625,0.7272727272727273,0.3333333333333333,0.5,1.0,1.0,1.0,0.2272727272727273,0.6666666666666666,0.0,2.0,0.3333333333333333,0.5104166666666666,0.16,0.4841229182759271,0.4787878787878788,u448290,intermediate
0.6153846153846154,0.8333333333333334,0.36363636363636365,0.6666666666666666,1.0,1.0,1.0,0.16666666666666674,0.6666666666666666,1.0,0.0,0.0,0.6974358974358974,0.26,0.4865042554105199,0.5787878787878789,u448465,intermediate
0.8580246913580247,0.9710144927536232,0.8304093567251462,0.6851851851851852,1.0,1.0,1.0,0.28582930756843794,1.0,0.0,7.0,0.6666666666666667,0.5847648148148148,4.86,0.3490248134130167,0.8004407153148572,u448492,advanced
0.43548387096774194,0.5185185185185185,0.42857142857142855,0.14285714285714285,1.0,1.0,1.0,0.37566137566137564,0.6666666666666666,0.0,2.0,0.3333333333333333,1.1220430107526882,0.62,0.4958201983528839,0.3322751322751323,u449442,beginner
0.38095238095238093,0.6,0.25,0.0,1.0,1.0,1.0,0.6,1.0,0.0,5.0,1.0,0.9682539682539681,0.21,0.4856209060564557,0.22,u450847,beginner
0.48,0.5333333333333333,0.5238095238095238,0.35714285714285715,1.0,1.0,1.0,0.17619047619047618,0.6666666666666666,1.0,0.0,0.0,0.7653313333333333,0.5,0.49959983987187184,0.45904761904761915,u45106,intermediate
0.45454545454545453,1.0,0.0,0.2857142857142857,1.0,1.0,1.0,0.7142857142857143,0.3333333333333333,1.0,0.0,-0.3333333333333333,0.8242424242424242,0.11,0.49792959773196915,0.3142857142857143,u452445,beginner
0.5384615384615384,0.5,0.5,0.6,1.0,1.0,1.0,-0.09999999999999998,0.3333333333333333,2.0,0.0,0.0,0.6564102564102564,0.13,0.49851851526214314,0.54,u452928,intermediate
0.56,0.7538461538461538,0.5714285714285714,0.10344827586206896,1.0,1.0,1.0,0.6503978779840849,0.6666666666666666,1.0,0.0,0.3333333333333333,0.8211102222222223,1.5,0.4963869458396342,0.42071996968548686,u45355,beginner
0.7722477684609143,0.9175314036045876,0.7263464337700145,0.3597560975609756,1.0,1.0,1.0,0.557775306043612,0.3333333333333333,0.0,1.0,-0.3333333333333333,0.669287422234244,36.97,0.41938186962248675,0.6179472932533137,u453884,intermediate
0.6589147286821705,0.8484848484848485,0.6015625,0.2903225806451613,1.0,1.0,1.0,0.5581622678396871,0.0,3.0,0.0,-0.3333333333333333,0.5653746770025839,2.58,0.4740739488812607,0.5264510019550342,u453922,intermediate
0.55,0.9090909090909091,0.16666666666666666,0.0,1.0,1.0,1.0,0.9090909090909091,0.6666666666666666,0.0,2.0,0.6666666666666666,0.8683333333333333,0.2,0.4974937185533099,0.24848484848484848,u454345,beginner
0.375,0.5,0.4,0.0,1.0,1.0,1.0,0.5,0.0,4.0,0.0,0.0,0.5666666666666667,0.16,0.4841229182759271,0.26,u454786,beginner
0.5714285714285714,0.6875,0.45454545454545453,0.0,1.0,1.0,1.0,0.6875,0.6666666666666666,1.0,0.0,0.3333333333333333,0.4869047619047619,0.28,0.49487165930539356,0.31931818181818183,u456095,beginner
0.5806451612903226,1.0,0.375,0.25,1.0,1.0,1.0,0.75,0.6666666666666666,0.0,1.0,0.3333333333333333,0.5591397849462366,0.31,0.49345350131543086,0.45000000000000007,u457109,intermediate
0.6212121212121212,0.8108108108108109,0.44,0.0,1.0,1.0,1.0,0.8108108108108109,0.6666666666666666,0.0,1.0,0.3333333333333333,0.5616161616161616,0.66,0.48508516950248853,0.3381621621621622,u457990,beginner
0.2608695652173913,0.3,0.2727272727272727,0.0,1.0,1.0,1.0,0.3,0.3333333333333333,0.0,1.0,0.0,1.108695652173913,0.23,0.43910891036356864,0.16909090909090907,u459774,beginner
0.3488372093023256,0.4,0.25,0.5,1.0,1.0,1.0,-0.09999999999999998,0.3333333333333333,0.0,1.0,-0.3333333333333333,0.19844961240310077,0.43,0.47660236120742316,0.38,u460240,beginner
0.7192982456140351,0.8385826771653543,0.43333333333333335,0.25,1.0,1.0,1.0,0.5885826771653543,1.0,0.0,3.0,0.6666666666666667,0.6896649122807018,3.42,0.4493420517496736,0.4410498687664042,u46205,beginner
0.63,0.8571428571428571,0.7058823529411765,0.42857142857142855,1.0,1.0,1.0,0.42857142857142855,0.3333333333333333,1.0,0.0,-0.3333333333333333,0.7656653333333333,1.0,0.4828043081829324,0.6252100840336134,u46209,intermediate
0.6206896551724138,0.7252747252747253,0.5142857142857142,0.3157894736842105,1.0,1.0,1.0,0.40948525159051474,0.6666666666666666,1.0,0.0,0.0,0.7958588505747126,1.45,0.48521542343001,0.477085020242915,u463103,intermediate
0.6363636363636364,0.5,0.7142857142857143,0.5,1.0,1.0,1.0,0.0,1.0,0.0,5.0,0.6666666666666667,0.5848484848484848,0.11,0.48104569292083466,0.5857142857142859,u463768,intermediate
0.6122448979591837,0.8461538461538461,0.38095238095238093,0.0,1.0,1.0,1.0,0.8461538461538461,0.6666666666666666,1.0,0.0,0.6666666666666666,1.0108843537414967,0.49,0.4872382198495233,0.32161172161172163,u464446,beginner
0.4594594594594595,0.6111111111111112,0.3076923076923077,0.3333333333333333,1.0,1.0,1.0,0.27777777777777785,0.6666666666666666,1.0,0.0,0.3333333333333333,0.9369369369369369,0.37,0.4983537544482643,0.3786324786324786,u467173,beginner
0.6153846153846154,0.8,0.2222222222222222,1.0,1.0,1.0,1.0,-0.19999999999999996,0.6666666666666666,0.0,2.0,0.6666666666666666,0.9064102564102564,0.26,0.4865042554105199,0.648888888888889,u467446,intermediate
0.5555555555555556,0.7142857142857143,0.5,0.3333333333333333,1.0,1.0,1.0,0.380952380952381,0.3333333333333333,0.0,1.0,0.0,0.5333333333333333,0.18,0.4969039949999533,0.47619047619047616,u467856,intermediate
0.48214285714285715,0.7258064516129032,0.36470588235294116,0.23809523809523808,1.0,1.0,1.0,0.48771121351766517,0.6666666666666666,0.0,1.0,-0.33333333333333337,0.6821428571428572,1.68,0.49968102070118653,0.3862817385018523,u474299,beginner
0.5,1.0,0.5,0.0,1.0,1.0,1.0,1.0,0.3333333333333333,0.0,1.0,0.0,0.7633333333333333,0.1,0.5,0.4,u477803,beginner
0.55,0.75,0.6363636363636364,0.2,1.0,1.0,1.0,0.55,0.0,3.0,0.0,-0.3333333333333333,0.5316666666666666,0.2,0.49749371855331,0.4845454545454546,u477932,intermediate
0.3416149068322981,0.43478260869565216,0.3287671232876712,0.05263157894736842,1.0,1.0,1.0,0.38215102974828374,0.0,3.0,0.0,-0.3333333333333333,0.560248447204969,1.61,0.4742511594738155,0.2395160026331463,u478781,beginner
0.6499409681227863,0.8415446071904128,0.5787878787878787,0.30742049469964666,1.0,1.0,1.0,0.5341241124907661,0.6666666666666666,1.0,0.0,0.0,1.1747125147579693,16.94,0.47698816136084715,0.5227922708330928,u4795,intermediate
0.7407407407407407,1.0,0.6666666666666666,0.3333333333333333,1.0,1.0,1.0,0.6666666666666667,1.0,0.0,3.0,0.0,0.5703703703703703,0.27,0.43822813208145306,0.6,u479567,intermediate
0.3125,0.4,0.18181818181818182,0.0,1.0,1.0,1.0,0.4,0.0,5.0,0.0,0.0,0.8875,0.32,0.46351240544347894,0.15272727272727277,u480747,beginner
0.40625,0.47058823529411764,0.3076923076923077,0.5,1.0,1.0,1.0,-0.02941176470588236,0.3333333333333333,1.0,0.0,-0.3333333333333333,0.8114583333333333,0.32,0.4911323014219285,0.4171945701357466,u480997,beginner
0.6129032258064516,0.9230769230769231,0.4117647058823529,0.0,1.0,1.0,1.0,0.9230769230769231,1.0,0.0,7.0,0.33333333333333337,0.7311827956989247,0.31,0.487086092598113,0.34932126696832577,u481383,beginner
0.6645161290322581,0.8181818181818182,0.48214285714285715,0.36363636363636365,1.0,1.0,1.0,0.4545454545454546,0.3333333333333333,0.0,1.0,0.3333333333333333,0.6580645161290322,1.55,0.4721593409943738,0.501948051948052,u481647,intermediate
0.38461538461538464,0.6666666666666666,0.6666666666666666,0.14285714285714285,1.0,1.0,1.0,0.5238095238095237,0.3333333333333333,1.0,0.0,-0.3333333333333333,0.7179461538461539,0.13,0.48650425541051995,0.4571428571428572,u48238,intermediate
0.6666666666666666,0.9333333333333333,0.4,0.0,1.0,1.0,1.0,0.9333333333333333,0.6666666666666666,0.0,2.0,0.0,0.6888888888888889,0.27,0.4714045207910317,0.3466666666666667,u482623,beginner
0.48148148148148145,0.5714285714285714,0.4444444444444444,0.25,1.0,1.0,1.0,0.3214285714285714,0.3333333333333333,1.0,0.0,0.0,1.0345679012345679,0.27,0.49965694678637196,0.3920634920634921,u482942,beginner
0.5185185185185185,0.5384615384615384,0.5454545454545454,0.3333333333333333,1.0,1.0,1.0,0.20512820512820512,0.3333333333333333,0.0,1.0,0.0,0.7481481481481482,0.27,0.4996569467863719,0.4592074592074592,u48306,intermediate
0.5405405405405406,0.5,0.5714285714285714,0.5,1.0,1.0,1.0,0.0,0.6666666666666666,1.0,0.0,0.6666666666666666,2.245945945945946,0.37,0.4983537544482643,0.5285714285714286,u487728,intermediate
0.6,0.75,0.42857142857142855,0.0,1.0,1.0,1.0,0.75,0.6666666666666666,0.0,2.0,0.3333333333333333,0.5583333333333333,0.2,0.48989794855663565,0.32142857142857145,u488014,beginner
0.5094339622641509,0.6666666666666666,0.5454545454545454,0.3125,1.0,1.0,1.0,0.35416666666666663,0.0,4.0,0.0,-0.6666666666666666,1.2025119496855345,0.53,0.4999109924336516,0.4765151515151515,u48805,intermediate
0.4634146341463415,0.6111111111111112,0.35294117647058826,0.3333333333333333,1.0,1.0,1.0,0.27777777777777785,0.3333333333333333,2.0,0.0,-0.3333333333333333,0.5617886178861788,0.41,0.4986597146405091,0.3967320261437909,u488062,beginner
0.3,0.5,0.2857142857142857,0.0,1.0,1.0,1.0,0.5,0.0,4.0,0.0,-0.3333333333333333,0.8166666666666667,0.1,0.45825756949558394,0.2142857142857143,u489554,beginner
0.7610619469026548,0.9705882352941176,0.7704918032786885,0.3333333333333333,1.0,1.0,1.0,0.6372549019607843,1.0,0.0,5.0,0.33333333333333337,0.6861356932153392,1.13,0.42643482489050466,0.6356477017036323,u489673,intermediate
0.5285714285714286,0.6444444444444445,0.2777777777777778,0.42857142857142855,1.0,1.0,1.0,0.21587301587301594,0.3333333333333333,2.0,0.0,0.0,0.5157142857142857,0.7,0.49918300599017557,0.4114285714285715,u489845,beginner
0.6,0.6666666666666666,0.6,0.5,1.0,1.0,1.0,0.16666666666666663,0.3333333333333333,0.0,1.0,0.0,0.8833333333333333,0.1,0.48989794855663565,0.5733333333333333,u489938,intermediate
0.6299212598425197,0.75,0.5416666666666666,0.2727272727272727,1.0,1.0,1.0,0.4772727272727273,0.3333333333333333,2.0,0.0,-0.3333333333333333,0.9771653543307087,1.27,0.48282550288994946,0.47575757575757577,u490054,intermediate
0.75,0.8461538461538461,0.5714285714285714,0.0,1.0,1.0,0.0,0.16483516483516483,0.3333333333333333,2.0,0.0,-0.3333333333333333,0.6816666666666666,0.2,0.4330127018922193,0.39780219780219783,u490297,beginner
0.40373831775700936,0.45454545454545453,0.37344398340248963,0.3076923076923077,1.0,1.0,1.0,0.14685314685314682,0.6666666666666666,0.0,1.0,0.3333333333333333,1.2860436137071651,5.35,0.4906461948611744,0.36336360734700984,u491453,beginner
0.6526946107784432,0.7768595041322314,0.36585365853658536,0.0,1.0,1.0,1.0,0.7768595041322314,0.6666666666666666,0.0,2.0,0.0,1.1161676646706586,1.67,0.47611380555411315,0.3017133642410804,u492217,beginner
0.43333333333333335,0.5,0.46153846153846156,0.38461538461538464,1.0,1.0,1.0,0.11538461538461536,0.3333333333333333,2.0,0.0,-0.6666666666666667,0.9755511111111111,0.3,0.4955356249106168,0.43846153846153846,u49225,beginner
0.628099173553719,0.8072289156626506,0.28125,0.0,1.0,1.0,1.0,0.8072289156626506,0.6666666666666666,0.0,1.0,0.6666666666666666,0.5694214876033058,1.21,0.4833121162715189,0.27394578313253015,u492527,beginner
0.4166666666666667,0.6875,0.3157894736842105,0.23076923076923078,1.0,1.0,1.0,0.4567307692307692,1.0,0.0,3.0,0.6666666666666667,0.7381923611111111,0.48,0.4930066485916347,0.35612348178137654,u49311,beginner
0.7428571428571429,0.9333333333333333,0.6875,0.25,1.0,1.0,1.0,0.6833333333333333,1.0,0.0,3.0,0.6666666666666667,0.7733333333333333,0.35,0.4370588154508102,0.5616666666666666,u494568,intermediate
0.8461538461538461,1.0,0.9,0.5714285714285714,1.0,1.0,1.0,0.4285714285714286,1.0,0.0,6.0,0.0,0.7397435897435897,0.26,0.36080121229411,0.7885714285714286,u495709,advanced
0.5555555555555556,0.75,0.5,0.5,1.0,1.0,1.0,0.25,0.6666666666666666,0.0,1.0,0.0,1.0833333333333333,0.18,0.4969039949999533,0.55,u496709,intermediate
0.6363636363636364,1.0,1.0,0.2,1.0,1.0,1.0,0.8,0.3333333333333333,1.0,0.0,-0.6666666666666667,1.0787878787878789,0.11,0.4810456929208346,0.6800000000000002,u496977,intermediate
0.6532258064516129,0.7380952380952381,0.59375,0.0,1.0,1.0,1.0,0.7380952380952381,0.3333333333333333,0.0,1.0,0.0,1.35994623655914,1.24,0.47594311869933875,0.38511904761904764,u497355,beginner
0.5,0.75,0.4482758620689655,0.2222222222222222,1.0,1.0,1.0,0.5277777777777778,0.6666666666666666,0.0,2.0,0.0,0.6734567901234568,0.54,0.5,0.41819923371647516,u498810,beginner
0.6129032258064516,1.0,0.5,0.0,1.0,1.0,1.0,1.0,0.3333333333333333,0.0,1.0,0.0,0.6010752688172043,0.31,0.487086092598113,0.4,u500076,beginner
0.5,0.5,0.6,0.3333333333333333,1.0,1.0,1.0,0.16666666666666669,0.0,3.0,0.0,-0.3333333333333333,0.8466666666666667,0.1,0.5,0.4733333333333333,u500177,intermediate
0.6,0.6666666666666666,0.5909090909090909,0.3333333333333333,1.0,1.0,1.0,0.3333333333333333,0.6666666666666666,0.0,2.0,0.0,0.769090909090909,0.55,0.4898979485566356,0.503030303030303,u500553,intermediate
0.6486486486486487,1.0,0.4117647058823529,0.4,1.0,1.0,1.0,0.6,1.0,0.0,4.0,0.33333333333333337,0.7756756756756756,0.37,0.47739247926096473,0.5247058823529412,u500850,intermediate
0.26666666666666666,0.25,0.23076923076923078,0.3076923076923077,1.0,1.0,1.0,-0.05769230769230771,1.0,0.0,3.0,0.33333333333333337,0.6122166666666666,0.3,0.4422166387140533,0.2653846153846154,u50143,beginner
0.5294117647058824,0.6666666666666666,0.4444444444444444,0.6,1.0,1.0,1.0,0.06666666666666665,0.3333333333333333,1.0,0.0,-0.6666666666666667,0.6803921568627451,0.17,0.4991341984846218,0.5511111111111111,u503074,intermediate
0.7004405286343612,0.8562091503267973,0.6187290969899666,0.39473684210526316,1.0,1.0,1.0,0.4614723082215342,1.0,0.0,3.0,0.0,1.2868813020068526,6.81,0.45806505485659765,0.5766282057034514,u503816,intermediate
0.38461538461538464,1.0,0.125,0.0,1.0,1.0,1.0,1.0,0.0,3.0,0.0,-0.3333333333333333,1.005128205128205,0.13,0.48650425541051995,0.25,u503883,beginner
0.7,1.0,0.75,0.3333333333333333,1.0,1.0,1.0,0.6666666666666667,1.0,0.0,3.0,0.0,0.69,0.1,0.45825756949558394,0.6333333333333333,u505129,intermediate
0.5454545454545454,1.0,0.5,0.3333333333333333,1.0,1.0,1.0,0.6666666666666667,0.6666666666666666,0.0,2.0,0.0,0.9454545454545454,0.11,0.49792959773196915,0.5333333333333333,u505922,intermediate
0.7111853088480802,0.8770226537216829,0.6359447004608295,0.2328767123287671,1.0,1.0,1.0,0.6441459413929158,0.3333333333333333,0.0,1.0,-0.6666666666666667,1.2250971062882583,5.99,0.4532116120828559,0.5229330958601752,u506270,intermediate
0.3684210526315789,0.42857142857142855,0.0,1.0,1.0,1.0,1.0,-0.5714285714285714,0.3333333333333333,1.0,0.0,0.3333333333333333,0.8824561403508773,0.19,0.48237638894272,0.48571428571428577,u507008,intermediate
0.5,0.8333333333333334,0.0,0.3333333333333333,1.0,1.0,1.0,0.5,1.0,0.0,3.0,0.6666666666666667,0.6583333333333333,0.12,0.5,0.30000000000000004,u507458,beginner
0.6808252427184466,0.825503355704698,0.5329153605015674,0.3793103448275862,1.0,1.0,1.0,0.44619301087711183,1.0,0.0,8.0,0.0,1.2552179207119742,8.24,0.46615687444873627,0.529990953272601,u50748,intermediate
0.625,1.0,0.6666666666666666,0.0,1.0,1.0,1.0,1.0,1.0,0.0,4.0,0.33333333333333337,0.6791666666666667,0.24,0.4841229182759271,0.4666666666666667,u509070,intermediate
0.6317073170731707,0.7925925925925926,0.5042492917847026,0.3064516129032258,1.0,1.0,1.0,0.4861409796893668,1.0,0.0,8.0,0.6666666666666667,0.5106096747967479,8.2,0.4823413548819832,0.4827988803936899,u50988,intermediate
0.453416149068323,0.6808510638297872,0.4931506849315068,0.12195121951219512,1.0,1.0,1.0,0.5588998443175921,0.0,4.0,0.0,-0.6666666666666666,0.82712049689441,1.61,0.4978252151432019,0.3822109745434382,u51045,beginner
0.6923076923076923,0.9545454545454546,0.7222222222222222,0.42857142857142855,1.0,1.0,1.0,0.525974025974026,0.6666666666666666,0.0,2.0,-0.33333333333333337,0.5570496794871794,1.04,0.46153846153846156,0.6512265512265513,u51118,intermediate
0.631578947368421,0.7894736842105263,0.5,0.3333333333333333,1.0,1.0,1.0,0.456140350877193,0.6666666666666666,0.0,2.0,0.0,0.8447368421052631,0.38,0.48237638894271995,0.49122807017543857,u511212,intermediate
0.6,0.7142857142857143,0.5588235294117647,0.5333333333333333,1.0,1.0,1.0,0.18095238095238098,0.6666666666666666,0.0,2.0,0.3333333333333333,1.0671414285714287,0.7,0.48989794855663565,0.5797198879551821,u5118,intermediate
0.6890756302521008,0.9328859060402684,0.6782178217821783,0.416,1.0,1.0,1.0,0.5168859060402684,1.0,0.0,18.0,0.0,1.026540056022409,4.76,0.46287191105614833,0.624264309920925,u512351,intermediate
0.5454545454545454,0.75,0.6,0.0,1.0,1.0,1.0,0.75,0.3333333333333333,1.0,0.0,-0.3333333333333333,0.6181818181818182,0.11,0.49792959773196915,0.39,u514910,beginner
0.5833333333333334,1.0,0.5,0.0,1.0,1.0,1.0,1.0,0.3333333333333333,0.0,1.0,-0.3333333333333333,0.611111111111111,0.12,0.4930066485916347,0.4,u515793,beginner
0.8,1.0,1.0,0.6,1.0,1.0,1.0,0.4,0.6666666666666666,0.0,1.0,-0.33333333333333337,0.7366666666666667,0.1,0.4,0.8400000000000001,u516172,advanced
0.6797752808988764,0.7373737373737373,0.7358490566037735,0.34615384615384615,1.0,1.0,1.0,0.3912198912198912,0.6666666666666666,1.0,0.0,0.3333333333333333,0.9292134831460674,1.78,0.46656280217965307,0.5802759085777953,u516339,intermediate
0.36666666666666664,0.75,0.38461538461538464,0.23076923076923078,1.0,1.0,1.0,0.5192307692307692,0.6666666666666666,1.0,0.0,0.0,0.9066644444444445,0.3,0.48189440982669857,0.3961538461538462,u51666,beginner
0.6153846153846154,1.0,0.6,0.25,1.0,1.0,1.0,0.75,0.3333333333333333,0.0,1.0,-0.3333333333333333,0.9153846153846154,0.13,0.48650425541051995,0.54,u516961,intermediate
0.725,0.8680981595092024,0.6280137772675086,0.33962264150943394,1.0,1.0,1.0,0.5284755179997684,0.6666666666666666,0.0,1.0,0.0,0.6795183060109289,24.4,0.44651427748729383,0.5606741994126175,u517963,intermediate
0.5454545454545454,1.0,0.5,0.3333333333333333,1.0,1.0,1.0,0.6666666666666667,0.0,3.0,0.0,-1.0,0.8818181818181818,0.11,0.49792959773196915,0.5333333333333333,u518315,intermediate
0.3333333333333333,0.3333333333333333,0.3333333333333333,0.0,1.0,1.0,0.0,0.0,0.3333333333333333,0.0,1.0,0.0,1.1777777777777778,0.24,0.4714045207910317,0.2,u519887,beginner
0.5,1.0,0.6666666666666666,0.2,1.0,1.0,1.0,0.8,0.6666666666666666,0.0,2.0,0.3333333333333333,0.7233333333333334,0.1,0.5,0.5466666666666666,u519993,intermediate
0.6190476190476191,0.7272727272727273,0.6060606060606061,0.375,1.0,1.0,1.0,0.3522727272727273,0.6666666666666666,0.0,1.0,0.0,0.7084650793650794,0.63,0.4856209060564557,0.537878787878788,u520406,intermediate
0.26666666666666666,0.25,0.2857142857142857,0.0,1.0,1.0,0.0,-0.02142857142857142,0.0,4.0,0.0,-0.6666666666666666,0.7288888888888889,0.15,0.44221663871405337,0.16428571428571428,u520563,beginner
0.3,0.3333333333333333,0.25,0.0,1.0,1.0,0.0,0.04999999999999999,0.0,3.0,0.0,-0.3333333333333333,0.25,0.1,0.45825756949558394,0.16666666666666669,u521765,beginner
0.6666666666666666,0.8085106382978723,0.46,0.3333333333333333,1.0,1.0,1.0,0.47517730496453897,1.0,0.0,10.0,1.0,0.8701511982570806,1.53,0.4714045207910317,0.47903546099290784,u521818,intermediate
0.6548672566371682,0.7941176470588235,0.5,0.3076923076923077,1.0,1.0,1.0,0.4864253393665158,1.0,0.0,3.0,0.33333333333333337,0.7793495575221239,1.13,0.4754115404801166,0.4819004524886878,u52206,intermediate
0.6,0.5714285714285714,0.6666666666666666,0.0,1.0,1.0,0.0,-0.057142857142857134,1.0,0.0,3.0,0.6666666666666667,0.6133333333333333,0.1,0.48989794855663565,0.38095238095238093,u522062,beginner
0.5121951219512195,0.5681818181818182,0.42857142857142855,0.6666666666666666,1.0,1.0,1.0,-0.0984848484848484,0.6666666666666666,0.0,1.0,0.0,0.6373983739837398,0.82,0.4998512568760779,0.5517316017316017,u522217,intermediate
0.7770034843205574,0.8811881188118812,0.5915492957746479,0.21428571428571427,1.0,1.0,1.0,0.6669024045261669,0.3333333333333333,2.0,0.0,-0.3333333333333333,1.0704974448315911,2.87,0.4162560145802948,0.4985716277865212,u522705,intermediate
0.26666666666666666,0.5,0.15384615384615385,0.3076923076923077,1.0,1.0,1.0,0.1923076923076923,0.0,5.0,0.0,0.0,0.20222222222222222,0.3,0.4422166387140533,0.2846153846153846,u52308,beginner
0.5294117647058824,0.8333333333333334,0.4444444444444444,0.0,1.0,1.0,1.0,0.8333333333333334,0.6666666666666666,1.0,0.0,0.0,0.8274509803921569,0.17,0.4991341984846218,0.34444444444444444,u523508,beginner
0.4117647058823529,0.5555555555555556,0.0,0.6666666666666666,1.0,1.0,1.0,-0.11111111111111105,0.6666666666666666,1.0,0.0,0.0,0.711764705882353,0.17,0.4921529567847503,0.37777777777777777,u52459,beginner
0.7338709677419355,0.9259259259259259,0.6274509803921569,0.47368421052631576,1.0,1.0,1.0,0.45224171539961017,0.6666666666666666,0.0,2.0,0.3333333333333333,0.7975801075268817,1.24,0.4419325406071051,0.6256392615525743,u526347,intermediate
0.5030549898167006,0.7396449704142012,0.45544554455445546,0.25,1.0,1.0,1.0,0.4896449704142012,0.6666666666666666,1.0,0.0,0.0,0.864966938221317,4.91,0.499990666950114,0.4301072119046224,u5279,beginner
0.5454545454545454,1.0,0.6,0.4,1.0,1.0,1.0,0.6,0.6666666666666666,0.0,1.0,0.0,0.5484848484848486,0.11,0.49792959773196915,0.6000000000000001,u530129,intermediate
0.48148148148148145,0.6470588235294118,0.14285714285714285,0.3333333333333333,1.0,1.0,1.0,0.3137254901960785,0.3333333333333333,2.0,0.0,0.0,0.8395061728395062,0.27,0.49965694678637196,0.3198879551820728,u530138,beginner
0.7647058823529411,0.9285714285714286,0.0,0.0,1.0,1.0,1.0,0.9285714285714286,1.0,0.0,10.0,0.33333333333333337,0.6862745098039216,0.17,0.42418250299576343,0.18571428571428572,u531464,beginner
0.5175438596491229,0.5735294117647058,0.4594594594594595,0.3333333333333333,1.0,1.0,1.0,0.24019607843137253,0.3333333333333333,1.0,0.0,-0.3333333333333333,1.039766081871345,1.14,0.4996921181974076,0.4318229994700583,u531551,beginner
0.3,1.0,0.25,0.0,1.0,1.0,1.0,1.0,0.0,3.0,0.0,-0.3333333333333333,0.9466666666666667,0.1,0.45825756949558394,0.30000000000000004,u532890,beginner
0.6363636363636364,1.0,0.6,0.0,1.0,1.0,1.0,1.0,0.3333333333333333,2.0,0.0,-0.3333333333333333,1.3575757575757577,0.11,0.4810456929208347,0.44,u532975,beginner
0.5555555555555556,0.8888888888888888,0.2,0.25,1.0,1.0,1.0,0.6388888888888888,0.6666666666666666,0.0,1.0,-0.33333333333333337,0.9074074074074074,0.18,0.4969039949999533,0.35777777777777775,u533111,beginner
0.4117647058823529,0.6666666666666666,0.14285714285714285,0.0,1.0,1.0,1.0,0.6666666666666666,0.6666666666666666,0.0,2.0,0.3333333333333333,0.7450980392156863,0.17,0.49215295678475035,0.19047619047619047,u533114,beginner
0.6666666666666666,0.59375,0.8333333333333334,1.0,1.0,1.0,1.0,-0.40625,0.3333333333333333,2.0,0.0,0.0,0.9614814814814815,0.45,0.4714045207910317,0.8520833333333334,u533180,advanced
0.6428571428571429,0.8333333333333334,0.6666666666666666,0.0,1.0,1.0,1.0,0.8333333333333334,0.6666666666666666,0.0,1.0,0.6666666666666666,0.7,0.14,0.47915742374995496,0.43333333333333335,u533209,beginner
0.7666666666666667,0.9,0.5555555555555556,0.0,1.0,1.0,1.0,0.9,1.0,0.0,4.0,0.6666666666666667,0.7288888888888889,0.3,0.42295258468165065,0.40222222222222226,u5342,beginner
0.3,0.3333333333333333,0.3333333333333333,0.25,1.0,1.0,1.0,0.08333333333333331,0.3333333333333333,0.0,1.0,0.3333333333333333,0.28332333333333337,0.1,0.45825756949558405,0.30000000000000004,u53441,beginner
0.5666666666666667,0.875,0.6923076923076923,0.1111111111111111,1.0,1.0,1.0,0.7638888888888888,0.3333333333333333,1.0,0.0,0.0,0.8188888888888889,0.3,0.4955356249106168,0.49636752136752144,u535800,intermediate
1.0,1.0,1.0,1.0,1.0,1.0,1.0,0.0,1.0,0.0,10.0,0.0,0.4666666666666667,0.1,0.0,1.0,u536155,advanced
0.5666666666666667,0.75,0.7692307692307693,0.3076923076923077,1.0,1.0,1.0,0.4423076923076923,1.0,0.0,4.0,0.33333333333333337,0.8499955555555555,0.3,0.4955356249106168,0.5807692307692308,u53653,intermediate
0.5,0.6666666666666666,1.0,0.2,1.0,1.0,1.0,0.4666666666666666,0.3333333333333333,0.0,1.0,-0.3333333333333333,0.9633333333333334,0.1,0.5,0.6133333333333333,u537309,intermediate
0.23333333333333334,0.5,0.23076923076923078,0.15384615384615385,1.0,1.0,1.0,0.34615384615384615,0.3333333333333333,2.0,0.0,0.0,0.9155522222222222,0.3,0.4229525846816506,0.25384615384615383,u53754,beginner
0.40625,0.8333333333333334,0.23076923076923078,0.38461538461538464,1.0,1.0,1.0,0.44871794871794873,0.6666666666666666,0.0,2.0,0.3333333333333333,0.8020802083333334,0.32,0.4911323014219285,0.41282051282051285,u53808,beginner
0.8148148148148148,1.0,0.8333333333333334,0.0,1.0,1.0,1.0,1.0,1.0,0.0,9.0,0.33333333333333337,0.8617283950617284,0.27,0.38844772154450063,0.5333333333333334,u538623,intermediate
0.6551724137931034,0.9,0.6428571428571429,0.2,1.0,1.0,1.0,0.7,1.0,0.0,3.0,0.0,0.7160919540229885,0.29,0.4753120259341455,0.5171428571428571,u538762,intermediate
0.6363636363636364,0.8125,0.2,0.0,1.0,1.0,1.0,0.8125,0.6666666666666666,0.0,1.0,0.3333333333333333,1.018181818181818,0.22,0.4810456929208346,0.24250000000000002,u539267,beginner
0.7505197505197505,0.9099099099099099,0.7848605577689243,0.5294117647058824,1.0,1.0,1.0,0.3804981452040276,0.6666666666666666,0.0,2.0,-0.33333333333333337,0.6574497574497574,4.81,0.43271220759243895,0.7076909109719047,u539463,advanced
0.1875,0.3,0.0,0.0,1.0,1.0,1.0,0.3,0.3333333333333333,2.0,0.0,0.0,0.43125,0.16,0.3903123748998999,0.06,u540270,beginner
0.5852941176470589,0.7276995305164319,0.4215686274509804,0.04,1.0,1.0,1.0,0.6876995305164318,0.3333333333333333,1.0,0.0,0.0,1.0548039215686276,3.4,0.49267120221787847,0.33016735708367856,u540558,beginner
0.6956521739130435,0.8177570093457944,0.4943820224719101,0.2631578947368421,1.0,1.0,1.0,0.5545991146089524,0.6666666666666666,0.0,2.0,0.3333333333333333,1.1962733954451346,3.22,0.46013066279384185,0.4665673687526598,u540799,intermediate
0.7659574468085106,1.0,0.8636363636363636,0.4666666666666667,1.0,1.0,1.0,0.5333333333333333,1.0,0.0,5.0,0.0,0.7468085106382978,0.47,0.42339890940707237,0.7321212121212121,u540840,advanced
0.49019607843137253,0.7012987012987013,0.3917525773195876,0.26666666666666666,1.0,1.0,1.0,0.43463203463203465,1.0,0.0,3.0,0.33333333333333337,0.998202614379085,2.04,0.49990387388164553,0.40362743785424204,u541686,beginner
0.5679012345679012,0.7307692307692307,0.5641025641025641,0.3125,1.0,1.0,1.0,0.4182692307692307,0.6666666666666666,1.0,0.0,-0.33333333333333337,0.7275716049382717,0.81,0.49536796661083654,0.4967948717948718,u543248,intermediate
0.3181818181818182,0.3333333333333333,0.5,0.18181818181818182,1.0,1.0,1.0,0.1515151515151515,0.3333333333333333,1.0,0.0,-0.3333333333333333,0.7712045454545454,0.22,0.46577048936179993,0.3393939393939394,u54352,beginner
0.36363636363636365,0.75,0.2,0.0,1.0,1.0,1.0,0.75,0.3333333333333333,1.0,0.0,0.0,1.0393939393939393,0.11,0.48104569292083466,0.23000000000000004,u543942,beginner
0.35714285714285715,0.5,0.4444444444444444,0.0,1.0,1.0,1.0,0.5,0.3333333333333333,0.0,1.0,0.0,0.8,0.14,0.47915742374995485,0.2777777777777778,u545891,beginner
0.5739130434782609,0.8235294117647058,0.5689655172413793,0.38095238095238093,1.0,1.0,1.0,0.4425770308123249,1.0,0.0,4.0,0.6666666666666667,0.6652173913043479,2.3,0.4945066854995802,0.5446730416304453,u546240,intermediate
0.7096774193548387,0.8461538461538461,0.7857142857142857,0.0,1.0,1.0,1.0,0.8461538461538461,0.6666666666666666,0.0,1.0,0.0,0.521505376344086,0.31,0.4539112025635577,0.4835164835164835,u547705,intermediate
0.6714285714285714,0.8085106382978723,0.358974358974359,0.5714285714285714,1.0,1.0,1.0,0.2370820668693009,0.6666666666666666,1.0,0.0,0.6666666666666666,0.5347619047619048,1.4,0.46969377779353133,0.5338632998207467,u548162,intermediate
0.5688622754491018,0.719626168224299,0.32,0.2,1.0,1.0,1.0,0.5196261682242991,0.3333333333333333,2.0,0.0,0.0,1.0041894211576847,1.67,0.49523528450623544,0.35192523364485984,u548752,beginner
0.723404255319149,0.9032258064516129,0.375,0.0,1.0,1.0,0.0,0.3169354838709677,1.0,0.0,5.0,1.0,0.7049645390070921,0.47,0.447314809396354,0.3306451612903226,u549034,beginner
0.6857142857142857,0.9705882352941176,0.6190476190476191,0.13333333333333333,1.0,1.0,1.0,0.8372549019607843,1.0,0.0,13.0,0.33333333333333337,0.6723776190476191,0.7,0.4642307659791977,0.4950700280112045,u54922,intermediate
0.5,0.6056338028169014,0.28,0.16666666666666666,1.0,1.0,1.0,0.43896713615023475,0.0,3.0,0.0,-0.3333333333333333,1.1683,1.02,0.5,0.299793427230047,u551602,beginner
0.7272727272727273,1.0,0.8333333333333334,0.3333333333333333,1.0,1.0,1.0,0.6666666666666667,0.3333333333333333,1.0,0.0,-0.6666666666666667,1.793939393939394,0.11,0.4453617714151233,0.6666666666666667,u551605,intermediate
0.680327868852459,0.95,0.65,0.2727272727272727,1.0,1.0,1.0,0.6772727272727272,0.3333333333333333,2.0,0.0,0.0,0.7300532786885247,1.22,0.46634950382211227,0.5590909090909091,u55188,intermediate
0.7164179104477612,0.85,0.5238095238095238,0.5,1.0,1.0,1.0,0.35,1.0,0.0,8.0,1.0,1.2109452736318407,0.67,0.45073638419526857,0.5795238095238096,u552163,intermediate
0.42857142857142855,0.5,0.36363636363636365,0.5,1.0,1.0,1.0,0.0,0.3333333333333333,2.0,0.0,-0.6666666666666667,0.6587301587301587,0.21,0.49487165930539345,0.4454545454545455,u552840,beginner
0.5217391304347826,0.6666666666666666,0.5333333333333333,0.0,1.0,1.0,1.0,0.6666666666666666,0.6666666666666666,0.0,2.0,-0.33333333333333337,1.391304347826087,0.23,0.4995271866554807,0.3466666666666667,u553230,beginner
0.569811320754717,0.754863813229572,0.4793814432989691,0.189873417721519,1.0,1.0,1.0,0.564990395508053,0.3333333333333333,0.0,1.0,0.0,1.430185031446541,5.3,0.4951023929395636,0.41867470705410964,u560097,beginner
0.7158469945355191,0.8666666666666667,0.6172839506172839,0.25,1.0,1.0,1.0,0.6166666666666667,0.6666666666666666,0.0,1.0,0.3333333333333333,0.5650273224043716,1.83,0.4510100608079421,0.5202469135802469,u560421,intermediate
0.4444444444444444,0.47058823529411764,0.4444444444444444,0.0,1.0,1.0,1.0,0.47058823529411764,0.3333333333333333,0.0,1.0,0.0,0.4938271604938272,0.27,0.4969039949999533,0.27189542483660134,u560717,beginner
0.4666666666666667,1.0,0.46153846153846156,0.3076923076923077,1.0,1.0,1.0,0.6923076923076923,1.0,0.0,3.0,0.33333333333333337,1.0144455555555556,0.3,0.49888765156985887,0.5076923076923077,u56167,intermediate
0.6280193236714976,0.7867647058823529,0.36363636363636365,0.1875,1.0,1.0,1.0,0.5992647058823529,0.3333333333333333,0.0,1.0,0.0,0.722704347826087,2.07,0.4833332729770343,0.3778074866310161,u562357,beginner
0.625,0.8888888888888888,0.4,0.0,1.0,1.0,1.0,0.8888888888888888,0.6666666666666666,1.0,0.0,0.3333333333333333,1.0291666666666666,0.16,0.4841229182759271,0.33777777777777784,u562491,beginner
0.6190476190476191,0.8,0.2857142857142857,0.75,1.0,1.0,1.0,0.050000000000000044,0.3333333333333333,1.0,0.0,0.0,0.788888888888889,0.21,0.4856209060564557,0.5742857142857143,u563536,intermediate
0.37037037037037035,0.4444444444444444,0.25,0.0,1.0,1.0,1.0,0.4444444444444444,0.3333333333333333,1.0,0.0,0.0,0.971604938271605,0.27,0.4829038818668629,0.18888888888888888,u563759,beginner
0.38095238095238093,0.46153846153846156,0.2857142857142857,0.0,1.0,1.0,1.0,0.46153846153846156,0.0,4.0,0.0,0.0,0.7984126984126985,0.21,0.4856209060564557,0.20659340659340658,u563781,beginner
0.4,0.3333333333333333,0.25,0.6666666666666666,1.0,1.0,1.0,-0.3333333333333333,0.0,5.0,0.0,-0.6666666666666666,1.7933333333333332,0.1,0.48989794855663565,0.43333333333333335,u564370,beginner
0.4,0.5,0.25,0.5,1.0,1.0,1.0,0.0,0.3333333333333333,0.0,1.0,-0.3333333333333333,1.0233333333333334,0.1,0.4898979485566356,0.4,u564757,beginner
0.7272727272727273,1.0,0.7,0.0,1.0,1.0,0.0,0.18000000000000002,1.0,0.0,5.0,0.33333333333333337,0.5696969696969697,0.11,0.4453617714151233,0.48,u565982,intermediate
0.3333333333333333,0.75,0.23076923076923078,0.3076923076923077,1.0,1.0,1.0,0.4423076923076923,0.0,3.0,0.0,-0.3333333333333333,0.7966622222222222,0.3,0.4714045207910317,0.3653846153846154,u56625,beginner
0.64,0.8361344537815126,0.4645161290322581,0.03125,1.0,1.0,1.0,0.8048844537815126,0.6666666666666666,0.0,2.0,0.3333333333333333,0.8330980392156863,4.25,0.48,0.3655333423692058,u566540,beginner
0.4583333333333333,1.0,0.5555555555555556,0.3076923076923077,1.0,1.0,1.0,0.6923076923076923,0.3333333333333333,1.0,0.0,-0.3333333333333333,1.1708333333333334,0.24,0.4982608642958916,0.5452991452991454,u566585,intermediate
0.5454545454545454,0.6,0.5,0.0,1.0,1.0,0.0,0.059999999999999984,0.3333333333333333,2.0,0.0,-0.3333333333333333,1.0242424242424242,0.11,0.49792959773196915,0.32,u566610,beginner
0.6551724137931034,0.9166666666666666,0.5833333333333334,0.2,1.0,1.0,1.0,0.7166666666666666,1.0,0.0,4.0,0.6666666666666667,1.0666666666666667,0.29,0.4753120259341455,0.49666666666666676,u568145,intermediate
0.6631944444444444,0.8445945945945946,0.5454545454545454,0.2,1.0,1.0,1.0,0.6445945945945946,0.6666666666666666,0.0,2.0,0.0,0.8025457175925926,2.88,0.47261778775504115,0.46710073710073713,u56874,intermediate
0.6206896551724138,0.8,0.6428571428571429,0.2,1.0,1.0,1.0,0.6000000000000001,1.0,0.0,3.0,0.33333333333333337,0.7195402298850575,0.29,0.48521542343000995,0.4971428571428572,u568795,intermediate
0.5357142857142857,0.6875,0.42857142857142855,0.2,1.0,1.0,1.0,0.4875,0.6666666666666666,0.0,2.0,0.6666666666666666,1.032142857142857,0.28,0.49872285870603356,0.38892857142857146,u569610,beginner
0.6016260162601627,0.6676384839650146,0.475,0.3448275862068966,1.0,1.0,1.0,0.322810897758118,0.3333333333333333,1.0,0.0,0.0,1.1499961382113821,4.92,0.48956322657966167,0.46145873127576154,u571328,intermediate
0.8141891891891891,0.8865030674846626,0.7479338842975206,0.5,1.0,1.0,1.0,0.38650306748466257,1.0,0.0,10.0,0.33333333333333337,0.840484009009009,5.92,0.38895392194531203,0.6764741672159409,u571906,intermediate
0.45454545454545453,1.0,0.2,0.3333333333333333,1.0,1.0,1.0,0.6666666666666667,0.6666666666666666,1.0,0.0,0.6666666666666666,1.1151515151515152,0.11,0.49792959773196915,0.41333333333333333,u573216,beginner
0.675,0.9090909090909091,0.5098039215686274,0.35714285714285715,1.0,1.0,1.0,0.551948051948052,0.6666666666666666,0.0,1.0,0.0,1.3319447222222223,1.2,0.4683748498798798,0.5285968933027757,u574434,intermediate
0.6666666666666666,0.8888888888888888,1.0,0.0,1.0,1.0,1.0,0.8888888888888888,0.6666666666666666,1.0,0.0,0.0,0.6907407407407408,0.18,0.4714045207910317,0.5777777777777778,u575077,intermediate
0.6411149825783972,0.8260869565217391,0.5815602836879432,0.22580645161290322,1.0,1.0,1.0,0.6002805049088359,0.3333333333333333,2.0,0.0,-0.3333333333333333,0.7088269454123113,2.87,0.47967339064398673,0.4881640854246865,u575346,intermediate
0.5,0.8,0.3333333333333333,0.3333333333333333,1.0,1.0,1.0,0.46666666666666673,0.0,3.0,0.0,-0.6666666666666666,0.8928571428571429,0.14,0.5,0.42666666666666664,u576136,beginner
0.6111111111111112,0.8181818181818182,0.25,0.3333333333333333,1.0,1.0,1.0,0.4848484848484849,0.3333333333333333,2.0,0.0,-0.6666666666666667,0.3888888888888889,0.18,0.48749802152178456,0.396969696969697,u577863,beginner
0.5,0.5,0.4,1.0,1.0,1.0,1.0,-0.5,0.6666666666666666,1.0,0.0,0.6666666666666666,0.5116666666666667,0.2,0.5,0.66,u578065,intermediate
0.48148148148148145,0.6,0.25,0.0,1.0,1.0,1.0,0.6,0.3333333333333333,2.0,0.0,0.3333333333333333,0.5222222222222223,0.27,0.49965694678637196,0.22,u578173,beginner
0.47619047619047616,0.8333333333333334,0.36363636363636365,0.25,1.0,1.0,1.0,0.5833333333333334,0.6666666666666666,1.0,0.0,-0.33333333333333337,0.7,0.21,0.49943278484292924,0.4121212121212121,u578942,beginner
0.5094339622641509,0.5663716814159292,0.38095238095238093,0.25,1.0,1.0,1.0,0.3163716814159292,1.0,0.0,3.0,0.33333333333333337,0.7754716981132076,1.59,0.49991099243365167,0.3656552886641382,u579876,beginner
0.35,0.7272727272727273,0.26666666666666666,0.14285714285714285,1.0,1.0,1.0,0.5844155844155845,0.6666666666666666,0.0,2.0,0.0,0.7274975,0.4,0.47696960070847283,0.3092640692640693,u58052,beginner
0.26666666666666666,0.5,0.3076923076923077,0.15384615384615385,1.0,1.0,1.0,0.34615384615384615,0.3333333333333333,1.0,0.0,0.0,1.1455511111111112,0.3,0.4422166387140533,0.2846153846153846,u58206,beginner
0.6206896551724138,1.0,0.5789473684210527,0.25,1.0,1.0,1.0,0.75,0.6666666666666666,0.0,2.0,0.3333333333333333,1.0574712643678161,0.29,0.48521542343000995,0.531578947368421,u583245,intermediate
0.756717501815541,0.9128440366972477,0.6888489208633094,0.3712574850299401,1.0,1.0,1.0,0.5415865516673075,0.3333333333333333,2.0,0.0,-0.6666666666666667,0.8293111837327524,13.77,0.42906424258097725,0.6066113696967494,u58439,intermediate
0.36363636363636365,0.0,0.8,0.0,1.0,1.0,1.0,0.0,0.0,3.0,0.0,-0.3333333333333333,0.5727272727272726,0.11,0.48104569292083466,0.32000000000000006,u586164,beginner
0.75,0.8181818181818182,0.0,0.0,1.0,1.0,0.0,0.4909090909090909,0.6666666666666666,0.0,1.0,-0.33333333333333337,0.8944444444444444,0.12,0.4330127018922193,0.16363636363636366,u586221,beginner
0.4,1.0,0.16666666666666666,0.5,1.0,1.0,1.0,0.5,0.6666666666666666,0.0,1.0,0.3333333333333333,0.8666666666666667,0.1,0.4898979485566356,0.4666666666666667,u586471,intermediate
0.7076124567474048,0.9224137931034483,0.6919642857142857,0.32786885245901637,1.0,1.0,1.0,0.5945449406444319,0.3333333333333333,0.0,1.0,-0.6666666666666667,0.8338525374855824,5.78,0.4548593934429704,0.5924160138900105,u586847,intermediate
0.16666666666666666,0.5,0.15384615384615385,0.07692307692307693,1.0,1.0,1.0,0.4230769230769231,0.0,11.0,0.0,-0.6666666666666666,0.7144377777777778,0.3,0.37267799624996495,0.19230769230769232,u58691,beginner
0.23333333333333334,0.5,0.3076923076923077,0.07692307692307693,1.0,1.0,1.0,0.4230769230769231,0.6666666666666666,1.0,0.0,0.3333333333333333,1.4044377777777777,0.3,0.4229525846816506,0.25384615384615383,u58701,beginner
0.4,1.0,0.3076923076923077,0.3076923076923077,1.0,1.0,1.0,0.6923076923076923,0.6666666666666666,0.0,1.0,0.3333333333333333,1.5288844444444445,0.3,0.48989794855663565,0.4461538461538462,u58749,beginner
0.45454545454545453,1.0,0.2857142857142857,0.5,1.0,1.0,1.0,0.5,0.3333333333333333,0.0,1.0,0.0,1.0969696969696972,0.11,0.49792959773196915,0.5142857142857142,u587755,intermediate
0.5882352941176471,0.8571428571428571,0.75,0.18181818181818182,1.0,1.0,1.0,0.6753246753246753,0.6666666666666666,1.0,0.0,-0.33333333333333337,1.2147058823529413,0.34,0.49215295678475035,0.5441558441558442,u588754,intermediate
0.6470588235294118,0.9166666666666666,0.6956521739130435,0.375,1.0,1.0,1.0,0.5416666666666666,0.6666666666666666,1.0,0.0,0.0,0.8588209150326798,0.51,0.4778846120374094,0.6115942028985508,u58940,intermediate
0.6052631578947368,0.7333333333333333,0.5,0.6,1.0,1.0,1.0,0.1333333333333333,0.6666666666666666,1.0,0.0,-0.33333333333333337,0.6421052631578947,0.38,0.48879409528965023,0.5866666666666667,u589970,intermediate
0.8207547169811321,0.975609756097561,0.78,0.5333333333333333,1.0,1.0,1.0,0.44227642276422763,0.6666666666666666,0.0,2.0,0.0,0.7396188679245284,1.06,0.38355757264634194,0.7204552845528456,u593059,advanced
0.9,1.0,0.9,0.8333333333333334,1.0,1.0,1.0,0.16666666666666663,1.0,0.0,9.0,0.0,0.8883333333333333,0.2,0.30000000000000004,0.8933333333333334,u594070,advanced
0.2752808988764045,0.26136363636363635,0.375,0.07692307692307693,1.0,1.0,1.0,0.18444055944055943,0.0,13.0,0.0,-0.6666666666666666,0.24400730337078652,1.78,0.44665571259103276,0.23304195804195807,u595547,beginner
0.40625,0.35,0.5555555555555556,0.3333333333333333,1.0,1.0,1.0,0.016666666666666663,0.6666666666666666,1.0,0.0,0.3333333333333333,1.340625,0.32,0.4911323014219285,0.4255555555555556,u597898,beginner
0.6638176638176638,0.877906976744186,0.5390625,0.2549019607843137,1.0,1.0,1.0,0.6230050159598723,0.3333333333333333,2.0,0.0,0.0,0.6018256410256411,3.51,0.4724021306274167,0.49316717966256274,u5983,intermediate
0.6363636363636364,0.75,1.0,0.0,1.0,1.0,1.0,0.75,0.6666666666666666,0.0,2.0,0.3333333333333333,0.5303030303030303,0.11,0.48104569292083466,0.55,u601976,intermediate
0.2222222222222222,0.3333333333333333,0.16666666666666666,0.0,1.0,1.0,1.0,0.3333333333333333,0.0,3.0,0.0,-0.6666666666666666,0.45185185185185184,0.18,0.41573970964154905,0.13333333333333333,u602284,beginner
0.7058823529411765,0.6666666666666666,0.7142857142857143,1.0,1.0,1.0,1.0,-0.33333333333333337,1.0,0.0,5.0,0.6666666666666667,0.9450980392156862,0.17,0.45564509955381377,0.8190476190476191,u603153,advanced
0.25,0.6,0.35294117647058826,0.05555555555555555,1.0,1.0,1.0,0.5444444444444444,0.3333333333333333,0.0,1.0,-0.3333333333333333,0.6583300000000001,0.4,0.4330127018922193,0.28339869281045754,u60338,beginner
0.3,0.4,0.0,1.0,1.0,1.0,1.0,-0.6,0.6666666666666666,1.0,0.0,0.3333333333333333,2.11,0.1,0.45825756949558394,0.48000000000000004,u604631,intermediate
0.4117647058823529,0.4878048780487805,0.2727272727272727,0.4,1.0,1.0,1.0,0.08780487804878045,0.0,4.0,0.0,-0.6666666666666666,1.4843137254901961,0.68,0.49215295678475035,0.36665188470066523,u605348,beginner
0.6827586206896552,0.8884892086330936,0.5564853556485355,0.25396825396825395,1.0,1.0,1.0,0.6345209546648396,0.6666666666666666,0.0,1.0,0.0,0.7458612068965517,5.8,0.46540228465663414,0.5018792855733345,u60679,intermediate
0.6923076923076923,0.8,0.625,0.625,1.0,1.0,1.0,0.17500000000000004,0.6666666666666666,0.0,2.0,-0.33333333333333337,0.708974358974359,0.26,0.46153846153846145,0.66,u607851,intermediate
0.5,1.0,0.75,0.0,1.0,1.0,1.0,1.0,0.3333333333333333,2.0,0.0,-0.3333333333333333,1.5766666666666667,0.1,0.5,0.5,u610198,intermediate
0.5234899328859061,0.6097560975609756,0.45,0.14285714285714285,1.0,1.0,1.0,0.46689895470383275,0.6666666666666666,0.0,1.0,0.0,0.7449664429530202,1.49,0.4994479182587667,0.35909407665505233,u611675,beginner
0.5925925925925926,0.7272727272727273,0.5714285714285714,0.0,1.0,1.0,1.0,0.7272727272727273,0.3333333333333333,1.0,0.0,-0.3333333333333333,0.7469135802469137,0.27,0.4913518207933925,0.37402597402597404,u611750,beginner
0.2727272727272727,0.5,0.14285714285714285,0.5,1.0,1.0,1.0,0.0,0.0,4.0,0.0,-0.3333333333333333,1.209090909090909,0.11,0.4453617714151233,0.35714285714285715,u612040,beginner
0.22580645161290322,0.3333333333333333,0.2,0.0,1.0,1.0,1.0,0.3333333333333333,0.3333333333333333,2.0,0.0,-0.3333333333333333,1.4559139784946238,0.31,0.4181123031230877,0.14666666666666667,u612116,beginner
0.6325951164111301,0.7749077490774908,0.5698478561549101,0.32,1.0,1.0,1.0,0.4549077490774908,0.6666666666666666,1.0,0.0,0.0,0.8208376490630324,17.61,0.48209805548655654,0.5109206922774622,u612335,intermediate
0.6212121212121212,0.65,0.7,0.4375,1.0,1.0,1.0,0.21250000000000002,1.0,0.0,3.0,0.6666666666666667,0.6737373737373737,0.66,0.48508516950248853,0.585,u612341,intermediate
0.18181818181818182,0.14285714285714285,0.0,0.5,1.0,1.0,1.0,-0.35714285714285715,0.0,4.0,0.0,-0.3333333333333333,0.5666666666666667,0.11,0.38569460791993493,0.2285714285714286,u612378,beginner
0.6,0.8,0.42857142857142855,0.3333333333333333,1.0,1.0,1.0,0.46666666666666673,0.6666666666666666,0.0,1.0,0.3333333333333333,0.6083333333333333,0.2,0.48989794855663565,0.4647619047619048,u613996,intermediate
0.45454545454545453,1.0,0.5,0.16666666666666666,1.0,1.0,1.0,0.8333333333333334,0.3333333333333333,2.0,0.0,-0.3333333333333333,0.7727272727272727,0.11,0.49792959773196915,0.4666666666666667,u614033,intermediate
0.8342245989304813,0.9294117647058824,0.8840579710144928,0.48484848484848486,1.0,1.0,1.0,0.4445632798573975,0.3333333333333333,2.0,0.0,-0.3333333333333333,0.6597133689839573,1.87,0.3718789016195446,0.7334449352863676,u614941,advanced
0.875,0.9230769230769231,0.6666666666666666,0.0,1.0,1.0,0.0,0.15384615384615388,1.0,0.0,11.0,0.33333333333333337,0.9083333333333333,0.16,0.33071891388307384,0.4512820512820513,u615456,intermediate
0.2222222222222222,0.2857142857142857,0.2222222222222222,0.0,1.0,1.0,1.0,0.2857142857142857,0.0,3.0,0.0,0.0,0.4388888888888889,0.18,0.41573970964154905,0.14603174603174604,u615469,beginner
0.45454545454545453,0.6666666666666666,0.6,0.0,1.0,1.0,1.0,0.6666666666666666,0.3333333333333333,0.0,1.0,-0.3333333333333333,0.5666666666666667,0.11,0.49792959773196915,0.3733333333333333,u615473,beginner
0.5,0.4666666666666667,0.5454545454545454,0.0,1.0,1.0,0.0,-0.047272727272727244,0.6666666666666666,1.0,0.0,0.6666666666666666,0.9,0.26,0.5,0.3115151515151515,u617659,beginner
0.3,0.6666666666666666,0.25,0.0,1.0,1.0,1.0,0.6666666666666666,0.3333333333333333,0.0,1.0,0.0,0.8533333333333334,0.1,0.45825756949558405,0.23333333333333334,u617730,beginner
0.5743589743589743,0.7378640776699029,0.43209876543209874,0.09090909090909091,1.0,1.0,1.0,0.646954986760812,1.0,0.0,9.0,1.0,0.9858119658119657,1.95,0.4944398274130851,0.3567759580704565,u619079,beginner
0.5434782608695652,0.8095238095238095,0.5585106382978723,0.28125,1.0,1.0,1.0,0.5282738095238095,1.0,0.0,3.0,0.33333333333333337,0.6027173913043479,3.68,0.49810605379954787,0.49780901722391085,u621037,intermediate
0.26666666666666666,0.25,0.07692307692307693,0.46153846153846156,1.0,1.0,1.0,-0.21153846153846156,0.0,4.0,0.0,0.0,0.4711077777777778,0.3,0.44221663871405326,0.2653846153846154,u62181,beginner
0.2727272727272727,1.0,0.14285714285714285,0.0,1.0,1.0,1.0,1.0,0.0,3.0,0.0,-0.3333333333333333,0.9,0.11,0.4453617714151233,0.2571428571428572,u624268,beginner
0.41379310344827586,0.6,0.18181818181818182,0.3333333333333333,1.0,1.0,1.0,0.26666666666666666,0.3333333333333333,1.0,0.0,0.3333333333333333,0.5586206896551724,0.29,0.4925123054167483,0.32606060606060605,u624873,beginner
0.5925925925925926,0.8666666666666667,0.3333333333333333,0.0,1.0,1.0,1.0,0.8666666666666667,0.6666666666666666,0.0,1.0,0.0,0.46913580246913583,0.27,0.4913518207933925,0.30666666666666664,u625087,beginner
0.615,0.7441860465116279,0.5638297872340425,0.3,1.0,1.0,1.0,0.4441860465116279,1.0,0.0,5.0,0.33333333333333337,1.3956666666666666,2.0,0.4865953144040744,0.4943691241959426,u627022,intermediate
0.747638326585695,0.9011857707509882,0.7530864197530864,0.5,1.0,1.0,1.0,0.40118577075098816,0.0,8.0,0.0,-0.3333333333333333,0.7197470985155197,7.41,0.43436765441942915,0.6814717220514322,u628254,intermediate
0.5714285714285714,0.7708333333333334,0.43023255813953487,0.23809523809523808,1.0,1.0,1.0,0.5327380952380953,0.6666666666666666,0.0,1.0,0.0,0.45188784893267653,2.03,0.4948716593053935,0.4214977851605759,u629518,beginner
0.14705882352941177,0.25,0.07692307692307693,0.15384615384615385,1.0,1.0,1.0,0.09615384615384615,0.3333333333333333,1.0,0.0,0.0,0.49901666666666666,0.34,0.3541645464350675,0.1423076923076923,u63086,beginner
0.7295081967213115,0.8636363636363636,0.6666666666666666,0.18181818181818182,1.0,1.0,1.0,0.6818181818181819,0.3333333333333333,0.0,1.0,0.0,0.7341530054644809,1.22,0.444213898519319,0.5121212121212121,u631730,intermediate
0.5341409691629956,0.6733780760626398,0.4228723404255319,0.29411764705882354,1.0,1.0,1.0,0.37926042900381624,0.6666666666666666,0.0,1.0,-0.33333333333333337,0.8204107562408224,9.08,0.4988330324112582,0.42147161020627016,u633,beginner
0.6893939393939394,0.8727272727272727,0.42105263157894735,0.2608695652173913,1.0,1.0,1.0,0.6118577075098814,1.0,0.0,3.0,0.6666666666666667,0.8934315656565656,2.64,0.4627417592144077,0.44731433326399,u633340,beginner
0.36666666666666664,0.6538461538461539,0.25,0.0,1.0,1.0,1.0,0.6538461538461539,0.6666666666666666,1.0,0.0,0.3333333333333333,0.8622194444444444,0.6,0.4818944098266987,0.23076923076923078,u63370,beginner
0.34959349593495936,0.49122807017543857,0.2708333333333333,0.1111111111111111,1.0,1.0,1.0,0.38011695906432746,0.3333333333333333,1.0,0.0,-0.3333333333333333,0.7536539295392953,1.23,0.4768415706866725,0.2510233918128655,u6350,beginner
0.7391304347826086,0.9411764705882353,0.2,0.0,1.0,1.0,1.0,0.9411764705882353,1.0,0.0,9.0,0.6666666666666667,0.7826086956521738,0.23,0.43910891036356847,0.26823529411764707,u635559,beginner
0.3333333333333333,0.0,0.46153846153846156,0.3076923076923077,1.0,1.0,1.0,-0.3076923076923077,0.0,3.0,0.0,0.0,0.15444,0.3,0.4714045207910317,0.3076923076923077,u63595,beginner
0.6729323308270677,0.8987341772151899,0.6532258064516129,0.42857142857142855,1.0,1.0,1.0,0.47016274864376134,0.3333333333333333,1.0,0.0,-0.3333333333333333,0.926691604010025,2.66,0.46914220547155805,0.6124657294522546,u637415,intermediate
1.0,1.0,1.0,1.0,1.0,1.0,1.0,0.0,1.0,0.0,11.0,0.0,0.6181818181818182,0.11,0.0,1.0,u637894,advanced
0.5973333333333334,0.7846153846153846,0.49230769230769234,0.14,1.0,1.0,1.0,0.6446153846153846,1.0,0.0,3.0,0.6666666666666667,0.6836428444444445,3.75,0.4904347277897663,0.4098461538461539,u638355,beginner
0.6451612903225806,0.6666666666666666,0.8571428571428571,0.25,1.0,1.0,1.0,0.41666666666666663,0.6666666666666666,1.0,0.0,0.3333333333333333,0.9333333333333333,0.31,0.47846441852230076,0.5761904761904761,u640499,intermediate
0.6256756756756757,0.9041533546325878,0.5536480686695279,0.26288659793814434,1.0,1.0,1.0,0.6412667566944434,0.0,4.0,0.0,-0.6666666666666666,1.0919807207207208,7.4,0.48394795644104377,0.5074445375695864,u642880,intermediate
0.7058823529411765,0.75,0.6666666666666666,1.0,1.0,1.0,1.0,-0.25,1.0,0.0,3.0,1.0,0.5490196078431373,0.17,0.45564509955381377,0.8166666666666667,u645426,advanced
0.5077720207253886,0.7337278106508875,0.46206896551724136,0.06944444444444445,1.0,1.0,1.0,0.6642833662064431,0.3333333333333333,0.0,1.0,0.0,1.3208954231433505,3.86,0.4999395920447231,0.35935092611485187,u645846,beginner
0.5666666666666667,1.0,0.6153846153846154,0.38461538461538464,1.0,1.0,1.0,0.6153846153846154,0.3333333333333333,1.0,0.0,0.0,0.7777722222222223,0.3,0.4955356249106168,0.6000000000000001,u64666,intermediate
0.7191011235955056,0.9024390243902439,0.65625,0.375,1.0,1.0,1.0,0.5274390243902439,0.6666666666666666,0.0,2.0,0.0,0.8842614232209738,0.89,0.4494382022471911,0.5929878048780488,u647344,intermediate
0.6193181818181818,0.7721518987341772,0.4805194805194805,0.55,1.0,1.0,1.0,0.22215189873417718,1.0,0.0,4.0,0.33333333333333337,0.6333333333333333,1.76,0.485554498988119,0.5666381719546276,u647349,intermediate
0.5,0.8,0.34782608695652173,0.25,1.0,1.0,1.0,0.55,0.3333333333333333,1.0,0.0,-0.3333333333333333,0.6309523809523809,0.42,0.5,0.3991304347826087,u648587,beginner
0.5333333333333333,0.75,0.6923076923076923,0.3076923076923077,1.0,1.0,1.0,0.4423076923076923,0.6666666666666666,0.0,2.0,0.0,0.7977722222222222,0.3,0.49888765156985887,0.55,u64876,intermediate
0.2727272727272727,0.6666666666666666,0.14285714285714285,0.0,1.0,1.0,1.0,0.6666666666666666,0.0,3.0,0.0,-0.3333333333333333,0.8424242424242424,0.11,0.4453617714151233,0.19047619047619047,u650478,beginner
0.30303030303030304,0.25,0.36363636363636365,0.5,1.0,1.0,1.0,-0.25,0.6666666666666666,0.0,1.0,0.3333333333333333,0.6727272727272726,0.33,0.459568208730397,0.3954545454545455,u651031,beginner
0.41379310344827586,0.7,0.1875,0.6666666666666666,1.0,1.0,1.0,0.033333333333333326,0.3333333333333333,2.0,0.0,0.0,0.5896551724137931,0.29,0.4925123054167483,0.4816666666666667,u651201,intermediate
0.6818181818181818,0.9090909090909091,0.6590909090909091,0.5,1.0,1.0,1.0,0.40909090909090906,0.6666666666666666,1.0,0.0,-0.33333333333333337,0.5678022727272727,0.88,0.46577048936179993,0.6454545454545455,u65534,intermediate
0.5454545454545454,1.0,0.6,0.25,1.0,1.0,1.0,0.75,0.3333333333333333,2.0,0.0,-0.6666666666666667,0.990909090909091,0.11,0.49792959773196915,0.54,u657007,intermediate
0.5,0.8333333333333334,0.0,0.2,1.0,1.0,1.0,0.6333333333333333,0.3333333333333333,0.0,1.0,-0.3333333333333333,1.1712121212121214,0.22,0.5,0.2466666666666667,u657779,beginner
0.7272727272727273,0.8,0.0,0.0,1.0,1.0,0.0,0.48,1.0,0.0,3.0,0.6666666666666667,0.5545454545454546,0.11,0.4453617714151233,0.16000000000000003,u658193,beginner
0.5,1.0,0.3333333333333333,0.375,1.0,1.0,1.0,0.625,0.6666666666666666,0.0,1.0,-0.33333333333333337,0.5055555555555555,0.18,0.5,0.4833333333333334,u658516,intermediate
0.5294117647058824,0.5833333333333334,0.5,0.0,1.0,1.0,1.0,0.5833333333333334,1.0,0.0,4.0,0.6666666666666667,0.7705882352941176,0.17,0.4991341984846218,0.3166666666666667,u659076,beginner
0.5277777777777778,0.6,0.3333333333333333,0.75,1.0,1.0,1.0,-0.15000000000000002,0.6666666666666666,0.0,2.0,0.0,0.6731481481481482,0.36,0.4992277987669841,0.5533333333333333,u659828,intermediate
0.5517241379310345,0.875,0.2,0.0,1.0,1.0,1.0,0.875,0.0,3.0,0.0,-0.3333333333333333,1.3770114942528737,0.29,0.4973174173053778,0.255,u660588,beginner
0.46153846153846156,0.6666666666666666,0.6666666666666666,0.2857142857142857,1.0,1.0,1.0,0.38095238095238093,0.3333333333333333,2.0,0.0,-0.6666666666666667,0.8128153846153846,0.13,0.49851851526214314,0.5142857142857143,u66069,intermediate
0.475,0.6,0.5294117647058824,0.3076923076923077,1.0,1.0,1.0,0.29230769230769227,0.0,3.0,0.0,-0.3333333333333333,1.1474958333333334,0.4,0.4993746088859545,0.45484162895927605,u66103,intermediate
0.3076923076923077,0.5,0.3,0.25,1.0,1.0,1.0,0.25,0.3333333333333333,2.0,0.0,0.0,0.9589692307692307,0.26,0.4615384615384615,0.32,u66109,beginner
0.6632653061224489,0.9117647058823529,0.4857142857142857,0.125,1.0,1.0,1.0,0.7867647058823529,0.6666666666666666,1.0,0.0,0.3333333333333333,0.5401350340136054,1.96,0.47259331334324123,0.4266386554621849,u66143,beginner
0.6219312602291326,0.7447368421052631,0.45454545454545453,0.21212121212121213,1.0,1.0,1.0,0.532615629984051,1.0,0.0,4.0,0.6666666666666667,0.6822695035460993,6.11,0.4849049059134539,0.4156140350877193,u663786,beginner
0.6666666666666666,0.8461538461538461,0.4444444444444444,0.6,1.0,1.0,1.0,0.24615384615384617,1.0,0.0,3.0,0.33333333333333337,0.6938271604938271,0.27,0.4714045207910316,0.587008547008547,u664183,intermediate
0.36666666666666664,0.5,0.5384615384615384,0.15384615384615385,1.0,1.0,1.0,0.34615384615384615,1.0,0.0,4.0,0.6666666666666667,0.9366622222222222,0.3,0.48189440982669857,0.3769230769230769,u66468,beginner
0.6587301587301587,0.8131868131868132,0.6434108527131783,0.28125,1.0,1.0,1.0,0.5319368131868132,0.3333333333333333,1.0,0.0,-0.6666666666666667,0.7144179894179894,2.52,0.47413577876964597,0.5325017037226341,u665170,intermediate
0.3,0.75,0.38461538461538464,0.07692307692307693,1.0,1.0,1.0,0.6730769230769231,0.3333333333333333,1.0,0.0,0.0,0.7277711111111111,0.3,0.45825756949558394,0.33461538461538465,u66555,beginner
0.2,0.25,0.07692307692307693,0.3076923076923077,1.0,1.0,1.0,-0.05769230769230771,0.3333333333333333,0.0,1.0,0.0,0.2688822222222222,0.3,0.4,0.20384615384615384,u66630,beginner
0.6875,0.8383838383838383,0.5384615384615384,0.25,1.0,1.0,1.0,0.5883838383838383,0.6666666666666666,0.0,2.0,0.3333333333333333,0.65625,1.76,0.46351240544347894,0.483061383061383,u667399,intermediate
0.5,1.0,0.6923076923076923,0.15384615384615385,1.0,1.0,1.0,0.8461538461538461,1.0,0.0,4.0,0.33333333333333337,0.8288855555555555,0.3,0.5,0.5384615384615385,u66823,intermediate
0.5151515151515151,0.6666666666666666,0.55,0.2857142857142857,1.0,1.0,1.0,0.38095238095238093,1.0,0.0,3.0,0.0,0.7090909090909091,0.33,0.4997703788627467,0.46761904761904766,u668450,intermediate
0.29310344827586204,0.5,0.16666666666666666,0.125,1.0,1.0,1.0,0.375,0.3333333333333333,0.0,1.0,0.0,1.555744827586207,0.58,0.45518547525669256,0.21666666666666667,u669159,beginner
0.5661375661375662,0.7647058823529411,0.5483870967741935,0.37777777777777777,1.0,1.0,1.0,0.38692810457516336,0.6666666666666666,1.0,0.0,-0.33333333333333337,0.5761904761904763,1.89,0.49560651967604213,0.5234071262913768,u669369,intermediate
0.6212121212121212,1.0,0.5833333333333334,0.3181818181818182,1.0,1.0,1.0,0.6818181818181819,1.0,0.0,3.0,0.33333333333333337,0.5201994949494949,0.66,0.48508516950248853,0.5606060606060607,u67008,intermediate
0.595360824742268,0.8163265306122449,0.5679012345679012,0.24050632911392406,1.0,1.0,1.0,0.5758202014983209,1.0,0.0,6.0,0.33333333333333337,0.7895188144329897,3.88,0.49082207886817236,0.4866283315951791,u672800,intermediate
0.5454545454545454,0.0,0.625,0.3333333333333333,0.0,1.0,1.0,0.17500000000000002,0.6666666666666666,0.0,2.0,0.0,1.0333333333333334,0.11,0.49792959773196915,0.3833333333333333,u673794,beginner
0.5269709543568465,0.6089743589743589,0.39705882352941174,0.29411764705882354,1.0,1.0,1.0,0.3148567119155354,0.6666666666666666,1.0,0.0,0.6666666666666666,0.5604426002766252,2.41,0.49927203769195894,0.39826546003016594,u674702,beginner
0.6785714285714286,0.8,0.7,0.0,1.0,1.0,1.0,0.8,0.6666666666666666,0.0,2.0,0.6666666666666666,0.6916666666666667,0.28,0.46702488680792925,0.44,u675130,beginner
0.36363636363636365,0.6,0.25,0.0,1.0,1.0,1.0,0.6,0.0,4.0,0.0,-0.6666666666666666,1.3181818181818181,0.11,0.48104569292083466,0.22,u676559,beginner
0.4307692307692308,0.6111111111111112,0.3939393939393939,0.2857142857142857,1.0,1.0,1.0,0.32539682539682546,0.3333333333333333,1.0,0.0,-0.3333333333333333,0.8553846153846154,0.65,0.49518390582864863,0.3940836940836941,u676704,beginner
0.5555555555555556,0.7272727272727273,0.42424242424242425,0.3076923076923077,1.0,1.0,1.0,0.4195804195804196,0.0,4.0,0.0,-0.6666666666666666,0.7059244444444445,0.9,0.49690399499995325,0.43822843822843827,u676732,beginner
0.6828193832599119,0.8043478260869565,0.7311827956989247,0.30952380952380953,1.0,1.0,1.0,0.494824016563147,0.6666666666666666,1.0,0.0,-0.33333333333333337,0.7419933920704845,2.27,0.46537841925089896,0.577152207306485,u67736,intermediate
0.5,0.796875,0.32608695652173914,0.13333333333333333,1.0,1.0,1.0,0.6635416666666667,0.3333333333333333,2.0,0.0,0.0,0.9038095238095238,1.4,0.5,0.343143115942029,u677722,beginner
0.3269230769230769,0.6086956521739131,0.13333333333333333,0.07142857142857142,1.0,1.0,1.0,0.5372670807453417,0.0,7.0,0.0,-0.6666666666666666,1.2365378205128206,0.52,0.46908888144809496,0.20364389233954455,u67862,beginner
0.5555555555555556,0.5714285714285714,0.6,0.0,1.0,1.0,1.0,0.5714285714285714,0.6666666666666666,0.0,2.0,0.3333333333333333,0.7617283950617283,0.27,0.4969039949999533,0.35428571428571426,u679522,beginner
0.3,0.5,0.3076923076923077,0.23076923076923078,1.0,1.0,1.0,0.2692307692307692,0.0,11.0,0.0,-0.6666666666666666,0.8399988888888889,0.3,0.45825756949558394,0.3153846153846154,u67991,beginner
0.78875,0.9164345403899722,0.7611940298507462,0.44339622641509435,1.0,1.0,1.0,0.47303831397487783,1.0,0.0,12.0,0.33333333333333337,0.9859043333333334,8.0,0.40819534233011523,0.6651230105843307,u679967,intermediate
0.5263157894736842,0.625,0.5,0.0,1.0,1.0,1.0,0.625,0.3333333333333333,2.0,0.0,0.0,0.45087719298245615,0.19,0.49930699897395464,0.325,u682811,beginner
0.6368663594470046,0.7877862595419848,0.4583333333333333,0.22340425531914893,1.0,1.0,1.0,0.5643820042228358,0.3333333333333333,2.0,0.0,-0.3333333333333333,0.6981851305683564,10.85,0.48090290044012346,0.4302522873693899,u683529,beginner
0.6363636363636364,0.5,0.7142857142857143,0.5,1.0,1.0,1.0,0.0,0.6666666666666666,0.0,2.0,0.0,0.7545454545454545,0.11,0.48104569292083466,0.5857142857142859,u684122,intermediate
0.5434782608695652,0.625,0.3333333333333333,0.5,1.0,1.0,1.0,0.125,1.0,0.0,5.0,0.6666666666666667,0.7195652173913044,0.46,0.49810605379954787,0.4583333333333333,u684628,intermediate
0.6097560975609756,0.6551724137931034,0.5454545454545454,0.0,1.0,1.0,1.0,0.6551724137931034,0.3333333333333333,1.0,0.0,-0.3333333333333333,0.9650406504065041,0.41,0.48780487804878053,0.3492163009404389,u686443,beginner
0.5,0.8333333333333334,0.2,0.0,1.0,1.0,1.0,0.8333333333333334,0.6666666666666666,0.0,2.0,0.3333333333333333,0.55,0.12,0.5,0.2466666666666667,u686866,beginner
0.7573529411764706,0.9214501510574018,0.7650273224043715,0.5333333333333333,1.0,1.0,1.0,0.3881168177240685,0.6666666666666666,0.0,1.0,0.0,1.0572629201680672,9.52,0.4286834072690709,0.7036342925065624,u687768,advanced
0.6538461538461539,0.7619047619047619,0.6,0.5,1.0,1.0,1.0,0.26190476190476186,1.0,0.0,3.0,0.33333333333333337,0.9064102564102564,0.52,0.47574295680203776,0.5923809523809525,u688955,intermediate
0.48148148148148145,0.75,0.125,0.0,1.0,1.0,1.0,0.75,0.0,5.0,0.0,-0.3333333333333333,0.6407407407407407,0.27,0.49965694678637196,0.2,u691222,beginner
0.5714285714285714,0.7272727272727273,0.5,0.0,1.0,1.0,1.0,0.7272727272727273,0.3333333333333333,0.0,1.0,-0.3333333333333333,0.8571428571428571,0.28,0.49487165930539356,0.34545454545454546,u691782,beginner
0.36666666666666664,0.5,0.3076923076923077,0.38461538461538464,1.0,1.0,1.0,0.11538461538461536,0.6666666666666666,0.0,2.0,0.3333333333333333,1.4977733333333332,0.3,0.48189440982669857,0.3769230769230769,u69190,beginner
0.5782312925170068,0.75,0.5102040816326531,0.23076923076923078,1.0,1.0,1.0,0.5192307692307692,0.6666666666666666,0.0,1.0,0.0,1.5927421768707484,1.47,0.49384194320766084,0.44638932496075356,u692518,beginner
0.26666666666666666,0.5,0.15384615384615385,0.3076923076923077,1.0,1.0,1.0,0.1923076923076923,0.0,11.0,0.0,0.0,0.8466611111111111,0.3,0.44221663871405326,0.2846153846153846,u69269,beginner
0.5833333333333334,0.7272727272727273,0.46153846153846156,0.0,1.0,1.0,0.0,0.15944055944055943,1.0,0.0,3.0,0.6666666666666667,0.6652777777777777,0.24,0.4930066485916347,0.33006993006993013,u695477,beginner
0.8333333333333334,0.9090909090909091,0.7142857142857143,0.0,1.0,1.0,0.0,0.11688311688311685,1.0,0.0,13.0,0.33333333333333337,0.5462962962962964,0.18,0.37267799624996495,0.4675324675324676,u698425,intermediate
0.2916666666666667,0.5833333333333334,0.23809523809523808,0.13333333333333333,1.0,1.0,1.0,0.45000000000000007,0.0,5.0,0.0,-0.6666666666666666,1.0124972222222222,0.48,0.4545296714431547,0.2652380952380953,u70019,beginner
0.4,1.0,0.2,0.0,1.0,1.0,1.0,1.0,0.3333333333333333,2.0,0.0,-0.3333333333333333,1.23,0.1,0.48989794855663565,0.28,u702051,beginner
0.2,0.0,0.0,0.5,1.0,1.0,1.0,-0.5,0.3333333333333333,0.0,1.0,0.0,0.6866666666666666,0.1,0.4000000000000001,0.2,u70237,beginner
0.3333333333333333,0.7777777777777778,0.14285714285714285,0.23076923076923078,1.0,1.0,1.0,0.5470085470085471,1.0,0.0,4.0,0.33333333333333337,0.48703240740740744,0.36,0.4714045207910317,0.30500610500610503,u70378,beginner
0.3387096774193548,0.49019607843137253,0.3191489361702128,0.07692307692307693,1.0,1.0,1.0,0.4132730015082956,0.3333333333333333,0.0,1.0,0.0,2.657258064516129,1.24,0.473270991971652,0.2564680209235904,u704330,beginner
0.6333333333333333,1.0,0.7692307692307693,0.38461538461538464,1.0,1.0,1.0,0.6153846153846154,1.0,0.0,4.0,0.33333333333333337,0.7577755555555555,0.3,0.4818944098266986,0.6615384615384615,u70484,intermediate
0.3229166666666667,0.44,0.4166666666666667,0.1927710843373494,1.0,1.0,1.0,0.2472289156626506,0.3333333333333333,0.0,1.0,0.0,1.4694444444444446,1.92,0.46759116015548835,0.33177510040160646,u706855,beginner
0.7407407407407407,1.0,0.8125,0.2,1.0,1.0,1.0,0.8,0.6666666666666666,0.0,1.0,-0.33333333333333337,0.562962962962963,0.27,0.43822813208145306,0.605,u707062,intermediate
0.45454545454545453,0.4,0.5,0.0,1.0,1.0,0.0,-0.059999999999999984,0.6666666666666666,0.0,1.0,0.3333333333333333,0.5515151515151515,0.11,0.49792959773196915,0.28,u707280,beginner
0.5,0.0,0.75,0.3333333333333333,0.0,1.0,1.0,0.25,0.0,3.0,0.0,-0.6666666666666666,0.7266666666666667,0.1,0.5,0.43333333333333335,u707832,beginner
0.3,0.25,0.23076923076923078,0.38461538461538464,1.0,1.0,1.0,-0.13461538461538464,0.0,4.0,0.0,-0.3333333333333333,0.062217777777777775,0.3,0.45825756949558394,0.29615384615384616,u70930,beginner
0.6615384615384615,0.819672131147541,0.5283018867924528,0.5,1.0,1.0,1.0,0.319672131147541,0.0,5.0,0.0,-0.6666666666666666,0.6292307692307693,1.3,0.4731863538224523,0.5752551809464894,u709718,intermediate
0.5333333333333333,0.75,0.6923076923076923,0.3076923076923077,1.0,1.0,1.0,0.4423076923076923,0.3333333333333333,1.0,0.0,-0.3333333333333333,0.8966622222222221,0.3,0.49888765156985887,0.55,u71074,intermediate
0.5625,0.7183908045977011,0.3974358974358974,0.16666666666666666,1.0,1.0,1.0,0.5517241379310345,0.0,3.0,0.0,-1.0,0.9016201388888889,2.88,0.49607837082461076,0.36931918656056584,u71192,beginner
0.5882352941176471,0.7142857142857143,0.0,0.0,1.0,1.0,1.0,0.7142857142857143,0.3333333333333333,2.0,0.0,0.0,0.49607843137254903,0.17,0.49215295678475035,0.14285714285714288,u712486,beginner
0.72,0.9473684210526315,0.6111111111111112,0.5384615384615384,1.0,1.0,1.0,0.4089068825910931,1.0,0.0,3.0,0.33333333333333337,1.1506646666666667,0.5,0.448998886412873,0.6493027440395862,u71355,intermediate
0.6908682634730539,0.8531073446327684,0.641860465116279,0.35,1.0,1.0,1.0,0.5031073446327684,1.0,0.0,3.0,0.6666666666666667,0.9054133483033932,13.36,0.4621355926552086,0.5673656549730653,u71548,intermediate
0.38235294117647056,0.5,0.3333333333333333,0.38461538461538464,1.0,1.0,1.0,0.11538461538461536,1.0,0.0,3.0,0.33333333333333337,0.4852901960784313,0.34,0.4859621071134796,0.3871794871794872,u71557,beginner
0.5357142857142857,1.0,0.3076923076923077,0.2,1.0,1.0,1.0,0.8,0.3333333333333333,2.0,0.0,-0.3333333333333333,0.6035714285714286,0.28,0.49872285870603356,0.4030769230769231,u717140,beginner
0.8019099590723056,0.9348671967518186,0.7377913429522752,0.42702702702702705,1.0,1.0,1.0,0.5078401697247916,0.6666666666666666,1.0,0.0,0.0,0.5556727815673791,109.95,0.398560380134502,0.6529007873420847,u71765,intermediate
0.41935483870967744,0.4444444444444444,0.42857142857142855,0.375,1.0,1.0,1.0,0.06944444444444442,0.0,4.0,0.0,-0.6666666666666666,0.8043010752688172,0.31,0.49345350131543086,0.41031746031746036,u717937,beginner
0.23529411764705882,0.42857142857142855,0.2857142857142857,0.07692307692307693,1.0,1.0,1.0,0.3516483516483516,0.0,3.0,0.0,0.0,0.6470529411764706,0.34,0.42418250299576343,0.23076923076923078,u72089,beginner
0.7125603864734299,0.8502024291497976,0.6,0.1891891891891892,1.0,1.0,1.0,0.6610132399606083,1.0,0.0,4.0,1.0,0.9569239935587762,4.14,0.45256831760770233,0.48571616150563524,u72128,intermediate
0.8518518518518519,1.0,0.9411764705882353,0.25,1.0,1.0,1.0,0.75,0.6666666666666666,0.0,1.0,-0.33333333333333337,0.4197530864197531,0.27,0.3552467795046459,0.676470588235294,u721760,intermediate
0.8106995884773662,0.9080459770114943,0.8062015503875969,0.5185185185185185,1.0,1.0,1.0,0.38952745849297576,1.0,0.0,9.0,0.33333333333333337,0.5967078189300412,2.43,0.3917470685531612,0.711497222964745,u721827,advanced
0.6,1.0,0.6,0.3333333333333333,1.0,1.0,1.0,0.6666666666666667,0.3333333333333333,1.0,0.0,-0.6666666666666667,0.7033333333333334,0.1,0.4898979485566356,0.5733333333333334,u722484,intermediate
0.6153846153846154,0.6666666666666666,0.8,0.0,1.0,1.0,1.0,0.6666666666666666,0.6666666666666666,1.0,0.0,0.6666666666666666,0.635897435897436,0.13,0.48650425541051995,0.45333333333333337,u727208,intermediate
0.42857142857142855,0.75,0.2857142857142857,0.3333333333333333,1.0,1.0,1.0,0.4166666666666667,0.3333333333333333,2.0,0.0,-0.3333333333333333,0.7690476190476191,0.14,0.49487165930539345,0.39761904761904765,u728285,beginner
0.5,1.0,0.6923076923076923,0.15384615384615385,1.0,1.0,1.0,0.8461538461538461,0.6666666666666666,0.0,2.0,-0.33333333333333337,0.8388844444444444,0.3,0.5,0.5384615384615385,u72852,intermediate
0.6140350877192983,0.9259259259259259,0.6029411764705882,0.21052631578947367,1.0,1.0,1.0,0.7153996101364523,0.3333333333333333,2.0,0.0,-0.3333333333333333,0.5625730994152047,1.14,0.4868223482635652,0.51057218208921,u728572,intermediate
0.3,0.16666666666666666,0.0,0.6666666666666666,1.0,1.0,1.0,-0.5,0.6666666666666666,1.0,0.0,0.3333333333333333,0.7233333333333334,0.1,0.45825756949558394,0.3,u729910,beginner
0.6009389671361502,0.8607594936708861,0.5357142857142857,0.3,1.0,1.0,1.0,0.5607594936708862,0.6666666666666666,1.0,0.0,0.6666666666666666,0.9796533646322378,2.13,0.48970534499174834,0.5064376130198915,u730012,intermediate
0.5517241379310345,0.6875,0.3333333333333333,1.0,1.0,1.0,1.0,-0.3125,0.6666666666666666,0.0,2.0,0.0,0.5528735632183909,0.29,0.4973174173053778,0.6708333333333334,u730391,intermediate
0.26666666666666666,0.25,0.3076923076923077,0.23076923076923078,1.0,1.0,1.0,0.019230769230769218,0.0,4.0,0.0,-0.3333333333333333,0.6111066666666667,0.3,0.44221663871405326,0.2653846153846154,u73404,beginner
0.7651515151515151,0.9166666666666666,0.7551020408163265,0.391304347826087,1.0,1.0,1.0,0.5253623188405796,1.0,0.0,5.0,0.33333333333333337,0.7452010101010101,1.32,0.42390408586478123,0.6418958887902988,u73412,intermediate
0.34418604651162793,0.5657894736842105,0.2564102564102564,0.18032786885245902,1.0,1.0,1.0,0.3854616048317515,0.6666666666666666,1.0,0.0,0.0,0.770387441860465,2.15,0.4751021068131812,0.28785314484192825,u734296,beginner
0.6071428571428571,1.0,0.6,0.5,1.0,1.0,1.0,0.5,0.3333333333333333,1.0,0.0,-0.3333333333333333,0.6285714285714287,0.28,0.4883855118277623,0.64,u736941,intermediate
0.45454545454545453,1.0,0.4444444444444444,0.0,1.0,1.0,1.0,1.0,0.6666666666666666,0.0,1.0,0.3333333333333333,0.5515151515151515,0.11,0.49792959773196915,0.37777777777777777,u737012,beginner
0.34615384615384615,0.25,0.4666666666666667,0.14285714285714285,1.0,1.0,1.0,0.10714285714285715,0.0,5.0,0.0,0.0,0.933326923076923,0.26,0.47574295680203776,0.29380952380952385,u737152,beginner
0.5454545454545454,1.0,0.6,0.25,1.0,1.0,1.0,0.75,0.0,4.0,0.0,-0.6666666666666666,1.0212121212121212,0.11,0.49792959773196915,0.54,u737668,intermediate
0.7222222222222222,0.9545454545454546,0.7209302325581395,0.52,1.0,1.0,1.0,0.43454545454545457,1.0,0.0,4.0,0.0,0.699998888888889,0.9,0.44790320823880836,0.6872811839323467,u73774,intermediate
0.23333333333333334,0.0,0.15384615384615385,0.38461538461538464,1.0,1.0,1.0,-0.38461538461538464,0.0,5.0,0.0,-0.3333333333333333,0.4466588888888889,0.3,0.4229525846816506,0.2153846153846154,u73829,beginner
0.7142857142857143,0.9285714285714286,0.5454545454545454,0.3333333333333333,1.0,1.0,1.0,0.5952380952380953,0.3333333333333333,1.0,0.0,-0.6666666666666667,0.905952380952381,0.28,0.45175395145262565,0.5372294372294372,u739588,intermediate
0.7441860465116279,0.93,0.7338709677419355,0.23529411764705882,1.0,1.0,1.0,0.6947058823529413,0.3333333333333333,0.0,1.0,0.0,0.657493023255814,2.58,0.4363177450998538,0.5736660341555978,u73962,intermediate
0.6896551724137931,0.8,0.7,0.25,1.0,1.0,1.0,0.55,1.0,0.0,3.0,0.6666666666666667,0.5183908045977011,0.29,0.46263475396547377,0.54,u740074,intermediate
0.6428571428571429,0.9230769230769231,0.5555555555555556,0.16666666666666666,1.0,1.0,1.0,0.7564102564102565,0.6666666666666666,1.0,0.0,0.0,0.7404761904761905,0.28,0.47915742374995496,0.4735042735042735,u740474,intermediate
0.45454545454545453,0.6666666666666666,0.6,0.0,1.0,1.0,1.0,0.6666666666666666,0.3333333333333333,1.0,0.0,0.0,1.087878787878788,0.11,0.49792959773196915,0.3733333333333333,u741151,beginner
0.7272727272727273,1.0,0.8333333333333334,0.0,1.0,1.0,1.0,1.0,0.6666666666666666,0.0,1.0,0.0,0.9606060606060607,0.11,0.4453617714151233,0.5333333333333334,u741235,intermediate
0.5,0.2,0.8,0.0,1.0,1.0,0.0,-0.36000000000000004,0.6666666666666666,0.0,2.0,0.3333333333333333,0.7466666666666667,0.1,0.5,0.3600000000000001,u742014,beginner
0.23333333333333334,0.75,0.23076923076923078,0.07692307692307693,1.0,1.0,1.0,0.6730769230769231,0.0,5.0,0.0,-0.6666666666666666,0.7566666666666667,0.3,0.4229525846816506,0.2730769230769231,u74230,beginner
0.4,0.42857142857142855,0.0,1.0,1.0,1.0,1.0,-0.5714285714285714,0.6666666666666666,1.0,0.0,0.6666666666666666,0.30333333333333334,0.1,0.48989794855663565,0.48571428571428577,u742701,intermediate
0.2727272727272727,0.75,0.0,0.0,1.0,1.0,1.0,0.75,0.0,5.0,0.0,-0.6666666666666666,0.5545454545454546,0.11,0.4453617714151233,0.15000000000000002,u743479,beginner
0.5241286863270778,0.6994219653179191,0.42805755395683454,0.2459016393442623,1.0,1.0,1.0,0.4535203259736568,0.6666666666666666,0.0,1.0,0.3333333333333333,1.1303350312779268,7.46,0.49941746715161006,0.40946807038402255,u744345,beginner
0.6739288307915758,0.8609625668449198,0.5529157667386609,0.1686746987951807,1.0,1.0,1.0,0.6922878680497391,1.0,0.0,4.0,0.6666666666666667,0.5058290970709272,13.77,0.4687736786760487,0.4608286995825206,u744679,intermediate
0.6334080717488789,0.8625,0.5515151515151515,0.2345679012345679,1.0,1.0,1.0,0.6279320987654322,0.6666666666666666,0.0,1.0,0.3333333333333333,0.8492528774289986,8.92,0.4818737245298253,0.4869332210998878,u745181,intermediate
0.4334470989761092,0.7310924369747899,0.2909090909090909,0.125,1.0,1.0,1.0,0.6060924369747899,0.3333333333333333,2.0,0.0,-0.3333333333333333,2.2247985210466443,2.93,0.4955509170259946,0.31258212375859434,u745420,beginner
0.5,1.0,0.5384615384615384,0.3076923076923077,1.0,1.0,1.0,0.6923076923076923,0.3333333333333333,1.0,0.0,0.0,1.0555488888888889,0.3,0.5,0.5384615384615385,u74617,intermediate
0.5454545454545454,0.6666666666666666,0.5384615384615384,0.5,1.0,1.0,1.0,0.16666666666666663,0.6666666666666666,1.0,0.0,0.3333333333333333,0.8454545454545455,0.22,0.49792959773196915,0.5487179487179488,u746170,intermediate
0.23333333333333334,1.0,0.15384615384615385,0.07692307692307693,1.0,1.0,1.0,0.9230769230769231,0.0,6.0,0.0,-0.3333333333333333,0.4699933333333333,0.3,0.4229525846816506,0.2923076923076923,u74802,beginner
0.6401098901098901,0.8607594936708861,0.5595238095238095,0.07894736842105263,1.0,1.0,1.0,0.7818121252498335,0.3333333333333333,2.0,0.0,0.0,0.8523804945054946,3.64,0.4799679350679527,0.4275403699121221,u750526,beginner
0.5,1.0,0.4,0.3333333333333333,1.0,1.0,1.0,0.6666666666666667,0.0,3.0,0.0,-1.0,1.58,0.1,0.5,0.4933333333333334,u751657,intermediate
0.5483870967741935,0.8888888888888888,0.6451612903225806,0.2727272727272727,1.0,1.0,1.0,0.6161616161616161,0.6666666666666666,1.0,0.0,0.0,1.1344086021505377,0.62,0.49765318130779074,0.5449332029977192,u752899,intermediate
0.3,0.75,0.46153846153846156,0.0,1.0,1.0,1.0,0.75,0.3333333333333333,2.0,0.0,0.0,0.7566633333333334,0.3,0.458257569495584,0.33461538461538465,u75359,beginner
0.5882352941176471,0.5294117647058824,0.6470588235294118,0.0,1.0,1.0,0.0,-0.07058823529411766,1.0,0.0,4.0,0.33333333333333337,1.768627450980392,0.34,0.4921529567847503,0.3647058823529412,u753900,beginner
0.6949152542372882,0.8666666666666667,0.6521739130434783,0.0,1.0,1.0,1.0,0.8666666666666667,0.3333333333333333,2.0,0.0,-0.6666666666666667,0.788135593220339,0.59,0.4604433121086822,0.43420289855072464,u754241,beginner
0.525,0.7,0.5,0.42857142857142855,1.0,1.0,1.0,0.2714285714285714,1.0,0.0,8.0,0.33333333333333337,0.7916616666666666,0.4,0.4993746088859545,0.5114285714285713,u75439,intermediate
0.6363636363636364,0.8484848484848485,0.4090909090909091,0.45454545454545453,1.0,1.0,1.0,0.393939393939394,0.3333333333333333,0.0,1.0,-0.3333333333333333,0.7181772727272727,0.66,0.48104569292083466,0.5151515151515151,u754783,intermediate
0.5920138888888888,0.7653333333333333,0.3424657534246575,0.07272727272727272,1.0,1.0,1.0,0.6926060606060606,0.3333333333333333,0.0,1.0,0.3333333333333333,1.027487037037037,5.76,0.4914605215595076,0.3191438771274388,u754819,beginner
0.6013579049466538,0.8233323180018276,0.41254125412541254,0.1815856777493606,1.0,1.0,1.0,0.641746640252467,0.6666666666666666,0.0,1.0,0.0,0.794345910119625,61.86,0.48961880591417756,0.4023172363502748,u756891,beginner
0.6363636363636364,1.0,0.5,0.5,1.0,1.0,1.0,0.5,0.6666666666666666,1.0,0.0,-0.33333333333333337,1.1393939393939394,0.11,0.4810456929208346,0.6000000000000001,u756966,intermediate
0.8181818181818182,1.0,0.6666666666666666,1.0,1.0,1.0,1.0,0.0,1.0,0.0,4.0,0.33333333333333337,0.7636363636363636,0.11,0.385694607919935,0.8666666666666667,u757510,advanced
0.7692307692307693,1.0,0.6842105263157895,0.5714285714285714,1.0,1.0,1.0,0.4285714285714286,0.0,4.0,0.0,-1.0,0.4967923076923077,0.52,0.42132504423474315,0.7022556390977444,u758088,advanced
0.45,0.0,0.75,0.25,0.0,1.0,1.0,0.3,0.3333333333333333,1.0,0.0,-0.6666666666666667,1.19,0.2,0.49749371855331,0.4,u758699,beginner
0.6095238095238096,0.7613636363636364,0.5780346820809249,0.46296296296296297,1.0,1.0,1.0,0.2984006734006734,0.3333333333333333,0.0,1.0,-0.6666666666666667,0.818941798941799,3.15,0.4878570847567885,0.5686717852902825,u759137,intermediate
0.4074074074074074,0.0,0.7333333333333333,0.0,1.0,1.0,1.0,0.0,0.0,4.0,0.0,-0.6666666666666666,0.7962962962962964,0.27,0.4913518207933925,0.29333333333333333,u759208,beginner
0.6460176991150443,0.9369369369369369,0.5594405594405595,0.4117647058823529,1.0,1.0,1.0,0.525172231054584,1.0,0.0,7.0,0.33333333333333337,0.9104183874139626,3.39,0.4782037552603999,0.5758694935165524,u759268,intermediate
0.8235294117647058,0.9090909090909091,0.6666666666666666,0.0,1.0,1.0,0.0,0.14545454545454545,1.0,0.0,9.0,0.33333333333333337,0.7215686274509804,0.34,0.3812200410828154,0.4484848484848485,u759859,beginner
0.6258234519104084,0.8461538461538461,0.5645161290322581,0.2375,1.0,1.0,1.0,0.6086538461538462,0.3333333333333333,2.0,0.0,0.3333333333333333,1.026436231884058,7.59,0.4839095565798935,0.4900372208436725,u760049,intermediate
0.7065217391304348,1.0,0.6086956521739131,0.55,1.0,1.0,1.0,0.44999999999999996,1.0,0.0,3.0,0.33333333333333337,0.5851434782608695,0.92,0.4553556536011611,0.6634782608695653,u760372,intermediate
0.75,1.0,0.4444444444444444,1.0,1.0,1.0,1.0,0.0,0.6666666666666666,1.0,0.0,0.0,0.9533333333333334,0.2,0.4330127018922193,0.7777777777777778,u760900,advanced
0.6923076923076923,0.8888888888888888,1.0,0.0,1.0,1.0,1.0,0.8888888888888888,0.6666666666666666,0.0,2.0,0.3333333333333333,0.976923076923077,0.13,0.46153846153846156,0.5777777777777778,u761783,intermediate
0.4444444444444444,0.3333333333333333,0.5,0.0,1.0,1.0,0.0,-0.1,0.6666666666666666,0.0,1.0,0.6666666666666666,0.8907407407407407,0.18,0.4969039949999533,0.26666666666666666,u762254,beginner
0.7142857142857143,0.8,0.5,0.0,1.0,1.0,0.0,0.18000000000000002,0.6666666666666666,0.0,2.0,0.0,0.6285714285714287,0.14,0.45175395145262565,0.36000000000000004,u763050,beginner
0.47058823529411764,0.8333333333333334,0.5,0.25,1.0,1.0,1.0,0.5833333333333334,0.6666666666666666,0.0,2.0,-0.33333333333333337,0.6102941176470589,0.68,0.4991341984846218,0.4666666666666667,u763080,intermediate
0.2857142857142857,0.0,0.3333333333333333,0.5,1.0,1.0,1.0,-0.5,0.3333333333333333,1.0,0.0,0.0,1.1714285714285715,0.14,0.45175395145262565,0.33333333333333337,u763409,beginner
0.6912280701754386,0.899488926746167,0.6277116864940517,0.40225563909774437,1.0,1.0,1.0,0.4972332876484226,0.6666666666666666,0.0,2.0,0.0,1.1520783200425306,31.35,0.4619868235967099,0.5918847155859519,u763614,intermediate
0.25,0.3333333333333333,0.2857142857142857,0.0,1.0,1.0,1.0,0.3333333333333333,0.3333333333333333,1.0,0.0,0.3333333333333333,1.0277777777777777,0.12,0.4330127018922193,0.18095238095238095,u764195,beginner
0.14285714285714285,0.5,0.0,0.0,1.0,1.0,1.0,0.5,0.0,5.0,0.0,-0.3333333333333333,0.5976190476190476,0.14,0.3499271061118826,0.1,u764397,beginner
0.16666666666666666,0.0,0.2222222222222222,0.0,1.0,1.0,0.0,-0.13333333333333333,0.3333333333333333,2.0,0.0,0.0,0.85,0.12,0.37267799624996495,0.08888888888888889,u765802,beginner
0.75,1.0,0.6666666666666666,0.5,1.0,1.0,1.0,0.5,0.6666666666666666,0.0,2.0,0.0,0.5555555555555556,0.12,0.4330127018922193,0.6666666666666667,u766722,intermediate
0.36363636363636365,1.0,0.3333333333333333,0.25,1.0,1.0,1.0,0.75,0.0,4.0,0.0,-0.6666666666666666,0.4666666666666667,0.11,0.48104569292083466,0.43333333333333335,u767406,beginner
0.6980074719800747,0.8384353741496599,0.6027149321266968,0.282798833819242,1.0,1.0,1.0,0.5556365403304179,1.0,0.0,3.0,0.33333333333333337,0.9325434205064341,32.12,0.45912203284100833,0.5218925812083075,u768,intermediate
0.23333333333333334,0.5,0.3076923076923077,0.07692307692307693,1.0,1.0,1.0,0.4230769230769231,0.3333333333333333,2.0,0.0,0.3333333333333333,1.105548888888889,0.3,0.4229525846816506,0.25384615384615383,u77066,beginner
0.5666666666666667,0.5,0.9230769230769231,0.23076923076923078,1.0,1.0,1.0,0.2692307692307692,0.6666666666666666,0.0,2.0,0.0,0.8277722222222222,0.3,0.4955356249106168,0.5615384615384615,u77086,intermediate
0.625,0.8271604938271605,0.6666666666666666,0.391304347826087,1.0,1.0,1.0,0.43585614600107353,0.3333333333333333,2.0,0.0,-0.6666666666666667,0.8995470720720721,2.96,0.4841229182759271,0.5886205045625336,u775671,intermediate
0.6597077244258872,0.8278560250391236,0.37280701754385964,0.1978021978021978,1.0,1.0,1.0,0.6300538272369258,0.3333333333333333,2.0,0.0,0.3333333333333333,0.6399404662491301,9.58,0.473807389936781,0.39381489114624774,u777633,beginner
0.26666666666666666,0.5,0.3076923076923077,0.15384615384615385,1.0,1.0,1.0,0.34615384615384615,0.3333333333333333,2.0,0.0,0.0,0.8788866666666666,0.3,0.44221663871405326,0.2846153846153846,u78095,beginner
0.26666666666666666,0.5,0.3076923076923077,0.15384615384615385,1.0,1.0,1.0,0.34615384615384615,0.0,3.0,0.0,-0.3333333333333333,0.4566633333333333,0.3,0.4422166387140533,0.2846153846153846,u78157,beginner
0.58,0.7358490566037735,0.6129032258064516,0.0,1.0,1.0,1.0,0.7358490566037735,0.3333333333333333,2.0,0.0,0.0,1.0659993333333333,1.0,0.49355850717012273,0.3923311016433354,u78259,beginner
0.44,0.7777777777777778,0.10526315789473684,0.46153846153846156,1.0,1.0,1.0,0.3162393162393162,0.6666666666666666,0.0,2.0,0.3333333333333333,0.3246653333333333,0.5,0.4963869458396343,0.38227620332883494,u78647,beginner
0.2,0.75,0.23076923076923078,0.0,1.0,1.0,1.0,0.75,0.0,5.0,0.0,-0.3333333333333333,0.994438888888889,0.3,0.4000000000000001,0.24230769230769234,u78788,beginner
0.423728813559322,0.625,0.2903225806451613,0.25,1.0,1.0,1.0,0.375,0.3333333333333333,2.0,0.0,0.0,0.8700564971751412,1.18,0.4941484656648559,0.34112903225806457,u789161,beginner
0.16666666666666666,0.0,0.4,0.0,1.0,1.0,1.0,0.0,0.3333333333333333,2.0,0.0,0.0,0.46944444444444444,0.12,0.37267799624996495,0.16000000000000003,u789609,beginner
0.42857142857142855,0.0,0.5,0.0,1.0,1.0,0.0,-0.3,0.3333333333333333,0.0,1.0,0.0,0.7047619047619047,0.14,0.49487165930539345,0.2,u790078,beginner
0.5230769230769231,0.7727272727272727,0.4838709677419355,0.16666666666666666,1.0,1.0,1.0,0.6060606060606061,0.3333333333333333,1.0,0.0,-0.3333333333333333,0.633846153846154,0.65,0.4994671717153208,0.41476050830889544,u790116,beginner
0.8333333333333334,1.0,1.0,0.3333333333333333,1.0,1.0,1.0,0.6666666666666667,0.6666666666666666,0.0,2.0,0.0,0.8,0.12,0.3726779962499649,0.7333333333333334,u790789,advanced
0.5714285714285714,1.0,0.4,0.0,1.0,1.0,0.0,0.36,0.3333333333333333,1.0,0.0,-0.3333333333333333,0.9619047619047619,0.14,0.4948716593053935,0.36000000000000004,u791061,beginner
0.1,0.25,0.0,0.0,1.0,1.0,1.0,0.25,0.0,6.0,0.0,0.0,1.4,0.1,0.30000000000000004,0.05,u793398,beginner
0.6363636363636364,1.0,1.0,0.3333333333333333,1.0,1.0,1.0,0.6666666666666667,0.6666666666666666,1.0,0.0,-0.33333333333333337,0.7121212121212122,0.22,0.4810456929208346,0.7333333333333334,u793689,advanced
0.7142857142857143,0.8,1.0,0.0,1.0,1.0,1.0,0.8,1.0,0.0,4.0,0.6666666666666667,0.738095238095238,0.14,0.45175395145262565,0.56,u794022,intermediate
0.5789473684210527,1.0,0.6363636363636364,0.0,1.0,1.0,1.0,1.0,0.6666666666666666,1.0,0.0,0.0,0.6140350877192983,0.19,0.49372797471825575,0.4545454545454546,u794159,intermediate
0.16666666666666666,0.0,0.2857142857142857,0.0,1.0,1.0,1.0,0.0,0.0,4.0,0.0,-0.3333333333333333,1.5861111111111112,0.12,0.3726779962499649,0.11428571428571428,u794550,beginner
0.375,0.575,0.21739130434782608,0.11764705882352941,1.0,1.0,1.0,0.4573529411764705,0.3333333333333333,1.0,0.0,0.0,1.2441654166666667,0.8,0.4841229182759271,0.2490153452685422,u794556,beginner
0.3829787234042553,0.7272727272727273,0.38095238095238093,0.13333333333333333,1.0,1.0,1.0,0.593939393939394,1.0,0.0,3.0,0.33333333333333337,0.5432624113475177,0.94,0.48611317697003675,0.35116883116883124,u795049,beginner
0.42857142857142855,0.6666666666666666,0.5,0.0,1.0,1.0,1.0,0.6666666666666666,0.3333333333333333,2.0,0.0,-0.3333333333333333,0.49523809523809526,0.7,0.4948716593053935,0.33333333333333337,u795943,beginner
0.6923076923076923,1.0,0.0,1.0,1.0,1.0,1.0,0.0,1.0,0.0,3.0,0.6666666666666667,0.5948717948717949,0.13,0.46153846153846156,0.6000000000000001,u797026,intermediate
0.4166666666666667,1.0,0.2222222222222222,1.0,1.0,1.0,1.0,0.0,0.6666666666666666,1.0,0.0,0.3333333333333333,1.3194444444444444,0.12,0.4930066485916347,0.6888888888888889,u797185,intermediate
0.2222222222222222,0.5,0.0,0.0,1.0,1.0,0.0,0.3,0.0,4.0,0.0,0.0,0.8703703703703703,0.18,0.41573970964154905,0.1,u797933,beginner
0.660377358490566,0.8289473684210527,0.5902777777777778,0.3904761904761905,1.0,1.0,1.0,0.4384711779448622,0.6666666666666666,0.0,2.0,0.3333333333333333,0.685178965758211,4.77,0.4735811470947598,0.5580910609857979,u798177,intermediate
0.5714285714285714,1.0,0.6666666666666666,0.3333333333333333,1.0,1.0,1.0,0.6666666666666667,0.3333333333333333,1.0,0.0,-0.6666666666666667,0.8666666666666667,0.14,0.4948716593053935,0.6,u798494,intermediate
0.5714285714285714,0.6666666666666666,0.6666666666666666,0.0,1.0,1.0,1.0,0.6666666666666666,0.3333333333333333,0.0,1.0,-0.3333333333333333,0.5857142857142857,0.14,0.4948716593053935,0.4,u798550,beginner
0.3125,0.4,0.35714285714285715,0.23076923076923078,1.0,1.0,1.0,0.16923076923076924,0.0,5.0,0.0,-0.3333333333333333,0.23853541666666667,0.32,0.46351240544347894,0.3151648351648352,u80027,beginner
0.42857142857142855,1.0,0.2,0.0,1.0,1.0,0.0,0.48,0.6666666666666666,0.0,1.0,0.6666666666666666,0.3857142857142857,0.14,0.49487165930539345,0.28,u801227,beginner
0.25,0.5,0.0,0.0,1.0,1.0,0.0,0.3,0.0,5.0,0.0,-0.6666666666666666,1.0,0.16,0.4330127018922193,0.1,u801485,beginner
0.4166666666666667,0.3333333333333333,0.5714285714285714,0.0,1.0,1.0,1.0,0.3333333333333333,0.3333333333333333,0.0,1.0,0.0,0.5916666666666667,0.12,0.4930066485916347,0.29523809523809524,u802187,beginner
0.3333333333333333,0.5,0.0,0.0,1.0,0.0,1.0,0.5,0.3333333333333333,1.0,0.0,0.0,1.4833333333333334,0.12,0.4714045207910317,0.1,u802419,beginner
0.5,0.7101449275362319,0.37254901960784315,0.1,1.0,1.0,1.0,0.610144927536232,0.6666666666666666,0.0,2.0,0.3333333333333333,1.0671428571428572,1.4,0.5,0.3310485933503836,u802516,beginner
0.2857142857142857,0.2857142857142857,0.0,0.0,1.0,0.0,0.0,0.0,0.3333333333333333,1.0,0.0,0.0,0.3619047619047619,0.14,0.45175395145262565,0.05714285714285714,u803263,beginner
0.5454545454545454,0.0,1.0,0.16666666666666666,0.0,1.0,1.0,0.5,0.0,4.0,0.0,-1.0,1.5424242424242425,0.22,0.49792959773196915,0.4666666666666667,u803394,intermediate
0.6153846153846154,1.0,0.8,0.0,1.0,1.0,1.0,1.0,0.3333333333333333,2.0,0.0,-0.6666666666666667,0.8717948717948717,0.13,0.48650425541051995,0.52,u803652,intermediate
0.0,0.0,0.0,0.0,1.0,1.0,1.0,0.0,0.0,14.0,0.0,0.0,0.2857142857142857,0.14,0.0,0.0,u804588,beginner
0.16666666666666666,0.25,0.0,0.0,1.0,1.0,0.0,0.15,0.0,3.0,0.0,-0.3333333333333333,0.6166666666666667,0.12,0.3726779962499649,0.05,u805108,beginner
0.7768395657418576,0.9186046511627907,0.635593220338983,0.2597402597402597,1.0,1.0,1.0,0.658864391422531,0.6666666666666666,1.0,0.0,0.6666666666666666,0.7250875753920386,8.29,0.41636504997400975,0.5418543222642552,u806611,intermediate
0.5714285714285714,1.0,0.3333333333333333,0.5,1.0,1.0,1.0,0.5,0.6666666666666666,0.0,1.0,0.0,0.5571428571428572,0.14,0.4948716593053935,0.5333333333333334,u806740,intermediate
0.5,0.9,0.6363636363636364,0.12121212121212122,1.0,1.0,1.0,0.7787878787878788,0.0,10.0,0.0,-0.3333333333333333,0.9236434108527132,1.72,0.5,0.48303030303030303,u806849,intermediate
0.6470588235294118,1.0,0.3333333333333333,0.0,1.0,1.0,1.0,1.0,0.3333333333333333,2.0,0.0,-0.3333333333333333,1.8490196078431373,0.17,0.4778846120374094,0.33333333333333337,u806900,beginner
0.47058823529411764,0.625,0.3333333333333333,0.3333333333333333,1.0,1.0,1.0,0.2916666666666667,0.3333333333333333,0.0,1.0,-0.3333333333333333,0.7823529411764706,0.34,0.4991341984846218,0.3916666666666666,u807408,beginner
0.7362637362637363,0.9035087719298246,0.4696969696969697,0.0,1.0,1.0,1.0,0.9035087719298246,0.0,3.0,0.0,-0.3333333333333333,0.8091575091575092,1.82,0.44065797045633887,0.3685805422647528,u807455,beginner
0.5806451612903226,1.0,0.5625,0.14285714285714285,1.0,1.0,1.0,0.8571428571428572,0.0,3.0,0.0,-0.6666666666666666,0.7258064516129032,0.62,0.49345350131543075,0.4821428571428572,u808432,intermediate
0.2857142857142857,0.25,0.0,1.0,1.0,1.0,1.0,-0.75,0.3333333333333333,1.0,0.0,0.0,0.5619047619047619,0.14,0.45175395145262565,0.45,u808582,intermediate
0.6296296296296297,0.8888888888888888,0.125,0.0,1.0,1.0,1.0,0.8888888888888888,1.0,0.0,5.0,0.6666666666666667,0.8925925925925926,0.54,0.4829038818668628,0.2277777777777778,u808760,beginner
0.25,0.0,0.4,0.0,1.0,1.0,1.0,0.0,0.3333333333333333,2.0,0.0,0.0,0.7708333333333334,0.16,0.4330127018922193,0.16000000000000003,u809386,beginner
0.65,1.0,1.0,0.0,1.0,1.0,1.0,1.0,0.6666666666666666,1.0,0.0,0.0,0.9066666666666666,0.2,0.47696960070847283,0.6000000000000001,u809544,intermediate
0.5714285714285714,0.6666666666666666,0.5,0.0,1.0,1.0,0.0,0.09999999999999998,0.6666666666666666,0.0,2.0,0.0,1.7857142857142858,0.14,0.4948716593053935,0.33333333333333337,u809786,beginner
0.5694444444444444,0.7,0.5102040816326531,0.6666666666666666,1.0,1.0,1.0,0.033333333333333326,0.6666666666666666,0.0,1.0,0.3333333333333333,0.5990740740740741,0.72,0.495153985277108,0.610748299319728,u810552,intermediate
0.5,1.0,0.0,0.2857142857142857,1.0,1.0,1.0,0.7142857142857143,0.3333333333333333,2.0,0.0,-0.6666666666666667,0.625,0.12,0.5,0.3142857142857143,u811508,beginner
0.15384615384615385,0.5,0.0,0.0,1.0,1.0,1.0,0.5,0.0,4.0,0.0,-0.3333333333333333,1.3230769230769233,0.13,0.36080121229410994,0.1,u811786,beginner
0.8107344632768362,0.9864864864864865,0.8157894736842105,0.5217391304347826,1.0,1.0,1.0,0.4647473560517039,1.0,0.0,10.0,0.0,0.8764595103578154,7.08,0.3917194063766264,0.7323087389448946,u812642,advanced
0.10526315789473684,0.14285714285714285,0.0,0.0,1.0,1.0,0.0,0.0857142857142857,0.0,4.0,0.0,0.0,0.6350877192982457,0.19,0.3068922049918579,0.02857142857142857,u813240,beginner
0.5833333333333334,0.8,0.25,0.6666666666666666,1.0,1.0,1.0,0.13333333333333341,0.0,4.0,0.0,-0.6666666666666666,1.1777777777777778,0.24,0.4930066485916347,0.5266666666666666,u813625,intermediate
0.21621621621621623,0.2222222222222222,0.2,0.23076923076923078,1.0,1.0,1.0,-0.008547008547008572,0.3333333333333333,1.0,0.0,-0.3333333333333333,0.9621594594594595,0.37,0.4116634111277789,0.21675213675213678,u81422,beginner
0.5714285714285714,0.6,0.5,0.0,1.0,1.0,0.0,0.059999999999999984,0.6666666666666666,0.0,2.0,0.0,0.49047619047619045,0.14,0.4948716593053935,0.32,u815243,beginner
0.2222222222222222,0.4444444444444444,0.2,0.0,1.0,1.0,1.0,0.4444444444444444,0.6666666666666666,0.0,2.0,0.6666666666666666,0.5876543209876544,0.27,0.41573970964154905,0.16888888888888892,u815312,beginner
0.2727272727272727,0.0,0.75,0.0,1.0,1.0,1.0,0.0,0.3333333333333333,0.0,1.0,0.3333333333333333,0.7636363636363636,0.11,0.4453617714151233,0.30000000000000004,u816040,beginner
0.5714285714285714,0.6666666666666666,0.5,0.5,1.0,1.0,1.0,0.16666666666666663,0.6666666666666666,1.0,0.0,0.3333333333333333,0.6238095238095238,0.14,0.4948716593053935,0.5333333333333334,u818608,intermediate
0.5492957746478874,0.8148148148148148,0.5748502994011976,0.1375,1.0,1.0,1.0,0.6773148148148147,0.3333333333333333,1.0,0.0,-0.3333333333333333,1.225164131455399,3.55,0.49756399246917443,0.447903082723442,u818967,beginner
0.6300813008130082,0.76875,0.4,0.0,1.0,1.0,1.0,0.76875,0.6666666666666666,1.0,0.0,0.3333333333333333,0.5974254742547426,2.46,0.4827824097653058,0.3137500000000001,u819224,beginner
0.2857142857142857,0.0,0.5,0.5,1.0,1.0,1.0,-0.5,0.0,3.0,0.0,-0.3333333333333333,0.6714285714285714,0.14,0.45175395145262565,0.4,u819820,beginner
0.375,0.5,0.3333333333333333,0.0,1.0,1.0,1.0,0.5,0.3333333333333333,0.0,1.0,0.0,1.0041666666666667,0.16,0.4841229182759271,0.23333333333333334,u820473,beginner
0.36666666666666664,0.75,0.38461538461538464,0.23076923076923078,1.0,1.0,1.0,0.5192307692307692,0.6666666666666666,1.0,0.0,0.0,0.8611077777777778,0.3,0.48189440982669857,0.3961538461538462,u82128,beginner
0.5,0.6666666666666666,0.3333333333333333,0.0,1.0,1.0,0.0,0.19999999999999998,0.3333333333333333,0.0,1.0,-0.3333333333333333,1.277777777777778,0.12,0.5,0.26666666666666666,u822007,beginner
0.625,1.0,0.6666666666666666,0.0,1.0,1.0,1.0,1.0,0.3333333333333333,1.0,0.0,-0.3333333333333333,0.875,0.16,0.4841229182759271,0.4666666666666667,u823068,intermediate
0.6666666666666666,1.0,0.8333333333333334,0.3076923076923077,1.0,1.0,1.0,0.6923076923076923,1.0,0.0,6.0,0.33333333333333337,0.7120324074074075,0.36,0.4714045207910316,0.6564102564102565,u82325,intermediate
0.6861723446893787,0.8886877828054298,0.6131979695431472,0.3111111111111111,1.0,1.0,1.0,0.5775766716943187,0.6666666666666666,0.0,2.0,0.3333333333333333,1.1772720507682033,24.95,0.4640472584477352,0.5474611888227893,u8237,intermediate
0.7142857142857143,1.0,0.5,0.5,1.0,1.0,1.0,0.5,1.0,0.0,5.0,0.6666666666666667,0.9428571428571428,0.14,0.45175395145262565,0.6000000000000001,u825159,intermediate
0.5714285714285714,1.0,1.0,0.0,1.0,1.0,1.0,1.0,0.6666666666666666,1.0,0.0,0.0,0.6952380952380953,0.14,0.4948716593053935,0.6000000000000001,u825635,intermediate
0.18181818181818182,0.16666666666666666,0.3333333333333333,0.0,1.0,1.0,1.0,0.16666666666666666,0.0,3.0,0.0,-0.3333333333333333,0.4818181818181818,0.22,0.38569460791993493,0.16666666666666666,u825647,beginner
0.4117647058823529,0.8181818181818182,0.15384615384615385,0.3,1.0,1.0,1.0,0.5181818181818183,0.3333333333333333,0.0,1.0,0.0,1.2490147058823529,0.34,0.49215295678475035,0.34517482517482523,u825705,beginner
0.4,1.0,0.5,0.0,1.0,1.0,1.0,1.0,0.3333333333333333,1.0,0.0,-0.6666666666666667,0.7583333333333333,0.2,0.48989794855663565,0.4,u826049,beginner
0.42857142857142855,1.0,0.5,0.0,1.0,1.0,1.0,1.0,0.6666666666666666,0.0,2.0,0.3333333333333333,0.9285714285714286,0.14,0.49487165930539345,0.4,u826698,beginner
0.72,0.8947368421052632,0.875,0.3333333333333333,1.0,1.0,1.0,0.5614035087719298,0.0,3.0,0.0,-0.6666666666666666,0.6699986666666666,0.5,0.44899888641287294,0.6622807017543859,u82687,intermediate
0.4444444444444444,0.5,0.5,0.3333333333333333,1.0,1.0,1.0,0.16666666666666669,0.3333333333333333,0.0,1.0,-0.3333333333333333,0.7222222222222222,0.18,0.4969039949999533,0.43333333333333335,u827625,beginner
0.4,0.5,0.0,0.0,1.0,0.0,1.0,0.5,0.3333333333333333,2.0,0.0,-0.3333333333333333,0.82,0.1,0.48989794855663565,0.1,u828343,beginner
0.36363636363636365,0.5,0.5,0.0,1.0,1.0,1.0,0.5,0.3333333333333333,1.0,0.0,-0.3333333333333333,0.7393939393939394,0.22,0.4810456929208346,0.30000000000000004,u828485,beginner
0.7,0.8666666666666667,0.2,0.0,1.0,1.0,0.0,0.4,1.0,0.0,5.0,0.6666666666666667,1.2816666666666667,0.2,0.45825756949558394,0.25333333333333335,u828584,beginner
0.7777777777777778,1.0,0.9230769230769231,0.0,1.0,1.0,1.0,1.0,1.0,0.0,6.0,0.0,1.1555555555555554,0.18,0.41573970964154905,0.5692307692307692,u828726,intermediate
0.5652173913043478,1.0,0.6,0.3333333333333333,1.0,1.0,1.0,0.6666666666666667,0.3333333333333333,0.0,1.0,-0.3333333333333333,1.198550724637681,0.23,0.49572844569527735,0.5733333333333334,u828984,intermediate
0.3,0.25,0.46153846153846156,0.15384615384615385,1.0,1.0,1.0,0.09615384615384615,0.0,4.0,0.0,-0.6666666666666666,0.6288833333333333,0.3,0.45825756949558394,0.29615384615384616,u82936,beginner
0.5806451612903226,0.9090909090909091,0.42857142857142855,0.3333333333333333,1.0,1.0,1.0,0.5757575757575757,1.0,0.0,4.0,0.33333333333333337,1.5408602150537634,0.31,0.49345350131543086,0.48658008658008656,u829922,intermediate
0.5714285714285714,1.0,0.0,0.5454545454545454,1.0,1.0,1.0,0.4545454545454546,0.6666666666666666,1.0,0.0,-0.33333333333333337,1.0714285714285714,0.21,0.49487165930539356,0.4181818181818182,u831320,beginner
0.6357388316151202,0.908256880733945,0.4899328859060403,0.3939393939393939,1.0,1.0,1.0,0.514317486794551,0.3333333333333333,1.0,0.0,-0.3333333333333333,0.7698737686139748,2.91,0.4812223702112797,0.5352002880849627,u83174,intermediate
0.5,0.6666666666666666,0.3333333333333333,0.0,1.0,1.0,0.0,0.19999999999999998,0.6666666666666666,0.0,2.0,0.3333333333333333,0.6305555555555556,0.24,0.5,0.26666666666666666,u832260,beginner
0.4166666666666667,1.0,0.5,0.0,1.0,1.0,1.0,1.0,0.0,3.0,0.0,-0.6666666666666666,0.8305555555555556,0.12,0.4930066485916347,0.4,u832305,beginner
0.2857142857142857,0.5,0.25,0.0,1.0,1.0,1.0,0.5,0.3333333333333333,1.0,0.0,0.0,1.3904761904761906,0.14,0.45175395145262565,0.2,u832765,beginner
0.0,0.0,0.0,0.0,0.0,1.0,1.0,0.0,0.0,10.0,0.0,0.0,0.8333333333333334,0.1,0.0,0.0,u835224,beginner
0.6363636363636364,1.0,0.5,0.5,1.0,1.0,1.0,0.5,0.6666666666666666,0.0,2.0,0.3333333333333333,1.303030303030303,0.11,0.48104569292083466,0.6000000000000001,u836015,intermediate
0.6363636363636364,1.0,0.5,0.0,1.0,1.0,1.0,1.0,0.3333333333333333,2.0,0.0,-0.3333333333333333,0.7151515151515152,0.11,0.4810456929208347,0.4,u836180,beginner
0.3333333333333333,0.2,0.42857142857142855,0.0,1.0,1.0,0.0,-0.13714285714285712,0.6666666666666666,0.0,1.0,0.6666666666666666,1.2388888888888887,0.12,0.47140452079103173,0.21142857142857144,u837497,beginner
0.7272727272727273,0.8,1.0,0.3333333333333333,1.0,1.0,1.0,0.46666666666666673,1.0,0.0,3.0,0.0,0.7333333333333333,0.11,0.4453617714151233,0.6933333333333334,u838118,intermediate
0.6,0.7428571428571429,0.52,0.45,1.0,1.0,1.0,0.29285714285714287,0.6666666666666666,1.0,0.0,0.0,0.7183324999999999,0.8,0.48989794855663565,0.5365714285714286,u83880,intermediate
0.36363636363636365,0.6,0.2,0.0,1.0,1.0,1.0,0.6,0.6666666666666666,0.0,1.0,0.3333333333333333,1.6696969696969697,0.11,0.4810456929208346,0.2,u839041,beginner
0.36363636363636365,1.0,0.25,0.0,1.0,1.0,1.0,1.0,0.0,3.0,0.0,-1.0,0.4727272727272727,0.11,0.48104569292083466,0.30000000000000004,u840330,beginner
0.36666666666666664,0.5,0.38461538461538464,0.3076923076923077,1.0,1.0,1.0,0.1923076923076923,0.0,4.0,0.0,-0.3333333333333333,1.1655477777777778,0.3,0.48189440982669857,0.3769230769230769,u84762,beginner
0.525,0.7419354838709677,0.3548387096774194,0.4444444444444444,1.0,1.0,1.0,0.29749103942652333,0.6666666666666666,0.0,2.0,0.0,0.5562487500000001,0.8,0.4993746088859544,0.46810035842293907,u85191,intermediate
0.26666666666666666,0.75,0.15384615384615385,0.23076923076923078,1.0,1.0,1.0,0.5192307692307692,0.0,5.0,0.0,0.0,0.17666555555555555,0.3,0.4422166387140533,0.3038461538461539,u86553,beginner
0.4666666666666667,1.0,0.5384615384615384,0.23076923076923078,1.0,1.0,1.0,0.7692307692307692,0.3333333333333333,1.0,0.0,-0.3333333333333333,0.6033333333333334,0.3,0.49888765156985887,0.5076923076923077,u87251,intermediate
0.16666666666666666,0.25,0.15384615384615385,0.15384615384615385,1.0,1.0,1.0,0.09615384615384615,0.0,4.0,0.0,0.0,0.5355477777777777,0.3,0.37267799624996495,0.17307692307692307,u87346,beginner
0.13333333333333333,0.0,0.15384615384615385,0.15384615384615385,1.0,1.0,1.0,-0.15384615384615385,0.3333333333333333,0.0,1.0,0.3333333333333333,0.18777222222222223,0.3,0.33993463423951903,0.12307692307692308,u87748,beginner
0.6346153846153846,0.8245614035087719,0.4666666666666667,0.29411764705882354,1.0,1.0,1.0,0.5304437564499485,0.6666666666666666,0.0,1.0,0.3333333333333333,0.9102548076923077,1.04,0.4815378471364966,0.46922600619195054,u88392,intermediate
0.17142857142857143,0.14285714285714285,0.14285714285714285,0.21428571428571427,1.0,1.0,1.0,-0.07142857142857142,0.3333333333333333,2.0,0.0,0.3333333333333333,0.5657123809523809,0.35,0.3768830273792263,0.17142857142857143,u88604,beginner
0.3333333333333333,1.0,0.38461538461538464,0.07692307692307693,1.0,1.0,1.0,0.9230769230769231,0.0,6.0,0.0,-0.3333333333333333,1.32222,0.3,0.4714045207910316,0.38461538461538464,u89088,beginner
0.6138613861386139,0.7758620689655172,0.46875,0.18181818181818182,1.0,1.0,1.0,0.5940438871473355,0.0,3.0,0.0,-0.3333333333333333,0.6237623762376238,1.01,0.4868630040849206,0.4153996865203762,u89175,beginner
0.3333333333333333,0.25,0.46153846153846156,0.23076923076923078,1.0,1.0,1.0,0.019230769230769218,0.3333333333333333,2.0,0.0,0.0,0.7855533333333333,0.3,0.4714045207910316,0.3269230769230769,u89627,beginner
0.4895947426067908,0.6802168021680217,0.39086294416243655,0.28,1.0,1.0,1.0,0.4002168021680217,0.6666666666666666,0.0,1.0,-0.33333333333333337,0.9299369843008397,9.13,0.4998917188937831,0.404388538098579,u9111,beginner
0.5333333333333333,1.0,0.6153846153846154,0.3076923076923077,1.0,1.0,1.0,0.6923076923076923,0.3333333333333333,1.0,0.0,-0.3333333333333333,0.9122177777777778,0.3,0.49888765156985887,0.5692307692307692,u91147,intermediate
0.5833333333333334,0.8333333333333334,0.7037037037037037,0.06666666666666667,1.0,1.0,1.0,0.7666666666666667,0.6666666666666666,0.0,2.0,0.3333333333333333,0.9272194444444444,0.6,0.49300664859163473,0.47481481481481486,u91271,intermediate
0.36666666666666664,0.5,0.38461538461538464,0.3076923076923077,1.0,1.0,1.0,0.1923076923076923,0.3333333333333333,2.0,0.0,-0.3333333333333333,0.8844388888888889,0.3,0.48189440982669857,0.3769230769230769,u91291,beginner
0.82,1.0,0.9130434782608695,0.6111111111111112,1.0,1.0,1.0,0.38888888888888884,1.0,0.0,10.0,0.33333333333333337,0.9186646666666666,0.5,0.3841874542459709,0.8096618357487924,u91409,advanced
0.680064308681672,0.8636363636363636,0.594017094017094,0.225,1.0,1.0,1.0,0.6386363636363637,0.3333333333333333,2.0,0.0,0.0,0.9399221329046088,6.22,0.46645133158668495,0.5003341103341103,u92515,intermediate
0.6208476517754868,0.8004246284501062,0.46875,0.18292682926829268,1.0,1.0,1.0,0.6174977991818136,0.6666666666666666,1.0,0.0,-0.33333333333333337,1.540396907216495,8.73,0.4851760969589812,0.42075565739733833,u93063,beginner
0.5833333333333334,0.8275862068965517,0.4444444444444444,0.23076923076923078,1.0,1.0,1.0,0.596816976127321,0.3333333333333333,0.0,1.0,0.0,0.6072211111111112,0.6,0.49300664859163473,0.43560271146478047,u93348,beginner
0.26666666666666666,0.5,0.23076923076923078,0.23076923076923078,1.0,1.0,1.0,0.2692307692307692,0.0,4.0,0.0,-0.3333333333333333,0.7611066666666667,0.3,0.44221663871405326,0.2846153846153846,u93899,beginner
0.785595567867036,0.8790931989924433,0.6659751037344398,0.3787878787878788,1.0,1.0,1.0,0.5003053202045645,0.3333333333333333,2.0,0.0,-0.3333333333333333,1.5565266112650047,18.05,0.41040854232667384,0.5937238328074161,u94057,intermediate
0.7635658914728682,0.9866666666666667,0.734375,0.5272727272727272,1.0,1.0,1.0,0.45939393939393947,1.0,0.0,4.0,0.33333333333333337,0.7514205426356589,2.58,0.4248917754583069,0.7019924242424243,u94277,advanced
0.3,0.75,0.3076923076923077,0.15384615384615385,1.0,1.0,1.0,0.5961538461538461,0.0,11.0,0.0,-0.6666666666666666,0.5411066666666667,0.3,0.45825756949558394,0.33461538461538465,u94362,beginner
0.23333333333333334,0.5,0.23076923076923078,0.15384615384615385,1.0,1.0,1.0,0.34615384615384615,0.0,4.0,0.0,-1.0,0.5599966666666667,0.3,0.4229525846816506,0.25384615384615383,u94717,beginner
0.16666666666666666,0.5,0.16666666666666666,0.0,1.0,1.0,1.0,0.5,0.0,9.0,0.0,-0.6666666666666666,0.7055555555555556,0.12,0.3726779962499649,0.16666666666666669,u9516,beginner
0.6721311475409836,0.8275862068965517,0.7666666666666667,0.36363636363636365,1.0,1.0,1.0,0.46394984326018807,0.3333333333333333,1.0,0.0,-0.3333333333333333,0.6538245901639345,1.22,0.46943675617299513,0.6176384535005225,u95404,intermediate
0.22857142857142856,0.5555555555555556,0.07692307692307693,0.15384615384615385,1.0,1.0,1.0,0.4017094017094017,0.3333333333333333,1.0,0.0,0.3333333333333333,0.7380895238095239,0.35,0.41991252733425904,0.20341880341880342,u96780,beginner
0.4,0.75,0.46153846153846156,0.23076923076923078,1.0,1.0,1.0,0.5192307692307692,0.6666666666666666,1.0,0.0,0.0,1.2099966666666666,0.3,0.4898979485566357,0.42692307692307696,u96857,beginner
0.6162361623616236,0.7454545454545455,0.5,0.09090909090909091,1.0,1.0,1.0,0.6545454545454545,0.6666666666666666,1.0,0.0,0.0,1.2483383763837639,2.71,0.4863015058165482,0.3854545454545455,u96891,beginner
0.23333333333333334,0.25,0.15384615384615385,0.3076923076923077,1.0,1.0,1.0,-0.05769230769230771,0.0,9.0,0.0,-0.3333333333333333,0.09110555555555555,0.3,0.4229525846816506,0.23461538461538461,u97165,beginner
0.7142008318478906,0.863849765258216,0.5028462998102466,0.18681318681318682,1.0,1.0,1.0,0.6770365784450292,1.0,0.0,5.0,0.33333333333333337,0.6610021786492375,16.83,0.451794204960258,0.44863374770101666,u9734,beginner
0.23333333333333334,0.75,0.23076923076923078,0.07692307692307693,1.0,1.0,1.0,0.6730769230769231,0.0,3.0,0.0,-0.3333333333333333,0.7833288888888889,0.3,0.4229525846816506,0.2730769230769231,u97808,beginner
0.5576923076923077,0.9333333333333333,0.5714285714285714,0.1875,1.0,1.0,1.0,0.7458333333333333,0.3333333333333333,1.0,0.0,-0.3333333333333333,0.9615339743589744,0.52,0.49666044500557527,0.49023809523809525,u97940,intermediate
0.3333333333333333,0.5294117647058824,0.3333333333333333,0.07692307692307693,1.0,1.0,1.0,0.45248868778280543,1.0,0.0,9.0,1.0,0.4993796296296296,0.54,0.47140452079103173,0.2699849170437406,u98064,beginner
0.55,0.8181818181818182,0.7142857142857143,0.2,1.0,1.0,1.0,0.6181818181818182,1.0,0.0,3.0,0.6666666666666667,0.7849983333333334,0.4,0.49749371855331,0.5293506493506495,u98230,intermediate
0.4,1.0,0.46153846153846156,0.15384615384615385,1.0,1.0,1.0,0.8461538461538461,0.3333333333333333,1.0,0.0,-0.3333333333333333,1.0688844444444445,0.3,0.48989794855663565,0.4461538461538462,u98654,beginner
0.575,0.625,0.7222222222222222,0.35714285714285715,1.0,1.0,1.0,0.26785714285714285,0.6666666666666666,0.0,1.0,0.0,0.9466633333333334,0.4,0.4943429983321297,0.5567460317460318,u99086,intermediate
0.6768802228412256,0.859504132231405,0.6987179487179487,0.36585365853658536,1.0,1.0,1.0,0.4936504736948196,0.6666666666666666,0.0,2.0,0.3333333333333333,1.0415012999071496,3.59,0.4676680305169879,0.5977294693480947,u99529,intermediate
0.5,0.6666666666666666,0.6666666666666666,0.25,1.0,1.0,1.0,0.41666666666666663,0.3333333333333333,1.0,0.0,-0.3333333333333333,0.6366633333333334,0.1,0.5,0.5,u99561,intermediate
0.6585365853658537,0.8319327731092437,0.6419965576592083,0.4095238095238095,1.0,1.0,1.0,0.4224089635854342,0.6666666666666666,0.0,1.0,-0.33333333333333337,0.62993606271777,11.48,0.4742005389078922,0.586994701495056,u99951,intermediate
