quiz_id,question_number,module,difficulty
java-questions-answers-freshers-experienced,1,Java,easy
java-questions-answers-freshers-experienced,2,Java,medium
java-questions-answers-freshers-experienced,3,Java,easy
java-questions-answers-freshers-experienced,4,Java,hard
java-questions-answers-freshers-experienced,5,Java,hard
java-questions-answers-freshers-experienced,6,Java,easy
java-questions-answers-freshers-experienced,7,Java,hard
java-mcqs-integer-floating-data-types,1,Java,medium
java-mcqs-integer-floating-data-types,2,Java,medium
java-mcqs-integer-floating-data-types,3,Java,hard
java-mcqs-integer-floating-data-types,4,Java,easy
java-mcqs-integer-floating-data-types,5,Java,medium
java-mcqs-integer-floating-data-types,6,Java,easy
java-mcqs-integer-floating-data-types,7,Java,hard
java-mcqs-character-boolean-data-types,1,Java,medium
java-mcqs-character-boolean-data-types,2,Java,medium
java-mcqs-character-boolean-data-types,3,Java,easy
java-mcqs-character-boolean-data-types,4,Java,medium
java-mcqs-character-boolean-data-types,5,Java,medium
java-mcqs-character-boolean-data-types,6,Java,hard
java-questions-answers-data-type-enums,1,Java,easy
java-questions-answers-data-type-enums,2,Java,easy
java-questions-answers-data-type-enums,3,Java,hard
java-questions-answers-data-type-enums,4,Java,hard
java-questions-answers-data-type-enums,5,Java,hard
java-questions-answers-data-type-enums,6,Java,hard
java-questions-answers-data-type-enums,7,Java,hard
java-questions-answers-data-type-enums,8,Java,easy
java-questions-answers-data-type-enums,9,Java,easy
java-questions-answers-data-type-enums,10,Java,easy
tough-java-questions-answers,1,Java,hard
tough-java-questions-answers,2,Java,easy
tough-java-questions-answers,3,Java,hard
tough-java-questions-answers,4,Java,easy
tough-java-questions-answers,5,Java,medium
tough-java-questions-answers,6,Java,hard
tough-java-questions-answers,7,Java,easy
tough-java-questions-answers,8,Java,medium
tough-java-questions-answers,9,Java,medium
tough-java-questions-answers,10,Java,hard
java-questions-answers-data-type-date-timezone,1,Java,medium
java-mcqs-literals-variables,1,Java,easy
java-mcqs-literals-variables,2,Java,easy
java-mcqs-literals-variables,3,Java,medium
java-mcqs-literals-variables,4,Java,easy
java-mcqs-literals-variables,6,Java,hard
java-mcqs-casting-conversion-promotions,1,Java,medium
java-mcqs-arrays-2,1,Java,medium
java-mcqs-arrays-2,2,Java,hard
java-mcqs-arrays-2,3,Java,hard
java-mcqs-arrays-2,4,Java,hard
java-mcqs-arrays-2,5,Java,medium
java-mcqs-arithmetic-operators,1,Java,hard
java-mcqs-arithmetic-operators,2,Java,medium
java-mcqs-arithmetic-operators,3,Java,hard
java-mcqs-arithmetic-operators,4,Java,easy
java-mcqs-arithmetic-operators,5,Java,hard
java-mcqs-arithmetic-operators,6,Java,hard
java-mcqs-bitwise-operator,1,Java,medium
java-mcqs-bitwise-operator,2,Java,easy
java-mcqs-bitwise-operator,3,Java,medium
java-mcqs-bitwise-operator,4,Java,easy
java-mcqs-relational-boolean-logic-operator,1,Java,medium
java-mcqs-relational-boolean-logic-operator,2,Java,easy
java-mcqs-relational-boolean-logic-operator,3,Java,easy
java-mcqs-relational-boolean-logic-operator,4,Java,easy
java-mcqs-relational-boolean-logic-operator,5,Java,medium
java-mcqs-relational-boolean-logic-operator,6,Java,hard
java-mcqs-assignment-precedence,1,Java,easy
java-mcqs-assignment-precedence,2,Java,medium
java-mcqs-assignment-precedence,3,Java,medium
java-mcqs-assignment-precedence,4,Java,easy
java-mcqs-assignment-precedence,6,Java,hard
java-mcqs-control-statements,1,Java,easy
java-mcqs-control-statements,2,Java,easy
java-mcqs-control-statements,3,Java,hard
java-questions-answers-control-statements,1,Java,hard
java-questions-answers-control-statements,2,Java,hard
java-questions-answers-control-statements,3,Java,hard
java-questions-answers-control-statements,5,Java,hard
java-questions-answers-control-statements,6,Java,medium
java-questions-answers-control-statements,7,Java,hard
java-questions-answers-control-statements,8,Java,hard
java-questions-answers-control-statements,9,Java,medium
java-questions-answers-control-statements,10,Java,hard
java-questions-answers-concepts-oops,1,Java,hard
java-questions-answers-concepts-oops,2,Java,hard
java-questions-answers-concepts-oops,3,Java,easy
java-questions-answers-concepts-oops,4,Java,hard
java-questions-answers-concepts-oops,5,Java,medium
java-questions-answers-concepts-oops,6,Java,easy
java-questions-answers-concepts-oops,7,Java,medium
java-questions-answers-concepts-oops,8,Java,easy
java-questions-answers-concepts-oops,9,Java,hard
java-questions-answers-concepts-oops,10,Java,easy
java-questions-answers-jdk-jre-jit-jvm,2,Java,easy
java-questions-answers-jdk-jre-jit-jvm,3,Java,easy
java-questions-answers-jdk-jre-jit-jvm,4,Java,easy
java-questions-answers-jdk-jre-jit-jvm,6,Java,easy
java-questions-answers-jdk-jre-jit-jvm,8,Java,easy
java-questions-answers-jdk-jre-jit-jvm,9,Java,hard
java-questions-answers-jdk-jre-jit-jvm,10,Java,medium
java-mcqs-class-fundamental-declaring-objects,1,Java,medium
java-mcqs-class-fundamental-declaring-objects,2,Java,easy
java-mcqs-class-fundamental-declaring-objects,3,Java,hard
java-mcqs-class-fundamental-declaring-objects,4,Java,easy
java-mcqs-class-fundamental-declaring-objects,6,Java,hard
java-mcqs-introduction-methods,1,Java,hard
java-mcqs-introduction-methods,2,Java,medium
java-mcqs-introduction-methods,3,Java,hard
java-mcqs-introduction-methods,4,Java,easy
java-mcqs-introduction-methods,6,Java,hard
java-mcqs-constructors-garbage-collection,1,Java,easy
java-mcqs-constructors-garbage-collection,2,Java,medium
java-mcqs-constructors-garbage-collection,4,Java,medium
java-mcqs-constructors-garbage-collection,5,Java,medium
java-questions-answers-constructor,1,Java,hard
java-questions-answers-constructor,2,Java,medium
java-questions-answers-constructor,3,Java,hard
java-questions-answers-constructor,4,Java,easy
java-questions-answers-constructor,5,Java,medium
java-questions-answers-constructor,6,Java,medium
java-questions-answers-constructor,7,Java,medium
java-questions-answers-constructor,8,Java,hard
java-questions-answers-constructor,9,Java,easy
java-questions-answers-constructor,10,Java,medium
java-questions-answers-heap-garbage-collection,1,Java,hard
java-questions-answers-heap-garbage-collection,2,Java,easy
java-questions-answers-heap-garbage-collection,3,Java,hard
java-questions-answers-heap-garbage-collection,4,Java,easy
java-questions-answers-heap-garbage-collection,5,Java,medium
java-questions-answers-heap-garbage-collection,6,Java,medium
java-questions-answers-heap-garbage-collection,7,Java,hard
java-questions-answers-heap-garbage-collection,8,Java,medium
java-questions-answers-heap-garbage-collection,9,Java,hard
java-questions-answers-heap-garbage-collection,10,Java,easy
java-mcqs-overloading-methods-argument-passing,1,Java,medium
java-mcqs-overloading-methods-argument-passing,2,Java,easy
java-mcqs-overloading-methods-argument-passing,3,Java,hard
java-mcqs-overloading-methods-argument-passing,4,Java,medium
java-mcqs-overloading-methods-argument-passing,5,Java,hard
java-mcqs-overloading-methods-argument-passing,6,Java,hard
java-mcqs-access-control,1,Java,easy
java-mcqs-access-control,2,Java,medium
java-mcqs-access-control,3,Java,medium
java-mcqs-access-control,4,Java,medium
java-mcqs-access-control,6,Java,hard
java-interview-questions-answers,1,Java,medium
java-interview-questions-answers,2,Java,easy
java-interview-questions-answers,3,Java,hard
java-interview-questions-answers,4,Java,medium
java-interview-questions-answers,5,Java,hard
java-interview-questions-answers,6,Java,easy
java-interview-questions-answers,7,Java,medium
java-interview-questions-answers,8,Java,medium
java-interview-questions-answers,9,Java,easy
java-interview-questions-answers,10,Java,easy
java-questions-bank,1,Java,easy
java-questions-bank,2,Java,medium
java-questions-bank,3,Java,medium
java-questions-bank,6,Java,easy
java-questions-bank,7,Java,hard
java-mcqs-string-class,1,Java,easy
java-mcqs-string-class,2,Java,medium
java-mcqs-string-class,3,Java,medium
java-mcqs-string-class,4,Java,medium
java-mcqs-string-class,6,Java,hard
java-questions-answers-entrance-exams,1,Java,medium
java-questions-answers-entrance-exams,2,Java,medium
java-questions-answers-entrance-exams,3,Java,medium
java-questions-answers-entrance-exams,4,Java,medium
java-mcqs-command-line-arguments,1,Java,easy
java-mcqs-command-line-arguments,2,Java,medium
java-mcqs-command-line-arguments,3,Java,easy
java-mcqs-command-line-arguments,4,Java,hard
java-mcqs-command-line-arguments,5,Java,medium
java-mcqs-command-line-arguments,6,Java,hard
java-questions-answers-freshers,1,Java,hard
java-questions-answers-freshers,2,Java,hard
java-questions-answers-freshers,3,Java,hard
java-questions-answers-freshers,4,Java,hard
java-questions-answers-freshers,5,Java,hard
java-questions-answers-freshers,6,Java,medium
java-questions-answers-freshers,7,Java,easy
java-questions-answers-freshers,8,Java,hard
java-questions-answers-freshers,9,Java,hard
java-questions-answers-freshers,10,Java,medium
java-mcqs-recursion,1,Java,hard
java-mcqs-recursion,2,Java,medium
java-mcqs-recursion,3,Java,hard
java-mcqs-recursion,4,Java,hard
java-mcqs-recursion,5,Java,easy
java-mcqs-recursion,6,Java,hard
java-mcqs-method-overriding,1,Java,medium
java-mcqs-method-overriding,2,Java,medium
java-mcqs-method-overriding,3,Java,easy
java-mcqs-method-overriding,4,Java,medium
java-mcqs-method-overriding,5,Java,hard
java-mcqs-method-overriding,6,Java,easy
java-mcqs-method-overriding,7,Java,hard
java-mcqs-method-overriding,8,Java,hard
java-mcqs-object-class,1,Java,easy
java-mcqs-object-class,2,Java,easy
java-mcqs-object-class,3,Java,medium
java-mcqs-object-class,4,Java,easy
java-mcqs-object-class,5,Java,hard
java-mcqs-object-class,6,Java,medium
java-mcqs-object-class,7,Java,hard
java-mcqs-inheritance-abstract-and-super,1,Java,easy
java-mcqs-inheritance-abstract-and-super,2,Java,medium
java-mcqs-inheritance-abstract-and-super,3,Java,medium
java-mcqs-inheritance-abstract-and-super,5,Java,easy
java-mcqs-inheritance-abstract-and-super,6,Java,hard
java-mcqs-inheritance,1,Java,easy
java-mcqs-inheritance,2,Java,medium
java-mcqs-inheritance,3,Java,medium
java-mcqs-inheritance,4,Java,easy
java-interview-questions-answers-freshers,1,Java,medium
java-mcqs-string-handling-basics,1,Java,medium
java-mcqs-string-handling-basics,2,Java,easy
java-mcqs-string-handling-basics,3,Java,medium
java-mcqs-string-handling-basics,4,Java,medium
java-mcqs-string-handling-basics,5,Java,medium
java-mcqs-string-handling-basics,7,Java,hard
java-mcqs-character-extraction,1,Java,medium
java-mcqs-character-extraction,2,Java,medium
java-mcqs-character-extraction,3,Java,hard
java-mcqs-character-extraction,4,Java,hard
java-mcqs-character-extraction,5,Java,medium
java-mcqs-character-extraction,6,Java,hard
java-mcqs-string-comparision,1,Java,medium
java-mcqs-string-comparision,2,Java,hard
java-mcqs-string-comparision,3,Java,medium
java-mcqs-string-comparision,4,Java,medium
java-mcqs-string-comparision,5,Java,medium
java-mcqs-string-comparision,6,Java,hard
java-mcqs-seraching-modifying-string,1,Java,medium
java-mcqs-seraching-modifying-string,2,Java,medium
java-mcqs-seraching-modifying-string,3,Java,medium
java-mcqs-stringbuffer-class,1,Java,medium
java-mcqs-stringbuffer-class,2,Java,medium
java-mcqs-stringbuffer-class,3,Java,medium
java-mcqs-stringbuffer-class,4,Java,medium
java-mcqs-stringbuffer-class,6,Java,hard
java-mcqs-stringbuffer-methods,1,Java,medium
java-mcqs-stringbuffer-methods,2,Java,medium
java-mcqs-stringbuffer-methods,3,Java,easy
java-mcqs-stringbuffer-methods,4,Java,medium
java-mcqs-stringbuffer-methods,5,Java,hard
java-mcqs-stringbuffer-methods,6,Java,hard
java-mcqs-java-lang-introduction,1,Java,medium
java-mcqs-java-lang-introduction,2,Java,medium
java-mcqs-java-lang-introduction,3,Java,easy
java-mcqs-java-lang-introduction,4,Java,easy
java-mcqs-java-lang-introduction,5,Java,hard
java-mcqs-java-lang-introduction,6,Java,easy
java-mcqs-java-lang-introduction,7,Java,hard
java-mcqs-java-lang-introduction,8,Java,hard
java-mcqs-java-lang-integer-long-charcter-wrappers,1,Java,easy
java-mcqs-java-lang-integer-long-charcter-wrappers,2,Java,hard
java-mcqs-java-lang-integer-long-charcter-wrappers,3,Java,easy
java-mcqs-java-lang-integer-long-charcter-wrappers,4,Java,easy
java-mcqs-java-lang-integer-long-charcter-wrappers,5,Java,hard
java-mcqs-java-lang-integer-long-charcter-wrappers,6,Java,medium
java-mcqs-java-lang-integer-long-charcter-wrappers,7,Java,hard
java-mcqs-java-lang-void-process-system-class,1,Java,easy
java-mcqs-java-lang-void-process-system-class,2,Java,hard
java-mcqs-java-lang-void-process-system-class,3,Java,easy
java-mcqs-java-lang-void-process-system-class,4,Java,easy
java-mcqs-java-lang-void-process-system-class,5,Java,hard
java-mcqs-java-lang-void-process-system-class,6,Java,easy
java-mcqs-java-lang-void-process-system-class,7,Java,hard
java-mcqs-java-lang-object-math-class,1,Java,easy
java-mcqs-java-lang-object-math-class,2,Java,medium
java-mcqs-java-lang-object-math-class,3,Java,easy
java-mcqs-java-lang-object-math-class,4,Java,easy
java-mcqs-java-lang-object-math-class,5,Java,medium
java-mcqs-java-lang-object-math-class,6,Java,easy
java-mcqs-java-lang-object-math-class,7,Java,medium
java-mcqs-java-lang-object-math-class,8,Java,hard
java-mcqs-system-class-advance,1,Java,medium
java-mcqs-system-class-advance,2,Java,easy
java-mcqs-system-class-advance,3,Java,easy
java-mcqs-system-class-advance,4,Java,hard
java-mcqs-system-class-advance,5,Java,medium
java-mcqs-double-float-wrappers,1,Java,easy
java-mcqs-double-float-wrappers,2,Java,hard
java-mcqs-double-float-wrappers,3,Java,hard
java-mcqs-double-float-wrappers,4,Java,hard
java-mcqs-double-float-wrappers,5,Java,easy
java-mcqs-double-float-wrappers,6,Java,hard
java-mcqs-java-io-introduction,1,Java,hard
java-mcqs-java-io-introduction,2,Java,hard
java-mcqs-java-io-introduction,3,Java,medium
java-mcqs-java-io-introduction,4,Java,hard
java-mcqs-java-io-introduction,5,Java,medium
java-mcqs-java-io-introduction,6,Java,medium
java-mcqs-java-io-introduction,7,Java,hard
java-mcqs-java-io-byte-streams,1,Java,medium
java-mcqs-java-io-byte-streams,2,Java,easy
java-mcqs-java-io-byte-streams,3,Java,medium
java-mcqs-java-io-byte-streams,4,Java,hard
java-mcqs-java-io-byte-streams,5,Java,hard
java-mcqs-java-io-byte-streams,6,Java,hard
java-mcqs-java-io-byte-streams,7,Java,hard
java-mcqs-java-io-character-streams,1,Java,medium
java-mcqs-java-io-character-streams,2,Java,easy
java-mcqs-java-io-character-streams,3,Java,medium
java-mcqs-java-io-character-streams,4,Java,medium
java-mcqs-java-io-character-streams,5,Java,medium
java-mcqs-java-io-character-streams,6,Java,hard
java-questions-answers-memory-management,1,Java,hard
java-questions-answers-memory-management,2,Java,easy
java-questions-answers-memory-management,3,Java,easy
java-questions-answers-memory-management,4,Java,easy
java-questions-answers-memory-management,5,Java,easy
java-questions-answers-memory-management,6,Java,hard
java-questions-answers-memory-management,7,Java,easy
java-questions-answers-memory-management,8,Java,easy
java-questions-answers-memory-management,9,Java,easy
java-questions-answers-memory-management,10,Java,easy
java-mcqs-builtin-exceptions,1,Java,hard
java-mcqs-builtin-exceptions,2,Java,hard
java-mcqs-builtin-exceptions,3,Java,hard
java-mcqs-builtin-exceptions,4,Java,hard
java-mcqs-builtin-exceptions,5,Java,easy
java-mcqs-builtin-exceptions,6,Java,hard
java-mcqs-rounding-functions,1,Java,easy
java-mcqs-rounding-functions,2,Java,medium
java-mcqs-rounding-functions,3,Java,medium
java-mcqs-rounding-functions,4,Java,easy
java-mcqs-rounding-functions,5,Java,hard
java-mcqs-byte-and-short-wrappers,1,Java,medium
java-mcqs-byte-and-short-wrappers,2,Java,hard
java-mcqs-byte-and-short-wrappers,3,Java,easy
java-mcqs-byte-and-short-wrappers,4,Java,easy
java-mcqs-byte-and-short-wrappers,5,Java,hard
java-mcqs-character-wrappers-advance,1,Java,medium
java-mcqs-character-wrappers-advance,2,Java,easy
java-mcqs-character-wrappers-advance,3,Java,easy
java-mcqs-character-wrappers-advance,4,Java,medium
java-mcqs-character-wrappers-advance,5,Java,easy
java-mcqs-character-wrappers-advance,6,Java,hard
java-mcqs-boolean-wrappers-advance,1,Java,easy
java-mcqs-boolean-wrappers-advance,2,Java,easy
java-mcqs-boolean-wrappers-advance,3,Java,easy
java-mcqs-boolean-wrappers-advance,4,Java,medium
java-mcqs-boolean-wrappers-advance,6,Java,hard
java-mcqs-math-method-and-strict-math-class,1,Java,easy
java-mcqs-math-method-and-strict-math-class,2,Java,easy
java-mcqs-math-method-and-strict-math-class,3,Java,easy
java-mcqs-math-method-and-strict-math-class,4,Java,easy
java-mcqs-math-method-and-strict-math-class,5,Java,medium
java-mcqs-math-method-and-strict-math-class,6,Java,medium
java-mcqs-math-method-and-strict-math-class,7,Java,hard
java-mcqs-runtime-and-classloader-classes,1,Java,easy
java-mcqs-runtime-and-classloader-classes,2,Java,hard
java-mcqs-runtime-and-classloader-classes,3,Java,medium
java-mcqs-runtime-and-classloader-classes,4,Java,medium
java-mcqs-runtime-and-classloader-classes,5,Java,hard
java-mcqs-java-lang-class,1,Java,easy
java-mcqs-java-lang-class,2,Java,easy
java-mcqs-java-lang-class,3,Java,easy
java-mcqs-java-lang-class,4,Java,easy
java-mcqs-java-lang-class,5,Java,hard
java-questions-answers-online-test,1,Java,medium
java-questions-answers-online-test,2,Java,easy
java-questions-answers-online-test,3,Java,easy
java-questions-answers-online-test,4,Java,medium
java-questions-answers-online-test,5,Java,hard
java-questions-answers-environment-properties,1,Java,easy
java-questions-answers-environment-properties,2,Java,hard
java-questions-answers-environment-properties,3,Java,easy
java-questions-answers-environment-properties,4,Java,easy
java-questions-answers-environment-properties,5,Java,hard
java-questions-answers-environment-properties,6,Java,hard
java-questions-answers-environment-properties,7,Java,easy
java-mcqs-serialization,1,Java,medium
java-mcqs-serialization,2,Java,medium
java-mcqs-serialization,3,Java,easy
java-mcqs-serialization,4,Java,medium
java-mcqs-serialization,5,Java,hard
java-mcqs-serialization,6,Java,hard
java-mcqs-serialization,7,Java,hard
java-questions-answers-serialization,1,Java,medium
java-questions-answers-serialization,2,Java,medium
java-questions-answers-serialization,3,Java,medium
java-questions-answers-serialization,4,Java,easy
java-questions-answers-serialization,5,Java,medium
java-questions-answers-serialization,6,Java,medium
java-questions-answers-serialization,7,Java,medium
java-questions-answers-serialization,8,Java,hard
java-questions-answers-serialization,9,Java,hard
java-questions-answers-serialization,10,Java,easy
java-mcqs-serialization-deserialization,1,Java,medium
java-mcqs-serialization-deserialization,2,Java,easy
java-mcqs-serialization-deserialization,3,Java,easy
java-mcqs-serialization-deserialization,4,Java,medium
java-mcqs-serialization-deserialization,5,Java,easy
java-mcqs-serialization-deserialization,6,Java,hard
java-mcqs-networking-basics,1,Java,easy
java-mcqs-networking-basics,2,Java,medium
java-mcqs-networking-basics,3,Java,easy
java-mcqs-networking-basics,4,Java,easy
java-mcqs-networking-basics,5,Java,easy
java-mcqs-networking-basics,6,Java,easy
java-mcqs-networking-basics,7,Java,hard
java-basic-questions-answers,1,Java,medium
java-basic-questions-answers,2,Java,easy
java-basic-questions-answers,3,Java,easy
java-basic-questions-answers,4,Java,medium
java-basic-questions-answers,5,Java,hard
java-mcqs-url-class,1,Java,easy
java-mcqs-url-class,2,Java,medium
java-mcqs-url-class,3,Java,easy
java-mcqs-url-class,4,Java,medium
java-mcqs-url-class,5,Java,medium
java-mcqs-url-class,6,Java,hard
java-mcqs-http-response-urlconnection-class,1,Java,medium
java-mcqs-http-response-urlconnection-class,2,Java,medium
java-mcqs-http-response-urlconnection-class,3,Java,medium
java-mcqs-http-response-urlconnection-class,4,Java,medium
java-mcqs-http-response-urlconnection-class,5,Java,medium
java-mcqs-java-util-arraylist-class,1,Java,easy
java-mcqs-java-util-arraylist-class,2,Java,medium
java-mcqs-java-util-arraylist-class,3,Java,medium
java-mcqs-java-util-arraylist-class,4,Java,medium
java-mcqs-java-util-arraylist-class,5,Java,medium
java-mcqs-java-util-arraylist-class,6,Java,medium
java-mcqs-java-util-arraylist-class,7,Java,hard
java-questions-answers-online-quiz,1,Java,easy
java-questions-answers-online-quiz,2,Java,easy
java-questions-answers-online-quiz,3,Java,medium
java-questions-answers-online-quiz,4,Java,medium
java-questions-answers-online-quiz,5,Java,medium
java-questions-answers-online-quiz,6,Java,medium
java-questions-answers-online-quiz,7,Java,hard
java-mcqs-java-util-maps,1,Java,easy
java-mcqs-java-util-maps,2,Java,easy
java-mcqs-java-util-maps,3,Java,medium
java-mcqs-java-util-maps,4,Java,medium
java-mcqs-java-util-maps,5,Java,medium
java-mcqs-java-util-maps,6,Java,medium
java-mcqs-java-util-maps,7,Java,hard
java-mcqs-java-util-vectors-stacks,1,Java,easy
java-mcqs-java-util-vectors-stacks,2,Java,easy
java-mcqs-java-util-vectors-stacks,3,Java,easy
java-mcqs-java-util-vectors-stacks,4,Java,medium
java-mcqs-java-util-vectors-stacks,5,Java,medium
java-mcqs-java-util-vectors-stacks,6,Java,hard
java-problems,1,Java,easy
java-problems,2,Java,easy
java-problems,3,Java,medium
java-problems,5,Java,medium
java-problems,6,Java,hard
java-mcqs-java-util-bitset-date-class,1,Java,medium
java-mcqs-java-util-bitset-date-class,2,Java,medium
java-mcqs-remote-method-invocation,1,Java,hard
java-mcqs-remote-method-invocation,2,Java,easy
java-mcqs-remote-method-invocation,3,Java,easy
java-mcqs-remote-method-invocation,4,Java,medium
java-mcqs-remote-method-invocation,5,Java,medium
java-mcqs-remote-method-invocation,6,Java,medium
java-mcqs-remote-method-invocation,7,Java,hard
java-mcqs-collection-framework-overview,1,Java,easy
java-mcqs-collection-framework-overview,2,Java,medium
java-mcqs-collection-framework-overview,3,Java,hard
java-mcqs-collection-framework-overview,4,Java,easy
java-mcqs-collection-framework-overview,5,Java,easy
java-mcqs-collection-framework-overview,6,Java,hard
java-mcqs-iterators,1,Java,easy
java-mcqs-iterators,2,Java,medium
java-mcqs-iterators,3,Java,medium
java-mcqs-iterators,4,Java,easy
java-mcqs-iterators,5,Java,medium
java-mcqs-iterators,6,Java,medium
java-mcqs-iterators,7,Java,hard
java-multiple-choice-questions-answers,1,Java,medium
java-multiple-choice-questions-answers,2,Java,easy
java-multiple-choice-questions-answers,3,Java,easy
java-multiple-choice-questions-answers,4,Java,hard
java-multiple-choice-questions-answers,5,Java,medium
java-multiple-choice-questions-answers,6,Java,hard
java-multiple-choice-questions-answers,7,Java,medium
java-multiple-choice-questions-answers,8,Java,easy
java-multiple-choice-questions-answers,9,Java,medium
java-multiple-choice-questions-answers,10,Java,hard
java-mcqs-java-util-array-class,1,Java,hard
java-mcqs-collection-interface,1,Java,easy
java-mcqs-collection-interface,2,Java,easy
java-mcqs-collection-interface,3,Java,easy
java-mcqs-collection-interface,4,Java,easy
java-mcqs-collection-interface,5,Java,easy
java-mcqs-collection-algorithms,1,Java,hard
java-mcqs-collection-algorithms,2,Java,medium
java-mcqs-collection-algorithms,3,Java,easy
java-mcqs-collection-algorithms,4,Java,easy
java-mcqs-collection-algorithms,5,Java,medium
java-mcqs-collection-algorithms,6,Java,hard
java-mcqs-exceptional-handling-basics,1,Java,hard
java-mcqs-exceptional-handling-basics,2,Java,medium
java-mcqs-exceptional-handling-basics,3,Java,medium
java-mcqs-exceptional-handling-basics,4,Java,hard
java-mcqs-exceptional-handling-basics,5,Java,medium
java-mcqs-exceptional-handling-basics,6,Java,hard
java-questions-answers-experienced,1,Java,hard
java-questions-answers-experienced,2,Java,hard
java-questions-answers-experienced,3,Java,hard
java-questions-answers-experienced,4,Java,hard
java-questions-answers-experienced,5,Java,hard
java-questions-answers-experienced,6,Java,hard
java-questions-answers-experienced,7,Java,medium
java-questions-answers-experienced,8,Java,hard
java-questions-answers-experienced,9,Java,easy
java-mcqs-exception-types,1,Java,medium
java-mcqs-exception-types,2,Java,hard
java-mcqs-exception-types,3,Java,hard
java-mcqs-exception-types,4,Java,hard
java-mcqs-exception-types,5,Java,medium
java-mcqs-exception-types,6,Java,hard
java-mcqs-throw-throws-nested-try,1,Java,medium
java-mcqs-throw-throws-nested-try,2,Java,hard
java-mcqs-throw-throws-nested-try,3,Java,hard
java-mcqs-throw-throws-nested-try,4,Java,hard
java-mcqs-throw-throws-nested-try,5,Java,hard
java-mcqs-throw-throws-nested-try,6,Java,hard
java-mcqs-finally-built-in-exceptions,1,Java,hard
java-mcqs-finally-built-in-exceptions,2,Java,medium
java-mcqs-finally-built-in-exceptions,3,Java,medium
java-mcqs-finally-built-in-exceptions,4,Java,hard
java-mcqs-finally-built-in-exceptions,5,Java,hard
java-mcqs-try-and-catch,1,Java,medium
java-mcqs-try-and-catch,2,Java,hard
java-mcqs-try-and-catch,3,Java,hard
java-mcqs-try-and-catch,4,Java,medium
java-mcqs-try-and-catch,6,Java,hard
java-mcqs-creating-exceptions,1,Java,easy
java-mcqs-creating-exceptions,2,Java,medium
java-mcqs-creating-exceptions,3,Java,easy
java-mcqs-creating-exceptions,4,Java,medium
java-mcqs-creating-exceptions,6,Java,hard
java-assessment-questions-answers,1,Java,medium
java-assessment-questions-answers,2,Java,hard
java-assessment-questions-answers,3,Java,easy
java-assessment-questions-answers,4,Java,easy
java-assessment-questions-answers,5,Java,medium
java-assessment-questions-answers,6,Java,hard
java-assessment-questions-answers,7,Java,hard
java-questions-answers-mcqs,1,Java,easy
java-questions-answers-mcqs,2,Java,easy
java-mcqs-thread-class,1,Java,medium
java-mcqs-thread-class,3,Java,easy
java-mcqs-thread-class,4,Java,hard
java-mcqs-multithreading-basics,1,Java,hard
java-mcqs-multithreading-basics,2,Java,easy
java-mcqs-multithreading-basics,3,Java,easy
java-mcqs-multithreading-basics,4,Java,hard
java-questions-answers-quiz,1,Java,easy
java-questions-answers-quiz,2,Java,medium
java-questions-answers-quiz,3,Java,easy
java-questions-answers-quiz,4,Java,hard
java-questions-answers-quiz,5,Java,hard
java-questions-answers-quiz,6,Java,hard
java-questions-answers-quiz,7,Java,medium
java-questions-answers-quiz,8,Java,hard
java-questions-answers-quiz,9,Java,hard
java-questions-answers-quiz,10,Java,hard
java-mcqs-creating-threads,1,Java,hard
java-mcqs-creating-threads,2,Java,easy
java-mcqs-creating-threads,3,Java,medium
java-mcqs-creating-threads,4,Java,easy
java-mcqs-creating-threads,5,Java,easy
java-mcqs-creating-threads,7,Java,hard
java-mcqs-input-output-basics,1,Java,easy
java-mcqs-input-output-basics,2,Java,hard
java-mcqs-input-output-basics,3,Java,easy
java-mcqs-input-output-basics,4,Java,easy
java-mcqs-input-output-basics,5,Java,hard
java-mcqs-input-output-basics,6,Java,easy
java-mcqs-input-output-basics,7,Java,hard
java-mcqs-reading-console-input,1,Java,medium
java-mcqs-reading-console-input,2,Java,easy
java-mcqs-reading-console-input,3,Java,medium
java-mcqs-writing-console-output,1,Java,easy
java-mcqs-writing-console-output,2,Java,hard
java-mcqs-writing-console-output,4,Java,easy
java-mcqs-writing-console-output,5,Java,hard
java-mcqs-reading-writing-files,1,Java,easy
java-mcqs-reading-writing-files,2,Java,hard
java-mcqs-reading-writing-files,4,Java,medium
java-mcqs-reading-writing-files,5,Java,medium
java-mcqs-reading-writing-files,6,Java,easy
java-mcqs-applets-fundamentals,1,Java,hard
java-mcqs-applets-fundamentals,2,Java,hard
java-mcqs-applets-fundamentals,3,Java,easy
java-mcqs-applets-fundamentals,4,Java,medium
java-mcqs-applets-fundamentals,5,Java,medium
java-mcqs-applets-fundamentals,6,Java,hard
java-mcqs-applets-fundamentals,8,Java,hard
java-mcqs-text-formatting,1,Java,medium
java-mcqs-text-formatting,2,Java,easy
java-mcqs-text-formatting,3,Java,medium
java-mcqs-text-formatting,4,Java,easy
java-mcqs-text-formatting,5,Java,medium
java-mcqs-text-formatting,6,Java,medium
java-mcqs-text-formatting,7,Java,hard
java-questions-answers-regular-expression,1,Java,hard
java-questions-answers-regular-expression,2,Java,medium
java-questions-answers-regular-expression,3,Java,easy
java-questions-answers-regular-expression,4,Java,easy
java-questions-answers-regular-expression,5,Java,easy
java-questions-answers-regular-expression,6,Java,hard
java-questions-answers-regular-expression,7,Java,hard
java-questions-answers-regular-expression,8,Java,medium
java-questions-answers-regular-expression,9,Java,hard
java-questions-answers-regular-expression,10,Java,medium
java-mcqs-event-handling-basics,1,Java,medium
java-mcqs-event-handling-basics,2,Java,hard
java-mcqs-event-handling-basics,3,Java,easy
java-mcqs-event-handling-basics,4,Java,easy
java-mcqs-event-handling-basics,5,Java,hard
java-mcqs-event-handling-basics,6,Java,easy
java-mcqs-event-handling-basics,7,Java,easy
java-mcqs-event-handling-basics,8,Java,easy
java-mcqs-event-handling-basics,9,Java,medium
java-mcqs-event-handling-basics,10,Java,medium
java-mcqs-actionevent-adjustmentevent-class,1,Java,easy
java-mcqs-actionevent-adjustmentevent-class,2,Java,medium
java-mcqs-actionevent-adjustmentevent-class,3,Java,easy
java-mcqs-actionevent-adjustmentevent-class,4,Java,easy
java-mcqs-actionevent-adjustmentevent-class,5,Java,easy
java-mcqs-actionevent-adjustmentevent-class,6,Java,medium
java-mcqs-actionevent-adjustmentevent-class,7,Java,medium
java-mcqs-actionevent-adjustmentevent-class,8,Java,medium
java-mcqs-componentevent-containerevent-focusevent-class,1,Java,medium
java-mcqs-componentevent-containerevent-focusevent-class,2,Java,easy
java-mcqs-componentevent-containerevent-focusevent-class,3,Java,medium
java-mcqs-componentevent-containerevent-focusevent-class,4,Java,medium
java-mcqs-componentevent-containerevent-focusevent-class,5,Java,easy
java-mcqs-componentevent-containerevent-focusevent-class,6,Java,easy
java-mcqs-componentevent-containerevent-focusevent-class,7,Java,easy
java-mcqs-componentevent-containerevent-focusevent-class,8,Java,medium
java-mcqs-componentevent-containerevent-focusevent-class,9,Java,easy
java-questions-answers-aptitude-test,1,Java,easy
java-questions-answers-aptitude-test,2,Java,medium
java-questions-answers-aptitude-test,3,Java,easy
java-questions-answers-aptitude-test,4,Java,easy
java-questions-answers-aptitude-test,5,Java,medium
java-questions-answers-aptitude-test,6,Java,easy
java-questions-answers-aptitude-test,7,Java,easy
java-questions-answers-aptitude-test,8,Java,easy
java-questions-answers-aptitude-test,9,Java,easy
java-mcqs-event-listeners-interfaces,1,Java,easy
java-mcqs-event-listeners-interfaces,2,Java,medium
java-mcqs-event-listeners-interfaces,3,Java,easy
java-mcqs-event-listeners-interfaces,4,Java,easy
java-mcqs-event-listeners-interfaces,5,Java,easy
java-mcqs-event-listeners-interfaces,6,Java,medium
java-mcqs-event-listeners-interfaces,7,Java,easy
java-mcqs-event-listeners-interfaces,8,Java,easy
java-mcqs-event-listeners-interfaces,9,Java,easy
java-questions-answers-random-number,1,Java,easy
java-questions-answers-random-number,2,Java,easy
java-questions-answers-random-number,3,Java,easy
java-questions-answers-random-number,4,Java,easy
java-questions-answers-random-number,5,Java,medium
java-questions-answers-random-number,6,Java,easy
java-questions-answers-random-number,7,Java,hard
java-questions-answers-random-number,9,Java,easy
java-questions-answers-random-number,10,Java,medium
java-mcqs-random-and-local-classes,1,Java,easy
java-mcqs-random-and-local-classes,2,Java,medium
java-mcqs-random-and-local-classes,3,Java,easy
java-mcqs-random-and-local-classes,4,Java,medium
java-mcqs-random-and-local-classes,5,Java,hard
java-mcqs-random-and-local-classes,6,Java,hard
java-mcqs-timer-and-observable-classes,1,Java,hard
java-mcqs-timer-and-observable-classes,2,Java,hard
java-mcqs-timer-and-observable-classes,3,Java,easy
java-mcqs-timer-and-observable-classes,4,Java,easy
java-mcqs-packages,1,Java,easy
java-mcqs-packages,2,Java,medium
java-mcqs-packages,3,Java,medium
java-mcqs-packages,4,Java,medium
java-mcqs-packages,5,Java,hard
java-mcqs-packages,6,Java,hard
java-mcqs-packages,7,Java,hard
java-mcqs-packages,8,Java,hard
java-mcqs-interfaces,1,Java,easy
java-mcqs-interfaces,2,Java,medium
java-mcqs-interfaces,3,Java,easy
java-mcqs-interfaces,4,Java,easy
java-mcqs-interfaces,5,Java,hard
java-interview-questions-answers-experienced,2,Java,hard
java-mcqs-core-java-api-packages,1,Java,easy
java-mcqs-core-java-api-packages,2,Java,medium
java-mcqs-core-java-api-packages,3,Java,medium
java-mcqs-core-java-api-packages,4,Java,medium
java-mcqs-core-java-api-packages,5,Java,easy
java-mcqs-type-interface,1,Java,hard
java-mcqs-type-interface,2,Java,medium
java-mcqs-type-interface,4,Java,medium
java-mcqs-type-interface,5,Java,hard
java-mcqs-type-interface,6,Java,hard
java-mcqs-type-interface,7,Java,hard
java-questions-answers-junits,1,Java,easy
java-questions-answers-junits,2,Java,hard
java-questions-answers-junits,3,Java,medium
java-questions-answers-junits,4,Java,medium
java-questions-answers-junits,5,Java,easy
java-questions-answers-junits,6,Java,easy
java-questions-answers-junits,7,Java,medium
java-questions-answers-junits,8,Java,easy
java-questions-answers-junits,9,Java,easy
java-questions-answers-java8-features,1,Java,hard
java-questions-answers-java8-features,2,Java,medium
java-questions-answers-java8-features,3,Java,easy
java-questions-answers-java8-features,4,Java,medium
java-questions-answers-file-directory,1,Java,medium
java-questions-answers-file-directory,2,Java,easy
java-questions-answers-file-directory,3,Java,easy
java-questions-answers-file-directory,4,Java,medium
java-questions-answers-file-directory,5,Java,easy
java-questions-answers-file-directory,6,Java,easy
java-questions-answers-file-directory,7,Java,easy
java-questions-answers-file-directory,8,Java,easy
java-questions-answers-file-directory,9,Java,medium
java-questions-answers-file-directory,10,Java,medium
java-questions-answers-hibernate,1,Java,hard
java-questions-answers-hibernate,2,Java,easy
java-questions-answers-hibernate,3,Java,medium
java-questions-answers-hibernate,4,Java,medium
java-questions-answers-hibernate,5,Java,hard
java-questions-answers-hibernate,6,Java,hard
java-questions-answers-hibernate,7,Java,hard
java-questions-answers-hibernate,8,Java,hard
java-questions-answers-hibernate,9,Java,easy
java-questions-answers-hibernate,10,Java,hard
java-questions-answers-campus-interviews,1,Java,medium
java-questions-answers-campus-interviews,2,Java,hard
java-questions-answers-campus-interviews,3,Java,hard
java-questions-answers-campus-interviews,4,Java,hard
java-questions-answers-test,2,Java,easy
java-questions-answers-test,3,Java,medium
java-questions-answers-test,4,Java,hard
java-questions-answers-test,5,Java,medium
java-questions-answers-test,6,Java,hard
java-questions-answers-test,7,Java,hard
java-questions-answers-test,8,Java,hard
java-questions-answers-test,9,Java,hard
java-questions-answers-test,10,Java,medium
java-mcqs-generics,1,Java,hard
java-mcqs-generics-methods,1,Java,medium
java-mcqs-generics-methods,3,Java,medium
java-mcqs-generics-methods,5,Java,hard
java-mcqs-rsetrictions-on-generics,1,Java,hard
java-mcqs-rsetrictions-on-generics,2,Java,medium
java-mcqs-rsetrictions-on-generics,3,Java,medium
java-mcqs-rsetrictions-on-generics,5,Java,hard
java-mcqs-wildcards,1,Java,easy
java-mcqs-wildcards,2,Java,medium
java-mcqs-wildcards,3,Java,easy
java-mcqs-wildcards,4,Java,medium
java-mcqs-wildcards,5,Java,hard
java-mcqs-wildcards,6,Java,hard
advanced-java-questions-answers-java-beans,1,Java,hard
advanced-java-questions-answers-java-beans,2,Java,hard
advanced-java-questions-answers-java-beans,3,Java,easy
advanced-java-questions-answers-java-beans,4,Java,hard
advanced-java-questions-answers-java-beans,5,Java,easy
advanced-java-questions-answers-java-beans,6,Java,hard
advanced-java-questions-answers-java-beans,7,Java,medium
advanced-java-questions-answers-java-beans,8,Java,easy
advanced-java-questions-answers-jdbc,1,Java,hard
advanced-java-questions-answers-jdbc,2,Java,hard
advanced-java-questions-answers-jdbc,3,Java,hard
advanced-java-questions-answers-jdbc,4,Java,easy
advanced-java-questions-answers-jdbc,5,Java,hard
advanced-java-questions-answers-jdbc,6,Java,hard
advanced-java-questions-answers-jdbc,7,Java,hard
advanced-java-questions-answers-jdbc,8,Java,hard
advanced-java-questions-answers-jdbc,9,Java,hard
advanced-java-questions-answers-jdbc,10,Java,hard
advanced-java-questions-answers-design-patterns,1,Java,medium
advanced-java-questions-answers-design-patterns,2,Java,hard
advanced-java-questions-answers-design-patterns,3,Java,hard
advanced-java-questions-answers-design-patterns,4,Java,medium
advanced-java-questions-answers-design-patterns,5,Java,medium
advanced-java-questions-answers-design-patterns,6,Java,medium
advanced-java-questions-answers-design-patterns,7,Java,medium
advanced-java-questions-answers-design-patterns,8,Java,easy
advanced-java-questions-answers-design-patterns,9,Java,easy
advanced-java-questions-answers-design-patterns,10,Java,medium
advanced-java-questions-answers-debugging-eclipse,1,Java,medium
advanced-java-questions-answers-debugging-eclipse,2,Java,hard
advanced-java-questions-answers-debugging-eclipse,3,Java,easy
advanced-java-questions-answers-debugging-eclipse,4,Java,medium
advanced-java-questions-answers-debugging-eclipse,5,Java,easy
advanced-java-questions-answers-debugging-eclipse,6,Java,easy
advanced-java-questions-answers-debugging-eclipse,7,Java,hard
advanced-java-questions-answers-web-application,1,Java,easy
advanced-java-questions-answers-web-application,2,Java,hard
advanced-java-questions-answers-web-application,3,Java,easy
advanced-java-questions-answers-web-application,4,Java,easy
advanced-java-questions-answers-web-application,5,Java,easy
advanced-java-questions-answers-web-application,6,Java,medium
advanced-java-questions-answers-web-application,7,Java,medium
advanced-java-questions-answers-web-application,8,Java,easy
advanced-java-questions-answers-web-application,9,Java,easy
advanced-java-questions-answers-web-application,10,Java,easy
advanced-java-questions-answers-client-server,1,Java,easy
advanced-java-questions-answers-client-server,2,Java,easy
advanced-java-questions-answers-client-server,3,Java,easy
advanced-java-questions-answers-client-server,4,Java,hard
advanced-java-questions-answers-client-server,5,Java,medium
advanced-java-questions-answers-client-server,6,Java,easy
advanced-java-questions-answers-client-server,7,Java,easy
advanced-java-questions-answers-client-server,8,Java,medium
advanced-java-questions-answers-client-server,9,Java,hard
advanced-java-questions-answers-client-server,10,Java,easy
advanced-java-questions-answers-servlet,1,Java,easy
advanced-java-questions-answers-servlet,2,Java,easy
advanced-java-questions-answers-servlet,3,Java,hard
advanced-java-questions-answers-servlet,4,Java,hard
advanced-java-questions-answers-servlet,5,Java,medium
advanced-java-questions-answers-servlet,6,Java,hard
advanced-java-questions-answers-servlet,7,Java,hard
advanced-java-questions-answers-servlet,8,Java,hard
advanced-java-questions-answers-servlet,9,Java,medium
advanced-java-questions-answers-servlet,10,Java,hard
advanced-java-questions-answers-session-management,1,Java,hard
advanced-java-questions-answers-session-management,2,Java,medium
advanced-java-questions-answers-session-management,3,Java,hard
advanced-java-questions-answers-session-management,4,Java,hard
advanced-java-questions-answers-session-management,5,Java,hard
advanced-java-questions-answers-session-management,6,Java,easy
advanced-java-questions-answers-session-management,7,Java,easy
advanced-java-questions-answers-session-management,8,Java,easy
advanced-java-questions-answers-session-management,9,Java,hard
advanced-java-questions-answers-session-management,10,Java,easy
advanced-java-questions-answers-jsp,1,Java,easy
advanced-java-questions-answers-jsp,2,Java,medium
advanced-java-questions-answers-jsp,3,Java,easy
advanced-java-questions-answers-jsp,4,Java,medium
advanced-java-questions-answers-jsp,5,Java,hard
advanced-java-questions-answers-jsp,6,Java,easy
advanced-java-questions-answers-jsp,7,Java,medium
advanced-java-questions-answers-jsp,8,Java,easy
advanced-java-questions-answers-jsp,9,Java,medium
advanced-java-questions-answers-jsp,10,Java,easy
advanced-java-questions-answers-jsp-elements,1,Java,easy
advanced-java-questions-answers-jsp-elements,2,Java,hard
advanced-java-questions-answers-jsp-elements,3,Java,easy
advanced-java-questions-answers-jsp-elements,4,Java,medium
advanced-java-questions-answers-jsp-elements,5,Java,easy
advanced-java-questions-answers-jsp-elements,6,Java,easy
advanced-java-questions-answers-jsp-elements,7,Java,easy
advanced-java-questions-answers-jsp-elements,8,Java,easy
advanced-java-questions-answers-jsp-elements,9,Java,easy
advanced-java-questions-answers-reflection-api,1,Java,medium
advanced-java-questions-answers-reflection-api,2,Java,hard
advanced-java-questions-answers-reflection-api,3,Java,hard
advanced-java-questions-answers-reflection-api,4,Java,easy
advanced-java-questions-answers-reflection-api,5,Java,easy
advanced-java-questions-answers-reflection-api,6,Java,easy
advanced-java-questions-answers-reflection-api,7,Java,easy
advanced-java-questions-answers-reflection-api,8,Java,medium
advanced-java-questions-answers-reflection-api,9,Java,medium
advanced-java-questions-answers-reflection-api,10,Java,medium
advanced-java-questions-answers-autocloseable-closeable-flushable-interfaces,1,Java,easy
advanced-java-questions-answers-autocloseable-closeable-flushable-interfaces,2,Java,medium
advanced-java-questions-answers-autocloseable-closeable-flushable-interfaces,3,Java,easy
advanced-java-questions-answers-autocloseable-closeable-flushable-interfaces,4,Java,hard
advanced-java-questions-answers-autocloseable-closeable-flushable-interfaces,5,Java,hard
advanced-java-questions-answers-autocloseable-closeable-flushable-interfaces,6,Java,medium
advanced-java-questions-answers-autocloseable-closeable-flushable-interfaces,7,Java,medium
advanced-java-questions-answers-autocloseable-closeable-flushable-interfaces,8,Java,easy
advanced-java-questions-answers-autocloseable-closeable-flushable-interfaces,9,Java,easy
advanced-java-questions-answers-autocloseable-closeable-flushable-interfaces,10,Java,medium
advanced-java-questions-answers-application-lifecycle-ant-maven-jenkins,1,Java,medium
advanced-java-questions-answers-application-lifecycle-ant-maven-jenkins,2,Java,hard
advanced-java-questions-answers-application-lifecycle-ant-maven-jenkins,3,Java,easy
advanced-java-questions-answers-application-lifecycle-ant-maven-jenkins,4,Java,easy
advanced-java-questions-answers-application-lifecycle-ant-maven-jenkins,5,Java,easy
advanced-java-questions-answers-application-lifecycle-ant-maven-jenkins,6,Java,easy
advanced-java-questions-answers-application-lifecycle-ant-maven-jenkins,7,Java,easy
advanced-java-questions-answers-application-lifecycle-ant-maven-jenkins,8,Java,easy
advanced-java-questions-answers-application-lifecycle-ant-maven-jenkins,9,Java,hard
advanced-java-questions-answers-application-lifecycle-ant-maven-jenkins,10,Java,easy
advanced-java-questions-answers-annotations,1,Java,medium
advanced-java-questions-answers-annotations,2,Java,hard
advanced-java-questions-answers-annotations,3,Java,medium
advanced-java-questions-answers-annotations,4,Java,medium
advanced-java-questions-answers-annotations,5,Java,medium
advanced-java-questions-answers-annotations,6,Java,hard
advanced-java-questions-answers-annotations,7,Java,hard
advanced-java-questions-answers-annotations,8,Java,medium
advanced-java-questions-answers-annotations,9,Java,hard
advanced-java-questions-answers-annotations,10,Java,medium
javascript-questions-answers,1,Java,medium
javascript-questions-answers,2,Java,easy
javascript-mcqs-webpagetest-api,1,Java,easy
javascript-mcqs-webpagetest-api,2,Java,medium
javascript-mcqs-webpagetest-api,3,Java,medium
javascript-mcqs-webpagetest-api,4,Java,medium
javascript-mcqs-webpagetest-api,5,Java,medium
javascript-mcqs-parsing-values-i,1,Java,medium
javascript-mcqs-parsing-values-i,2,Java,medium
javascript-mcqs-parsing-values-i,3,Java,medium
javascript-mcqs-parsing-values-i,4,Java,easy
javascript-mcqs-parsing-values-i,5,Java,medium
javascript-mcqs-parsing-values-i,6,Java,hard
javascript-mcqs-parsing-values-i,7,Java,medium
javascript-mcqs-functional-programming,1,Java,hard
javascript-mcqs-functional-programming,2,Java,medium
javascript-mcqs-functional-programming,3,Java,medium
javascript-mcqs-functional-programming,4,Java,hard
javascript-mcqs-functional-programming,5,Java,medium
javascript-mcqs-functional-programming,6,Java,easy
javascript-mcqs-functional-programming,7,Java,medium
javascript-mcqs-functional-programming,8,Java,hard
javascript-mcqs-functional-programming,9,Java,medium
javascript-mcqs-functional-programming,10,Java,hard
javascript-mcqs-functional-programming,11,Java,hard
javascript-mcqs-functional-programming,12,Java,hard
javascript-mcqs-functional-programming,13,Java,hard
javascript-mcqs-functional-programming,14,Java,hard
javascript-mcqs-functional-programming,15,Java,hard
javascript-mcqs-functional-programming,16,Java,hard
javascript-mcqs-web-browsers-i,1,Java,easy
javascript-mcqs-web-browsers-i,2,Java,medium
javascript-mcqs-web-browsers-i,3,Java,easy
javascript-mcqs-web-browsers-i,4,Java,medium
javascript-mcqs-web-browsers-i,5,Java,medium
javascript-mcqs-web-browsers-i,6,Java,medium
javascript-mcqs-web-browsers-i,7,Java,medium
javascript-mcqs-web-browsers-i,8,Java,medium
javascript-mcqs-web-browsers-i,9,Java,easy
javascript-mcqs-web-browsers-i,10,Java,medium
javascript-interview-questions-answers,1,Java,medium
javascript-interview-questions-answers,2,Java,medium
javascript-interview-questions-answers,3,Java,hard
javascript-interview-questions-answers,4,Java,medium
javascript-interview-questions-answers,5,Java,medium
javascript-interview-questions-answers,6,Java,hard
javascript-interview-questions-answers,7,Java,medium
javascript-interview-questions-answers,8,Java,hard
javascript-interview-questions-answers,9,Java,hard
javascript-interview-questions-answers,10,Java,medium
javascript-questions-answers-mcqs,1,Java,easy
javascript-questions-answers-mcqs,2,Java,hard
javascript-questions-answers-mcqs,4,Java,easy
javascript-questions-answers-mcqs,5,Java,medium
javascript-questions-answers-mcqs,6,Java,hard
javascript-questions-answers-mcqs,7,Java,easy
javascript-questions-answers-mcqs,8,Java,easy
javascript-questions-answers-mcqs,9,Java,hard
javascript-questions-answers-mcqs,10,Java,easy
javascript-mcqs-minification-i,1,Java,medium
javascript-mcqs-minification-i,2,Java,easy
javascript-mcqs-minification-i,3,Java,easy
javascript-mcqs-minification-i,4,Java,easy
javascript-mcqs-minification-i,5,Java,easy
javascript-mcqs-minification-i,6,Java,easy
javascript-mcqs-minification-i,7,Java,hard
javascript-mcqs-minification-i,8,Java,easy
javascript-mcqs-minification-i,9,Java,easy
javascript-mcqs-minification-i,10,Java,easy
javascript-mcqs-graphics,1,Java,medium
javascript-mcqs-graphics,2,Java,easy
javascript-mcqs-graphics,3,Java,easy
javascript-mcqs-graphics,4,Java,easy
javascript-mcqs-graphics,5,Java,easy
javascript-mcqs-graphics,6,Java,easy
javascript-mcqs-graphics,7,Java,medium
javascript-mcqs-graphics,8,Java,hard
javascript-mcqs-graphics,9,Java,hard
javascript-mcqs-graphics,10,Java,easy
javascript-mcqs-lexical-structure,1,Java,medium
javascript-mcqs-lexical-structure,2,Java,medium
javascript-mcqs-lexical-structure,3,Java,medium
javascript-mcqs-lexical-structure,4,Java,medium
javascript-mcqs-lexical-structure,5,Java,medium
javascript-mcqs-lexical-structure,6,Java,medium
javascript-mcqs-lexical-structure,7,Java,easy
javascript-mcqs-lexical-structure,8,Java,medium
javascript-mcqs-lexical-structure,9,Java,hard
javascript-mcqs-lexical-structure,10,Java,medium
javascript-mcqs-lexical-structure,11,Java,hard
javascript-mcqs-lexical-structure,12,Java,hard
javascript-mcqs-lexical-structure,14,Java,hard
javascript-mcqs-lexical-structure,15,Java,hard
javascript-mcqs-types-values-variables,1,Java,easy
javascript-mcqs-types-values-variables,2,Java,easy
javascript-mcqs-types-values-variables,3,Java,easy
javascript-mcqs-types-values-variables,4,Java,medium
javascript-mcqs-types-values-variables,5,Java,medium
javascript-mcqs-types-values-variables,6,Java,hard
javascript-mcqs-types-values-variables,7,Java,easy
javascript-mcqs-types-values-variables,8,Java,hard
javascript-mcqs-types-values-variables,10,Java,hard
javascript-mcqs-types-values-variables,11,Java,hard
javascript-mcqs-types-values-variables,12,Java,hard
javascript-mcqs-types-values-variables,13,Java,hard
javascript-mcqs-types-values-variables,14,Java,hard
javascript-mcqs-types-values-variables,15,Java,hard
javascript-mcqs-expressions-operators,1,Java,hard
javascript-mcqs-expressions-operators,2,Java,easy
javascript-mcqs-expressions-operators,3,Java,medium
javascript-mcqs-expressions-operators,4,Java,hard
javascript-mcqs-expressions-operators,5,Java,medium
javascript-mcqs-expressions-operators,6,Java,easy
javascript-mcqs-expressions-operators,7,Java,hard
javascript-mcqs-expressions-operators,8,Java,easy
javascript-mcqs-expressions-operators,9,Java,hard
javascript-mcqs-expressions-operators,10,Java,hard
javascript-mcqs-expressions-operators,11,Java,hard
javascript-mcqs-expressions-operators,12,Java,hard
javascript-mcqs-expressions-operators,13,Java,hard
javascript-mcqs-expressions-operators,14,Java,hard
javascript-mcqs-expressions-operators,15,Java,hard
javascript-mcqs-expressions-operators,16,Java,hard
javascript-mcqs-expressions-operators,17,Java,hard
javascript-mcqs-statements,1,Java,easy
javascript-mcqs-statements,2,Java,hard
javascript-mcqs-statements,3,Java,easy
javascript-mcqs-statements,4,Java,hard
javascript-mcqs-statements,5,Java,medium
javascript-mcqs-statements,6,Java,medium
javascript-mcqs-statements,7,Java,easy
javascript-mcqs-statements,8,Java,hard
javascript-mcqs-statements,9,Java,hard
javascript-mcqs-statements,10,Java,medium
javascript-mcqs-statements,11,Java,hard
javascript-mcqs-statements,12,Java,hard
javascript-mcqs-statements,14,Java,hard
javascript-mcqs-loops,1,Java,hard
javascript-mcqs-loops,2,Java,medium
javascript-mcqs-loops,3,Java,hard
javascript-mcqs-loops,4,Java,hard
javascript-mcqs-loops,5,Java,hard
javascript-mcqs-loops,6,Java,hard
javascript-mcqs-loops,7,Java,hard
javascript-mcqs-loops,8,Java,hard
javascript-mcqs-loops,9,Java,medium
javascript-mcqs-loops,10,Java,medium
javascript-mcqs-loops,11,Java,hard
javascript-mcqs-loops,12,Java,hard
javascript-mcqs-loops,14,Java,hard
javascript-mcqs-loops,15,Java,hard
javascript-mcqs-object-attributes-serialization,1,Java,medium
javascript-mcqs-object-attributes-serialization,2,Java,medium
javascript-mcqs-array-methods,1,Java,medium
javascript-mcqs-array-methods,2,Java,hard
javascript-mcqs-array-methods,3,Java,hard
javascript-mcqs-array-methods,4,Java,medium
javascript-mcqs-array-methods,5,Java,medium
javascript-mcqs-array-methods,6,Java,hard
javascript-mcqs-array-methods,7,Java,hard
javascript-mcqs-array-methods,8,Java,hard
javascript-mcqs-array-methods,9,Java,medium
javascript-mcqs-array-methods,10,Java,easy
javascript-mcqs-array-methods,11,Java,hard
javascript-mcqs-array-methods,12,Java,hard
javascript-mcqs-array-methods,13,Java,hard
javascript-mcqs-array-methods,15,Java,hard
javascript-mcqs-defining-invoking-functions,1,Java,medium
javascript-mcqs-defining-invoking-functions,2,Java,hard
javascript-mcqs-defining-invoking-functions,3,Java,medium
javascript-mcqs-defining-invoking-functions,4,Java,hard
javascript-mcqs-defining-invoking-functions,5,Java,hard
javascript-mcqs-defining-invoking-functions,6,Java,easy
javascript-mcqs-defining-invoking-functions,7,Java,easy
javascript-mcqs-defining-invoking-functions,8,Java,easy
javascript-mcqs-defining-invoking-functions,9,Java,medium
javascript-mcqs-defining-invoking-functions,10,Java,medium
javascript-mcqs-defining-invoking-functions,11,Java,hard
javascript-mcqs-defining-invoking-functions,12,Java,hard
javascript-mcqs-defining-invoking-functions,13,Java,hard
javascript-mcqs-defining-invoking-functions,14,Java,hard
javascript-mcqs-defining-invoking-functions,15,Java,hard
javascript-mcqs-closures,1,Java,easy
javascript-mcqs-closures,2,Java,medium
javascript-mcqs-closures,3,Java,medium
javascript-mcqs-closures,4,Java,hard
javascript-mcqs-closures,5,Java,hard
javascript-mcqs-closures,6,Java,hard
javascript-mcqs-closures,7,Java,medium
javascript-mcqs-closures,8,Java,easy
javascript-mcqs-closures,9,Java,medium
javascript-mcqs-closures,10,Java,hard
javascript-mcqs-classes,1,Java,easy
javascript-mcqs-classes,2,Java,medium
javascript-mcqs-classes,3,Java,hard
javascript-mcqs-classes,4,Java,medium
javascript-mcqs-classes,5,Java,medium
javascript-mcqs-classes,6,Java,medium
javascript-mcqs-classes,8,Java,medium
javascript-mcqs-classes,9,Java,hard
javascript-mcqs-classes,10,Java,medium
javascript-mcqs-classes,11,Java,hard
javascript-mcqs-classes,12,Java,hard
javascript-mcqs-classes,13,Java,medium
javascript-mcqs-classes,14,Java,hard
javascript-mcqs-classes,15,Java,hard
javascript-mcqs-augmentation-classes,1,Java,medium
javascript-mcqs-augmentation-classes,2,Java,medium
javascript-mcqs-augmentation-classes,3,Java,hard
javascript-mcqs-augmentation-classes,4,Java,medium
javascript-mcqs-augmentation-classes,5,Java,easy
javascript-mcqs-augmentation-classes,6,Java,hard
javascript-mcqs-augmentation-classes,7,Java,hard
javascript-mcqs-augmentation-classes,8,Java,easy
javascript-mcqs-augmentation-classes,9,Java,hard
javascript-mcqs-augmentation-classes,10,Java,easy
javascript-mcqs-augmentation-classes,11,Java,hard
javascript-mcqs-augmentation-classes,12,Java,hard
javascript-mcqs-augmentation-classes,13,Java,hard
javascript-mcqs-augmentation-classes,14,Java,hard
javascript-mcqs-augmentation-classes,15,Java,hard
javascript-mcqs-modules,1,Java,medium
javascript-mcqs-modules,2,Java,easy
javascript-mcqs-modules,3,Java,easy
javascript-mcqs-modules,4,Java,hard
javascript-mcqs-modules,5,Java,easy
javascript-mcqs-modules,6,Java,medium
javascript-mcqs-modules,7,Java,medium
javascript-mcqs-modules,8,Java,medium
javascript-mcqs-modules,9,Java,easy
javascript-mcqs-modules,10,Java,hard
javascript-mcqs-modules,11,Java,hard
javascript-mcqs-modules,12,Java,hard
javascript-mcqs-pattern-matching-regular-expressions,1,Java,easy
javascript-mcqs-pattern-matching-regular-expressions,2,Java,medium
javascript-mcqs-pattern-matching-regular-expressions,3,Java,hard
javascript-mcqs-pattern-matching-regular-expressions,4,Java,medium
javascript-mcqs-pattern-matching-regular-expressions,5,Java,hard
javascript-mcqs-pattern-matching-regular-expressions,6,Java,medium
javascript-mcqs-pattern-matching-regular-expressions,7,Java,medium
javascript-mcqs-pattern-matching-regular-expressions,8,Java,medium
javascript-mcqs-pattern-matching-regular-expressions,9,Java,medium
javascript-mcqs-pattern-matching-regular-expressions,10,Java,hard
javascript-mcqs-pattern-matching-regular-expressions,11,Java,hard
javascript-mcqs-pattern-matching-regular-expressions,13,Java,hard
javascript-mcqs-pattern-matching-regular-expressions,14,Java,hard
javascript-mcqs-pattern-matching-regular-expressions,15,Java,hard
javascript-mcqs-subsets,1,Java,medium
javascript-mcqs-subsets,2,Java,medium
javascript-mcqs-subsets,3,Java,hard
javascript-mcqs-subsets,4,Java,hard
javascript-mcqs-subsets,5,Java,medium
javascript-mcqs-subsets,6,Java,hard
javascript-mcqs-subsets,7,Java,hard
javascript-mcqs-subsets,8,Java,easy
javascript-mcqs-subsets,9,Java,easy
javascript-mcqs-subsets,10,Java,medium
javascript-mcqs-subsets,11,Java,hard
javascript-mcqs-subsets,12,Java,hard
javascript-mcqs-subsets,14,Java,hard
javascript-mcqs-extensions,1,Java,hard
javascript-mcqs-extensions,2,Java,hard
javascript-mcqs-shorthand-catch-clauses,1,Java,hard
javascript-mcqs-shorthand-catch-clauses,2,Java,medium
javascript-mcqs-shorthand-catch-clauses,3,Java,medium
javascript-mcqs-shorthand-catch-clauses,4,Java,medium
javascript-mcqs-shorthand-catch-clauses,5,Java,medium
javascript-mcqs-shorthand-catch-clauses,6,Java,easy
javascript-mcqs-shorthand-catch-clauses,7,Java,easy
javascript-mcqs-shorthand-catch-clauses,8,Java,medium
javascript-mcqs-server-side-programming,1,Java,easy
javascript-mcqs-server-side-programming,2,Java,easy
javascript-mcqs-server-side-programming,3,Java,medium
javascript-mcqs-server-side-programming,4,Java,easy
javascript-mcqs-server-side-programming,5,Java,medium
javascript-mcqs-server-side-programming,6,Java,hard
javascript-mcqs-server-side-programming,7,Java,easy
javascript-mcqs-scripting-java-rhino,1,Java,easy
javascript-mcqs-scripting-java-rhino,2,Java,hard
javascript-mcqs-scripting-java-rhino,3,Java,hard
javascript-mcqs-scripting-java-rhino,4,Java,easy
javascript-mcqs-scripting-java-rhino,5,Java,medium
javascript-mcqs-scripting-java-rhino,6,Java,medium
javascript-mcqs-asynchronous-io-with-rhino,1,Java,easy
javascript-mcqs-asynchronous-io-with-rhino,2,Java,hard
javascript-mcqs-asynchronous-io-with-rhino,3,Java,easy
javascript-mcqs-asynchronous-io-with-rhino,4,Java,easy
javascript-mcqs-asynchronous-io-with-rhino,5,Java,hard
javascript-mcqs-asynchronous-io-with-rhino,6,Java,medium
javascript-mcqs-asynchronous-io-with-rhino,7,Java,hard
javascript-mcqs-asynchronous-io-with-rhino,8,Java,easy
javascript-mcqs-asynchronous-io-with-rhino,9,Java,hard
javascript-mcqs-asynchronous-io-with-rhino,10,Java,easy
javascript-mcqs-client-side-storage,1,Java,hard
javascript-mcqs-client-side-storage,2,Java,medium
javascript-mcqs-client-side-storage,3,Java,easy
javascript-mcqs-client-side-storage,4,Java,easy
javascript-mcqs-client-side-storage,5,Java,medium
javascript-mcqs-client-side-storage,6,Java,easy
javascript-mcqs-client-side-storage,7,Java,easy
javascript-mcqs-client-side-storage,8,Java,easy
javascript-mcqs-client-side-storage,9,Java,easy
javascript-mcqs-client-side-storage,10,Java,easy
javascript-mcqs-client-side-storage,11,Java,hard
javascript-mcqs-client-side-storage,12,Java,hard
javascript-mcqs-client-side-storage,13,Java,hard
javascript-mcqs-client-side-storage,14,Java,hard
javascript-mcqs-client-side-storage,15,Java,hard
javascript-mcqs-embedding-javascript-html,1,Java,hard
javascript-mcqs-client-side-framework,1,Java,medium
javascript-mcqs-client-side-framework,2,Java,hard
javascript-mcqs-client-side-framework,3,Java,hard
javascript-mcqs-client-side-framework,4,Java,easy
javascript-mcqs-client-side-framework,5,Java,easy
javascript-mcqs-client-side-framework,6,Java,medium
javascript-mcqs-client-side-framework,7,Java,easy
javascript-mcqs-client-side-framework,8,Java,hard
javascript-mcqs-client-side-framework,9,Java,hard
javascript-mcqs-client-side-framework,10,Java,easy
javascript-mcqs-document-object-model,1,Java,medium
javascript-mcqs-document-object-model,2,Java,medium
javascript-mcqs-document-object-model,3,Java,hard
javascript-mcqs-document-object-model,4,Java,easy
javascript-mcqs-document-object-model,5,Java,easy
javascript-mcqs-document-object-model,6,Java,easy
javascript-mcqs-document-object-model,7,Java,easy
javascript-mcqs-document-object-model,8,Java,medium
javascript-mcqs-document-object-model,9,Java,easy
javascript-mcqs-document-object-model,10,Java,easy
javascript-mcqs-document-object-model,11,Java,hard
javascript-mcqs-document-object-model,12,Java,hard
javascript-mcqs-document-object-model,13,Java,hard
javascript-mcqs-document-object-model,14,Java,hard
javascript-mcqs-document-object-model,15,Java,hard
javascript-mcqs-window-object,1,Java,hard
javascript-mcqs-window-object,2,Java,easy
javascript-mcqs-window-object,3,Java,medium
javascript-mcqs-window-object,4,Java,easy
javascript-mcqs-window-object,5,Java,medium
javascript-mcqs-window-object,6,Java,easy
javascript-mcqs-window-object,7,Java,medium
javascript-mcqs-window-object,8,Java,hard
javascript-mcqs-window-object,9,Java,medium
javascript-mcqs-window-object,10,Java,hard
javascript-mcqs-window-object,11,Java,hard
javascript-mcqs-window-object,12,Java,hard
javascript-mcqs-window-object,13,Java,hard
javascript-mcqs-window-object,14,Java,hard
javascript-mcqs-error-handling-i,1,Java,medium
javascript-mcqs-error-handling-i,2,Java,medium
javascript-mcqs-error-handling-i,3,Java,hard
javascript-mcqs-error-handling-i,4,Java,easy
javascript-mcqs-error-handling-i,5,Java,medium
javascript-mcqs-error-handling-i,6,Java,hard
javascript-mcqs-error-handling-i,7,Java,easy
javascript-mcqs-error-handling-i,8,Java,easy
javascript-mcqs-error-handling-i,9,Java,easy
javascript-mcqs-error-handling-i,10,Java,easy
javascript-mcqs-error-handling-i,11,Java,hard
javascript-mcqs-error-handling-i,12,Java,hard
javascript-mcqs-error-handling-i,15,Java,hard
javascript-questions-answers-freshers,1,Java,medium
javascript-questions-answers-freshers,2,Java,easy
javascript-questions-answers-freshers,3,Java,medium
javascript-questions-answers-freshers,5,Java,medium
javascript-questions-answers-freshers,6,Java,medium
javascript-questions-answers-freshers,7,Java,medium
javascript-questions-answers-freshers,8,Java,medium
javascript-questions-answers-freshers,9,Java,medium
javascript-questions-answers-freshers,10,Java,medium
javascript-mcqs-scripting-documents,1,Java,easy
javascript-mcqs-scripting-documents,2,Java,easy
javascript-mcqs-scripting-documents,3,Java,easy
javascript-mcqs-scripting-documents,4,Java,easy
javascript-mcqs-scripting-documents,5,Java,easy
javascript-mcqs-scripting-documents,6,Java,hard
javascript-mcqs-scripting-documents,7,Java,hard
javascript-mcqs-scripting-css,1,Java,easy
javascript-mcqs-scripting-css,2,Java,medium
javascript-mcqs-scripting-css,3,Java,hard
javascript-mcqs-scripting-css,4,Java,medium
javascript-mcqs-scripting-css,5,Java,easy
javascript-mcqs-scripting-css,6,Java,easy
javascript-mcqs-scripting-css,7,Java,hard
javascript-mcqs-handling-events,1,Java,medium
javascript-mcqs-handling-events,2,Java,medium
javascript-mcqs-handling-events,3,Java,medium
javascript-mcqs-handling-events,4,Java,easy
javascript-mcqs-handling-events,5,Java,easy
javascript-mcqs-handling-events,6,Java,medium
javascript-mcqs-handling-events,7,Java,easy
javascript-mcqs-handling-events,8,Java,medium
javascript-mcqs-handling-events,9,Java,medium
javascript-mcqs-mouse-events,1,Java,hard
javascript-mcqs-mouse-events,2,Java,medium
javascript-mcqs-mouse-events,3,Java,medium
javascript-mcqs-mouse-events,4,Java,medium
javascript-mcqs-mouse-events,5,Java,easy
javascript-mcqs-mouse-events,6,Java,medium
javascript-mcqs-mouse-events,7,Java,easy
javascript-mcqs-mouse-events,8,Java,easy
javascript-mcqs-mouse-events,9,Java,easy
javascript-mcqs-mouse-events,10,Java,easy
javascript-mcqs-text-events,1,Java,medium
javascript-mcqs-text-events,2,Java,medium
javascript-mcqs-text-events,3,Java,hard
javascript-mcqs-text-events,4,Java,medium
javascript-mcqs-text-events,5,Java,medium
javascript-mcqs-text-events,6,Java,medium
javascript-mcqs-text-events,7,Java,easy
javascript-mcqs-text-events,8,Java,medium
javascript-mcqs-text-events,9,Java,medium
javascript-mcqs-text-events,10,Java,medium
javascript-mcqs-drag-drop-events,1,Java,hard
javascript-mcqs-drag-drop-events,2,Java,hard
javascript-mcqs-drag-drop-events,3,Java,medium
javascript-mcqs-drag-drop-events,4,Java,easy
javascript-mcqs-drag-drop-events,5,Java,hard
javascript-mcqs-drag-drop-events,6,Java,easy
javascript-mcqs-drag-drop-events,7,Java,medium
javascript-mcqs-drag-drop-events,8,Java,hard
javascript-mcqs-keyboard-events,1,Java,medium
javascript-mcqs-keyboard-events,2,Java,medium
javascript-mcqs-keyboard-events,3,Java,easy
javascript-mcqs-keyboard-events,4,Java,medium
javascript-mcqs-keyboard-events,5,Java,hard
javascript-mcqs-keyboard-events,6,Java,hard
javascript-mcqs-keyboard-events,7,Java,hard
javascript-mcqs-keyboard-events,8,Java,easy
javascript-mcqs-keyboard-events,9,Java,easy
javascript-mcqs-keyboard-events,10,Java,hard
javascript-mcqs-node-operations-I,1,Java,easy
javascript-mcqs-node-operations-I,2,Java,medium
javascript-mcqs-node-operations-I,3,Java,hard
javascript-mcqs-node-operations-I,4,Java,medium
javascript-mcqs-node-operations-I,5,Java,easy
javascript-mcqs-node-operations-I,6,Java,hard
javascript-mcqs-node-operations-I,7,Java,medium
javascript-mcqs-node-operations-I,8,Java,easy
javascript-mcqs-node-operations-I,9,Java,easy
javascript-mcqs-node-operations-I,10,Java,medium
javascript-interview-questions-answers-freshers,1,Java,easy
javascript-interview-questions-answers-freshers,2,Java,easy
javascript-interview-questions-answers-freshers,3,Java,medium
javascript-interview-questions-answers-freshers,4,Java,easy
javascript-interview-questions-answers-freshers,5,Java,hard
javascript-interview-questions-answers-freshers,6,Java,easy
javascript-interview-questions-answers-freshers,7,Java,medium
javascript-interview-questions-answers-freshers,8,Java,easy
javascript-interview-questions-answers-freshers,9,Java,hard
javascript-interview-questions-answers-freshers,10,Java,easy
javascript-mcqs-cookies,1,Java,easy
javascript-mcqs-cookies,2,Java,easy
javascript-mcqs-cookies,3,Java,medium
javascript-mcqs-cookies,4,Java,easy
javascript-mcqs-cookies,5,Java,easy
javascript-mcqs-cookies,6,Java,hard
javascript-mcqs-cookies,7,Java,easy
javascript-mcqs-cookies,8,Java,hard
javascript-mcqs-cookies,9,Java,hard
javascript-mcqs-cookies,10,Java,easy
javascript-mcqs-scripted-http,1,Java,easy
javascript-mcqs-scripted-http,2,Java,easy
javascript-mcqs-scripted-http,3,Java,medium
javascript-mcqs-scripted-http,4,Java,easy
javascript-mcqs-scripted-http,5,Java,easy
javascript-mcqs-scripted-http,6,Java,medium
javascript-mcqs-scripted-http,7,Java,hard
javascript-mcqs-jquery-library,1,Java,easy
javascript-mcqs-jquery-library,2,Java,hard
javascript-mcqs-client-side-javascript,1,Java,medium
javascript-mcqs-scripted-media,1,Java,medium
javascript-mcqs-scripted-media,3,Java,easy
javascript-mcqs-scripted-media,4,Java,medium
javascript-mcqs-scripted-media,5,Java,medium
javascript-mcqs-scripted-media,6,Java,medium
javascript-mcqs-scripted-media,7,Java,hard
javascript-mcqs-scripted-media,8,Java,hard
javascript-mcqs-scripted-media,9,Java,hard
javascript-mcqs-scripted-media,10,Java,hard
javascript-mcqs-scripted-media,11,Java,hard
javascript-mcqs-scripted-media,13,Java,hard
javascript-mcqs-scripted-media,14,Java,hard
javascript-mcqs-scripted-media,15,Java,hard
javascript-mcqs-browser-parsing-rendering-i,1,Java,medium
javascript-mcqs-browser-parsing-rendering-i,2,Java,medium
javascript-mcqs-browser-parsing-rendering-i,3,Java,easy
javascript-mcqs-browser-parsing-rendering-i,4,Java,easy
javascript-mcqs-browser-parsing-rendering-i,5,Java,hard
javascript-mcqs-browser-parsing-rendering-i,6,Java,medium
javascript-mcqs-browser-parsing-rendering-i,7,Java,hard
javascript-mcqs-browser-parsing-rendering-i,8,Java,easy
javascript-mcqs-browser-parsing-rendering-i,9,Java,hard
javascript-mcqs-browser-parsing-rendering-i,10,Java,easy
javascript-mcqs-browser-parsing-rendering-i,11,Java,hard
javascript-mcqs-browser-parsing-rendering-i,12,Java,hard
javascript-mcqs-browser-parsing-rendering-i,13,Java,hard
javascript-mcqs-browser-parsing-rendering-i,15,Java,hard
javascript-questions-answers-experienced,1,Java,medium
javascript-questions-answers-experienced,2,Java,hard
javascript-questions-answers-experienced,3,Java,easy
javascript-questions-answers-experienced,4,Java,easy
javascript-questions-answers-experienced,5,Java,medium
javascript-questions-answers-experienced,6,Java,medium
javascript-questions-answers-experienced,7,Java,medium
javascript-questions-answers-experienced,8,Java,easy
javascript-questions-answers-experienced,9,Java,medium
javascript-questions-answers-experienced,10,Java,hard
javascript-mcqs-performance-measures-I,1,Java,easy
javascript-mcqs-performance-measures-I,2,Java,medium
javascript-mcqs-performance-measures-I,3,Java,easy
javascript-mcqs-performance-measures-I,4,Java,easy
javascript-mcqs-performance-measures-I,5,Java,medium
javascript-mcqs-performance-measures-I,6,Java,easy
javascript-mcqs-performance-measures-I,7,Java,easy
javascript-mcqs-performance-measures-I,8,Java,easy
javascript-mcqs-performance-measures-I,9,Java,hard
javascript-mcqs-performance-measures-I,10,Java,easy
javascript-interview-questions-answers-experienced,1,Java,easy
javascript-interview-questions-answers-experienced,2,Java,medium
javascript-interview-questions-answers-experienced,3,Java,medium
javascript-interview-questions-answers-experienced,4,Java,medium
javascript-interview-questions-answers-experienced,6,Java,medium
javascript-interview-questions-answers-experienced,7,Java,hard
javascript-interview-questions-answers-experienced,9,Java,easy
javascript-mcqs-firebug,1,Java,easy
javascript-mcqs-firebug,2,Java,easy
javascript-mcqs-firebug,3,Java,hard
javascript-mcqs-yslow,1,Java,easy
javascript-mcqs-yslow,2,Java,hard
javascript-mcqs-yslow,3,Java,easy
javascript-mcqs-yslow,4,Java,hard
javascript-mcqs-yslow,5,Java,easy
javascript-mcqs-webpagetest,1,Java,easy
javascript-mcqs-webpagetest,2,Java,medium
javascript-mcqs-webpagetest,3,Java,medium
javascript-mcqs-webpagetest,4,Java,easy
javascript-mcqs-webpagetest,5,Java,medium
javascript-mcqs-webpagetest,6,Java,medium
javascript-mcqs-webpagetest,7,Java,easy
javascript-mcqs-webpagetest,8,Java,medium
javascript-mcqs-webpagetest,9,Java,hard
javascript-mcqs-webpagetest,10,Java,hard
javascript-questions-answers-test,1,Java,medium
javascript-questions-answers-test,2,Java,easy
javascript-questions-answers-test,3,Java,easy
javascript-questions-answers-test,4,Java,easy
javascript-questions-answers-test,5,Java,easy
javascript-questions-answers-test,6,Java,easy
javascript-questions-answers-test,7,Java,medium
javascript-questions-answers-test,8,Java,hard
javascript-questions-answers-test,9,Java,hard
javascript-questions-answers-test,10,Java,medium
javascript-mcqs-web-sockets,1,Java,medium
javascript-mcqs-web-sockets,2,Java,medium
javascript-mcqs-history-management,1,Java,easy
javascript-mcqs-history-management,2,Java,easy
javascript-mcqs-history-management,3,Java,easy
javascript-mcqs-getting-started-R-I,1,Java,hard
javascript-mcqs-getting-started-R-I,2,Java,hard
javascript-mcqs-getting-started-R-I,3,Java,hard
javascript-mcqs-getting-started-R-I,4,Java,easy
javascript-mcqs-getting-started-R-I,5,Java,medium
javascript-mcqs-getting-started-R-I,6,Java,medium
javascript-mcqs-getting-started-R-I,7,Java,medium
javascript-mcqs-getting-started-R-I,8,Java,easy
javascript-mcqs-getting-started-R-I,9,Java,hard
javascript-mcqs-getting-started-R-I,10,Java,medium
javascript-questions-answers-quiz,1,Java,easy
javascript-questions-answers-quiz,2,Java,hard
javascript-questions-answers-quiz,3,Java,medium
javascript-questions-answers-quiz,4,Java,hard
javascript-questions-answers-quiz,5,Java,hard
javascript-questions-answers-quiz,6,Java,hard
javascript-questions-answers-quiz,8,Java,hard
javascript-questions-answers-quiz,9,Java,easy
javascript-questions-answers-quiz,10,Java,easy
javascript-mcqs-enhanced-javascript-R,1,Java,easy
javascript-mcqs-enhanced-javascript-R,2,Java,easy
javascript-mcqs-enhanced-javascript-R,3,Java,easy
javascript-mcqs-enhanced-javascript-R,4,Java,hard
javascript-mcqs-enhanced-javascript-R,5,Java,medium
javascript-mcqs-enhanced-javascript-R,6,Java,easy
javascript-mcqs-enhanced-javascript-R,7,Java,easy
javascript-mcqs-enhanced-javascript-R,8,Java,hard
javascript-mcqs-enhanced-javascript-R,9,Java,easy
javascript-mcqs-enhanced-javascript-R,10,Java,medium
javascript-multiple-choice-questions-answers,1,Java,medium
javascript-multiple-choice-questions-answers,2,Java,medium
javascript-multiple-choice-questions-answers,3,Java,medium
javascript-multiple-choice-questions-answers,4,Java,easy
javascript-multiple-choice-questions-answers,5,Java,easy
javascript-mcqs-benchmarking-logging-perflogger-I,1,Java,easy
javascript-questions-answers-online-test,1,Java,easy
javascript-questions-answers-online-test,2,Java,easy
javascript-questions-answers-online-test,3,Java,hard
javascript-questions-answers-online-test,4,Java,medium
javascript-questions-answers-online-test,5,Java,medium
javascript-questions-answers-online-test,6,Java,medium
javascript-questions-answers-online-test,7,Java,easy
javascript-questions-answers-online-test,8,Java,easy
javascript-questions-answers-online-test,9,Java,easy
javascript-questions-answers-online-test,10,Java,easy
javascript-mcqs-crafting-public-api,1,Java,medium
javascript-mcqs-crafting-public-api,2,Java,easy
javascript-mcqs-crafting-public-api,3,Java,easy
javascript-mcqs-crafting-public-api,4,Java,medium
javascript-mcqs-crafting-public-api,5,Java,easy
javascript-mcqs-crafting-public-api,6,Java,easy
javascript-mcqs-crafting-public-api,8,Java,easy
javascript-mcqs-crafting-public-api,9,Java,easy
javascript-mcqs-remote-logging,1,Java,medium
javascript-mcqs-remote-logging,2,Java,easy
javascript-mcqs-remote-logging,3,Java,hard
javascript-basic-questions-answers,1,Java,hard
javascript-basic-questions-answers,2,Java,medium
javascript-basic-questions-answers,3,Java,hard
javascript-assessment-questions-answers,1,Java,easy
javascript-mcqs-performance-navigation-memory-I,1,Java,easy
javascript-questions-answers-online-quiz,1,Java,easy
javascript-mcqs-page-render-bottleneck-optimize,1,Java,medium
javascript-mcqs-page-render-bottleneck-optimize,2,Java,hard
javascript-mcqs-page-render-bottleneck-optimize,3,Java,medium
javascript-mcqs-page-render-bottleneck-optimize,4,Java,hard
javascript-mcqs-page-render-bottleneck-optimize,5,Java,hard
javascript-mcqs-page-render-bottleneck-optimize,6,Java,hard
javascript-mcqs-page-render-bottleneck-optimize,7,Java,hard
javascript-mcqs-script-loading-I,1,Java,medium
javascript-mcqs-script-loading-I,2,Java,medium
javascript-mcqs-script-loading-I,3,Java,medium
javascript-questions-bank,1,Java,medium
javascript-questions-bank,2,Java,easy
javascript-questions-bank,3,Java,easy
javascript-questions-bank,4,Java,medium
javascript-questions-bank,5,Java,hard
javascript-questions-bank,6,Java,medium
javascript-questions-bank,7,Java,hard
javascript-questions-bank,8,Java,medium
javascript-questions-bank,9,Java,medium
javascript-mcqs-lazy-loading-I,1,Java,medium
javascript-mcqs-lazy-loading-I,2,Java,medium
javascript-mcqs-lazy-loading-I,3,Java,easy
javascript-mcqs-lazy-loading-I,4,Java,medium
javascript-mcqs-lazy-loading-I,5,Java,hard
javascript-mcqs-lazy-loading-I,6,Java,easy
javascript-mcqs-lazy-loading-I,7,Java,easy
javascript-mcqs-lazy-loading-I,8,Java,easy
javascript-mcqs-lazy-loading-I,10,Java,easy
javascript-questions-answers-entrance-exams,1,Java,medium
javascript-questions-answers-entrance-exams,2,Java,hard
javascript-questions-answers-entrance-exams,3,Java,medium
javascript-questions-answers-entrance-exams,4,Java,medium
javascript-questions-answers-entrance-exams,5,Java,hard
javascript-questions-answers-entrance-exams,6,Java,medium
javascript-questions-answers-entrance-exams,7,Java,easy
javascript-problems,1,Java,medium
javascript-problems,2,Java,easy
javascript-problems,3,Java,medium
javascript-problems,4,Java,hard
javascript-problems,5,Java,medium
javascript-problems,6,Java,medium
javascript-problems,7,Java,medium
javascript-problems,8,Java,medium
javascript-problems,9,Java,easy
javascript-mcqs-web-workers,1,Java,hard
javascript-mcqs-web-workers,2,Java,hard
javascript-mcqs-web-workers,3,Java,hard
javascript-mcqs-web-workers,4,Java,easy
javascript-mcqs-web-workers,5,Java,hard
javascript-mcqs-web-workers,6,Java,easy
javascript-mcqs-blobs,1,Java,easy
javascript-mcqs-blobs,2,Java,easy
javascript-mcqs-blobs,3,Java,easy
javascript-mcqs-blobs,4,Java,hard
javascript-mcqs-blobs,5,Java,hard
javascript-mcqs-blobs,6,Java,medium
javascript-mcqs-blobs,7,Java,easy
javascript-mcqs-blobs,8,Java,hard
javascript-mcqs-blobs,9,Java,easy
javascript-mcqs-blobs,10,Java,hard
javascript-mcqs-javascript-memory-leak,1,Java,easy
javascript-mcqs-javascript-memory-leak,3,Java,easy
javascript-mcqs-external-javascript-php,1,Java,easy
javascript-mcqs-external-javascript-php,2,Java,medium
javascript-mcqs-html-api,1,Java,easy
javascript-mcqs-html-api,2,Java,easy
javascript-mcqs-html-api,3,Java,easy
javascript-mcqs-html-api,4,Java,medium
javascript-mcqs-html-api,5,Java,hard
javascript-mcqs-html-api,6,Java,medium
javascript-mcqs-html-api,7,Java,medium
javascript-mcqs-html-api,8,Java,medium
javascript-mcqs-html-api,9,Java,easy
javascript-mcqs-html-api,10,Java,easy
javascript-mcqs-html-dom,1,Java,medium
javascript-mcqs-html-dom,2,Java,easy
javascript-mcqs-html-dom,3,Java,easy
javascript-mcqs-animation,1,Java,hard
javascript-mcqs-validation,1,Java,easy
javascript-mcqs-validation,2,Java,medium
javascript-mcqs-validation,3,Java,medium
javascript-mcqs-validation,4,Java,medium
javascript-mcqs-validation,5,Java,medium
javascript-mcqs-validation,6,Java,easy
javascript-mcqs-validation,7,Java,easy
javascript-mcqs-validation,8,Java,hard
javascript-mcqs-validation,9,Java,hard
javascript-mcqs-image-map,1,Java,medium
javascript-mcqs-image-map,2,Java,easy
javascript-mcqs-image-map,3,Java,easy
javascript-mcqs-image-map,4,Java,medium
javascript-mcqs-image-map,5,Java,medium
javascript-mcqs-image-map,6,Java,hard
javascript-mcqs-image-map,7,Java,medium
javascript-mcqs-image-map,8,Java,medium
javascript-mcqs-image-map,9,Java,hard
javascript-mcqs-image-map,10,Java,medium
javascript-mcqs-forms-debugging,1,Java,easy
javascript-mcqs-forms-debugging,2,Java,hard
javascript-mcqs-forms-debugging,3,Java,easy
javascript-mcqs-forms-debugging,4,Java,easy
javascript-mcqs-forms-debugging,5,Java,hard
javascript-mcqs-forms-debugging,6,Java,medium
javascript-mcqs-forms-debugging,7,Java,medium
javascript-mcqs-forms-debugging,8,Java,hard
javascript-mcqs-forms-debugging,9,Java,medium
javascript-mcqs-forms-debugging,10,Java,medium
javascript-mcqs-comparison-javascript-frameworks-I,2,Java,medium
javascript-mcqs-comparison-javascript-frameworks-I,3,Java,hard
javascript-mcqs-comparison-javascript-frameworks-I,4,Java,easy
javascript-mcqs-comparison-javascript-frameworks-I,5,Java,medium
javascript-mcqs-comparison-javascript-frameworks-I,6,Java,hard
javascript-mcqs-comparison-javascript-frameworks-I,7,Java,easy
javascript-mcqs-comparison-javascript-frameworks-I,8,Java,easy
javascript-mcqs-comparison-javascript-frameworks-I,9,Java,medium
javascript-mcqs-comparison-javascript-frameworks-I,10,Java,easy
javascript-questions-answers-campus-interviews,2,Java,medium
javascript-questions-answers-campus-interviews,4,Java,easy
javascript-questions-answers-campus-interviews,5,Java,hard
javascript-questions-answers-campus-interviews,6,Java,hard
javascript-questions-answers-campus-interviews,7,Java,medium
hadoop-questions-answers-java-interface,1,Java,easy
hadoop-questions-answers-java-interface,2,Java,hard
hadoop-questions-answers-java-interface,3,Java,medium
hadoop-questions-answers-java-interface,4,Java,easy
hadoop-questions-answers-java-interface,5,Java,medium
hadoop-questions-answers-java-interface,6,Java,medium
hadoop-questions-answers-java-interface,7,Java,hard
hadoop-questions-answers-java-interface,8,Java,hard
hadoop-questions-answers-java-interface,9,Java,medium
hadoop-questions-answers-java-interface,10,Java,hard
html-questions-answers-essential-javascript-jquery-1,1,Java,easy
html-questions-answers-essential-javascript-jquery-2,1,Java,medium
html-questions-answers-essential-javascript-jquery-2,2,Java,easy
html-questions-answers-essential-javascript-jquery-2,3,Java,easy
html-questions-answers-essential-javascript-jquery-2,4,Java,hard
html-questions-answers-essential-javascript-jquery-2,5,Java,easy
html-questions-answers-essential-javascript-jquery-2,6,Java,hard
html-questions-answers-essential-javascript-jquery-2,7,Java,hard
html-questions-answers-essential-javascript-jquery-2,8,Java,hard
html-questions-answers-essential-javascript-jquery-2,9,Java,medium
html-questions-answers-essential-javascript-jquery-2,10,Java,medium
html-questions-answers-essential-javascript-jquery-2,11,Java,hard
html-questions-answers-essential-javascript-jquery-2,12,Java,medium
html-questions-answers-essential-javascript-jquery-2,13,Java,medium
html-questions-answers-essential-javascript-jquery-2,14,Java,medium
html-questions-answers-essential-javascript-jquery-2,15,Java,medium
html-questions-answers-essential-javascript-jquery-3,1,Java,hard
html-questions-answers-essential-javascript-jquery-3,2,Java,easy
html-questions-answers-essential-javascript-jquery-3,3,Java,easy
html-questions-answers-essential-javascript-jquery-3,4,Java,easy
html-questions-answers-essential-javascript-jquery-3,5,Java,medium
html-questions-answers-essential-javascript-jquery-3,6,Java,medium
html-questions-answers-essential-javascript-jquery-3,7,Java,hard
html-questions-answers-essential-javascript-jquery-3,8,Java,hard
html-questions-answers-essential-javascript-jquery-3,11,Java,hard
html-questions-answers-essential-javascript-jquery-3,13,Java,medium
html-questions-answers-essential-javascript-jquery-3,15,Java,hard
java-questions-answers-data-structures-hashmap,1,Data Structures,easy
java-questions-answers-data-structures-hashmap,2,Data Structures,medium
java-questions-answers-data-structures-hashmap,3,Data Structures,easy
java-questions-answers-data-structures-hashmap,4,Data Structures,hard
java-questions-answers-data-structures-hashmap,5,Data Structures,easy
java-questions-answers-data-structures-hashmap,6,Data Structures,easy
java-questions-answers-data-structures-hashmap,7,Data Structures,easy
java-questions-answers-data-structures-hashmap,8,Data Structures,easy
java-questions-answers-data-structures-hashmap,9,Data Structures,hard
java-questions-answers-data-structures-hashmap,10,Data Structures,hard
java-questions-answers-data-structures-list,1,Data Structures,easy
java-questions-answers-data-structures-list,2,Data Structures,easy
java-questions-answers-data-structures-list,3,Data Structures,easy
java-questions-answers-data-structures-list,4,Data Structures,medium
java-questions-answers-data-structures-list,5,Data Structures,medium
java-questions-answers-data-structures-list,6,Data Structures,medium
java-questions-answers-data-structures-list,7,Data Structures,easy
java-questions-answers-data-structures-list,8,Data Structures,medium
java-questions-answers-data-structures-list,9,Data Structures,medium
java-questions-answers-data-structures-list,10,Data Structures,easy
java-questions-answers-data-structures-set,1,Data Structures,easy
java-questions-answers-data-structures-set,2,Data Structures,easy
java-questions-answers-data-structures-set,3,Data Structures,easy
java-questions-answers-data-structures-set,4,Data Structures,easy
java-questions-answers-data-structures-set,5,Data Structures,easy
java-questions-answers-data-structures-set,6,Data Structures,hard
java-questions-answers-data-structures-set,7,Data Structures,easy
java-questions-answers-data-structures-set,8,Data Structures,medium
java-questions-answers-data-structures-set,9,Data Structures,medium
java-questions-answers-data-structures-set,10,Data Structures,medium
1000-data-structure-questions-answers,1,Data Structures,easy
1000-data-structure-questions-answers,2,Data Structures,medium
1000-data-structure-questions-answers,3,Data Structures,easy
1000-data-structure-questions-answers,4,Data Structures,easy
1000-data-structure-questions-answers,5,Data Structures,hard
1000-data-structure-questions-answers,6,Data Structures,medium
1000-data-structure-questions-answers,7,Data Structures,easy
1000-data-structure-questions-answers,8,Data Structures,medium
1000-data-structure-questions-answers,9,Data Structures,hard
1000-data-structure-questions-answers,10,Data Structures,easy
1000-data-structure-questions-answers,11,Data Structures,easy
1000-data-structure-questions-answers,12,Data Structures,hard
1000-data-structure-questions-answers,13,Data Structures,easy
1000-data-structure-questions-answers,14,Data Structures,medium
1000-data-structure-questions-answers,15,Data Structures,medium
1000-data-structure-questions-answers,16,Data Structures,hard
1000-data-structure-questions-answers,17,Data Structures,hard
1000-data-structure-questions-answers,18,Data Structures,medium
1000-data-structure-questions-answers,19,Data Structures,medium
1000-data-structure-questions-answers,20,Data Structures,easy
1000-data-structure-questions-answers,21,Data Structures,medium
1000-data-structure-questions-answers,22,Data Structures,easy
1000-data-structure-questions-answers,23,Data Structures,hard
1000-data-structure-questions-answers,24,Data Structures,medium
1000-data-structure-questions-answers,25,Data Structures,easy
1000-data-structure-questions-answers,26,Data Structures,hard
1000-data-structure-questions-answers,27,Data Structures,easy
1000-data-structure-questions-answers,28,Data Structures,easy
1000-data-structure-questions-answers,29,Data Structures,easy
1000-data-structure-questions-answers,30,Data Structures,hard
1000-data-structure-questions-answers,31,Data Structures,medium
1000-data-structure-questions-answers,32,Data Structures,easy
1000-data-structure-questions-answers,33,Data Structures,easy
1000-data-structure-questions-answers,34,Data Structures,medium
1000-data-structure-questions-answers,35,Data Structures,medium
1000-data-structure-questions-answers,36,Data Structures,hard
1000-data-structure-questions-answers,37,Data Structures,easy
data-structure-questions-answers-array-array-operations,1,Data Structures,easy
data-structure-questions-answers-array-array-operations,2,Data Structures,easy
data-structure-questions-answers-array-array-operations,3,Data Structures,easy
data-structure-questions-answers-array-array-operations,4,Data Structures,medium
data-structure-questions-answers-array-array-operations,7,Data Structures,medium
data-structure-questions-answers-array-array-operations,8,Data Structures,medium
data-structure-questions-answers-array-array-operations,9,Data Structures,medium
data-structure-questions-answers-array-array-operations,11,Data Structures,easy
data-structure-questions-answers-array-array-operations,12,Data Structures,easy
data-structure-questions-answers-array-array-operations,13,Data Structures,easy
data-structure-questions-answers-stack-operations,1,Data Structures,easy
data-structure-questions-answers-stack-operations,2,Data Structures,easy
data-structure-questions-answers-stack-operations,3,Data Structures,easy
data-structure-questions-answers-stack-operations,4,Data Structures,easy
data-structure-questions-answers-stack-operations,5,Data Structures,medium
data-structure-questions-answers-stack-operations,7,Data Structures,hard
data-structure-questions-answers-stack-operations,8,Data Structures,hard
data-structure-questions-answers-stack-operations,10,Data Structures,hard
data-structure-interview-questions-answers,1,Data Structures,easy
data-structure-interview-questions-answers,4,Data Structures,easy
data-structure-interview-questions-answers,8,Data Structures,easy
data-structure-interview-questions-answers,9,Data Structures,easy
data-structure-questions-answers-freshers,1,Data Structures,easy
data-structure-questions-answers-freshers,2,Data Structures,medium
data-structure-questions-answers-freshers,3,Data Structures,medium
data-structure-questions-answers-freshers,5,Data Structures,hard
data-structure-questions-answers-freshers,6,Data Structures,hard
data-structure-questions-answers-freshers,7,Data Structures,easy
data-structure-questions-answers-freshers,8,Data Structures,hard
data-structure-questions-answers-freshers,9,Data Structures,medium
data-structure-questions-answers-queue-operations,1,Data Structures,easy
data-structure-questions-answers-queue-operations,3,Data Structures,easy
data-structure-questions-answers-queue-operations,4,Data Structures,easy
data-structure-questions-answers-queue-operations,5,Data Structures,medium
data-structure-questions-answers-queue-operations,7,Data Structures,easy
data-structure-questions-answers-queue-operations,8,Data Structures,easy
data-structure-interview-questions-answers-single-linked-lists,1,Data Structures,easy
data-structure-interview-questions-answers-single-linked-lists,2,Data Structures,hard
data-structure-interview-questions-answers-single-linked-lists,3,Data Structures,medium
data-structure-interview-questions-answers-single-linked-lists,4,Data Structures,hard
data-structure-interview-questions-answers-single-linked-lists,5,Data Structures,hard
data-structure-interview-questions-answers-single-linked-lists,6,Data Structures,medium
data-structure-interview-questions-answers-single-linked-lists,7,Data Structures,hard
data-structure-interview-questions-answers-single-linked-lists,8,Data Structures,hard
data-structure-interview-questions-answers-single-linked-lists,9,Data Structures,hard
data-structure-interview-questions-answers-freshers,1,Data Structures,medium
data-structure-interview-questions-answers-freshers,2,Data Structures,medium
data-structure-interview-questions-answers-freshers,3,Data Structures,easy
data-structure-interview-questions-answers-freshers,4,Data Structures,easy
data-structure-interview-questions-answers-freshers,5,Data Structures,easy
data-structure-interview-questions-answers-freshers,7,Data Structures,medium
data-structure-interview-questions-answers-freshers,8,Data Structures,hard
data-structure-questions-answers-experienced,1,Data Structures,hard
data-structure-questions-answers-experienced,2,Data Structures,hard
data-structure-questions-answers-experienced,3,Data Structures,hard
data-structure-questions-answers-experienced,4,Data Structures,hard
data-structure-questions-answers-experienced,5,Data Structures,medium
data-structure-questions-answers-experienced,6,Data Structures,hard
data-structure-questions-answers-single-linked-lists,1,Data Structures,hard
data-structure-questions-answers-single-linked-lists,2,Data Structures,medium
data-structure-questions-answers-single-linked-lists,3,Data Structures,medium
data-structure-questions-answers-single-linked-lists,4,Data Structures,hard
data-structure-questions-answers-single-linked-lists,5,Data Structures,hard
data-structure-questions-answers-single-linked-lists,6,Data Structures,medium
data-structure-questions-answers-single-linked-lists,7,Data Structures,easy
data-structure-questions-answers-single-linked-lists,8,Data Structures,medium
data-structure-questions-answers-single-linked-lists,9,Data Structures,medium
data-structure-questions-answers-single-linked-lists,10,Data Structures,easy
data-structure-questions-answers-single-linked-lists,11,Data Structures,hard
data-structure-questions-answers-doubly-linked-lists,1,Data Structures,hard
data-structure-questions-answers-doubly-linked-lists,2,Data Structures,hard
data-structure-questions-answers-doubly-linked-lists,3,Data Structures,medium
data-structure-questions-answers-doubly-linked-lists,4,Data Structures,medium
data-structure-questions-answers-doubly-linked-lists,5,Data Structures,medium
data-structure-questions-answers-doubly-linked-lists,6,Data Structures,medium
data-structure-questions-answers-doubly-linked-lists,8,Data Structures,hard
data-structure-questions-answers-doubly-linked-lists,9,Data Structures,hard
data-structure-questions-answers-circular-linked-lists,1,Data Structures,medium
data-structure-questions-answers-circular-linked-lists,2,Data Structures,easy
data-structure-questions-answers-circular-linked-lists,3,Data Structures,hard
data-structure-questions-answers-circular-linked-lists,4,Data Structures,medium
data-structure-questions-answers-circular-linked-lists,6,Data Structures,easy
data-structure-questions-answers-circular-linked-lists,7,Data Structures,hard
data-structure-questions-answers-circular-linked-lists,9,Data Structures,hard
data-structure-questions-answers-circular-linked-lists,10,Data Structures,hard
data-structure-questions-answers-stack-array,1,Data Structures,hard
data-structure-questions-answers-stack-array,2,Data Structures,easy
data-structure-questions-answers-stack-array,3,Data Structures,easy
data-structure-questions-answers-stack-array,4,Data Structures,hard
data-structure-questions-answers-stack-array,5,Data Structures,medium
data-structure-questions-answers-stack-array,6,Data Structures,hard
data-structure-questions-answers-stack-array,7,Data Structures,medium
data-structure-questions-answers-stack-array,8,Data Structures,hard
data-structure-questions-answers-stack-array,9,Data Structures,hard
data-structure-questions-answers-stack-array,10,Data Structures,hard
data-structure-questions-answers-stack-linked-list,1,Data Structures,medium
data-structure-questions-answers-stack-linked-list,2,Data Structures,hard
data-structure-questions-answers-stack-linked-list,3,Data Structures,hard
data-structure-questions-answers-stack-linked-list,4,Data Structures,medium
data-structure-questions-answers-stack-linked-list,6,Data Structures,easy
data-structure-questions-answers-stack-linked-list,8,Data Structures,hard
data-structure-questions-answers-stack-linked-list,10,Data Structures,easy
data-structure-questions-answers-queue-array,1,Data Structures,medium
data-structure-questions-answers-queue-array,2,Data Structures,easy
data-structure-questions-answers-queue-array,3,Data Structures,easy
data-structure-questions-answers-queue-array,4,Data Structures,medium
data-structure-questions-answers-queue-array,5,Data Structures,medium
data-structure-questions-answers-queue-array,7,Data Structures,medium
data-structure-questions-answers-queue-array,8,Data Structures,hard
data-structure-questions-answers-queue-array,9,Data Structures,medium
data-structure-questions-answers-queue-array,10,Data Structures,hard
data-structure-questions-answers-queue-linked-list,1,Data Structures,hard
data-structure-questions-answers-queue-linked-list,2,Data Structures,medium
data-structure-questions-answers-queue-linked-list,3,Data Structures,medium
data-structure-questions-answers-queue-linked-list,5,Data Structures,easy
data-structure-questions-answers-queue-linked-list,6,Data Structures,medium
data-structure-questions-answers-queue-linked-list,7,Data Structures,easy
data-structure-questions-answers-queue-linked-list,8,Data Structures,easy
data-structure-questions-answers-queue-linked-list,9,Data Structures,easy
data-structure-questions-answers-queue-linked-list,10,Data Structures,hard
data-structure-questions-answers-priority-queue,1,Data Structures,easy
data-structure-questions-answers-priority-queue,2,Data Structures,hard
data-structure-questions-answers-priority-queue,3,Data Structures,hard
data-structure-questions-answers-priority-queue,4,Data Structures,medium
data-structure-questions-answers-priority-queue,5,Data Structures,hard
data-structure-questions-answers-priority-queue,6,Data Structures,medium
data-structure-questions-answers-priority-queue,7,Data Structures,hard
data-structure-questions-answers-priority-queue,8,Data Structures,medium
data-structure-questions-answers-double-ended-queue,2,Data Structures,easy
data-structure-questions-answers-double-ended-queue,3,Data Structures,hard
data-structure-questions-answers-double-ended-queue,4,Data Structures,easy
data-structure-questions-answers-double-ended-queue,5,Data Structures,medium
data-structure-questions-answers-double-ended-queue,7,Data Structures,hard
data-structure-questions-answers-double-ended-queue,8,Data Structures,medium
data-structure-questions-answers-queue-using-stacks,1,Data Structures,hard
data-structure-questions-answers-queue-using-stacks,2,Data Structures,hard
data-structure-questions-answers-queue-using-stacks,3,Data Structures,hard
data-structure-questions-answers-queue-using-stacks,4,Data Structures,hard
data-structure-questions-answers-queue-using-stacks,6,Data Structures,hard
data-structure-questions-answers-queue-using-stacks,7,Data Structures,hard
data-structure-questions-answers-queue-using-stacks,8,Data Structures,hard
data-structure-questions-answers-queue-using-stacks,9,Data Structures,hard
data-structure-questions-answers-queue-using-stacks,10,Data Structures,hard
data-structure-questions-answers-stack-using-queues,1,Data Structures,easy
data-structure-questions-answers-stack-using-queues,2,Data Structures,easy
data-structure-questions-answers-stack-using-queues,3,Data Structures,easy
data-structure-questions-answers-stack-using-queues,4,Data Structures,easy
data-structure-questions-answers-stack-using-queues,5,Data Structures,medium
data-structure-questions-answers-stack-using-queues,7,Data Structures,medium
data-structure-interview-questions-answers-experienced,1,Data Structures,easy
data-structure-interview-questions-answers-experienced,2,Data Structures,medium
data-structure-interview-questions-answers-experienced,3,Data Structures,easy
data-structure-interview-questions-answers-experienced,4,Data Structures,easy
data-structure-interview-questions-answers-experienced,5,Data Structures,medium
data-structure-interview-questions-answers-experienced,6,Data Structures,medium
data-structure-interview-questions-answers-experienced,7,Data Structures,hard
data-structure-interview-questions-answers-experienced,8,Data Structures,medium
data-structure-questions-answers-evaluation-infix-expression-not-parenthesized,1,Data Structures,medium
data-structure-questions-answers-evaluation-infix-expression-not-parenthesized,2,Data Structures,medium
data-structure-questions-answers-evaluation-infix-expression-not-parenthesized,3,Data Structures,easy
data-structure-questions-answers-evaluation-infix-expression-not-parenthesized,4,Data Structures,hard
data-structure-questions-answers-evaluation-infix-expression-not-parenthesized,5,Data Structures,medium
data-structure-questions-answers-evaluation-infix-expression-not-parenthesized,6,Data Structures,easy
data-structure-questions-answers-evaluation-infix-expression-not-parenthesized,7,Data Structures,easy
data-structure-questions-answers-evaluation-infix-expression-not-parenthesized,8,Data Structures,medium
data-structure-questions-answers-evaluation-infix-expression-not-parenthesized,9,Data Structures,easy
data-structure-questions-answers-evaluation-infix-expression-not-parenthesized,11,Data Structures,easy
data-structure-questions-answers-evaluation-infix-expression-not-parenthesized,13,Data Structures,easy
data-structure-questions-answers-towers-hanoi,2,Data Structures,easy
data-structure-questions-answers-towers-hanoi,3,Data Structures,medium
data-structure-questions-answers-towers-hanoi,4,Data Structures,easy
data-structure-questions-answers-towers-hanoi,5,Data Structures,easy
data-structure-questions-answers-towers-hanoi,6,Data Structures,easy
data-structure-questions-answers-towers-hanoi,7,Data Structures,easy
data-structure-questions-answers-reverse-word-stack,1,Data Structures,medium
data-structure-questions-answers-reverse-word-stack,3,Data Structures,easy
data-structure-questions-answers-reverse-word-stack,4,Data Structures,medium
data-structure-questions-answers-reverse-word-stack,5,Data Structures,easy
data-structure-questions-answers-reverse-word-stack,6,Data Structures,medium
data-structure-questions-answers-reverse-word-stack,7,Data Structures,easy
data-structure-questions-answers-reverse-word-stack,8,Data Structures,medium
data-structure-questions-answers-reverse-word-stack,9,Data Structures,hard
data-structure-questions-answers-reverse-word-stack,10,Data Structures,medium
data-structure-questions-answers-bit-array,2,Data Structures,medium
data-structure-questions-answers-bit-array,4,Data Structures,medium
data-structure-questions-answers-bit-array,5,Data Structures,hard
data-structure-questions-answers-bit-array,6,Data Structures,hard
data-structure-questions-answers-bit-array,7,Data Structures,hard
data-structure-questions-answers-bit-array,8,Data Structures,easy
data-structure-questions-answers-bit-array,9,Data Structures,medium
data-structure-questions-answers-bit-array,10,Data Structures,easy
data-structure-questions-answers-bit-array,11,Data Structures,medium
data-structure-questions-answers-bit-array,12,Data Structures,easy
data-structure-questions-answers-bit-array,13,Data Structures,easy
data-structure-questions-answers-dynamic-array,1,Data Structures,medium
data-structure-questions-answers-dynamic-array,2,Data Structures,medium
data-structure-questions-answers-dynamic-array,3,Data Structures,easy
data-structure-questions-answers-dynamic-array,4,Data Structures,easy
data-structure-questions-answers-dynamic-array,5,Data Structures,medium
data-structure-questions-answers-dynamic-array,6,Data Structures,easy
data-structure-questions-answers-dynamic-array,7,Data Structures,medium
data-structure-questions-answers-dynamic-array,8,Data Structures,medium
data-structure-questions-answers-dynamic-array,9,Data Structures,easy
data-structure-questions-answers-dynamic-array,10,Data Structures,easy
data-structure-questions-answers-dynamic-array,11,Data Structures,easy
data-structure-questions-answers-dynamic-array,12,Data Structures,hard
data-structure-questions-answers-dynamic-array,13,Data Structures,easy
data-structure-questions-answers-dynamic-array,14,Data Structures,hard
data-structure-questions-answers-dynamic-array,15,Data Structures,medium
data-structure-questions-answers-parallel-array,1,Data Structures,easy
data-structure-questions-answers-parallel-array,2,Data Structures,medium
data-structure-questions-answers-parallel-array,3,Data Structures,hard
data-structure-questions-answers-parallel-array,4,Data Structures,medium
data-structure-questions-answers-parallel-array,5,Data Structures,easy
data-structure-questions-answers-parallel-array,6,Data Structures,easy
data-structure-questions-answers-parallel-array,7,Data Structures,hard
data-structure-questions-answers-parallel-array,8,Data Structures,medium
data-structure-questions-answers-sparse-array,1,Data Structures,medium
data-structure-questions-answers-sparse-array,2,Data Structures,easy
data-structure-questions-answers-sparse-array,3,Data Structures,medium
data-structure-questions-answers-sparse-array,4,Data Structures,easy
data-structure-questions-answers-sparse-array,5,Data Structures,medium
data-structure-questions-answers-sparse-array,6,Data Structures,easy
data-structure-questions-answers-sparse-array,7,Data Structures,medium
data-structure-questions-answers-sparse-array,8,Data Structures,medium
data-structure-questions-answers-sparse-array,9,Data Structures,easy
data-structure-questions-answers-sparse-array,10,Data Structures,hard
data-structure-questions-answers-sparse-array,11,Data Structures,medium
data-structure-questions-answers-matrix,1,Data Structures,easy
data-structure-questions-answers-matrix,2,Data Structures,hard
data-structure-questions-answers-matrix,3,Data Structures,medium
data-structure-questions-answers-matrix,4,Data Structures,easy
data-structure-questions-answers-matrix,5,Data Structures,medium
data-structure-questions-answers-matrix,6,Data Structures,easy
data-structure-questions-answers-matrix,7,Data Structures,easy
data-structure-questions-answers-matrix,8,Data Structures,medium
data-structure-questions-answers-matrix,9,Data Structures,medium
data-structure-questions-answers-matrix,10,Data Structures,easy
data-structure-questions-answers-number-jumps-reach-end-array-operation,1,Data Structures,medium
data-structure-questions-answers-number-jumps-reach-end-array-operation,3,Data Structures,hard
data-structure-questions-answers-number-jumps-reach-end-array-operation,4,Data Structures,hard
data-structure-questions-answers-number-jumps-reach-end-array-operation,7,Data Structures,medium
data-structure-questions-answers-number-jumps-reach-end-array-operation,8,Data Structures,easy
data-structure-questions-answers-number-jumps-reach-end-array-operation,9,Data Structures,hard
data-structure-questions-answers-number-jumps-reach-end-array-operation,11,Data Structures,medium
data-structure-questions-answers-skip-list,1,Data Structures,medium
data-structure-questions-answers-skip-list,2,Data Structures,easy
data-structure-questions-answers-skip-list,3,Data Structures,medium
data-structure-questions-answers-skip-list,4,Data Structures,hard
data-structure-questions-answers-skip-list,5,Data Structures,easy
data-structure-questions-answers-skip-list,6,Data Structures,easy
data-structure-questions-answers-skip-list,7,Data Structures,hard
data-structure-questions-answers-skip-list,8,Data Structures,medium
data-structure-questions-answers-skip-list,9,Data Structures,easy
data-structure-questions-answers-skip-list,10,Data Structures,easy
data-structure-questions-answers-xor-linked-list,1,Data Structures,medium
data-structure-questions-answers-xor-linked-list,3,Data Structures,medium
data-structure-questions-answers-xor-linked-list,4,Data Structures,hard
data-structure-questions-answers-xor-linked-list,5,Data Structures,hard
data-structure-questions-answers-xor-linked-list,6,Data Structures,hard
data-structure-questions-answers-xor-linked-list,7,Data Structures,medium
data-structure-questions-answers-xor-linked-list,8,Data Structures,hard
data-structure-questions-answers-xor-linked-list,9,Data Structures,hard
data-structure-questions-answers-free-list,1,Data Structures,easy
data-structure-questions-answers-free-list,2,Data Structures,easy
data-structure-questions-answers-free-list,3,Data Structures,easy
data-structure-questions-answers-free-list,4,Data Structures,medium
data-structure-questions-answers-free-list,5,Data Structures,medium
data-structure-questions-answers-free-list,6,Data Structures,medium
data-structure-questions-answers-free-list,7,Data Structures,hard
data-structure-questions-answers-free-list,8,Data Structures,hard
data-structure-questions-answers-free-list,9,Data Structures,medium
data-structure-questions-answers-free-list,10,Data Structures,easy
data-structure-questions-answers-binary-trees-array,1,Data Structures,easy
data-structure-questions-answers-binary-trees-array,2,Data Structures,medium
data-structure-questions-answers-binary-trees-array,3,Data Structures,easy
data-structure-questions-answers-binary-trees-array,4,Data Structures,medium
data-structure-questions-answers-binary-trees-array,5,Data Structures,medium
data-structure-questions-answers-binary-trees-array,6,Data Structures,hard
data-structure-questions-answers-binary-trees-array,7,Data Structures,hard
data-structure-questions-answers-binary-trees-array,8,Data Structures,hard
data-structure-questions-answers-binary-trees-array,9,Data Structures,hard
data-structure-questions-answers-binary-trees-array,10,Data Structures,medium
data-structure-questions-answers-binary-trees-linked-lists,1,Data Structures,easy
data-structure-questions-answers-binary-trees-linked-lists,2,Data Structures,medium
data-structure-questions-answers-binary-trees-linked-lists,3,Data Structures,hard
data-structure-questions-answers-binary-trees-linked-lists,4,Data Structures,easy
data-structure-questions-answers-binary-trees-linked-lists,5,Data Structures,medium
data-structure-questions-answers-binary-trees-linked-lists,6,Data Structures,hard
data-structure-questions-answers-binary-trees-linked-lists,7,Data Structures,medium
data-structure-questions-answers-binary-trees-linked-lists,8,Data Structures,hard
data-structure-questions-answers-binary-trees-linked-lists,9,Data Structures,medium
data-structure-questions-answers-binary-trees-linked-lists,10,Data Structures,hard
data-structure-questions-answers-preorder-traversal,1,Data Structures,medium
data-structure-questions-answers-preorder-traversal,2,Data Structures,medium
data-structure-questions-answers-preorder-traversal,3,Data Structures,easy
data-structure-questions-answers-preorder-traversal,4,Data Structures,easy
data-structure-questions-answers-preorder-traversal,7,Data Structures,medium
data-structure-questions-answers-preorder-traversal,8,Data Structures,hard
data-structure-questions-answers-preorder-traversal,9,Data Structures,easy
data-structure-questions-answers-preorder-traversal,10,Data Structures,hard
data-structure-questions-answers-preorder-traversal,11,Data Structures,hard
data-structure-questions-answers-inorder-traversal,1,Data Structures,medium
data-structure-questions-answers-inorder-traversal,4,Data Structures,easy
data-structure-questions-answers-inorder-traversal,6,Data Structures,medium
data-structure-questions-answers-inorder-traversal,7,Data Structures,medium
data-structure-questions-answers-inorder-traversal,8,Data Structures,medium
data-structure-questions-answers-binary-tree-properties,1,Data Structures,easy
data-structure-questions-answers-binary-tree-properties,2,Data Structures,easy
data-structure-questions-answers-binary-tree-properties,3,Data Structures,easy
data-structure-questions-answers-binary-tree-properties,4,Data Structures,medium
data-structure-questions-answers-binary-tree-properties,5,Data Structures,hard
data-structure-questions-answers-binary-tree-properties,6,Data Structures,hard
data-structure-questions-answers-binary-tree-properties,7,Data Structures,medium
data-structure-questions-answers-binary-tree-properties,8,Data Structures,medium
data-structure-questions-answers-binary-tree-properties,9,Data Structures,easy
data-structure-questions-answers-binary-tree-properties,10,Data Structures,hard
data-structure-questions-answers-binary-search-tree,1,Data Structures,hard
data-structure-questions-answers-binary-search-tree,2,Data Structures,easy
data-structure-questions-answers-binary-search-tree,3,Data Structures,medium
data-structure-questions-answers-binary-search-tree,4,Data Structures,medium
data-structure-questions-answers-binary-search-tree,6,Data Structures,easy
data-structure-questions-answers-binary-search-tree,7,Data Structures,easy
data-structure-questions-answers-binary-search-tree,8,Data Structures,easy
data-structure-questions-answers-binary-search-tree,9,Data Structures,easy
data-structure-questions-answers-binary-search-tree,10,Data Structures,hard
data-structure-questions-answers-avl-tree,2,Data Structures,medium
data-structure-questions-answers-avl-tree,3,Data Structures,easy
data-structure-questions-answers-avl-tree,4,Data Structures,easy
data-structure-questions-answers-avl-tree,5,Data Structures,medium
data-structure-questions-answers-avl-tree,6,Data Structures,medium
data-structure-questions-answers-avl-tree,7,Data Structures,medium
data-structure-questions-answers-avl-tree,8,Data Structures,hard
data-structure-questions-answers-avl-tree,9,Data Structures,hard
data-structure-questions-answers-avl-tree,10,Data Structures,medium
data-structure-questions-answers-cartesian-tree,1,Data Structures,medium
data-structure-questions-answers-cartesian-tree,2,Data Structures,easy
data-structure-questions-answers-cartesian-tree,3,Data Structures,hard
data-structure-questions-answers-cartesian-tree,4,Data Structures,easy
data-structure-questions-answers-cartesian-tree,5,Data Structures,medium
data-structure-questions-answers-cartesian-tree,6,Data Structures,hard
data-structure-questions-answers-cartesian-tree,7,Data Structures,easy
data-structure-questions-answers-cartesian-tree,8,Data Structures,medium
data-structure-questions-answers-cartesian-tree,9,Data Structures,easy
data-structure-questions-answers-cartesian-tree,10,Data Structures,hard
data-structure-questions-answers-weight-balanced-tree,1,Data Structures,easy
data-structure-questions-answers-weight-balanced-tree,2,Data Structures,easy
data-structure-questions-answers-weight-balanced-tree,4,Data Structures,medium
data-structure-questions-answers-weight-balanced-tree,5,Data Structures,medium
data-structure-questions-answers-weight-balanced-tree,6,Data Structures,medium
data-structure-questions-answers-weight-balanced-tree,7,Data Structures,hard
data-structure-questions-answers-weight-balanced-tree,8,Data Structures,hard
data-structure-questions-answers-weight-balanced-tree,9,Data Structures,hard
data-structure-questions-answers-weight-balanced-tree,10,Data Structures,medium
data-structure-questions-answers-red-black-tree,1,Data Structures,medium
data-structure-questions-answers-red-black-tree,2,Data Structures,hard
data-structure-questions-answers-red-black-tree,3,Data Structures,hard
data-structure-questions-answers-red-black-tree,4,Data Structures,hard
data-structure-questions-answers-red-black-tree,5,Data Structures,medium
data-structure-questions-answers-red-black-tree,7,Data Structures,hard
data-structure-questions-answers-red-black-tree,8,Data Structures,medium
data-structure-questions-answers-red-black-tree,9,Data Structures,medium
data-structure-questions-answers-red-black-tree,10,Data Structures,hard
data-structure-questions-answers-splay-tree,1,Data Structures,easy
data-structure-questions-answers-splay-tree,2,Data Structures,hard
data-structure-questions-answers-splay-tree,3,Data Structures,medium
data-structure-questions-answers-splay-tree,4,Data Structures,medium
data-structure-questions-answers-splay-tree,5,Data Structures,easy
data-structure-questions-answers-splay-tree,6,Data Structures,medium
data-structure-questions-answers-splay-tree,7,Data Structures,hard
data-structure-questions-answers-splay-tree,8,Data Structures,easy
data-structure-questions-answers-splay-tree,9,Data Structures,hard
data-structure-questions-answers-splay-tree,10,Data Structures,medium
data-structure-questions-answers-threaded-binary-tree,1,Data Structures,easy
data-structure-questions-answers-threaded-binary-tree,2,Data Structures,easy
data-structure-questions-answers-threaded-binary-tree,3,Data Structures,easy
data-structure-questions-answers-threaded-binary-tree,4,Data Structures,medium
data-structure-questions-answers-threaded-binary-tree,5,Data Structures,hard
data-structure-questions-answers-threaded-binary-tree,6,Data Structures,medium
data-structure-questions-answers-threaded-binary-tree,7,Data Structures,medium
data-structure-questions-answers-threaded-binary-tree,8,Data Structures,easy
disjoint-set-data-structure-multiple-choice-questions-answers-mcqs,1,Data Structures,easy
disjoint-set-data-structure-multiple-choice-questions-answers-mcqs,2,Data Structures,easy
disjoint-set-data-structure-multiple-choice-questions-answers-mcqs,3,Data Structures,easy
disjoint-set-data-structure-multiple-choice-questions-answers-mcqs,4,Data Structures,medium
disjoint-set-data-structure-multiple-choice-questions-answers-mcqs,5,Data Structures,hard
disjoint-set-data-structure-multiple-choice-questions-answers-mcqs,6,Data Structures,medium
disjoint-set-data-structure-multiple-choice-questions-answers-mcqs,7,Data Structures,easy
disjoint-set-data-structure-multiple-choice-questions-answers-mcqs,8,Data Structures,easy
disjoint-set-data-structure-multiple-choice-questions-answers-mcqs,9,Data Structures,easy
disjoint-set-data-structure-multiple-choice-questions-answers-mcqs,10,Data Structures,easy
disjoint-set-data-structure-multiple-choice-questions-answers-mcqs,11,Data Structures,easy
disjoint-set-data-structure-multiple-choice-questions-answers-mcqs,12,Data Structures,hard
disjoint-set-data-structure-multiple-choice-questions-answers-mcqs,13,Data Structures,easy
disjoint-set-data-structure-multiple-choice-questions-answers-mcqs,14,Data Structures,easy
disjoint-set-data-structure-multiple-choice-questions-answers-mcqs,15,Data Structures,medium
data-structure-questions-answers-heap,1,Data Structures,easy
data-structure-questions-answers-heap,2,Data Structures,easy
data-structure-questions-answers-heap,3,Data Structures,medium
data-structure-questions-answers-heap,4,Data Structures,medium
data-structure-questions-answers-heap,5,Data Structures,easy
data-structure-questions-answers-heap,6,Data Structures,medium
data-structure-questions-answers-heap,7,Data Structures,medium
data-structure-questions-answers-heap,8,Data Structures,hard
data-structure-questions-answers-binary-heap,1,Data Structures,medium
data-structure-questions-answers-binary-heap,2,Data Structures,medium
data-structure-questions-answers-binary-heap,3,Data Structures,hard
data-structure-questions-answers-binary-heap,4,Data Structures,easy
data-structure-questions-answers-binary-heap,5,Data Structures,hard
data-structure-questions-answers-binary-heap,6,Data Structures,hard
data-structure-questions-answers-binary-heap,7,Data Structures,hard
data-structure-questions-answers-weak-heap,1,Data Structures,medium
data-structure-questions-answers-weak-heap,2,Data Structures,easy
data-structure-questions-answers-weak-heap,3,Data Structures,easy
data-structure-questions-answers-weak-heap,4,Data Structures,easy
data-structure-questions-answers-weak-heap,5,Data Structures,easy
data-structure-questions-answers-weak-heap,6,Data Structures,hard
data-structure-questions-answers-weak-heap,7,Data Structures,easy
data-structure-questions-answers-weak-heap,8,Data Structures,easy
data-structure-questions-answers-binomial-fibonacci-heap,1,Data Structures,hard
data-structure-questions-answers-binomial-fibonacci-heap,2,Data Structures,easy
data-structure-questions-answers-binomial-fibonacci-heap,3,Data Structures,easy
data-structure-questions-answers-binomial-fibonacci-heap,4,Data Structures,hard
data-structure-questions-answers-binomial-fibonacci-heap,5,Data Structures,easy
data-structure-questions-answers-binomial-fibonacci-heap,6,Data Structures,easy
data-structure-questions-answers-binomial-fibonacci-heap,7,Data Structures,medium
data-structure-questions-answers-binomial-fibonacci-heap,8,Data Structures,easy
data-structure-questions-answers-binomial-fibonacci-heap,9,Data Structures,easy
data-structure-questions-answers-binomial-fibonacci-heap,10,Data Structures,easy
data-structure-questions-answers-binomial-fibonacci-heap,11,Data Structures,medium
data-structure-questions-answers-binomial-fibonacci-heap,12,Data Structures,hard
data-structure-questions-answers-binomial-fibonacci-heap,13,Data Structures,hard
data-structure-questions-answers-hash-tables,1,Data Structures,easy
data-structure-questions-answers-hash-tables,2,Data Structures,easy
data-structure-questions-answers-hash-tables,3,Data Structures,easy
data-structure-questions-answers-hash-tables,5,Data Structures,medium
data-structure-questions-answers-hash-tables,6,Data Structures,hard
data-structure-questions-answers-hash-tables,7,Data Structures,easy
data-structure-questions-answers-hash-tables,8,Data Structures,medium
data-structure-questions-answers-direct-addressing-tables,2,Data Structures,medium
data-structure-questions-answers-direct-addressing-tables,4,Data Structures,medium
data-structure-questions-answers-direct-addressing-tables,5,Data Structures,easy
data-structure-questions-answers-direct-addressing-tables,6,Data Structures,medium
data-structure-questions-answers-direct-addressing-tables,7,Data Structures,easy
data-structure-questions-answers-graph,1,Data Structures,hard
data-structure-questions-answers-graph,2,Data Structures,easy
data-structure-questions-answers-graph,3,Data Structures,hard
data-structure-questions-answers-graph,4,Data Structures,easy
data-structure-questions-answers-graph,5,Data Structures,easy
data-structure-questions-answers-graph,6,Data Structures,easy
data-structure-questions-answers-graph,7,Data Structures,easy
data-structure-questions-answers-graph,8,Data Structures,medium
data-structure-questions-answers-graph,9,Data Structures,hard
data-structure-questions-answers-graph,10,Data Structures,easy
data-structure-questions-answers-graph,11,Data Structures,hard
data-structure-questions-answers-graph,12,Data Structures,hard
data-structure-questions-answers-graph,13,Data Structures,medium
data-structure-questions-answers-graph,14,Data Structures,easy
data-structure-questions-answers-graph,15,Data Structures,medium
data-structure-questions-answers-adjacency-matrix,1,Data Structures,easy
data-structure-questions-answers-adjacency-matrix,2,Data Structures,easy
data-structure-questions-answers-incidence-matrix-graph-structured-stack,1,Data Structures,easy
data-structure-questions-answers-incidence-matrix-graph-structured-stack,2,Data Structures,easy
data-structure-questions-answers-incidence-matrix-graph-structured-stack,3,Data Structures,easy
data-structure-questions-answers-incidence-matrix-graph-structured-stack,4,Data Structures,easy
data-structure-questions-answers-incidence-matrix-graph-structured-stack,5,Data Structures,medium
data-structure-questions-answers-incidence-matrix-graph-structured-stack,6,Data Structures,hard
data-structure-questions-answers-incidence-matrix-graph-structured-stack,7,Data Structures,medium
data-structure-questions-answers-incidence-matrix-graph-structured-stack,8,Data Structures,easy
data-structure-questions-answers-incidence-matrix-graph-structured-stack,9,Data Structures,easy
data-structure-questions-answers-incidence-matrix-graph-structured-stack,10,Data Structures,medium
data-structure-questions-answers-incidence-matrix-graph-structured-stack,11,Data Structures,easy
data-structure-questions-answers-incidence-matrix-graph-structured-stack,12,Data Structures,medium
data-structure-questions-answers-adjacency-list,1,Data Structures,hard
data-structure-questions-answers-adjacency-list,2,Data Structures,easy
data-structure-questions-answers-adjacency-list,3,Data Structures,medium
data-structure-questions-answers-adjacency-list,4,Data Structures,hard
data-structure-questions-answers-adjacency-list,5,Data Structures,hard
data-structure-questions-answers-adjacency-list,6,Data Structures,medium
data-structure-questions-answers-adjacency-list,7,Data Structures,easy
data-structure-questions-answers-adjacency-list,8,Data Structures,easy
data-structure-questions-answers-adjacency-list,9,Data Structures,hard
data-structure-questions-answers-adjacency-list,10,Data Structures,hard
data-structure-questions-answers-undirected-graph,1,Data Structures,easy
data-structure-questions-answers-undirected-graph,2,Data Structures,medium
data-structure-questions-answers-undirected-graph,3,Data Structures,easy
data-structure-questions-answers-undirected-graph,4,Data Structures,medium
data-structure-questions-answers-undirected-graph,6,Data Structures,easy
data-structure-questions-answers-undirected-graph,7,Data Structures,easy
data-structure-questions-answers-undirected-graph,8,Data Structures,medium
data-structure-questions-answers-undirected-graph,9,Data Structures,easy
data-structure-questions-answers-undirected-graph,10,Data Structures,hard
data-structure-questions-answers-directed-graph,1,Data Structures,medium
data-structure-questions-answers-directed-graph,2,Data Structures,easy
data-structure-questions-answers-directed-graph,3,Data Structures,easy
data-structure-questions-answers-directed-graph,4,Data Structures,hard
data-structure-questions-answers-directed-graph,5,Data Structures,easy
data-structure-questions-answers-directed-graph,6,Data Structures,hard
data-structure-questions-answers-directed-graph,7,Data Structures,easy
data-structure-questions-answers-directed-graph,8,Data Structures,easy
data-structure-questions-answers-directed-graph,9,Data Structures,medium
data-structure-questions-answers-directed-graph,10,Data Structures,medium
data-structure-questions-answers-directed-acyclic-graph,1,Data Structures,easy
data-structure-questions-answers-directed-acyclic-graph,2,Data Structures,hard
data-structure-questions-answers-directed-acyclic-graph,3,Data Structures,easy
data-structure-questions-answers-directed-acyclic-graph,4,Data Structures,easy
data-structure-questions-answers-directed-acyclic-graph,5,Data Structures,hard
data-structure-questions-answers-directed-acyclic-graph,6,Data Structures,medium
data-structure-questions-answers-directed-acyclic-graph,7,Data Structures,hard
data-structure-questions-answers-directed-acyclic-graph,8,Data Structures,medium
data-structure-questions-answers-directed-acyclic-graph,9,Data Structures,medium
data-structure-questions-answers-directed-acyclic-graph,10,Data Structures,medium
data-structure-questions-answers-propositional-directed-acyclic-word-graph,1,Data Structures,medium
data-structure-questions-answers-propositional-directed-acyclic-word-graph,2,Data Structures,easy
data-structure-questions-answers-propositional-directed-acyclic-word-graph,3,Data Structures,easy
data-structure-questions-answers-propositional-directed-acyclic-word-graph,4,Data Structures,hard
data-structure-questions-answers-propositional-directed-acyclic-word-graph,5,Data Structures,medium
data-structure-questions-answers-propositional-directed-acyclic-word-graph,6,Data Structures,medium
data-structure-questions-answers-propositional-directed-acyclic-word-graph,7,Data Structures,medium
data-structure-questions-answers-propositional-directed-acyclic-word-graph,8,Data Structures,medium
data-structure-questions-answers-propositional-directed-acyclic-word-graph,9,Data Structures,easy
data-structure-questions-answers-propositional-directed-acyclic-word-graph,10,Data Structures,easy
data-structure-questions-answers-multigraph-hypergraph,1,Data Structures,medium
data-structure-questions-answers-multigraph-hypergraph,2,Data Structures,easy
data-structure-questions-answers-multigraph-hypergraph,3,Data Structures,easy
data-structure-questions-answers-multigraph-hypergraph,6,Data Structures,easy
data-structure-questions-answers-multigraph-hypergraph,7,Data Structures,hard
data-structure-questions-answers-multigraph-hypergraph,8,Data Structures,medium
data-structure-questions-answers-multigraph-hypergraph,9,Data Structures,medium
data-structure-questions-answers-multigraph-hypergraph,10,Data Structures,easy
data-structure-questions-answers-test,1,Data Structures,easy
data-structure-questions-answers-test,2,Data Structures,medium
data-structure-questions-answers-test,3,Data Structures,easy
data-structure-questions-answers-test,4,Data Structures,easy
data-structure-questions-answers-test,5,Data Structures,easy
data-structure-questions-answers-test,6,Data Structures,easy
data-structure-questions-answers-test,7,Data Structures,hard
data-structure-questions-answers-test,8,Data Structures,easy
data-structure-questions-answers-test,9,Data Structures,easy
data-structure-questions-answers-test,10,Data Structures,hard
data-structure-questions-answers-linear-search-iterative,1,Data Structures,medium
data-structure-questions-answers-linear-search-iterative,2,Data Structures,easy
data-structure-questions-answers-linear-search-iterative,3,Data Structures,easy
data-structure-questions-answers-linear-search-iterative,4,Data Structures,easy
data-structure-questions-answers-linear-search-iterative,5,Data Structures,easy
data-structure-questions-answers-linear-search-iterative,6,Data Structures,hard
data-structure-questions-answers-linear-search-iterative,7,Data Structures,easy
data-structure-questions-answers-linear-search-iterative,8,Data Structures,hard
data-structure-questions-answers-linear-search-iterative,9,Data Structures,easy
data-structure-questions-answers-linear-search-iterative,10,Data Structures,medium
data-structure-questions-answers-binary-search-iterative,1,Data Structures,easy
data-structure-questions-answers-binary-search-iterative,2,Data Structures,easy
data-structure-questions-answers-binary-search-iterative,3,Data Structures,easy
data-structure-questions-answers-binary-search-iterative,4,Data Structures,medium
data-structure-questions-answers-binary-search-iterative,5,Data Structures,medium
data-structure-questions-answers-binary-search-iterative,6,Data Structures,medium
data-structure-questions-answers-binary-search-iterative,7,Data Structures,hard
data-structure-questions-answers-binary-search-iterative,8,Data Structures,easy
data-structure-questions-answers-binary-search-iterative,9,Data Structures,medium
data-structure-questions-answers-binary-search-iterative,10,Data Structures,easy
data-structure-questions-answers-binary-search-iterative,11,Data Structures,medium
data-structure-questions-answers-binary-search-iterative,12,Data Structures,medium
data-structure-questions-answers-uniform-binary-search,1,Data Structures,medium
data-structure-questions-answers-uniform-binary-search,2,Data Structures,hard
data-structure-questions-answers-uniform-binary-search,3,Data Structures,medium
data-structure-questions-answers-uniform-binary-search,4,Data Structures,easy
data-structure-questions-answers-uniform-binary-search,5,Data Structures,medium
data-structure-questions-answers-uniform-binary-search,6,Data Structures,medium
data-structure-questions-answers-uniform-binary-search,7,Data Structures,easy
data-structure-questions-answers-uniform-binary-search,8,Data Structures,hard
data-structure-questions-answers-fibonacci-search,1,Data Structures,medium
data-structure-questions-answers-fibonacci-search,2,Data Structures,medium
data-structure-questions-answers-fibonacci-search,3,Data Structures,easy
data-structure-questions-answers-fibonacci-search,4,Data Structures,medium
data-structure-questions-answers-fibonacci-search,5,Data Structures,hard
data-structure-questions-answers-fibonacci-search,6,Data Structures,easy
data-structure-questions-answers-fibonacci-search,7,Data Structures,easy
data-structure-questions-answers-fibonacci-search,8,Data Structures,medium
data-structure-questions-answers-selection-sort,1,Data Structures,hard
data-structure-questions-answers-selection-sort,2,Data Structures,medium
data-structure-questions-answers-selection-sort,3,Data Structures,medium
data-structure-questions-answers-selection-sort,4,Data Structures,easy
data-structure-questions-answers-selection-sort,5,Data Structures,medium
data-structure-questions-answers-selection-sort,6,Data Structures,medium
data-structure-questions-answers-selection-sort,7,Data Structures,easy
data-structure-questions-answers-selection-sort,8,Data Structures,medium
data-structure-questions-answers-selection-sort,10,Data Structures,medium
data-structure-questions-answers-bubble-sort,1,Data Structures,hard
data-structure-questions-answers-bubble-sort,2,Data Structures,hard
data-structure-questions-answers-bubble-sort,3,Data Structures,medium
data-structure-questions-answers-bubble-sort,4,Data Structures,easy
data-structure-questions-answers-bubble-sort,5,Data Structures,medium
data-structure-questions-answers-bubble-sort,6,Data Structures,hard
data-structure-questions-answers-bubble-sort,7,Data Structures,medium
data-structure-questions-answers-bubble-sort,8,Data Structures,easy
data-structure-questions-answers-bubble-sort,9,Data Structures,easy
data-structure-questions-answers-pancake-sort,1,Data Structures,medium
data-structure-questions-answers-pancake-sort,2,Data Structures,easy
data-structure-questions-answers-pancake-sort,3,Data Structures,hard
data-structure-questions-answers-pancake-sort,4,Data Structures,easy
data-structure-questions-answers-pancake-sort,5,Data Structures,medium
data-structure-questions-answers-pancake-sort,6,Data Structures,hard
data-structure-questions-answers-pancake-sort,7,Data Structures,hard
data-structure-questions-answers-pancake-sort,8,Data Structures,hard
data-structure-questions-answers-pancake-sort,9,Data Structures,hard
data-structure-questions-answers-pancake-sort,10,Data Structures,hard
data-structure-questions-answers-generating-combinations,1,Data Structures,easy
data-structure-questions-answers-generating-combinations,2,Data Structures,easy
data-structure-questions-answers-generating-combinations,3,Data Structures,medium
data-structure-questions-answers-generating-combinations,4,Data Structures,medium
data-structure-questions-answers-generating-combinations,5,Data Structures,easy
data-structure-questions-answers-generating-combinations,6,Data Structures,medium
data-structure-questions-answers-generating-combinations,7,Data Structures,hard
data-structure-questions-answers-generating-combinations,8,Data Structures,medium
data-structure-questions-answers-generating-partitions,1,Data Structures,medium
data-structure-questions-answers-generating-partitions,2,Data Structures,easy
data-structure-questions-answers-generating-partitions,3,Data Structures,easy
data-structure-questions-answers-generating-partitions,4,Data Structures,hard
data-structure-questions-answers-generating-partitions,5,Data Structures,medium
data-structure-questions-answers-generating-partitions,6,Data Structures,hard
data-structure-questions-answers-generating-partitions,7,Data Structures,easy
data-structure-questions-answers-generating-partitions,9,Data Structures,hard
data-structure-questions-answers-generating-partitions,10,Data Structures,medium
data-structure-questions-answers-generating-subsets,1,Data Structures,easy
data-structure-questions-answers-generating-subsets,2,Data Structures,easy
data-structure-questions-answers-generating-subsets,4,Data Structures,hard
data-structure-questions-answers-generating-subsets,5,Data Structures,hard
data-structure-questions-answers-generating-subsets,8,Data Structures,medium
data-structure-questions-answers-generating-subsets,9,Data Structures,easy
data-structure-questions-answers-depth-first-search,1,Data Structures,easy
data-structure-questions-answers-depth-first-search,2,Data Structures,medium
data-structure-questions-answers-depth-first-search,3,Data Structures,easy
data-structure-questions-answers-depth-first-search,4,Data Structures,easy
data-structure-questions-answers-depth-first-search,5,Data Structures,hard
data-structure-questions-answers-depth-first-search,6,Data Structures,hard
data-structure-questions-answers-depth-first-search,7,Data Structures,medium
data-structure-questions-answers-depth-first-search,8,Data Structures,medium
data-structure-questions-answers-depth-first-search,9,Data Structures,easy
data-structure-questions-answers-non-recursive-depth-first-search,1,Data Structures,medium
data-structure-questions-answers-non-recursive-depth-first-search,2,Data Structures,medium
data-structure-questions-answers-non-recursive-depth-first-search,3,Data Structures,easy
data-structure-questions-answers-non-recursive-depth-first-search,4,Data Structures,hard
data-structure-questions-answers-non-recursive-depth-first-search,5,Data Structures,hard
data-structure-questions-answers-non-recursive-depth-first-search,6,Data Structures,hard
data-structure-questions-answers-non-recursive-depth-first-search,7,Data Structures,medium
data-structure-questions-answers-non-recursive-depth-first-search,8,Data Structures,hard
data-structure-questions-answers-non-recursive-depth-first-search,9,Data Structures,medium
data-structure-questions-answers-non-recursive-depth-first-search,10,Data Structures,medium
data-structure-questions-answers-breadth-first-search,1,Data Structures,easy
data-structure-questions-answers-breadth-first-search,2,Data Structures,medium
data-structure-questions-answers-breadth-first-search,3,Data Structures,easy
data-structure-questions-answers-breadth-first-search,4,Data Structures,easy
data-structure-questions-answers-breadth-first-search,5,Data Structures,hard
data-structure-questions-answers-breadth-first-search,6,Data Structures,hard
data-structure-questions-answers-breadth-first-search,7,Data Structures,medium
data-structure-questions-answers-breadth-first-search,8,Data Structures,medium
data-structure-questions-answers-breadth-first-search,9,Data Structures,easy
data-structure-questions-answers-graph-coloring-edge-coloring,1,Data Structures,medium
data-structure-questions-answers-graph-coloring-edge-coloring,2,Data Structures,easy
data-structure-questions-answers-graph-coloring-edge-coloring,3,Data Structures,easy
data-structure-questions-answers-graph-coloring-edge-coloring,4,Data Structures,hard
data-structure-questions-answers-graph-coloring-edge-coloring,5,Data Structures,easy
data-structure-questions-answers-graph-coloring-edge-coloring,6,Data Structures,easy
data-structure-questions-answers-graph-coloring-edge-coloring,7,Data Structures,easy
data-structure-questions-answers-graph-coloring-edge-coloring,8,Data Structures,medium
data-structure-questions-answers-recursion,1,Data Structures,medium
data-structure-questions-answers-recursion,2,Data Structures,medium
data-structure-questions-answers-recursion,3,Data Structures,medium
data-structure-questions-answers-recursion,4,Data Structures,easy
data-structure-questions-answers-recursion,5,Data Structures,medium
data-structure-questions-answers-recursion,6,Data Structures,hard
data-structure-questions-answers-recursion,10,Data Structures,medium
data-structure-questions-answers-recursion,11,Data Structures,hard
data-structure-questions-answers-recursion,12,Data Structures,hard
data-structure-questions-answers-recursion,14,Data Structures,hard
data-structure-questions-answers-factorial-recursion,1,Data Structures,medium
data-structure-questions-answers-factorial-recursion,2,Data Structures,hard
data-structure-questions-answers-factorial-recursion,3,Data Structures,hard
data-structure-questions-answers-factorial-recursion,5,Data Structures,hard
data-structure-questions-answers-factorial-recursion,10,Data Structures,medium
data-structure-questions-answers-fibonacci-recursion,1,Data Structures,easy
data-structure-questions-answers-fibonacci-recursion,2,Data Structures,hard
data-structure-questions-answers-fibonacci-recursion,3,Data Structures,hard
data-structure-questions-answers-fibonacci-recursion,4,Data Structures,hard
data-structure-questions-answers-fibonacci-recursion,5,Data Structures,hard
data-structure-questions-answers-fibonacci-recursion,6,Data Structures,hard
data-structure-questions-answers-fibonacci-recursion,7,Data Structures,hard
data-structure-questions-answers-fibonacci-recursion,12,Data Structures,hard
data-structure-questions-answers-aptitude-test,1,Data Structures,hard
data-structure-questions-answers-aptitude-test,2,Data Structures,medium
data-structure-questions-answers-aptitude-test,3,Data Structures,hard
data-structure-questions-answers-aptitude-test,4,Data Structures,hard
data-structure-questions-answers-aptitude-test,6,Data Structures,hard
data-structure-questions-answers-aptitude-test,7,Data Structures,hard
data-structure-questions-answers-aptitude-test,9,Data Structures,hard
data-structure-questions-bank,1,Data Structures,medium
data-structure-questions-bank,2,Data Structures,easy
data-structure-questions-bank,4,Data Structures,hard
data-structure-questions-bank,6,Data Structures,hard
data-structure-questions-bank,8,Data Structures,hard
data-structure-questions-bank,10,Data Structures,hard
data-structure-questions-bank,12,Data Structures,hard
data-structure-questions-answers-string-reversal-recursion,1,Data Structures,hard
data-structure-questions-answers-string-reversal-recursion,2,Data Structures,hard
data-structure-questions-answers-string-reversal-recursion,3,Data Structures,medium
data-structure-questions-answers-string-reversal-recursion,6,Data Structures,hard
data-structure-questions-answers-string-reversal-recursion,7,Data Structures,hard
data-structure-questions-answers-string-reversal-recursion,9,Data Structures,medium
data-structure-questions-answers-string-reversal-recursion,10,Data Structures,hard
data-structure-questions-answers-campus-interviews,1,Data Structures,medium
data-structure-questions-answers-campus-interviews,2,Data Structures,hard
data-structure-questions-answers-campus-interviews,3,Data Structures,hard
data-structure-questions-answers-campus-interviews,4,Data Structures,hard
data-structure-questions-answers-campus-interviews,6,Data Structures,hard
data-structure-questions-answers-campus-interviews,7,Data Structures,hard
data-structure-questions-answers-campus-interviews,12,Data Structures,hard
data-structure-basic-questions-answers,1,Data Structures,hard
data-structure-basic-questions-answers,2,Data Structures,hard
data-structure-questions-answers-length-string-recursion,1,Data Structures,hard
data-structure-questions-answers-length-string-recursion,2,Data Structures,hard
data-structure-questions-answers-length-string-recursion,6,Data Structures,hard
data-structure-questions-answers-length-string-recursion,9,Data Structures,hard
data-structure-questions-answers-online-test,1,Data Structures,medium
data-structure-questions-answers-online-test,2,Data Structures,hard
data-structure-questions-answers-online-test,3,Data Structures,hard
data-structure-questions-answers-online-test,4,Data Structures,hard
data-structure-questions-answers-online-test,7,Data Structures,hard
data-structure-questions-answers-online-test,8,Data Structures,hard
data-structure-questions-answers-online-quiz,1,Data Structures,medium
data-structure-questions-answers-online-quiz,2,Data Structures,hard
data-structure-questions-answers-online-quiz,3,Data Structures,hard
data-structure-questions-answers-online-quiz,5,Data Structures,hard
data-structure-questions-answers-online-quiz,7,Data Structures,hard
data-structure-questions-answers-search-element-array-recursion-1,1,Data Structures,medium
data-structure-questions-answers-search-element-array-recursion-1,2,Data Structures,medium
data-structure-questions-answers-search-element-array-recursion-1,3,Data Structures,hard
data-structure-questions-answers-search-element-array-recursion-1,6,Data Structures,hard
data-structure-questions-answers-quiz,2,Data Structures,hard
data-structure-questions-answers-quiz,3,Data Structures,hard
data-structure-questions-answers-quiz,6,Data Structures,medium
data-structure-questions-answers-entrance-exams,1,Data Structures,medium
data-structure-questions-answers-entrance-exams,2,Data Structures,hard
data-structure-questions-answers-entrance-exams,7,Data Structures,easy
data-structure-questions-answers-entrance-exams,8,Data Structures,medium
data-structure-questions-answers-power-number-recursion-logn-time,1,Data Structures,hard
data-structure-questions-answers-power-number-recursion-logn-time,2,Data Structures,hard
data-structure-questions-answers-power-number-recursion-logn-time,4,Data Structures,hard
data-structure-questions-answers-power-number-recursion-logn-time,5,Data Structures,easy
data-structure-questions-answers-power-number-recursion-logn-time,6,Data Structures,hard
data-structure-questions-answers-power-number-recursion-logn-time,7,Data Structures,medium
data-structure-questions-answers-power-number-recursion-logn-time,8,Data Structures,medium
data-structure-questions-answers-power-number-recursion-logn-time,9,Data Structures,easy
data-structure-questions-answers-power-number-recursion-logn-time,10,Data Structures,hard
data-structure-questions-answers-dynamic-programming,1,Data Structures,medium
data-structure-questions-answers-dynamic-programming,2,Data Structures,easy
data-structure-questions-answers-dynamic-programming,3,Data Structures,easy
data-structure-questions-answers-dynamic-programming,4,Data Structures,easy
data-structure-questions-answers-dynamic-programming,5,Data Structures,medium
data-structure-questions-answers-dynamic-programming,6,Data Structures,medium
data-structure-questions-answers-dynamic-programming,7,Data Structures,easy
data-structure-questions-answers-dynamic-programming,8,Data Structures,medium
data-structure-questions-answers-dynamic-programming,9,Data Structures,hard
data-structure-questions-answers-fibonacci-dynamic-programming,1,Data Structures,medium
data-structure-questions-answers-fibonacci-dynamic-programming,2,Data Structures,medium
data-structure-questions-answers-fibonacci-dynamic-programming,3,Data Structures,medium
data-structure-questions-answers-fibonacci-dynamic-programming,4,Data Structures,hard
data-structure-questions-answers-fibonacci-dynamic-programming,7,Data Structures,medium
data-structure-questions-answers-fibonacci-dynamic-programming,10,Data Structures,hard
data-structure-questions-answers-fibonacci-dynamic-programming,11,Data Structures,hard
data-structure-questions-answers-coin-change-problem,1,Data Structures,medium
data-structure-questions-answers-coin-change-problem,2,Data Structures,hard
data-structure-questions-answers-coin-change-problem,4,Data Structures,hard
data-structure-questions-answers-coin-change-problem,6,Data Structures,hard
data-structure-questions-answers-coin-change-problem,7,Data Structures,hard
data-structure-questions-answers-coin-change-problem,8,Data Structures,medium
data-structure-questions-answers-coin-change-problem,9,Data Structures,hard
data-structure-questions-answers-maximum-sum-continuous-subarray-1,1,Data Structures,medium
data-structure-questions-answers-maximum-sum-continuous-subarray-1,2,Data Structures,easy
data-structure-questions-answers-maximum-sum-continuous-subarray-1,4,Data Structures,hard
data-structure-questions-answers-maximum-sum-continuous-subarray-1,8,Data Structures,hard
data-structure-questions-answers-mcqs,1,Data Structures,hard
data-structure-questions-answers-mcqs,6,Data Structures,easy
data-structure-questions-answers-kadanes-algorithm,1,Data Structures,medium
data-structure-questions-answers-kadanes-algorithm,2,Data Structures,hard
data-structure-questions-answers-kadanes-algorithm,3,Data Structures,hard
data-structure-questions-answers-kadanes-algorithm,4,Data Structures,hard
data-structure-questions-answers-kadanes-algorithm,5,Data Structures,hard
data-structure-questions-answers-kadanes-algorithm,6,Data Structures,medium
data-structure-questions-answers-kadanes-algorithm,7,Data Structures,medium
data-structure-questions-answers-kadanes-algorithm,10,Data Structures,hard
data-structure-questions-answers-longest-increasing-subsequence,1,Data Structures,medium
data-structure-questions-answers-longest-increasing-subsequence,2,Data Structures,medium
data-structure-questions-answers-longest-increasing-subsequence,3,Data Structures,easy
data-structure-questions-answers-longest-increasing-subsequence,4,Data Structures,easy
data-structure-questions-answers-longest-increasing-subsequence,5,Data Structures,easy
data-structure-questions-answers-longest-increasing-subsequence,6,Data Structures,hard
data-structure-questions-answers-longest-increasing-subsequence,7,Data Structures,hard
data-structure-questions-answers-rod-cutting,1,Data Structures,hard
data-structure-questions-answers-rod-cutting,2,Data Structures,medium
data-structure-questions-answers-rod-cutting,3,Data Structures,hard
data-structure-questions-answers-rod-cutting,4,Data Structures,medium
data-structure-questions-answers-rod-cutting,5,Data Structures,hard
data-structure-questions-answers-rod-cutting,9,Data Structures,easy
data-structure-questions-answers-rod-cutting,10,Data Structures,hard
data-structure-questions-answers-minimum-number-jumps,1,Data Structures,hard
data-structure-questions-answers-minimum-number-jumps,3,Data Structures,hard
data-structure-questions-answers-minimum-number-jumps,4,Data Structures,easy
data-structure-questions-answers-minimum-number-jumps,6,Data Structures,medium
data-structure-questions-answers-minimum-number-jumps,7,Data Structures,hard
data-structure-questions-answers-0-1-knapsack-problem,1,Data Structures,easy
data-structure-questions-answers-0-1-knapsack-problem,2,Data Structures,medium
data-structure-questions-answers-0-1-knapsack-problem,3,Data Structures,medium
data-structure-questions-answers-0-1-knapsack-problem,4,Data Structures,hard
data-structure-questions-answers-0-1-knapsack-problem,5,Data Structures,medium
data-structure-questions-answers-0-1-knapsack-problem,6,Data Structures,medium
data-structure-questions-answers-0-1-knapsack-problem,7,Data Structures,hard
data-structure-questions-answers-matrix-chain-multiplication,1,Data Structures,medium
data-structure-questions-answers-matrix-chain-multiplication,2,Data Structures,hard
data-structure-questions-answers-matrix-chain-multiplication,3,Data Structures,medium
data-structure-questions-answers-matrix-chain-multiplication,5,Data Structures,medium
data-structure-questions-answers-matrix-chain-multiplication,6,Data Structures,hard
data-structure-questions-answers-matrix-chain-multiplication,7,Data Structures,hard
data-structure-questions-answers-longest-common-subsequence,1,Data Structures,medium
data-structure-questions-answers-longest-common-subsequence,2,Data Structures,easy
data-structure-questions-answers-longest-common-subsequence,3,Data Structures,medium
data-structure-questions-answers-longest-common-subsequence,4,Data Structures,easy
data-structure-questions-answers-longest-common-subsequence,5,Data Structures,hard
data-structure-questions-answers-longest-common-subsequence,6,Data Structures,hard
data-structure-questions-answers-longest-common-subsequence,10,Data Structures,medium
data-structure-questions-answers-longest-palindromic-subsequence,1,Data Structures,medium
data-structure-questions-answers-longest-palindromic-subsequence,2,Data Structures,hard
data-structure-questions-answers-longest-palindromic-subsequence,3,Data Structures,hard
data-structure-questions-answers-longest-palindromic-subsequence,4,Data Structures,easy
data-structure-questions-answers-longest-palindromic-subsequence,5,Data Structures,hard
data-structure-questions-answers-longest-palindromic-subsequence,6,Data Structures,easy
data-structure-questions-answers-longest-palindromic-subsequence,7,Data Structures,easy
data-structure-questions-answers-longest-palindromic-subsequence,8,Data Structures,hard
data-structure-questions-answers-edit-distance-problem,1,Data Structures,medium
data-structure-questions-answers-edit-distance-problem,2,Data Structures,easy
data-structure-questions-answers-edit-distance-problem,3,Data Structures,medium
data-structure-questions-answers-edit-distance-problem,4,Data Structures,hard
data-structure-questions-answers-edit-distance-problem,5,Data Structures,medium
data-structure-questions-answers-edit-distance-problem,6,Data Structures,easy
data-structure-questions-answers-edit-distance-problem,7,Data Structures,easy
data-structure-questions-answers-edit-distance-problem,8,Data Structures,hard
data-structure-questions-answers-wagner-fischer-algorithm,1,Data Structures,medium
data-structure-questions-answers-wagner-fischer-algorithm,3,Data Structures,easy
data-structure-questions-answers-wagner-fischer-algorithm,4,Data Structures,medium
data-structure-questions-answers-wagner-fischer-algorithm,6,Data Structures,hard
data-structure-multiple-choice-questions-answers,1,Data Structures,hard
data-structure-multiple-choice-questions-answers,2,Data Structures,medium
data-structure-multiple-choice-questions-answers,3,Data Structures,hard
data-structure-multiple-choice-questions-answers,4,Data Structures,medium
data-structure-multiple-choice-questions-answers,5,Data Structures,hard
data-structure-multiple-choice-questions-answers,6,Data Structures,hard
data-structure-multiple-choice-questions-answers,7,Data Structures,hard
data-structure-multiple-choice-questions-answers,8,Data Structures,hard
data-structure-questions-answers-assembly-line-scheduling,1,Data Structures,medium
data-structure-questions-answers-assembly-line-scheduling,2,Data Structures,hard
data-structure-questions-answers-assembly-line-scheduling,3,Data Structures,easy
data-structure-questions-answers-assembly-line-scheduling,4,Data Structures,hard
data-structure-questions-answers-assembly-line-scheduling,6,Data Structures,medium
data-structure-questions-answers-assembly-line-scheduling,7,Data Structures,hard
data-structure-questions-answers-assembly-line-scheduling,8,Data Structures,hard
data-structure-assessment-questions-answers,1,Data Structures,hard
data-structure-assessment-questions-answers,2,Data Structures,medium
data-structure-assessment-questions-answers,3,Data Structures,medium
data-structure-assessment-questions-answers,4,Data Structures,easy
data-structure-assessment-questions-answers,5,Data Structures,easy
data-structure-assessment-questions-answers,6,Data Structures,medium
data-structure-assessment-questions-answers,7,Data Structures,hard
data-structure-problems,1,Data Structures,hard
data-structure-problems,2,Data Structures,hard
data-structure-problems,3,Data Structures,hard
data-structure-problems,4,Data Structures,hard
data-structure-problems,5,Data Structures,easy
data-structure-problems,8,Data Structures,medium
data-structure-problems,9,Data Structures,hard
data-structure-problems,10,Data Structures,hard
data-structure-questions-answers-balanced-partition,1,Data Structures,hard
data-structure-questions-answers-balanced-partition,2,Data Structures,hard
data-structure-questions-answers-balanced-partition,3,Data Structures,hard
data-structure-questions-answers-balanced-partition,4,Data Structures,hard
data-structure-questions-answers-balanced-partition,5,Data Structures,hard
data-structure-questions-answers-balanced-partition,10,Data Structures,easy
data-structure-questions-answers-dice-throw-problem,1,Data Structures,hard
data-structure-questions-answers-dice-throw-problem,2,Data Structures,medium
data-structure-questions-answers-dice-throw-problem,4,Data Structures,medium
data-structure-questions-answers-dice-throw-problem,5,Data Structures,medium
data-structure-questions-answers-dice-throw-problem,8,Data Structures,hard
data-structure-questions-answers-counting-boolean-parenthesizations,1,Data Structures,hard
data-structure-questions-answers-counting-boolean-parenthesizations,2,Data Structures,medium
data-structure-questions-answers-counting-boolean-parenthesizations,5,Data Structures,medium
data-structure-questions-answers-counting-boolean-parenthesizations,6,Data Structures,hard
data-structure-questions-answers-counting-boolean-parenthesizations,7,Data Structures,hard
data-structure-questions-answers-topological-sorting,1,Data Structures,medium
data-structure-questions-answers-topological-sorting,2,Data Structures,hard
data-structure-questions-answers-topological-sorting,3,Data Structures,easy
data-structure-questions-answers-topological-sorting,4,Data Structures,hard
data-structure-questions-answers-topological-sorting,5,Data Structures,easy
data-structure-questions-answers-topological-sorting,6,Data Structures,easy
data-structure-questions-answers-topological-sorting,7,Data Structures,easy
data-structure-questions-answers-topological-sorting,8,Data Structures,medium
data-structure-questions-answers-topological-sorting,9,Data Structures,medium
1000-python-questions-answers,1,Python,easy
1000-python-questions-answers,2,Python,easy
1000-python-questions-answers,3,Python,easy
1000-python-questions-answers,4,Python,easy
1000-python-questions-answers,5,Python,easy
1000-python-questions-answers,6,Python,easy
1000-python-questions-answers,7,Python,easy
1000-python-questions-answers,8,Python,easy
1000-python-questions-answers,9,Python,easy
1000-python-questions-answers,10,Python,easy
1000-python-questions-answers,11,Python,hard
1000-python-questions-answers,12,Python,medium
1000-python-questions-answers,13,Python,easy
1000-python-questions-answers,14,Python,easy
1000-python-questions-answers,15,Python,medium
1000-python-questions-answers,16,Python,easy
1000-python-questions-answers,17,Python,medium
1000-python-questions-answers,18,Python,easy
1000-python-questions-answers,19,Python,easy
1000-python-questions-answers,20,Python,hard
1000-python-questions-answers,21,Python,easy
1000-python-questions-answers,22,Python,medium
1000-python-questions-answers,23,Python,easy
1000-python-questions-answers,24,Python,hard
1000-python-questions-answers,25,Python,hard
1000-python-questions-answers,26,Python,medium
1000-python-questions-answers,27,Python,easy
1000-python-questions-answers,28,Python,medium
1000-python-questions-answers,29,Python,medium
1000-python-questions-answers,30,Python,hard
1000-python-questions-answers,31,Python,hard
1000-python-questions-answers,32,Python,easy
1000-python-questions-answers,33,Python,easy
1000-python-questions-answers,34,Python,easy
1000-python-questions-answers,35,Python,hard
1000-python-questions-answers,36,Python,hard
1000-python-questions-answers,37,Python,easy
python-questions-answers-variable-names,2,Python,easy
python-questions-answers-variable-names,3,Python,hard
python-questions-answers-variable-names,4,Python,easy
python-questions-answers-variable-names,5,Python,medium
python-questions-answers-variable-names,6,Python,hard
python-questions-answers-variable-names,9,Python,medium
python-questions-answers-variable-names,10,Python,hard
python-mcqs-basic-operators,1,Python,easy
python-mcqs-basic-operators,2,Python,easy
python-mcqs-basic-operators,3,Python,easy
python-mcqs-basic-operators,4,Python,easy
python-mcqs-basic-operators,5,Python,easy
python-mcqs-basic-operators,6,Python,easy
python-mcqs-basic-operators,7,Python,easy
python-mcqs-basic-operators,8,Python,easy
python-mcqs-basic-operators,9,Python,easy
python-mcqs-basic-operators,10,Python,easy
python-mcqs-core-datatypes,1,Python,hard
python-mcqs-core-datatypes,2,Python,medium
python-mcqs-core-datatypes,3,Python,medium
python-mcqs-core-datatypes,4,Python,medium
python-mcqs-core-datatypes,5,Python,easy
python-mcqs-core-datatypes,6,Python,hard
python-questions-answers-numeric-types,1,Python,easy
python-questions-answers-numeric-types,2,Python,hard
python-questions-answers-numeric-types,3,Python,easy
python-questions-answers-numeric-types,4,Python,easy
python-questions-answers-numeric-types,6,Python,hard
python-questions-answers-numeric-types,7,Python,easy
python-questions-answers-numeric-types,9,Python,easy
python-questions-answers-precedence-associativity-1,1,Python,easy
python-questions-answers-precedence-associativity-1,3,Python,easy
python-questions-answers-precedence-associativity-1,4,Python,easy
python-questions-answers-precedence-associativity-1,5,Python,easy
python-questions-answers-precedence-associativity-1,6,Python,easy
python-questions-answers-precedence-associativity-1,10,Python,easy
python-questions-answers-precedence-associativity-2,1,Python,medium
python-questions-answers-precedence-associativity-2,2,Python,easy
python-questions-answers-precedence-associativity-2,3,Python,medium
python-questions-answers-precedence-associativity-2,4,Python,medium
python-questions-answers-precedence-associativity-2,5,Python,easy
python-questions-answers-precedence-associativity-2,6,Python,easy
python-questions-answers-precedence-associativity-2,7,Python,medium
python-questions-answers-precedence-associativity-2,8,Python,easy
python-questions-answers-precedence-associativity-2,10,Python,easy
python-questions-answers-bitwise-1,2,Python,easy
python-questions-answers-bitwise-1,3,Python,easy
python-questions-answers-bitwise-1,4,Python,easy
python-questions-answers-bitwise-1,5,Python,easy
python-questions-answers-bitwise-1,6,Python,medium
python-questions-answers-bitwise-1,8,Python,easy
python-questions-answers-bitwise-1,9,Python,easy
python-questions-answers-bitwise-1,10,Python,easy
python-questions-answers-bitwise-2,1,Python,medium
python-questions-answers-bitwise-2,2,Python,easy
python-questions-answers-bitwise-2,3,Python,easy
python-questions-answers-bitwise-2,4,Python,medium
python-questions-answers-bitwise-2,5,Python,easy
python-questions-answers-bitwise-2,6,Python,easy
python-questions-answers-bitwise-2,7,Python,medium
python-questions-answers-bitwise-2,8,Python,hard
python-questions-answers-bitwise-2,9,Python,easy
python-questions-answers-bitwise-2,10,Python,easy
python-questions-answers-boolean,1,Python,hard
python-questions-answers-boolean,2,Python,medium
python-questions-answers-boolean,3,Python,hard
python-questions-answers-boolean,4,Python,medium
python-questions-answers-boolean,6,Python,medium
python-questions-answers-boolean,7,Python,medium
python-questions-answers-boolean,8,Python,hard
python-questions-answers-boolean,9,Python,hard
python-questions-answers-boolean,10,Python,hard
python-questions-answers-formatting-1,1,Python,medium
python-questions-answers-formatting-1,2,Python,hard
python-questions-answers-formatting-1,3,Python,medium
python-questions-answers-formatting-1,4,Python,medium
python-questions-answers-formatting-1,5,Python,hard
python-questions-answers-formatting-1,6,Python,medium
python-questions-answers-formatting-1,7,Python,medium
python-questions-answers-formatting-1,9,Python,medium
python-questions-answers-formatting-1,10,Python,easy
python-questions-answers-formatting-2,1,Python,hard
python-questions-answers-formatting-2,2,Python,hard
python-questions-answers-formatting-2,3,Python,hard
python-questions-answers-formatting-2,4,Python,hard
python-questions-answers-formatting-2,5,Python,hard
python-questions-answers-formatting-2,7,Python,medium
python-questions-answers-formatting-2,8,Python,hard
python-questions-answers-formatting-2,9,Python,hard
python-questions-answers-formatting-2,10,Python,medium
python-questions-answers-formatting-2,11,Python,hard
python-questions-answers-formatting-2,12,Python,hard
python-questions-answers-formatting-2,13,Python,medium
python-questions-answers-formatting-2,14,Python,medium
python-questions-answers-formatting-2,15,Python,medium
python-questions-answers-advanced-formatting,1,Python,hard
python-questions-answers-advanced-formatting,3,Python,easy
python-questions-answers-advanced-formatting,4,Python,medium
python-questions-answers-advanced-formatting,5,Python,medium
python-questions-answers-advanced-formatting,6,Python,medium
python-questions-answers-advanced-formatting,7,Python,medium
python-questions-answers-advanced-formatting,8,Python,medium
python-questions-answers-advanced-formatting,9,Python,hard
python-questions-answers-decorators,1,Python,hard
python-questions-answers-decorators,3,Python,easy
python-questions-answers-decorators,4,Python,medium
python-questions-answers-while-and-for-loops-1,1,Python,medium
python-questions-answers-while-and-for-loops-1,4,Python,hard
python-questions-answers-while-and-for-loops-1,5,Python,medium
python-questions-answers-while-and-for-loops-1,6,Python,hard
advanced-python-questions-answers,1,Python,hard
advanced-python-questions-answers,2,Python,medium
advanced-python-questions-answers,3,Python,hard
tough-python-questions-answers,3,Python,medium
python-questions-answers-freshers,1,Python,medium
python-questions-answers-experienced,1,Python,medium
python-questions-answers-experienced,2,Python,medium
python-questions-answers-experienced,3,Python,hard
python-questions-answers-experienced,6,Python,medium
python-technical-questions-answers,1,Python,hard
python-mcqs-strings-1,2,Python,medium
python-mcqs-strings-1,3,Python,medium
python-mcqs-strings-1,4,Python,medium
python-mcqs-strings-1,5,Python,easy
python-mcqs-strings-1,6,Python,medium
advanced-python-interview-questions-answers,1,Python,hard
advanced-python-interview-questions-answers,3,Python,medium
advanced-python-interview-questions-answers,5,Python,medium
advanced-python-interview-questions-answers,6,Python,medium
advanced-python-interview-questions-answers,7,Python,medium
advanced-python-interview-questions-answers,9,Python,medium
advanced-python-interview-questions-answers,10,Python,easy
python-technical-interview-questions-answers,1,Python,medium
python-technical-interview-questions-answers,3,Python,medium
python-technical-interview-questions-answers,4,Python,easy
python-technical-interview-questions-answers,5,Python,easy
python-technical-interview-questions-answers,6,Python,easy
python-technical-interview-questions-answers,7,Python,hard
python-technical-interview-questions-answers,8,Python,hard
python-technical-interview-questions-answers,9,Python,easy
python-technical-interview-questions-answers,10,Python,easy
python-coding-questions-answers,1,Python,easy
python-coding-questions-answers,2,Python,easy
python-coding-questions-answers,3,Python,easy
python-coding-questions-answers,4,Python,easy
basic-python-questions-answers,1,Python,medium
basic-python-questions-answers,3,Python,medium
basic-python-questions-answers,6,Python,medium
basic-python-questions-answers,7,Python,medium
basic-python-questions-answers,10,Python,medium
python-quiz,1,Python,medium
python-quiz,4,Python,medium
python-quiz,5,Python,medium
python-quiz,6,Python,medium
python-quiz,7,Python,medium
python-quiz,8,Python,easy
python-quiz,9,Python,medium
python-quiz-online,1,Python,medium
python-quiz-online,4,Python,medium
python-quiz-online,6,Python,medium
python-quiz-online,7,Python,hard
python-quiz-online,10,Python,medium
python-multiple-choice-questions-answers,5,Python,hard
python-multiple-choice-questions-answers,7,Python,medium
python-mcqs,1,Python,medium
python-mcqs,3,Python,medium
python-mcqs,4,Python,medium
python-mcqs,5,Python,medium
python-mcqs,6,Python,medium
python-mcqs,7,Python,medium
python-mcqs,8,Python,medium
python-mcqs,9,Python,medium
python-mcqs,10,Python,medium
python-test,1,Python,medium
python-test,2,Python,medium
python-test,4,Python,medium
python-test,5,Python,medium
python-test,6,Python,medium
python-test,7,Python,medium
python-test,9,Python,medium
python-test,10,Python,medium
python-online-test,2,Python,medium
python-online-test,3,Python,medium
python-online-test,4,Python,medium
python-online-test,5,Python,medium
python-online-test,6,Python,medium
python-problems,1,Python,medium
python-question-bank,1,Python,medium
python-question-bank,2,Python,hard
python-question-bank,3,Python,medium
python-question-bank,4,Python,medium
python-question-bank,6,Python,medium
python-mcqs-lists-1,1,Python,medium
python-mcqs-lists-1,2,Python,easy
python-mcqs-lists-1,3,Python,easy
python-mcqs-lists-1,4,Python,easy
python-mcqs-lists-1,5,Python,easy
python-mcqs-lists-1,6,Python,easy
python-mcqs-lists-1,7,Python,easy
python-mcqs-lists-1,8,Python,hard
python-coding-interview-questions-answers,1,Python,medium
python-coding-interview-questions-answers,2,Python,hard
python-coding-interview-questions-answers,4,Python,easy
python-coding-interview-questions-answers,5,Python,medium
python-coding-interview-questions-answers,6,Python,easy
python-coding-interview-questions-answers,7,Python,easy
python-coding-interview-questions-answers,8,Python,easy
python-coding-interview-questions-answers,9,Python,easy
python-coding-interview-questions-answers,10,Python,easy
python-programming-questions-answers,1,Python,medium
python-programming-questions-answers,2,Python,medium
python-programming-questions-answers,3,Python,medium
python-programming-questions-answers,5,Python,hard
python-programming-questions-answers,6,Python,medium
python-programming-questions-answers,7,Python,hard
python-programming-questions-answers,8,Python,hard
python-programming-questions-answers,9,Python,medium
python-programming-questions-answers,10,Python,hard
python-programming-interview-questions-answers,1,Python,hard
python-programming-interview-questions-answers,2,Python,medium
python-programming-interview-questions-answers,3,Python,hard
python-programming-interview-questions-answers,4,Python,medium
python-programming-interview-questions-answers,5,Python,medium
python-programming-interview-questions-answers,7,Python,hard
python-programming-interview-questions-answers,8,Python,hard
python-programming-interview-questions-answers,9,Python,hard
python-programming-interview-questions-answers,10,Python,hard
python-question-papers,2,Python,easy
python-question-papers,3,Python,hard
python-question-papers,4,Python,hard
python-question-papers,5,Python,hard
python-question-papers,6,Python,hard
python-question-papers,7,Python,hard
python-question-papers,8,Python,medium
python-question-papers,9,Python,hard
python-question-papers,10,Python,hard
python-questions-answers-lists-6,1,Python,hard
python-questions-answers-lists-6,2,Python,hard
python-questions-answers-lists-6,3,Python,hard
python-questions-answers-lists-6,4,Python,hard
python-questions-answers-lists-6,5,Python,hard
python-questions-answers-lists-6,6,Python,hard
python-questions-answers-lists-6,8,Python,medium
python-questions-answers-lists-6,9,Python,hard
python-questions-answers-lists-6,10,Python,hard
python-questions-answers-lists-7,1,Python,medium
python-questions-answers-lists-7,2,Python,medium
python-questions-answers-lists-7,3,Python,medium
python-questions-answers-lists-7,4,Python,medium
python-questions-answers-lists-7,6,Python,hard
python-questions-answers-lists-7,7,Python,hard
python-questions-answers-lists-7,8,Python,hard
python-questions-answers-lists-7,9,Python,medium
python-questions-answers-lists-7,10,Python,medium
python-questions-answers-lists-7,11,Python,hard
python-questions-answers-lists-7,12,Python,hard
python-questions-answers-lists-7,13,Python,hard
python-questions-answers-lists-7,14,Python,medium
python-questions-answers-lists-7,15,Python,hard
python-questions-answers-list-comprehension,1,Python,hard
python-questions-answers-list-comprehension,2,Python,hard
python-questions-answers-list-comprehension,3,Python,hard
python-questions-answers-list-comprehension,4,Python,medium
python-questions-answers-list-comprehension,5,Python,hard
python-questions-answers-list-comprehension,6,Python,medium
python-questions-answers-list-comprehension,7,Python,hard
python-questions-answers-list-comprehension,10,Python,hard
python-questions-answers-list-comprehension-1,2,Python,hard
python-questions-answers-list-comprehension-1,3,Python,easy
python-questions-answers-list-comprehension-1,4,Python,hard
python-questions-answers-list-comprehension-2,1,Python,hard
python-questions-answers-list-comprehension-2,2,Python,medium
python-questions-answers-list-comprehension-2,3,Python,medium
python-questions-answers-list-comprehension-2,4,Python,medium
python-questions-answers-list-comprehension-2,5,Python,hard
python-questions-answers-list-comprehension-2,6,Python,easy
python-questions-answers-list-comprehension-2,7,Python,easy
python-questions-answers-list-comprehension-2,8,Python,hard
python-questions-answers-list-comprehension-2,9,Python,hard
python-questions-answers-list-comprehension-2,10,Python,hard
python-questions-answers-matrix-list-comprehension,1,Python,medium
python-questions-answers-matrix-list-comprehension,3,Python,hard
python-questions-answers-matrix-list-comprehension,4,Python,hard
python-questions-answers-matrix-list-comprehension,7,Python,hard
python-questions-answers-matrix-list-comprehension,10,Python,hard
python-questions-answers-matrix-list-comprehension,11,Python,hard
python-questions-answers-matrix-list-comprehension,12,Python,hard
python-mcqs-tuples,1,Python,easy
python-mcqs-tuples,2,Python,hard
python-mcqs-tuples,6,Python,medium
python-mcqs-tuples,8,Python,medium
python-mcqs-tuples,9,Python,medium
python-mcqs-tuples,10,Python,hard
python-questions-answers-tuples-2,1,Python,easy
python-questions-answers-tuples-2,2,Python,easy
python-questions-answers-tuples-2,4,Python,medium
python-questions-answers-tuples-2,5,Python,hard
python-questions-answers-tuples-2,6,Python,hard
python-questions-answers-tuples-2,7,Python,easy
python-questions-answers-tuples-2,9,Python,hard
python-questions-answers-tuples-2,10,Python,medium
python-questions-answers-tuples-3,1,Python,easy
python-questions-answers-tuples-3,2,Python,hard
python-questions-answers-tuples-3,6,Python,hard
python-questions-answers-tuples-3,7,Python,easy
python-questions-answers-sets-1,1,Python,medium
python-questions-answers-sets-1,2,Python,hard
python-questions-answers-sets-1,3,Python,hard
python-questions-answers-sets-1,4,Python,hard
python-questions-answers-sets-1,5,Python,easy
python-questions-answers-sets-1,7,Python,hard
python-questions-answers-sets-1,8,Python,hard
python-questions-answers-sets-1,11,Python,hard
python-questions-answers-sets-2,1,Python,easy
python-questions-answers-sets-2,2,Python,easy
python-questions-answers-sets-2,3,Python,easy
python-questions-answers-sets-2,4,Python,easy
python-questions-answers-sets-2,7,Python,hard
python-questions-answers-sets-2,10,Python,hard
python-questions-answers-sets-2,13,Python,hard
python-questions-answers-sets-3,1,Python,medium
python-questions-answers-sets-3,2,Python,easy
python-questions-answers-sets-3,3,Python,easy
python-questions-answers-sets-3,4,Python,medium
python-questions-answers-sets-4,1,Python,medium
python-questions-answers-sets-4,2,Python,medium
python-questions-answers-sets-4,3,Python,hard
python-questions-answers-sets-4,4,Python,hard
python-questions-answers-sets-4,5,Python,medium
python-questions-answers-sets-5,1,Python,hard
python-questions-answers-sets-5,2,Python,easy
python-questions-answers-sets-5,3,Python,hard
python-questions-answers-sets-5,4,Python,hard
python-mcqs-dictionary-1,1,Python,medium
python-questions-answers-dictionary-2,1,Python,medium
python-questions-answers-dictionary-2,2,Python,hard
python-questions-answers-dictionary-2,11,Python,medium
python-questions-answers-dictionary-3,1,Python,hard
python-questions-answers-dictionary-3,3,Python,easy
python-questions-answers-dictionary-3,4,Python,hard
python-questions-answers-dictionary-4,1,Python,easy
python-questions-answers-dictionary-4,2,Python,hard
python-questions-answers-dictionary-4,4,Python,hard
python-questions-answers-dictionary-4,8,Python,easy
python-questions-answers-built-in-functions-1,2,Python,medium
python-questions-answers-built-in-functions-1,3,Python,easy
python-questions-answers-built-in-functions-1,4,Python,medium
python-questions-answers-built-in-functions-1,5,Python,medium
python-questions-answers-built-in-functions-1,7,Python,medium
python-questions-answers-built-in-functions-2,1,Python,medium
python-questions-answers-built-in-functions-2,2,Python,medium
python-questions-answers-built-in-functions-2,3,Python,easy
python-questions-answers-built-in-functions-2,4,Python,easy
python-questions-answers-built-in-functions-2,5,Python,hard
python-questions-answers-built-in-functions-2,6,Python,easy
python-questions-answers-built-in-functions-2,7,Python,medium
python-questions-answers-built-in-functions-2,8,Python,medium
python-questions-answers-built-in-functions-3,1,Python,easy
python-questions-answers-built-in-functions-3,2,Python,hard
python-questions-answers-built-in-functions-3,3,Python,hard
python-questions-answers-built-in-functions-3,4,Python,hard
python-mcqs-function-1,1,Python,hard
python-mcqs-function-1,2,Python,easy
python-mcqs-function-1,3,Python,medium
python-mcqs-function-1,4,Python,hard
python-mcqs-function-1,5,Python,hard
python-mcqs-function-1,6,Python,hard
python-mcqs-function-1,7,Python,medium
python-questions-entrance-exams,1,Python,easy
python-questions-campus-interview,2,Python,medium
python-questions-campus-interview,3,Python,medium
python-questions-campus-interview,4,Python,easy
python-questions-campus-interview,5,Python,easy
python-questions-campus-interview,6,Python,easy
python-questions-campus-interview,7,Python,medium
python-questions-campus-interview,8,Python,hard
python-questions-answers-function-4,1,Python,easy
python-questions-answers-function-4,2,Python,easy
python-questions-answers-function-4,3,Python,hard
python-questions-answers-function-4,4,Python,hard
python-questions-answers-function-4,5,Python,hard
python-puzzles,1,Python,easy
python-puzzles,2,Python,easy
python-puzzles,3,Python,medium
python-puzzles,4,Python,easy
tricky-python-questions-answers,2,Python,easy
python-questions-answers-global-local-variables-1,1,Python,medium
python-questions-answers-global-local-variables-1,2,Python,medium
python-questions-answers-global-local-variables-1,3,Python,medium
python-questions-answers-global-local-variables-1,4,Python,medium
python-questions-answers-global-local-variables-1,5,Python,medium
python-questions-answers-global-local-variables-1,7,Python,hard
python-questions-answers-global-local-variables-1,8,Python,hard
python-questions-answers-global-local-variables-1,9,Python,hard
python-questions-answers-global-local-variables-1,10,Python,hard
python-questions-answers-global-local-variables-1,11,Python,hard
python-questions-answers-global-local-variables-1,12,Python,hard
python-questions-answers-global-local-variables-1,13,Python,easy
python-questions-answers-global-local-variables-2,1,Python,medium
python-questions-answers-global-local-variables-2,2,Python,medium
python-questions-answers-global-local-variables-2,3,Python,easy
python-questions-answers-global-local-variables-2,4,Python,medium
python-questions-answers-global-local-variables-2,5,Python,medium
python-questions-answers-global-local-variables-2,6,Python,medium
python-questions-answers-global-local-variables-2,7,Python,medium
python-questions-answers-global-local-variables-2,8,Python,easy
python-questions-answers-recursion,1,Python,easy
python-questions-answers-recursion,2,Python,easy
python-questions-answers-recursion,3,Python,medium
python-questions-answers-recursion,4,Python,medium
python-questions-answers-shallow-copy-deep-copy,1,Python,easy
python-questions-answers-shallow-copy-deep-copy,2,Python,hard
python-questions-answers-shallow-copy-deep-copy,3,Python,medium
python-questions-answers-shallow-copy-deep-copy,4,Python,easy
python-questions-answers-shallow-copy-deep-copy,5,Python,hard
python-questions-answers-shallow-copy-deep-copy,6,Python,hard
python-questions-answers-shallow-copy-deep-copy,8,Python,hard
python-questions-answers-functional-programming-tools,1,Python,hard
python-questions-answers-functional-programming-tools,2,Python,medium
python-interview-questions-answers,1,Python,hard
python-interview-questions-answers,4,Python,hard
tough-python-interview-questions-answers,1,Python,medium
tough-python-interview-questions-answers,3,Python,medium
tough-python-interview-questions-answers,5,Python,medium
tough-python-interview-questions-answers,6,Python,medium
python-interview-questions-answers-freshers,3,Python,medium
python-interview-questions-answers-freshers,5,Python,medium
python-interview-questions-answers-freshers,6,Python,medium
python-interview-questions-answers-freshers,8,Python,medium
python-interview-questions-answers-freshers,13,Python,medium
python-questions-answers-modules,1,Python,easy
python-questions-answers-modules,2,Python,hard
python-questions-answers-modules,3,Python,easy
python-questions-answers-modules,4,Python,medium
python-questions-answers-modules,5,Python,hard
python-questions-answers-modules,6,Python,easy
python-questions-answers-modules,7,Python,easy
python-questions-answers-modules,8,Python,hard
python-questions-answers-modules,9,Python,hard
python-questions-answers-modules,10,Python,hard
python-questions-answers-modules,11,Python,hard
python-questions-answers-modules,12,Python,hard
python-questions-answers-modules,13,Python,hard
python-questions-answers-modules,14,Python,hard
python-objective-questions-answers,1,Python,easy
python-objective-questions-answers,2,Python,easy
python-objective-questions-answers,3,Python,easy
python-objective-questions-answers,4,Python,easy
python-objective-questions-answers,5,Python,medium
python-objective-questions-answers,6,Python,easy
python-objective-questions-answers,7,Python,easy
python-objective-questions-answers,10,Python,easy
python-developer-questions-answers,1,Python,easy
python-developer-questions-answers,2,Python,easy
python-developer-questions-answers,3,Python,easy
python-developer-questions-answers,4,Python,easy
python-developer-questions-answers,5,Python,easy
python-developer-questions-answers,6,Python,easy
python-developer-questions-answers,8,Python,hard
python-developer-questions-answers,9,Python,easy
python-developer-questions-answers,10,Python,easy
python-developer-interview-questions-answers,1,Python,easy
python-developer-interview-questions-answers,2,Python,easy
python-developer-interview-questions-answers,3,Python,medium
python-developer-interview-questions-answers,4,Python,easy
python-developer-interview-questions-answers,5,Python,easy
python-developer-interview-questions-answers,6,Python,easy
python-developer-interview-questions-answers,7,Python,easy
python-developer-interview-questions-answers,8,Python,easy
python-developer-interview-questions-answers,9,Python,easy
python-developer-interview-questions-answers,10,Python,easy
python-questions-answers-datetime-module-1,1,Python,medium
python-questions-answers-datetime-module-1,2,Python,medium
python-questions-answers-datetime-module-1,3,Python,hard
python-questions-answers-datetime-module-1,4,Python,hard
python-questions-answers-datetime-module-1,6,Python,hard
python-questions-answers-datetime-module-1,7,Python,hard
python-questions-answers-datetime-module-1,8,Python,easy
python-questions-answers-datetime-module-1,9,Python,hard
python-questions-answers-datetime-module-1,10,Python,hard
python-questions-answers-datetime-module-2,1,Python,medium
python-questions-answers-datetime-module-2,2,Python,hard
python-questions-answers-datetime-module-2,3,Python,hard
python-questions-answers-datetime-module-2,4,Python,hard
python-questions-answers-datetime-module-2,6,Python,hard
python-questions-answers-random-module,1,Python,easy
python-questions-answers-random-module,2,Python,medium
python-questions-answers-random-module,3,Python,hard
python-questions-answers-random-module,4,Python,hard
python-questions-answers-random-module,5,Python,medium
python-questions-answers-random-module,6,Python,hard
python-questions-answers-random-module,8,Python,medium
python-aptitude-test-questions,1,Python,easy
python-aptitude-test-questions,2,Python,hard
python-aptitude-test-questions,3,Python,medium
python-aptitude-test-questions,4,Python,easy
python-aptitude-test-questions,5,Python,medium
python-aptitude-test-questions,6,Python,hard
python-aptitude-test-questions,7,Python,medium
python-aptitude-test-questions,8,Python,easy
python-aptitude-test-questions,9,Python,easy
python-aptitude-test-questions,10,Python,easy
python-questions-answers-sys-module,2,Python,easy
python-questions-answers-sys-module,3,Python,medium
python-questions-answers-sys-module,4,Python,hard
python-questions-answers-sys-module,5,Python,medium
python-questions-answers-sys-module,6,Python,medium
python-questions-answers-sys-module,7,Python,medium
python-questions-answers-sys-module,8,Python,medium
python-questions-answers-sys-module,9,Python,medium
python-questions-answers-sys-module,10,Python,medium
python-questions-answers-sys-module,12,Python,easy
python-questions-answers-sys-module,13,Python,easy
python-exam-questions-answers,1,Python,easy
python-exam-questions-answers,2,Python,easy
python-exam-questions-answers,3,Python,easy
python-exam-questions-answers,4,Python,easy
python-exam-questions-answers,5,Python,easy
python-exam-questions-answers,6,Python,medium
python-exam-questions-answers,7,Python,medium
python-exam-questions-answers,8,Python,easy
python-exam-questions-answers,9,Python,medium
python-exam-questions-answers,10,Python,medium
python-questions-answers-turtle-module-1,1,Python,hard
python-questions-answers-turtle-module-1,2,Python,hard
python-questions-answers-turtle-module-1,3,Python,easy
python-questions-answers-turtle-module-1,4,Python,medium
python-questions-answers-turtle-module-1,5,Python,hard
python-questions-answers-turtle-module-1,6,Python,hard
python-questions-answers-turtle-module-1,7,Python,hard
python-questions-answers-turtle-module-1,8,Python,hard
python-questions-answers-turtle-module-1,9,Python,hard
python-questions-answers-turtle-module-2,1,Python,hard
python-questions-answers-turtle-module-2,2,Python,medium
python-questions-answers-turtle-module-2,3,Python,hard
python-questions-answers-turtle-module-2,4,Python,hard
python-questions-answers-turtle-module-2,5,Python,easy
python-questions-answers-turtle-module-2,6,Python,easy
python-questions-answers-turtle-module-2,7,Python,medium
python-questions-answers-turtle-module-2,8,Python,hard
python-questions-answers-turtle-module-2,9,Python,medium
python-questions-answers-turtle-module-2,10,Python,hard
python-questions-answers-turtle-module-3,1,Python,medium
python-questions-answers-turtle-module-3,2,Python,hard
python-questions-answers-turtle-module-3,3,Python,hard
python-questions-answers-turtle-module-3,4,Python,easy
python-questions-answers-turtle-module-3,5,Python,hard
python-questions-answers-turtle-module-3,6,Python,hard
python-questions-answers-turtle-module-3,7,Python,hard
python-questions-answers-turtle-module-3,8,Python,hard
python-questions-answers-turtle-module-3,9,Python,easy
python-questions-answers-turtle-module-3,10,Python,hard
python-questions-answers-turtle-module-3,12,Python,medium
python-questions-answers-pickle-module,1,Python,easy
python-questions-answers-pickle-module,2,Python,easy
python-questions-answers-pickle-module,3,Python,hard
python-questions-answers-pickle-module,4,Python,hard
python-questions-answers-pickle-module,5,Python,medium
python-questions-answers-pickle-module,6,Python,medium
python-questions-answers-pickle-module,7,Python,hard
python-questions-answers-pickle-module,8,Python,medium
python-questions-answers-pickle-module,9,Python,medium
python-questions-answers-regular-expressions,1,Python,easy
python-questions-answers-regular-expressions,2,Python,medium
python-questions-answers-regular-expressions,3,Python,easy
python-questions-answers-regular-expressions,4,Python,easy
python-questions-answers-regular-expressions,5,Python,hard
python-questions-answers-regular-expressions-1,1,Python,easy
python-questions-answers-regular-expressions-1,2,Python,easy
python-questions-answers-regular-expressions-1,3,Python,easy
python-questions-answers-regular-expressions-1,4,Python,medium
python-questions-answers-regular-expressions-1,5,Python,medium
python-questions-answers-regular-expressions-2,1,Python,medium
python-questions-answers-regular-expressions-2,2,Python,medium
python-questions-answers-regular-expressions-2,3,Python,medium
python-questions-answers-regular-expressions-2,4,Python,medium
python-questions-answers-regular-expressions-2,5,Python,medium
python-questions-answers-regular-expressions-2,6,Python,medium
python-questions-answers-regular-expressions-3,1,Python,hard
python-questions-answers-regular-expressions-3,2,Python,easy
python-questions-answers-regular-expressions-3,3,Python,medium
python-questions-answers-regular-expressions-3,4,Python,medium
python-questions-answers-regular-expressions-3,5,Python,hard
python-questions-answers-regular-expressions-4,1,Python,hard
python-questions-answers-regular-expressions-4,2,Python,hard
python-questions-answers-regular-expressions-4,3,Python,hard
python-questions-answers-regular-expressions-5,1,Python,medium
python-questions-answers-regular-expressions-5,2,Python,hard
python-questions-answers-regular-expressions-5,3,Python,easy
python-questions-answers-regular-expressions-5,4,Python,hard
python-questions-answers-regular-expressions-5,6,Python,hard
python-questions-answers-regular-expressions-5,7,Python,medium
python-questions-answers-regular-expressions-5,8,Python,medium
python-mcqs-files-1,1,Python,easy
python-mcqs-files-1,2,Python,easy
python-mcqs-files-1,3,Python,easy
python-mcqs-files-1,4,Python,hard
python-mcqs-files-1,5,Python,easy
python-mcqs-files-1,6,Python,easy
python-mcqs-files-1,7,Python,hard
python-mcqs-files-1,8,Python,easy
python-mcqs-files-1,9,Python,easy
python-mcqs-files-1,10,Python,easy
python-scripting-questions-answers,1,Python,easy
python-scripting-interview-questions-answers,1,Python,easy
python-scripting-interview-questions-answers,2,Python,easy
python-scripting-interview-questions-answers,4,Python,easy
python-scripting-interview-questions-answers,5,Python,easy
python-scripting-interview-questions-answers,6,Python,easy
python-scripting-interview-questions-answers,7,Python,easy
python-scripting-interview-questions-answers,8,Python,easy
python-scripting-interview-questions-answers,9,Python,easy
python-scripting-interview-questions-answers,10,Python,medium
python-written-test-questions-answers,1,Python,hard
python-written-test-questions-answers,2,Python,medium
python-written-test-questions-answers,3,Python,easy
python-written-test-questions-answers,4,Python,hard
python-interview-questions-answers-experienced,2,Python,medium
python-interview-questions-answers-experienced,3,Python,easy
python-interview-questions-answers-experienced,4,Python,easy
python-interview-questions-answers-experienced,6,Python,easy
python-interview-questions-answers-experienced,8,Python,easy
python-interview-questions-answers-experienced,9,Python,easy
python-questions-answers-classes-objects-1,1,Python,easy
python-questions-answers-classes-objects-1,2,Python,easy
python-questions-answers-classes-objects-1,3,Python,hard
python-questions-answers-classes-objects-1,4,Python,easy
python-questions-answers-classes-objects-1,5,Python,easy
python-questions-answers-classes-objects-1,6,Python,hard
python-questions-answers-classes-objects-2,1,Python,easy
python-questions-answers-classes-objects-2,2,Python,hard
python-questions-answers-classes-objects-2,3,Python,hard
python-questions-answers-classes-objects-2,4,Python,medium
python-questions-answers-classes-objects-2,5,Python,hard
python-questions-answers-classes-objects-2,6,Python,easy
python-questions-answers-classes-objects-2,7,Python,easy
python-questions-answers-classes-objects-2,8,Python,hard
python-questions-answers-classes-objects-2,10,Python,easy
python-questions-answers-classes-objects-2,11,Python,hard
python-questions-answers-classes-objects-2,12,Python,easy
python-questions-answers-classes-objects-2,13,Python,easy
python-questions-answers-classes-objects-2,14,Python,hard
python-questions-answers-classes-objects-2,15,Python,easy
python-questions-answers-inheritance-1,1,Python,hard
python-questions-answers-inheritance-1,2,Python,hard
python-questions-answers-inheritance-1,3,Python,hard
python-questions-answers-inheritance-1,4,Python,hard
python-questions-answers-inheritance-1,5,Python,hard
python-questions-answers-inheritance-1,6,Python,easy
python-questions-answers-inheritance-1,7,Python,easy
python-questions-answers-inheritance-1,8,Python,easy
python-questions-answers-inheritance-1,10,Python,hard
python-questions-answers-inheritance-1,11,Python,easy
python-questions-answers-inheritance-1,12,Python,hard
python-questions-answers-inheritance-1,13,Python,easy
python-questions-answers-inheritance-1,14,Python,hard
python-questions-answers-inheritance-1,15,Python,easy
python-questions-answers-inheritance-2,2,Python,easy
python-questions-answers-inheritance-2,3,Python,hard
python-questions-answers-polymorphism,1,Python,hard
python-questions-answers-polymorphism,2,Python,easy
python-questions-answers-polymorphism,3,Python,medium
python-questions-answers-polymorphism,4,Python,hard
python-questions-answers-polymorphism,5,Python,hard
python-questions-answers-polymorphism,6,Python,medium
python-questions-answers-polymorphism,7,Python,easy
python-questions-answers-polymorphism,8,Python,hard
python-questions-answers-polymorphism,9,Python,hard
python-questions-answers-polymorphism,10,Python,hard
python-questions-answers-encapsulation,1,Python,easy
python-questions-answers-encapsulation,2,Python,hard
python-questions-answers-encapsulation,3,Python,hard
python-questions-answers-encapsulation,5,Python,easy
python-questions-answers-encapsulation,6,Python,easy
python-questions-answers-exception-handling,1,Python,easy
python-questions-answers-exception-handling,2,Python,medium
python-questions-answers-exception-handling,3,Python,medium
python-questions-answers-exception-handling,4,Python,medium
python-questions-answers-exception-handling,5,Python,medium
python-questions-answers-exception-handling-2,1,Python,hard
python-questions-answers-exception-handling-2,2,Python,medium
python-questions-answers-exception-handling-2,3,Python,medium
python-questions-answers-exception-handling-2,4,Python,medium
python-questions-answers-exception-handling-3,1,Python,hard
python-questions-answers-exception-handling-3,5,Python,medium
python-questions-answers-exception-handling-3,6,Python,hard
python-questions-answers-exception-handling-3,7,Python,hard
python-questions-answers-exception-handling-3,8,Python,hard
python-questions-answers-exception-handling-3,9,Python,easy
operating-system-questions-answers,1,Operating Systems,medium
operating-system-questions-answers,2,Operating Systems,hard
operating-system-questions-answers,3,Operating Systems,hard
operating-system-questions-answers,4,Operating Systems,medium
operating-system-questions-answers,5,Operating Systems,easy
operating-system-questions-answers,6,Operating Systems,hard
operating-system-questions-answers,7,Operating Systems,medium
operating-system-questions-answers,8,Operating Systems,medium
operating-system-questions-answers,9,Operating Systems,medium
operating-system-questions-answers,10,Operating Systems,hard
operating-system-questions-answers,11,Operating Systems,easy
operating-system-questions-answers,12,Operating Systems,medium
operating-system-questions-answers,13,Operating Systems,medium
operating-system-questions-answers,14,Operating Systems,medium
operating-system-questions-answers,15,Operating Systems,hard
operating-system-questions-answers,16,Operating Systems,medium
operating-system-questions-answers,17,Operating Systems,hard
operating-system-questions-answers,18,Operating Systems,hard
operating-system-questions-answers,19,Operating Systems,hard
operating-system-questions-answers,20,Operating Systems,hard
operating-system-questions-answers,21,Operating Systems,medium
operating-system-questions-answers,22,Operating Systems,easy
operating-system-questions-answers,23,Operating Systems,easy
operating-system-questions-answers,24,Operating Systems,hard
operating-system-questions-answers,25,Operating Systems,easy
operating-system-questions-answers,26,Operating Systems,hard
operating-system-questions-answers,27,Operating Systems,hard
operating-system-questions-answers,28,Operating Systems,hard
operating-system-questions-answers,30,Operating Systems,medium
operating-system-questions-answers,31,Operating Systems,easy
operating-system-questions-answers,33,Operating Systems,medium
operating-system-questions-answers,34,Operating Systems,medium
operating-system-questions-answers,35,Operating Systems,hard
operating-system-questions-answers,36,Operating Systems,medium
operating-system-questions-answers,37,Operating Systems,easy
operating-system-questions-answers,38,Operating Systems,medium
operating-system-questions-answers,39,Operating Systems,medium
operating-system-questions-answers,40,Operating Systems,medium
operating-system-questions-answers,41,Operating Systems,easy
operating-system-questions-answers,42,Operating Systems,medium
operating-system-questions-answers,43,Operating Systems,medium
operating-system-questions-answers,44,Operating Systems,hard
operating-system-questions-answers,45,Operating Systems,hard
operating-system-questions-answers,46,Operating Systems,hard
operating-system-questions-answers,47,Operating Systems,hard
operating-system-questions-answers,48,Operating Systems,easy
operating-system-questions-answers,49,Operating Systems,easy
operating-system-questions-answers,50,Operating Systems,easy
operating-system-questions-answers-basics,4,Operating Systems,medium
operating-system-questions-answers-basics,8,Operating Systems,medium
operating-system-questions-answers-basics,10,Operating Systems,easy
operating-system-questions-answers-processes,1,Operating Systems,medium
operating-system-questions-answers-processes,4,Operating Systems,easy
operating-system-questions-answers-processes,5,Operating Systems,medium
operating-system-questions-answers-processes,6,Operating Systems,easy
operating-system-questions-answers-processes,7,Operating Systems,hard
operating-system-questions-answers-processes,8,Operating Systems,hard
operating-system-questions-answers-processes,9,Operating Systems,medium
operating-system-questions-answers-processes,10,Operating Systems,medium
operating-system-mcqs-process-control-block,1,Operating Systems,hard
operating-system-mcqs-process-control-block,2,Operating Systems,easy
operating-system-mcqs-process-control-block,3,Operating Systems,easy
operating-system-mcqs-process-control-block,4,Operating Systems,hard
operating-system-mcqs-process-control-block,5,Operating Systems,easy
operating-system-mcqs-process-control-block,6,Operating Systems,easy
operating-system-mcqs-process-control-block,7,Operating Systems,medium
operating-system-mcqs-process-control-block,8,Operating Systems,medium
operating-system-mcqs-process-control-block,9,Operating Systems,medium
operating-system-mcqs-process-scheduling-queue,1,Operating Systems,hard
operating-system-mcqs-process-scheduling-queue,2,Operating Systems,medium
operating-system-mcqs-process-scheduling-queue,3,Operating Systems,medium
operating-system-mcqs-process-scheduling-queue,4,Operating Systems,hard
operating-system-mcqs-process-scheduling-queue,5,Operating Systems,hard
operating-system-mcqs-process-scheduling-queue,6,Operating Systems,hard
operating-system-mcqs-process-scheduling-queue,7,Operating Systems,hard
operating-system-mcqs-process-scheduling-queue,8,Operating Systems,medium
operating-system-mcqs-process-scheduling-queue,9,Operating Systems,easy
operating-system-mcqs-process-scheduling-queue,10,Operating Systems,hard
operating-system-mcqs-process-scheduling-queue,11,Operating Systems,hard
operating-system-mcqs-process-scheduling-queue,13,Operating Systems,hard
operating-system-mcqs-process-scheduling-queue,14,Operating Systems,hard
operating-system-mcqs-process-scheduling-queue,15,Operating Systems,hard
operating-system-questions-answers-process-synchronization,1,Operating Systems,easy
operating-system-questions-answers-process-synchronization,2,Operating Systems,hard
operating-system-questions-answers-process-synchronization,3,Operating Systems,hard
operating-system-questions-answers-process-synchronization,4,Operating Systems,hard
operating-system-questions-answers-process-synchronization,5,Operating Systems,medium
operating-system-questions-answers-process-synchronization,6,Operating Systems,easy
operating-system-questions-answers-process-synchronization,7,Operating Systems,hard
operating-system-questions-answers-process-synchronization,8,Operating Systems,hard
operating-system-questions-answers-process-synchronization,9,Operating Systems,medium
operating-system-questions-answers-process-synchronization,10,Operating Systems,medium
operating-system-mcqs-process-creation,1,Operating Systems,hard
operating-system-mcqs-process-creation,2,Operating Systems,easy
operating-system-mcqs-process-creation,4,Operating Systems,hard
operating-system-mcqs-process-creation,5,Operating Systems,easy
operating-system-mcqs-process-creation,6,Operating Systems,hard
operating-system-mcqs-process-creation,7,Operating Systems,medium
operating-system-mcqs-process-creation,8,Operating Systems,easy
operating-system-mcqs-inter-process-communication,2,Operating Systems,medium
operating-system-mcqs-inter-process-communication,3,Operating Systems,hard
operating-system-mcqs-inter-process-communication,4,Operating Systems,medium
operating-system-mcqs-inter-process-communication,5,Operating Systems,medium
operating-system-mcqs-inter-process-communication,6,Operating Systems,hard
operating-system-mcqs-inter-process-communication,7,Operating Systems,hard
operating-system-mcqs-inter-process-communication,8,Operating Systems,medium
operating-system-mcqs-inter-process-communication,9,Operating Systems,medium
operating-system-mcqs-inter-process-communication,11,Operating Systems,easy
operating-system-mcqs-process-rpc,1,Operating Systems,medium
operating-system-mcqs-process-rpc,2,Operating Systems,easy
operating-system-mcqs-process-rpc,3,Operating Systems,medium
operating-system-mcqs-process-rpc,4,Operating Systems,hard
operating-system-mcqs-process-rpc,5,Operating Systems,easy
operating-system-mcqs-process-rpc,6,Operating Systems,easy
operating-system-mcqs-process-rpc,7,Operating Systems,hard
operating-system-mcqs-process-rpc,8,Operating Systems,hard
operating-system-mcqs-process-structures,1,Operating Systems,medium
operating-system-mcqs-process-structures,2,Operating Systems,medium
operating-system-mcqs-process-structures,3,Operating Systems,hard
operating-system-mcqs-process-structures,4,Operating Systems,easy
operating-system-mcqs-process-structures,5,Operating Systems,medium
operating-system-mcqs-process-structures,6,Operating Systems,easy
operating-system-mcqs-process-structures,7,Operating Systems,hard
operating-system-mcqs-process-structures,8,Operating Systems,hard
operating-system-mcqs-process-structures,9,Operating Systems,hard
operating-system-mcqs-process-structures,10,Operating Systems,medium
operating-system-mcqs-process-structures,11,Operating Systems,medium
operating-system-mcqs-process-structures,12,Operating Systems,hard
operating-system-questions-answers-cpu-scheduling,1,Operating Systems,medium
operating-system-questions-answers-cpu-scheduling,2,Operating Systems,medium
operating-system-questions-answers-cpu-scheduling,3,Operating Systems,medium
operating-system-questions-answers-cpu-scheduling,4,Operating Systems,hard
operating-system-questions-answers-cpu-scheduling,5,Operating Systems,hard
operating-system-questions-answers-cpu-scheduling,6,Operating Systems,hard
operating-system-questions-answers-cpu-scheduling,7,Operating Systems,medium
operating-system-questions-answers-cpu-scheduling,8,Operating Systems,easy
operating-system-questions-answers-cpu-scheduling,9,Operating Systems,hard
operating-system-questions-answers-cpu-scheduling,10,Operating Systems,hard
operating-system-mcqs-cpu-scheduling-benefits,2,Operating Systems,easy
operating-system-mcqs-cpu-scheduling-benefits,3,Operating Systems,easy
operating-system-mcqs-cpu-scheduling-benefits,4,Operating Systems,medium
operating-system-mcqs-cpu-scheduling-benefits,5,Operating Systems,medium
operating-system-mcqs-cpu-scheduling-benefits,6,Operating Systems,hard
operating-system-mcqs-cpu-scheduling-benefits,7,Operating Systems,hard
operating-system-mcqs-cpu-scheduling-benefits,8,Operating Systems,hard
operating-system-mcqs-cpu-scheduling-benefits,9,Operating Systems,easy
operating-system-mcqs-cpu-scheduling-benefits,11,Operating Systems,medium
operating-system-mcqs-cpu-scheduling-benefits,13,Operating Systems,medium
operating-system-mcqs-cpu-scheduling-benefits,15,Operating Systems,hard
operating-system-mcqs-cpu-scheduling-algorithms-1,1,Operating Systems,easy
operating-system-mcqs-cpu-scheduling-algorithms-1,2,Operating Systems,hard
operating-system-mcqs-cpu-scheduling-algorithms-1,4,Operating Systems,hard
operating-system-mcqs-cpu-scheduling-algorithms-1,5,Operating Systems,hard
operating-system-mcqs-cpu-scheduling-algorithms-1,6,Operating Systems,medium
operating-system-mcqs-cpu-scheduling-algorithms-1,8,Operating Systems,hard
operating-system-mcqs-cpu-scheduling-algorithms-1,9,Operating Systems,medium
operating-system-mcqs-cpu-scheduling-algorithms-1,10,Operating Systems,hard
operating-system-mcqs-cpu-scheduling-algorithms-1,11,Operating Systems,medium
operating-system-mcqs-cpu-scheduling-algorithms-1,12,Operating Systems,hard
operating-system-mcqs-cpu-scheduling-algorithms-2,1,Operating Systems,hard
operating-system-mcqs-cpu-scheduling-algorithms-2,2,Operating Systems,medium
operating-system-mcqs-cpu-scheduling-algorithms-2,4,Operating Systems,hard
operating-system-mcqs-cpu-scheduling-algorithms-2,5,Operating Systems,medium
operating-system-mcqs-cpu-scheduling-algorithms-2,6,Operating Systems,hard
operating-system-mcqs-cpu-scheduling-algorithms-2,7,Operating Systems,hard
operating-system-mcqs-cpu-scheduling-algorithms-2,8,Operating Systems,medium
operating-system-mcqs-cpu-scheduling-algorithms-2,9,Operating Systems,easy
operating-system-mcqs-cpu-scheduling-algorithms-2,11,Operating Systems,hard
operating-system-mcqs-critical-section-problem,1,Operating Systems,easy
operating-system-mcqs-critical-section-problem,3,Operating Systems,easy
operating-system-mcqs-critical-section-problem,4,Operating Systems,hard
operating-system-mcqs-critical-section-problem,5,Operating Systems,hard
operating-system-mcqs-critical-section-problem,6,Operating Systems,hard
operating-system-mcqs-critical-section-problem,7,Operating Systems,medium
operating-system-mcqs-critical-section-problem,8,Operating Systems,hard
operating-system-mcqs-semaphores-1,1,Operating Systems,easy
operating-system-mcqs-semaphores-1,2,Operating Systems,easy
operating-system-mcqs-semaphores-1,3,Operating Systems,medium
operating-system-mcqs-semaphores-1,4,Operating Systems,easy
operating-system-mcqs-semaphores-1,5,Operating Systems,medium
operating-system-mcqs-semaphores-1,6,Operating Systems,medium
operating-system-mcqs-semaphores-1,7,Operating Systems,easy
operating-system-mcqs-semaphores-1,9,Operating Systems,hard
operating-system-mcqs-semaphores-1,10,Operating Systems,medium
operating-system-mcqs-semaphores-1,11,Operating Systems,hard
operating-system-mcqs-semaphores-1,12,Operating Systems,hard
operating-system-mcqs-semaphores-1,13,Operating Systems,hard
operating-system-mcqs-semaphores-2,1,Operating Systems,easy
operating-system-mcqs-semaphores-2,2,Operating Systems,easy
operating-system-mcqs-semaphores-2,3,Operating Systems,easy
operating-system-mcqs-semaphores-2,4,Operating Systems,easy
operating-system-mcqs-semaphores-2,5,Operating Systems,hard
operating-system-mcqs-semaphores-2,6,Operating Systems,easy
operating-system-mcqs-semaphores-2,7,Operating Systems,hard
operating-system-mcqs-semaphores-2,8,Operating Systems,hard
operating-system-mcqs-semaphores-2,9,Operating Systems,easy
operating-system-mcqs-semaphores-2,10,Operating Systems,easy
operating-system-mcqs-classic-sync-problems,1,Operating Systems,easy
operating-system-mcqs-classic-sync-problems,2,Operating Systems,hard
operating-system-mcqs-classic-sync-problems,4,Operating Systems,hard
operating-system-mcqs-classic-sync-problems,5,Operating Systems,medium
operating-system-mcqs-classic-sync-problems,6,Operating Systems,hard
operating-system-mcqs-classic-sync-problems,7,Operating Systems,hard
operating-system-mcqs-classic-sync-problems,9,Operating Systems,hard
operating-system-mcqs-process-sync-monitors,1,Operating Systems,easy
operating-system-mcqs-process-sync-monitors,2,Operating Systems,easy
operating-system-mcqs-process-sync-monitors,3,Operating Systems,easy
operating-system-mcqs-process-sync-monitors,4,Operating Systems,hard
operating-system-mcqs-process-sync-monitors,5,Operating Systems,easy
operating-system-mcqs-process-sync-monitors,6,Operating Systems,hard
operating-system-mcqs-process-sync-monitors,7,Operating Systems,medium
operating-system-mcqs-atomic-transactions,1,Operating Systems,easy
operating-system-mcqs-atomic-transactions,2,Operating Systems,medium
operating-system-mcqs-atomic-transactions,3,Operating Systems,easy
operating-system-mcqs-atomic-transactions,4,Operating Systems,easy
operating-system-mcqs-atomic-transactions,5,Operating Systems,easy
operating-system-mcqs-atomic-transactions,6,Operating Systems,hard
operating-system-mcqs-atomic-transactions,7,Operating Systems,medium
operating-system-mcqs-atomic-transactions,8,Operating Systems,hard
operating-system-mcqs-atomic-transactions,9,Operating Systems,hard
operating-system-mcqs-atomic-transactions,10,Operating Systems,medium
operating-system-mcqs-atomic-transactions,11,Operating Systems,medium
operating-system-mcqs-atomic-transactions,12,Operating Systems,easy
operating-system-mcqs-atomic-transactions,13,Operating Systems,hard
operating-system-mcqs-atomic-transactions,14,Operating Systems,hard
operating-system-mcqs-atomic-transactions,15,Operating Systems,hard
operating-system-questions-answers-deadlock,1,Operating Systems,hard
operating-system-questions-answers-deadlock,2,Operating Systems,hard
operating-system-questions-answers-deadlock,3,Operating Systems,medium
operating-system-questions-answers-deadlock,4,Operating Systems,easy
operating-system-questions-answers-deadlock,5,Operating Systems,hard
operating-system-questions-answers-deadlock,6,Operating Systems,hard
operating-system-questions-answers-deadlock,8,Operating Systems,easy
operating-system-questions-answers-deadlock,9,Operating Systems,hard
operating-system-questions-answers-deadlock,10,Operating Systems,hard
operating-system-mcqs-deadlock-prevention,1,Operating Systems,hard
operating-system-mcqs-deadlock-prevention,2,Operating Systems,easy
operating-system-mcqs-deadlock-prevention,3,Operating Systems,easy
operating-system-mcqs-deadlock-prevention,4,Operating Systems,hard
operating-system-mcqs-deadlock-prevention,5,Operating Systems,hard
operating-system-mcqs-deadlock-prevention,6,Operating Systems,hard
operating-system-mcqs-deadlock-prevention,7,Operating Systems,hard
operating-system-mcqs-deadlock-prevention,8,Operating Systems,easy
operating-system-mcqs-deadlock-prevention,9,Operating Systems,easy
operating-system-mcqs-deadlock-prevention,10,Operating Systems,hard
operating-system-mcqs-deadlock-prevention,11,Operating Systems,medium
operating-system-mcqs-deadlock-prevention,12,Operating Systems,hard
operating-system-mcqs-deadlock-prevention,13,Operating Systems,hard
operating-system-mcqs-deadlock-avoidance,1,Operating Systems,hard
operating-system-mcqs-deadlock-avoidance,2,Operating Systems,hard
operating-system-mcqs-deadlock-avoidance,5,Operating Systems,medium
operating-system-mcqs-deadlock-avoidance,6,Operating Systems,easy
operating-system-mcqs-deadlock-avoidance,7,Operating Systems,hard
operating-system-mcqs-deadlock-avoidance,8,Operating Systems,medium
operating-system-mcqs-deadlock-avoidance,9,Operating Systems,hard
operating-system-mcqs-deadlock-avoidance,10,Operating Systems,hard
operating-system-mcqs-deadlock-avoidance,11,Operating Systems,hard
operating-system-mcqs-deadlock-avoidance,12,Operating Systems,easy
operating-system-mcqs-deadlock-avoidance,13,Operating Systems,hard
operating-system-mcqs-deadlock-detection,1,Operating Systems,hard
operating-system-mcqs-deadlock-detection,2,Operating Systems,hard
operating-system-mcqs-deadlock-detection,3,Operating Systems,medium
operating-system-mcqs-deadlock-detection,4,Operating Systems,hard
operating-system-mcqs-deadlock-detection,5,Operating Systems,hard
operating-system-mcqs-deadlock-detection,6,Operating Systems,hard
operating-system-mcqs-deadlock-detection,7,Operating Systems,hard
operating-system-mcqs-deadlock-detection,8,Operating Systems,hard
operating-system-mcqs-deadlock-detection,9,Operating Systems,hard
operating-system-mcqs-deadlock-detection,10,Operating Systems,hard
operating-system-mcqs-deadlock-recovery,1,Operating Systems,hard
operating-system-mcqs-deadlock-recovery,2,Operating Systems,hard
operating-system-mcqs-deadlock-recovery,3,Operating Systems,hard
operating-system-mcqs-deadlock-recovery,4,Operating Systems,medium
operating-system-mcqs-deadlock-recovery,5,Operating Systems,medium
operating-system-mcqs-deadlock-recovery,6,Operating Systems,hard
operating-system-mcqs-deadlock-recovery,7,Operating Systems,medium
operating-system-mcqs-deadlock-recovery,8,Operating Systems,easy
operating-system-mcqs-deadlock-recovery,9,Operating Systems,medium
operating-system-mcqs-memory-management-swapping-1,1,Operating Systems,medium
operating-system-mcqs-memory-management-swapping-1,2,Operating Systems,medium
operating-system-mcqs-memory-management-swapping-1,3,Operating Systems,hard
operating-system-mcqs-memory-management-swapping-1,4,Operating Systems,easy
operating-system-mcqs-memory-management-swapping-1,5,Operating Systems,medium
operating-system-mcqs-memory-management-swapping-1,6,Operating Systems,medium
operating-system-mcqs-memory-management-swapping-1,7,Operating Systems,easy
operating-system-mcqs-memory-management-swapping-1,8,Operating Systems,easy
operating-system-mcqs-memory-management-swapping-1,9,Operating Systems,hard
operating-system-mcqs-memory-management-swapping-1,10,Operating Systems,medium
operating-system-mcqs-memory-management-swapping-1,11,Operating Systems,hard
operating-system-mcqs-memory-management-swapping-2,1,Operating Systems,easy
operating-system-mcqs-memory-management-swapping-2,2,Operating Systems,medium
operating-system-mcqs-memory-management-swapping-2,3,Operating Systems,medium
operating-system-mcqs-memory-management-swapping-2,4,Operating Systems,easy
operating-system-mcqs-memory-management-swapping-2,5,Operating Systems,easy
operating-system-mcqs-memory-management-swapping-2,6,Operating Systems,medium
operating-system-mcqs-memory-management-swapping-2,7,Operating Systems,easy
operating-system-mcqs-memory-management-swapping-2,8,Operating Systems,medium
operating-system-mcqs-memory-management-swapping-2,9,Operating Systems,medium
operating-system-mcqs-memory-management-swapping-2,10,Operating Systems,hard
operating-system-mcqs-memory-management-swapping-2,11,Operating Systems,easy
operating-system-mcqs-memory-management-swapping-2,13,Operating Systems,easy
operating-system-questions-answers-memory-management,1,Operating Systems,easy
operating-system-questions-answers-memory-management,2,Operating Systems,easy
operating-system-questions-answers-memory-management,3,Operating Systems,easy
operating-system-questions-answers-memory-management,4,Operating Systems,easy
operating-system-questions-answers-memory-management,5,Operating Systems,medium
operating-system-questions-answers-memory-management,6,Operating Systems,easy
operating-system-questions-answers-memory-management,7,Operating Systems,easy
operating-system-questions-answers-memory-management,8,Operating Systems,easy
operating-system-questions-answers-memory-management,9,Operating Systems,easy
operating-system-questions-answers-memory-management,10,Operating Systems,easy
operating-system-mcqs-memory-allocation-1,3,Operating Systems,medium
operating-system-mcqs-memory-allocation-1,4,Operating Systems,medium
operating-system-mcqs-memory-allocation-1,5,Operating Systems,medium
operating-system-mcqs-memory-allocation-1,9,Operating Systems,medium
operating-system-mcqs-memory-allocation-1,10,Operating Systems,medium
operating-system-mcqs-memory-allocation-1,11,Operating Systems,hard
operating-system-mcqs-memory-allocation-2,1,Operating Systems,medium
operating-system-mcqs-memory-allocation-2,2,Operating Systems,easy
operating-system-mcqs-memory-allocation-2,4,Operating Systems,medium
operating-system-mcqs-memory-allocation-2,5,Operating Systems,hard
operating-system-mcqs-memory-allocation-2,6,Operating Systems,medium
operating-system-mcqs-memory-allocation-2,7,Operating Systems,medium
operating-system-mcqs-memory-allocation-2,8,Operating Systems,hard
operating-system-mcqs-memory-allocation-2,9,Operating Systems,medium
operating-system-mcqs-memory-allocation-2,10,Operating Systems,medium
operating-system-mcqs-memory-management-paging-1,1,Operating Systems,easy
operating-system-mcqs-memory-management-paging-1,2,Operating Systems,easy
operating-system-mcqs-memory-management-paging-1,3,Operating Systems,medium
operating-system-mcqs-memory-management-paging-1,4,Operating Systems,easy
operating-system-mcqs-memory-management-paging-1,5,Operating Systems,easy
operating-system-mcqs-memory-management-paging-1,6,Operating Systems,easy
operating-system-mcqs-memory-management-paging-1,7,Operating Systems,hard
operating-system-mcqs-memory-management-paging-1,8,Operating Systems,easy
operating-system-mcqs-memory-management-paging-1,10,Operating Systems,easy
operating-system-mcqs-memory-management-paging-1,11,Operating Systems,easy
operating-system-mcqs-memory-management-paging-1,12,Operating Systems,medium
operating-system-mcqs-memory-management-paging-1,13,Operating Systems,medium
operating-system-mcqs-memory-management-paging-1,14,Operating Systems,easy
operating-system-mcqs-memory-management-paging-1,15,Operating Systems,medium
operating-system-mcqs-memory-management-paging-2,1,Operating Systems,easy
operating-system-mcqs-memory-management-paging-2,2,Operating Systems,easy
operating-system-mcqs-memory-management-paging-2,3,Operating Systems,medium
operating-system-mcqs-memory-management-paging-2,4,Operating Systems,easy
operating-system-mcqs-memory-management-paging-2,5,Operating Systems,medium
operating-system-mcqs-memory-management-paging-2,6,Operating Systems,hard
operating-system-mcqs-memory-management-paging-2,7,Operating Systems,easy
operating-system-mcqs-memory-management-paging-2,8,Operating Systems,medium
operating-system-mcqs-memory-management-paging-2,9,Operating Systems,hard
operating-system-mcqs-memory-management-paging-2,11,Operating Systems,medium
operating-system-mcqs-memory-management-segmentation,1,Operating Systems,easy
operating-system-mcqs-memory-management-segmentation,2,Operating Systems,medium
operating-system-mcqs-memory-management-segmentation,3,Operating Systems,easy
operating-system-mcqs-memory-management-segmentation,4,Operating Systems,easy
operating-system-mcqs-memory-management-segmentation,5,Operating Systems,easy
operating-system-mcqs-memory-management-segmentation,6,Operating Systems,medium
operating-system-mcqs-memory-management-segmentation,7,Operating Systems,hard
operating-system-mcqs-memory-management-segmentation,8,Operating Systems,medium
operating-system-mcqs-memory-management-segmentation,9,Operating Systems,easy
operating-system-mcqs-memory-management-segmentation,10,Operating Systems,medium
operating-system-mcqs-memory-management-segmentation,11,Operating Systems,hard
operating-system-mcqs-memory-management-segmentation,12,Operating Systems,hard
operating-system-mcqs-application-io-interface-1,1,Operating Systems,medium
operating-system-mcqs-application-io-interface-1,2,Operating Systems,easy
operating-system-mcqs-application-io-interface-1,3,Operating Systems,hard
operating-system-mcqs-application-io-interface-1,5,Operating Systems,medium
operating-system-mcqs-application-io-interface-1,6,Operating Systems,medium
operating-system-mcqs-application-io-interface-1,7,Operating Systems,easy
operating-system-mcqs-application-io-interface-1,8,Operating Systems,hard
operating-system-mcqs-application-io-interface-1,9,Operating Systems,hard
operating-system-mcqs-application-io-interface-1,10,Operating Systems,medium
operating-system-mcqs-application-io-interface-1,11,Operating Systems,hard
operating-system-mcqs-application-io-interface-1,12,Operating Systems,easy
operating-system-mcqs-application-io-interface-1,13,Operating Systems,easy
operating-system-mcqs-application-io-interface-2,1,Operating Systems,hard
operating-system-mcqs-application-io-interface-2,2,Operating Systems,easy
operating-system-mcqs-application-io-interface-2,3,Operating Systems,easy
operating-system-mcqs-application-io-interface-2,4,Operating Systems,hard
operating-system-mcqs-application-io-interface-2,5,Operating Systems,easy
operating-system-mcqs-application-io-interface-2,6,Operating Systems,easy
operating-system-mcqs-application-io-interface-2,7,Operating Systems,easy
operating-system-mcqs-application-io-interface-2,8,Operating Systems,easy
operating-system-mcqs-application-io-interface-2,9,Operating Systems,medium
operating-system-mcqs-application-io-interface-2,10,Operating Systems,medium
operating-system-mcqs-application-io-interface-2,11,Operating Systems,medium
operating-system-mcqs-application-io-interface-2,12,Operating Systems,medium
operating-system-mcqs-kernel-io-subsystems,1,Operating Systems,easy
operating-system-mcqs-kernel-io-subsystems,2,Operating Systems,easy
operating-system-mcqs-kernel-io-subsystems,3,Operating Systems,easy
operating-system-mcqs-kernel-io-subsystems,4,Operating Systems,easy
operating-system-mcqs-kernel-io-subsystems,5,Operating Systems,easy
operating-system-mcqs-kernel-io-subsystems,6,Operating Systems,easy
operating-system-mcqs-kernel-io-subsystems,7,Operating Systems,easy
operating-system-mcqs-kernel-io-subsystems,8,Operating Systems,medium
operating-system-mcqs-kernel-io-subsystems,9,Operating Systems,easy
operating-system-mcqs-kernel-io-subsystems,10,Operating Systems,hard
operating-system-questions-answers-rtos,4,Operating Systems,hard
operating-system-questions-answers-rtos,5,Operating Systems,medium
operating-system-questions-answers-rtos,6,Operating Systems,medium
operating-system-questions-answers-rtos,7,Operating Systems,easy
operating-system-questions-answers-rtos,8,Operating Systems,hard
operating-system-questions-answers-rtos,10,Operating Systems,easy
realtime-operating-system-mcqs-1,1,Operating Systems,medium
realtime-operating-system-mcqs-1,2,Operating Systems,easy
realtime-operating-system-mcqs-1,3,Operating Systems,easy
realtime-operating-system-mcqs-1,4,Operating Systems,hard
realtime-operating-system-mcqs-1,5,Operating Systems,hard
realtime-operating-system-mcqs-1,6,Operating Systems,easy
realtime-operating-system-mcqs-1,7,Operating Systems,easy
realtime-operating-system-mcqs-1,8,Operating Systems,medium
realtime-operating-system-mcqs-1,9,Operating Systems,easy
realtime-operating-system-mcqs-2,1,Operating Systems,medium
realtime-operating-system-mcqs-2,2,Operating Systems,hard
realtime-operating-system-mcqs-2,3,Operating Systems,medium
realtime-operating-system-mcqs-2,4,Operating Systems,medium
realtime-operating-system-mcqs-2,5,Operating Systems,easy
realtime-operating-system-mcqs-2,6,Operating Systems,medium
realtime-operating-system-mcqs-2,7,Operating Systems,medium
realtime-operating-system-mcqs-2,8,Operating Systems,medium
realtime-operating-system-mcqs-2,9,Operating Systems,easy
realtime-operating-system-mcqs-CPU-scheduling-1,1,Operating Systems,hard
realtime-operating-system-mcqs-CPU-scheduling-1,2,Operating Systems,hard
realtime-operating-system-mcqs-CPU-scheduling-1,4,Operating Systems,hard
realtime-operating-system-mcqs-CPU-scheduling-1,5,Operating Systems,hard
realtime-operating-system-mcqs-CPU-scheduling-1,6,Operating Systems,hard
realtime-operating-system-mcqs-CPU-scheduling-1,7,Operating Systems,hard
realtime-operating-system-mcqs-CPU-scheduling-2,1,Operating Systems,easy
realtime-operating-system-mcqs-CPU-scheduling-2,2,Operating Systems,medium
realtime-operating-system-mcqs-CPU-scheduling-2,3,Operating Systems,easy
realtime-operating-system-mcqs-CPU-scheduling-2,4,Operating Systems,hard
realtime-operating-system-mcqs-CPU-scheduling-2,5,Operating Systems,hard
realtime-operating-system-mcqs-CPU-scheduling-2,6,Operating Systems,hard
realtime-operating-system-mcqs-CPU-scheduling-2,7,Operating Systems,hard
realtime-operating-system-mcqs-CPU-scheduling-2,8,Operating Systems,hard
operating-system-question-answers-multimedia-systems,1,Operating Systems,medium
operating-system-question-answers-multimedia-systems,2,Operating Systems,hard
operating-system-question-answers-multimedia-systems,3,Operating Systems,medium
operating-system-question-answers-multimedia-systems,4,Operating Systems,easy
operating-system-question-answers-multimedia-systems,5,Operating Systems,hard
operating-system-question-answers-multimedia-systems,6,Operating Systems,medium
operating-system-question-answers-multimedia-systems,7,Operating Systems,medium
operating-system-question-answers-multimedia-systems,8,Operating Systems,easy
operating-system-question-answers-multimedia-systems,9,Operating Systems,medium
operating-system-question-answers-multimedia-systems,10,Operating Systems,hard
operating-system-mcqs-multimedia-system-compression-1,1,Operating Systems,medium
operating-system-mcqs-multimedia-system-compression-1,2,Operating Systems,easy
operating-system-mcqs-multimedia-system-compression-1,3,Operating Systems,easy
operating-system-mcqs-multimedia-system-compression-1,4,Operating Systems,easy
operating-system-mcqs-multimedia-system-compression-1,5,Operating Systems,medium
operating-system-mcqs-multimedia-system-compression-1,6,Operating Systems,easy
operating-system-mcqs-multimedia-system-compression-1,7,Operating Systems,medium
operating-system-mcqs-multimedia-system-compression-1,8,Operating Systems,medium
operating-system-mcqs-multimedia-system-compression-1,9,Operating Systems,easy
operating-system-mcqs-multimedia-system-compression-1,10,Operating Systems,hard
operating-system-mcqs-multimedia-system-compression-1,11,Operating Systems,easy
operating-system-mcqs-multimedia-system-compression-2,1,Operating Systems,easy
operating-system-mcqs-multimedia-system-compression-2,2,Operating Systems,easy
operating-system-mcqs-multimedia-system-compression-2,3,Operating Systems,hard
operating-system-mcqs-multimedia-system-compression-2,4,Operating Systems,easy
operating-system-mcqs-multimedia-system-compression-2,5,Operating Systems,easy
operating-system-mcqs-multimedia-system-compression-2,6,Operating Systems,medium
operating-system-mcqs-multimedia-system-compression-2,7,Operating Systems,medium
operating-system-mcqs-multimedia-system-compression-2,8,Operating Systems,hard
operating-system-mcqs-multimedia-system-compression-2,9,Operating Systems,easy
operating-system-mcqs-multimedia-system-compression-2,10,Operating Systems,easy
operating-system-mcqs-multimedia-system-compression-3,1,Operating Systems,easy
operating-system-mcqs-multimedia-system-compression-3,2,Operating Systems,easy
operating-system-mcqs-multimedia-system-compression-3,3,Operating Systems,easy
operating-system-mcqs-multimedia-system-compression-3,4,Operating Systems,hard
operating-system-mcqs-multimedia-system-compression-3,5,Operating Systems,easy
operating-system-mcqs-multimedia-system-compression-3,6,Operating Systems,easy
operating-system-mcqs-multimedia-system-compression-3,7,Operating Systems,easy
operating-system-mcqs-multimedia-system-compression-3,8,Operating Systems,hard
operating-system-mcqs-multimedia-system-compression-3,9,Operating Systems,hard
operating-system-mcqs-multimedia-system-compression-3,10,Operating Systems,easy
operating-system-mcqs-multimedia-system-CPU-disk-scheduling,1,Operating Systems,hard
operating-system-mcqs-multimedia-system-CPU-disk-scheduling,3,Operating Systems,hard
operating-system-mcqs-multimedia-system-CPU-disk-scheduling,4,Operating Systems,easy
operating-system-mcqs-multimedia-system-CPU-disk-scheduling,5,Operating Systems,medium
operating-system-mcqs-multimedia-system-CPU-disk-scheduling,6,Operating Systems,hard
operating-system-mcqs-multimedia-system-CPU-disk-scheduling,7,Operating Systems,medium
operating-system-mcqs-multimedia-system-CPU-disk-scheduling,8,Operating Systems,easy
operating-system-mcqs-multimedia-system-CPU-disk-scheduling,9,Operating Systems,easy
operating-system-mcqs-multimedia-system-network-management,1,Operating Systems,medium
operating-system-mcqs-multimedia-system-network-management,2,Operating Systems,medium
operating-system-mcqs-multimedia-system-network-management,3,Operating Systems,medium
operating-system-mcqs-multimedia-system-network-management,4,Operating Systems,medium
operating-system-mcqs-multimedia-system-network-management,5,Operating Systems,easy
operating-system-mcqs-multimedia-system-network-management,6,Operating Systems,medium
operating-system-mcqs-multimedia-system-network-management,7,Operating Systems,hard
operating-system-mcqs-multimedia-system-network-management,8,Operating Systems,medium
operating-system-mcqs-multimedia-system-network-management,9,Operating Systems,medium
operating-system-mcqs-multimedia-system-network-management,10,Operating Systems,easy
operating-system-mcqs-multimedia-system-network-management,11,Operating Systems,medium
operating-system-mcqs-multimedia-system-network-management,12,Operating Systems,medium
operating-system-mcqs-multimedia-system-network-management,13,Operating Systems,hard
operating-system-mcqs-security-user-authentication,1,Operating Systems,hard
operating-system-mcqs-security-user-authentication,2,Operating Systems,easy
operating-system-mcqs-security-user-authentication,3,Operating Systems,hard
operating-system-mcqs-security-user-authentication,4,Operating Systems,hard
operating-system-mcqs-security-user-authentication,5,Operating Systems,hard
operating-system-mcqs-security-user-authentication,6,Operating Systems,hard
operating-system-mcqs-security-user-authentication,7,Operating Systems,hard
operating-system-mcqs-security-user-authentication,8,Operating Systems,hard
operating-system-mcqs-security-user-authentication,9,Operating Systems,easy
operating-system-mcqs-security-user-authentication,10,Operating Systems,medium
operating-system-mcqs-security-user-authentication,11,Operating Systems,easy
operating-system-mcqs-security-user-authentication,12,Operating Systems,medium
operating-system-mcqs-security-user-authentication,13,Operating Systems,medium
operating-system-mcqs-security-user-authentication,14,Operating Systems,hard
operating-system-mcqs-security-program-system-threats,1,Operating Systems,medium
operating-system-mcqs-security-program-system-threats,2,Operating Systems,medium
operating-system-mcqs-security-program-system-threats,3,Operating Systems,medium
operating-system-mcqs-security-program-system-threats,4,Operating Systems,medium
operating-system-mcqs-security-program-system-threats,5,Operating Systems,medium
operating-system-mcqs-security-program-system-threats,6,Operating Systems,medium
operating-system-mcqs-security-program-system-threats,7,Operating Systems,easy
operating-system-mcqs-security-program-system-threats,8,Operating Systems,hard
operating-system-mcqs-security-program-system-threats,9,Operating Systems,easy
operating-system-mcqs-security-program-system-threats,10,Operating Systems,medium
operating-system-mcqs-security-program-system-threats,11,Operating Systems,hard
operating-system-mcqs-security-program-system-threats,12,Operating Systems,hard
operating-system-mcqs-security-program-system-threats,14,Operating Systems,medium
operating-system-mcqs-security-program-system-threats,15,Operating Systems,easy
operating-system-mcqs-security-program-system-threats,16,Operating Systems,hard
operating-system-mcqs-security-system-facility,1,Operating Systems,hard
operating-system-mcqs-security-system-facility,2,Operating Systems,medium
operating-system-mcqs-security-system-facility,3,Operating Systems,hard
operating-system-mcqs-security-system-facility,4,Operating Systems,hard
operating-system-mcqs-security-system-facility,5,Operating Systems,medium
operating-system-mcqs-security-system-facility,6,Operating Systems,easy
operating-system-mcqs-security-system-facility,7,Operating Systems,medium
operating-system-mcqs-security-system-facility,8,Operating Systems,easy
operating-system-mcqs-security-system-facility,9,Operating Systems,medium
operating-system-mcqs-security-intrusion-detection,1,Operating Systems,easy
operating-system-mcqs-security-intrusion-detection,2,Operating Systems,easy
operating-system-mcqs-security-intrusion-detection,3,Operating Systems,easy
operating-system-mcqs-security-intrusion-detection,5,Operating Systems,hard
operating-system-mcqs-security-intrusion-detection,6,Operating Systems,medium
operating-system-mcqs-security-intrusion-detection,7,Operating Systems,hard
operating-system-mcqs-security-intrusion-detection,8,Operating Systems,medium
operating-system-mcqs-security-intrusion-detection,10,Operating Systems,hard
operating-system-mcqs-security-intrusion-detection,11,Operating Systems,easy
operating-system-mcqs-security-intrusion-detection,13,Operating Systems,hard
operating-system-mcqs-security-intrusion-detection,14,Operating Systems,easy
operating-system-mcqs-security-cryptography,1,Operating Systems,easy
operating-system-mcqs-security-cryptography,2,Operating Systems,hard
operating-system-mcqs-security-cryptography,3,Operating Systems,medium
operating-system-mcqs-security-cryptography,4,Operating Systems,medium
operating-system-mcqs-security-cryptography,5,Operating Systems,hard
operating-system-mcqs-security-cryptography,6,Operating Systems,medium
operating-system-mcqs-security-cryptography,7,Operating Systems,easy
operating-system-mcqs-security-cryptography,8,Operating Systems,easy
operating-system-mcqs-security-cryptography,9,Operating Systems,hard
operating-system-mcqs-security-cryptography,10,Operating Systems,medium
operating-system-questions-answers-secondary-storage,1,Operating Systems,hard
operating-system-questions-answers-secondary-storage,2,Operating Systems,easy
operating-system-questions-answers-secondary-storage,3,Operating Systems,medium
operating-system-questions-answers-secondary-storage,4,Operating Systems,hard
operating-system-questions-answers-secondary-storage,6,Operating Systems,easy
operating-system-questions-answers-secondary-storage,7,Operating Systems,easy
operating-system-questions-answers-secondary-storage,8,Operating Systems,hard
operating-system-questions-answers-secondary-storage,9,Operating Systems,medium
operating-system-questions-answers-secondary-storage,10,Operating Systems,hard
operating-system-questions-answers-linux,1,Operating Systems,hard
operating-system-questions-answers-linux,2,Operating Systems,easy
operating-system-questions-answers-linux,3,Operating Systems,hard
operating-system-questions-answers-linux,4,Operating Systems,easy
operating-system-questions-answers-linux,5,Operating Systems,hard
operating-system-questions-answers-linux,6,Operating Systems,easy
operating-system-questions-answers-linux,7,Operating Systems,hard
operating-system-questions-answers-linux,8,Operating Systems,easy
operating-system-questions-answers-linux,9,Operating Systems,easy
operating-system-questions-answers-linux,10,Operating Systems,hard
operating-system-questions-answers-threads,1,Operating Systems,hard
operating-system-questions-answers-threads,2,Operating Systems,easy
operating-system-questions-answers-threads,3,Operating Systems,hard
operating-system-questions-answers-threads,4,Operating Systems,hard
operating-system-questions-answers-threads,5,Operating Systems,medium
operating-system-questions-answers-threads,6,Operating Systems,medium
operating-system-questions-answers-threads,7,Operating Systems,medium
operating-system-questions-answers-threads,8,Operating Systems,hard
operating-system-questions-answers-threads,9,Operating Systems,easy
operating-system-questions-answers-threads,10,Operating Systems,hard
operating-system-mcqs-threads-ult-klt,1,Operating Systems,easy
operating-system-mcqs-threads-ult-klt,2,Operating Systems,hard
operating-system-mcqs-threads-ult-klt,3,Operating Systems,medium
operating-system-mcqs-threads-ult-klt,4,Operating Systems,hard
operating-system-mcqs-threads-ult-klt,5,Operating Systems,hard
operating-system-mcqs-threads-ult-klt,6,Operating Systems,hard
operating-system-mcqs-threads-ult-klt,7,Operating Systems,easy
operating-system-mcqs-threads-ult-klt,8,Operating Systems,easy
operating-system-mcqs-threads-ult-klt,9,Operating Systems,hard
operating-system-mcqs-threads-ult-klt,10,Operating Systems,hard
operating-system-mcqs-threads-ult-klt,11,Operating Systems,hard
operating-system-mcqs-threads-ult-klt,12,Operating Systems,hard
operating-system-mcqs-multi-threading-models,1,Operating Systems,medium
operating-system-mcqs-multi-threading-models,3,Operating Systems,hard
operating-system-mcqs-multi-threading-models,4,Operating Systems,hard
operating-system-mcqs-multi-threading-models,5,Operating Systems,easy
operating-system-mcqs-multi-threading-models,7,Operating Systems,hard
operating-system-mcqs-multi-threading-models,8,Operating Systems,medium
operating-system-mcqs-multi-threading-models,9,Operating Systems,hard
operating-system-mcqs-multi-threading-models,10,Operating Systems,hard
operating-system-mcqs-threads-fork-exec,1,Operating Systems,hard
operating-system-mcqs-threads-fork-exec,2,Operating Systems,medium
operating-system-mcqs-threads-fork-exec,3,Operating Systems,hard
operating-system-mcqs-threads-fork-exec,4,Operating Systems,easy
operating-system-mcqs-threads-fork-exec,5,Operating Systems,hard
operating-system-mcqs-threads-fork-exec,6,Operating Systems,hard
operating-system-mcqs-threads-fork-exec,7,Operating Systems,hard
operating-system-mcqs-threads-fork-exec,8,Operating Systems,medium
operating-system-mcqs-threads-fork-exec,9,Operating Systems,hard
operating-system-mcqs-threads-cancellation,1,Operating Systems,medium
operating-system-mcqs-threads-cancellation,2,Operating Systems,hard
operating-system-mcqs-threads-cancellation,3,Operating Systems,easy
operating-system-mcqs-threads-cancellation,4,Operating Systems,medium
operating-system-mcqs-threads-cancellation,5,Operating Systems,easy
operating-system-mcqs-threads-cancellation,6,Operating Systems,medium
operating-system-mcqs-threads-cancellation,7,Operating Systems,medium
operating-system-mcqs-threads-signal-handling,1,Operating Systems,medium
operating-system-mcqs-threads-signal-handling,3,Operating Systems,easy
operating-system-mcqs-threads-signal-handling,4,Operating Systems,medium
operating-system-mcqs-threads-signal-handling,5,Operating Systems,easy
operating-system-mcqs-threads-signal-handling,6,Operating Systems,medium
operating-system-mcqs-threads-signal-handling,7,Operating Systems,easy
operating-system-mcqs-threads-signal-handling,8,Operating Systems,easy
operating-system-mcqs-threads-signal-handling,9,Operating Systems,medium
operating-system-mcqs-threads-signal-handling,10,Operating Systems,easy
operating-system-mcqs-threads-signal-handling,11,Operating Systems,easy
operating-system-mcqs-threads-signal-handling,12,Operating Systems,medium
operating-system-mcqs-threads-signal-handling,13,Operating Systems,easy
operating-system-mcqs-threads-pools,1,Operating Systems,hard
operating-system-mcqs-threads-pools,2,Operating Systems,medium
operating-system-mcqs-threads-pools,3,Operating Systems,hard
operating-system-mcqs-threads-pools,4,Operating Systems,hard
operating-system-mcqs-threads-pools,5,Operating Systems,medium
operating-system-mcqs-threads-pools,6,Operating Systems,medium
operating-system-mcqs-threads-pools,7,Operating Systems,hard
operating-system-mcqs-threads-pools,8,Operating Systems,hard
operating-system-questions-answers-virtual-memory,1,Operating Systems,easy
operating-system-questions-answers-virtual-memory,2,Operating Systems,medium
operating-system-questions-answers-virtual-memory,3,Operating Systems,easy
operating-system-questions-answers-virtual-memory,4,Operating Systems,easy
operating-system-questions-answers-virtual-memory,5,Operating Systems,hard
operating-system-questions-answers-virtual-memory,6,Operating Systems,easy
operating-system-questions-answers-virtual-memory,7,Operating Systems,hard
operating-system-questions-answers-virtual-memory,8,Operating Systems,hard
operating-system-questions-answers-virtual-memory,9,Operating Systems,medium
operating-system-questions-answers-virtual-memory,10,Operating Systems,easy
operating-system-mcqs-virtual-memory-demand-paging,1,Operating Systems,medium
operating-system-mcqs-virtual-memory-demand-paging,2,Operating Systems,easy
operating-system-mcqs-virtual-memory-demand-paging,3,Operating Systems,easy
operating-system-mcqs-virtual-memory-demand-paging,4,Operating Systems,hard
operating-system-mcqs-virtual-memory-demand-paging,5,Operating Systems,medium
operating-system-mcqs-virtual-memory-demand-paging,6,Operating Systems,easy
operating-system-mcqs-virtual-memory-demand-paging,7,Operating Systems,hard
operating-system-mcqs-virtual-memory-demand-paging,8,Operating Systems,medium
operating-system-mcqs-virtual-memory-demand-paging,9,Operating Systems,medium
operating-system-mcqs-virtual-memory-demand-paging,10,Operating Systems,medium
operating-system-mcqs-virtual-memory-demand-paging,11,Operating Systems,medium
operating-system-mcqs-virtual-memory-demand-paging,12,Operating Systems,easy
operating-system-mcqs-virtual-memory-demand-paging,13,Operating Systems,medium
operating-system-mcqs-virtual-memory-demand-paging,14,Operating Systems,hard
operating-system-mcqs-virtual-memory-demand-paging,15,Operating Systems,medium
operating-system-mcqs-virtual-memory-demand-paging,16,Operating Systems,hard
operating-system-mcqs-virtual-memory-page-replacement-algorithms-1,1,Operating Systems,hard
operating-system-mcqs-virtual-memory-page-replacement-algorithms-1,2,Operating Systems,hard
operating-system-mcqs-virtual-memory-page-replacement-algorithms-1,3,Operating Systems,hard
operating-system-mcqs-virtual-memory-page-replacement-algorithms-1,4,Operating Systems,hard
operating-system-mcqs-virtual-memory-page-replacement-algorithms-1,5,Operating Systems,hard
operating-system-mcqs-virtual-memory-page-replacement-algorithms-1,6,Operating Systems,easy
operating-system-mcqs-virtual-memory-page-replacement-algorithms-1,7,Operating Systems,easy
operating-system-mcqs-virtual-memory-page-replacement-algorithms-1,8,Operating Systems,hard
operating-system-mcqs-virtual-memory-page-replacement-algorithms-1,9,Operating Systems,hard
operating-system-mcqs-virtual-memory-page-replacement-algorithms-1,10,Operating Systems,hard
operating-system-mcqs-virtual-memory-page-replacement-algorithms-1,11,Operating Systems,hard
operating-system-mcqs-virtual-memory-page-replacement-algorithms-1,12,Operating Systems,hard
operating-system-mcqs-virtual-memory-page-replacement-algorithms-1,13,Operating Systems,hard
operating-system-mcqs-virtual-memory-page-replacement-algorithms-1,14,Operating Systems,hard
operating-system-mcqs-virtual-memory-page-replacement-algorithms-1,15,Operating Systems,medium
operating-system-mcqs-virtual-memory-page-replacement-algorithms-2,1,Operating Systems,medium
operating-system-mcqs-virtual-memory-page-replacement-algorithms-2,2,Operating Systems,hard
operating-system-mcqs-virtual-memory-page-replacement-algorithms-2,3,Operating Systems,hard
operating-system-mcqs-virtual-memory-page-replacement-algorithms-2,4,Operating Systems,hard
operating-system-mcqs-virtual-memory-page-replacement-algorithms-2,5,Operating Systems,medium
operating-system-mcqs-virtual-memory-page-replacement-algorithms-2,6,Operating Systems,medium
operating-system-mcqs-virtual-memory-page-replacement-algorithms-2,7,Operating Systems,hard
operating-system-mcqs-virtual-memory-page-replacement-algorithms-2,8,Operating Systems,hard
operating-system-mcqs-virtual-memory-page-replacement-algorithms-2,9,Operating Systems,hard
operating-system-mcqs-virtual-memory-page-replacement-algorithms-2,10,Operating Systems,hard
operating-system-mcqs-virtual-memory-frame-allocation,1,Operating Systems,medium
operating-system-mcqs-virtual-memory-frame-allocation,2,Operating Systems,medium
operating-system-mcqs-virtual-memory-frame-allocation,3,Operating Systems,medium
operating-system-mcqs-virtual-memory-frame-allocation,4,Operating Systems,easy
operating-system-mcqs-virtual-memory-frame-allocation,5,Operating Systems,hard
operating-system-mcqs-virtual-memory-frame-allocation,6,Operating Systems,hard
operating-system-mcqs-virtual-memory-frame-allocation,7,Operating Systems,hard
operating-system-mcqs-virtual-memory-frame-allocation,8,Operating Systems,hard
operating-system-mcqs-virtual-memory-frame-allocation,9,Operating Systems,easy
operating-system-mcqs-virtual-memory-frame-allocation,10,Operating Systems,hard
operating-system-mcqs-virtual-memory-frame-allocation,11,Operating Systems,easy
operating-system-mcqs-virtual-memory-thrashing,2,Operating Systems,easy
operating-system-mcqs-virtual-memory-thrashing,3,Operating Systems,medium
operating-system-mcqs-virtual-memory-thrashing,4,Operating Systems,medium
operating-system-mcqs-virtual-memory-thrashing,5,Operating Systems,easy
operating-system-mcqs-virtual-memory-thrashing,6,Operating Systems,hard
operating-system-mcqs-virtual-memory-thrashing,7,Operating Systems,medium
operating-system-mcqs-virtual-memory-thrashing,8,Operating Systems,medium
operating-system-mcqs-virtual-memory-thrashing,9,Operating Systems,medium
operating-system-mcqs-virtual-memory-thrashing,11,Operating Systems,hard
operating-system-questions-answers-file-system-concepts,1,Operating Systems,medium
operating-system-questions-answers-file-system-concepts,2,Operating Systems,medium
operating-system-questions-answers-file-system-concepts,3,Operating Systems,easy
operating-system-questions-answers-file-system-concepts,4,Operating Systems,easy
operating-system-questions-answers-file-system-concepts,5,Operating Systems,medium
operating-system-questions-answers-file-system-concepts,6,Operating Systems,medium
operating-system-questions-answers-file-system-concepts,7,Operating Systems,easy
operating-system-questions-answers-file-system-concepts,8,Operating Systems,medium
operating-system-questions-answers-file-system-concepts,9,Operating Systems,medium
operating-system-questions-answers-file-system-concepts,10,Operating Systems,medium
operating-system-questions-answers-file-system-implementation,1,Operating Systems,easy
operating-system-questions-answers-file-system-implementation,2,Operating Systems,easy
operating-system-questions-answers-file-system-implementation,3,Operating Systems,medium
operating-system-questions-answers-file-system-implementation,4,Operating Systems,easy
operating-system-questions-answers-file-system-implementation,5,Operating Systems,medium
operating-system-questions-answers-file-system-implementation,6,Operating Systems,easy
operating-system-questions-answers-file-system-implementation,7,Operating Systems,easy
operating-system-questions-answers-file-system-implementation,8,Operating Systems,medium
operating-system-questions-answers-file-system-implementation,9,Operating Systems,medium
operating-system-questions-answers-file-system-implementation,10,Operating Systems,medium
operating-system-mcqs-file-system-interface-access-methods-1,1,Operating Systems,hard
operating-system-mcqs-file-system-interface-access-methods-1,2,Operating Systems,easy
operating-system-mcqs-file-system-interface-access-methods-1,4,Operating Systems,easy
operating-system-mcqs-file-system-interface-access-methods-1,6,Operating Systems,medium
operating-system-mcqs-file-system-interface-access-methods-1,7,Operating Systems,medium
operating-system-mcqs-file-system-interface-access-methods-1,8,Operating Systems,easy
operating-system-mcqs-file-system-interface-access-methods-1,9,Operating Systems,hard
operating-system-mcqs-file-system-interface-access-methods-2,1,Operating Systems,medium
operating-system-mcqs-file-system-interface-access-methods-2,2,Operating Systems,easy
operating-system-mcqs-file-system-interface-access-methods-2,3,Operating Systems,medium
operating-system-mcqs-file-system-interface-access-methods-2,4,Operating Systems,easy
operating-system-mcqs-file-system-interface-access-methods-2,5,Operating Systems,hard
operating-system-mcqs-file-system-interface-access-methods-2,6,Operating Systems,medium
operating-system-mcqs-file-system-interface-access-methods-2,7,Operating Systems,medium
operating-system-mcqs-file-system-interface-access-methods-2,8,Operating Systems,easy
operating-system-mcqs-file-system-interface-access-methods-2,9,Operating Systems,medium
operating-system-mcqs-file-system-interface-directory-structure-1,1,Operating Systems,medium
operating-system-mcqs-file-system-interface-directory-structure-1,2,Operating Systems,medium
operating-system-mcqs-file-system-interface-directory-structure-1,5,Operating Systems,medium
operating-system-mcqs-file-system-interface-directory-structure-1,6,Operating Systems,hard
operating-system-mcqs-file-system-interface-directory-structure-1,7,Operating Systems,medium
operating-system-mcqs-file-system-interface-directory-structure-1,8,Operating Systems,medium
operating-system-mcqs-file-system-interface-directory-structure-1,9,Operating Systems,medium
operating-system-mcqs-file-system-interface-directory-structure-1,10,Operating Systems,medium
operating-system-mcqs-file-system-interface-directory-structure-1,11,Operating Systems,hard
operating-system-mcqs-file-system-interface-directory-structure-2,1,Operating Systems,easy
operating-system-mcqs-file-system-interface-directory-structure-2,2,Operating Systems,easy
operating-system-mcqs-file-system-interface-directory-structure-2,3,Operating Systems,hard
operating-system-mcqs-file-system-interface-directory-structure-2,4,Operating Systems,medium
operating-system-mcqs-file-system-interface-directory-structure-2,5,Operating Systems,easy
operating-system-mcqs-file-system-interface-directory-structure-2,6,Operating Systems,medium
operating-system-mcqs-file-system-interface-directory-structure-2,7,Operating Systems,medium
operating-system-mcqs-file-system-interface-directory-structure-2,9,Operating Systems,easy
operating-system-mcqs-file-system-interface-directory-structure-2,10,Operating Systems,hard
operating-system-mcqs-file-system-interface-directory-structure-2,11,Operating Systems,hard
operating-system-mcqs-file-system-interface-mounting-sharing,1,Operating Systems,medium
operating-system-mcqs-file-system-interface-mounting-sharing,2,Operating Systems,hard
operating-system-mcqs-file-system-interface-mounting-sharing,3,Operating Systems,medium
operating-system-mcqs-file-system-interface-mounting-sharing,4,Operating Systems,hard
operating-system-mcqs-file-system-interface-mounting-sharing,5,Operating Systems,easy
operating-system-mcqs-file-system-interface-mounting-sharing,6,Operating Systems,medium
operating-system-mcqs-file-system-interface-mounting-sharing,7,Operating Systems,hard
operating-system-mcqs-file-system-interface-mounting-sharing,8,Operating Systems,medium
operating-system-mcqs-file-system-interface-mounting-sharing,9,Operating Systems,hard
operating-system-mcqs-file-system-interface-mounting-sharing,10,Operating Systems,medium
operating-system-mcqs-file-system-interface-mounting-sharing,12,Operating Systems,easy
operating-system-mcqs-file-system-interface-protection,1,Operating Systems,medium
operating-system-mcqs-file-system-interface-protection,2,Operating Systems,easy
operating-system-mcqs-file-system-interface-protection,3,Operating Systems,easy
operating-system-mcqs-file-system-interface-protection,4,Operating Systems,medium
operating-system-mcqs-file-system-interface-protection,5,Operating Systems,easy
operating-system-mcqs-file-system-interface-protection,6,Operating Systems,medium
operating-system-mcqs-file-system-interface-protection,7,Operating Systems,easy
operating-system-mcqs-file-system-interface-protection,8,Operating Systems,easy
operating-system-mcqs-file-system-interface-protection,9,Operating Systems,hard
operating-system-mcqs-file-system-interface-protection,10,Operating Systems,hard
operating-system-mcqs-file-system-interface-protection,11,Operating Systems,medium
operating-system-mcqs-file-system-interface-protection,12,Operating Systems,medium
operating-system-mcqs-file-system-allocation-methods-1,1,Operating Systems,medium
operating-system-mcqs-file-system-allocation-methods-1,2,Operating Systems,medium
operating-system-mcqs-file-system-allocation-methods-1,3,Operating Systems,medium
operating-system-mcqs-file-system-allocation-methods-1,4,Operating Systems,medium
operating-system-mcqs-file-system-allocation-methods-1,6,Operating Systems,medium
operating-system-mcqs-file-system-allocation-methods-1,7,Operating Systems,medium
operating-system-mcqs-file-system-allocation-methods-1,8,Operating Systems,easy
operating-system-mcqs-file-system-allocation-methods-1,9,Operating Systems,easy
operating-system-mcqs-file-system-allocation-methods-1,10,Operating Systems,hard
operating-system-mcqs-file-system-allocation-methods-1,11,Operating Systems,hard
operating-system-mcqs-file-system-allocation-methods-1,12,Operating Systems,easy
operating-system-mcqs-file-system-allocation-methods-1,13,Operating Systems,hard
operating-system-mcqs-file-system-allocation-methods-2,1,Operating Systems,hard
operating-system-mcqs-file-system-allocation-methods-2,2,Operating Systems,easy
operating-system-mcqs-file-system-allocation-methods-2,3,Operating Systems,easy
operating-system-mcqs-file-system-allocation-methods-2,4,Operating Systems,hard
operating-system-mcqs-file-system-allocation-methods-2,5,Operating Systems,medium
operating-system-mcqs-file-system-allocation-methods-2,6,Operating Systems,easy
operating-system-mcqs-file-system-allocation-methods-2,7,Operating Systems,hard
operating-system-mcqs-file-system-allocation-methods-2,8,Operating Systems,medium
operating-system-mcqs-file-system-allocation-methods-2,9,Operating Systems,easy
operating-system-mcqs-file-system-allocation-methods-2,10,Operating Systems,easy
operating-system-mcqs-file-system-allocation-methods-2,11,Operating Systems,medium
operating-system-mcqs-file-system-allocation-methods-2,12,Operating Systems,easy
operating-system-mcqs-file-system-allocation-methods-2,13,Operating Systems,easy
operating-system-mcqs-file-system-allocation-methods-3,1,Operating Systems,hard
operating-system-mcqs-file-system-allocation-methods-3,2,Operating Systems,medium
operating-system-mcqs-file-system-allocation-methods-3,3,Operating Systems,easy
operating-system-mcqs-file-system-allocation-methods-3,4,Operating Systems,medium
operating-system-mcqs-file-system-allocation-methods-3,5,Operating Systems,medium
operating-system-mcqs-file-system-allocation-methods-3,6,Operating Systems,easy
operating-system-mcqs-file-system-allocation-methods-3,7,Operating Systems,easy
operating-system-mcqs-file-system-allocation-methods-3,8,Operating Systems,medium
operating-system-mcqs-file-system-allocation-methods-3,9,Operating Systems,medium
operating-system-mcqs-file-system-allocation-methods-3,10,Operating Systems,hard
operating-system-mcqs-file-system-free-space-performance,1,Operating Systems,easy
operating-system-mcqs-file-system-free-space-performance,2,Operating Systems,easy
operating-system-mcqs-file-system-free-space-performance,3,Operating Systems,medium
operating-system-mcqs-file-system-free-space-performance,4,Operating Systems,hard
operating-system-mcqs-file-system-free-space-performance,5,Operating Systems,easy
operating-system-mcqs-file-system-free-space-performance,6,Operating Systems,hard
operating-system-mcqs-file-system-free-space-performance,7,Operating Systems,medium
operating-system-mcqs-file-system-free-space-performance,8,Operating Systems,easy
operating-system-mcqs-file-system-recovery,1,Operating Systems,medium
operating-system-mcqs-file-system-recovery,2,Operating Systems,easy
operating-system-mcqs-file-system-recovery,3,Operating Systems,hard
operating-system-mcqs-file-system-recovery,4,Operating Systems,easy
operating-system-mcqs-file-system-recovery,5,Operating Systems,easy
operating-system-mcqs-file-system-recovery,6,Operating Systems,medium
operating-system-mcqs-file-system-recovery,7,Operating Systems,medium
operating-system-mcqs-file-system-recovery,8,Operating Systems,hard
operating-system-mcqs-network-file-system-1,1,Operating Systems,easy
operating-system-mcqs-network-file-system-1,2,Operating Systems,medium
operating-system-mcqs-network-file-system-1,3,Operating Systems,medium
operating-system-mcqs-network-file-system-1,4,Operating Systems,hard
operating-system-mcqs-network-file-system-1,5,Operating Systems,easy
operating-system-mcqs-network-file-system-1,6,Operating Systems,medium
operating-system-mcqs-network-file-system-1,7,Operating Systems,medium
operating-system-mcqs-network-file-system-1,8,Operating Systems,hard
operating-system-mcqs-network-file-system-1,9,Operating Systems,medium
operating-system-mcqs-network-file-system-2,1,Operating Systems,easy
operating-system-mcqs-network-file-system-2,2,Operating Systems,medium
operating-system-mcqs-network-file-system-2,3,Operating Systems,easy
operating-system-mcqs-network-file-system-2,4,Operating Systems,easy
operating-system-mcqs-network-file-system-2,5,Operating Systems,easy
operating-system-mcqs-network-file-system-2,6,Operating Systems,easy
operating-system-mcqs-network-file-system-2,7,Operating Systems,medium
operating-system-mcqs-network-file-system-2,8,Operating Systems,hard
operating-system-mcqs-network-file-system-2,9,Operating Systems,medium
operating-system-questions-answers-io-subsystem,1,Operating Systems,easy
operating-system-questions-answers-io-subsystem,2,Operating Systems,medium
operating-system-questions-answers-io-subsystem,3,Operating Systems,easy
operating-system-questions-answers-io-subsystem,4,Operating Systems,medium
operating-system-questions-answers-io-subsystem,5,Operating Systems,easy
operating-system-questions-answers-io-subsystem,6,Operating Systems,easy
operating-system-questions-answers-io-subsystem,7,Operating Systems,easy
operating-system-questions-answers-io-subsystem,8,Operating Systems,hard
operating-system-questions-answers-io-subsystem,9,Operating Systems,medium
operating-system-questions-answers-io-subsystem,10,Operating Systems,medium
operating-system-mcqs-disk-scheduling-1,1,Operating Systems,easy
operating-system-mcqs-disk-scheduling-1,2,Operating Systems,medium
operating-system-mcqs-disk-scheduling-1,3,Operating Systems,easy
operating-system-mcqs-disk-scheduling-1,4,Operating Systems,medium
operating-system-mcqs-disk-scheduling-1,5,Operating Systems,medium
operating-system-mcqs-disk-scheduling-1,6,Operating Systems,easy
operating-system-mcqs-disk-scheduling-1,7,Operating Systems,medium
operating-system-mcqs-disk-scheduling-1,8,Operating Systems,medium
operating-system-mcqs-disk-scheduling-1,9,Operating Systems,medium
operating-system-mcqs-disk-scheduling-1,10,Operating Systems,hard
operating-system-mcqs-disk-scheduling-2,2,Operating Systems,hard
operating-system-mcqs-disk-scheduling-2,3,Operating Systems,hard
operating-system-mcqs-disk-scheduling-2,5,Operating Systems,easy
operating-system-mcqs-disk-scheduling-2,6,Operating Systems,medium
operating-system-mcqs-disk-scheduling-2,7,Operating Systems,medium
operating-system-mcqs-disk-scheduling-2,8,Operating Systems,hard
operating-system-mcqs-disk-scheduling-2,9,Operating Systems,hard
operating-system-mcqs-disk-scheduling-2,10,Operating Systems,hard
operating-system-mcqs-disk-scheduling-2,11,Operating Systems,hard
operating-system-mcqs-disk-management,1,Operating Systems,easy
operating-system-mcqs-disk-management,2,Operating Systems,easy
operating-system-mcqs-disk-management,3,Operating Systems,hard
operating-system-mcqs-disk-management,6,Operating Systems,easy
operating-system-mcqs-disk-management,7,Operating Systems,easy
operating-system-mcqs-disk-management,8,Operating Systems,easy
operating-system-mcqs-disk-management,11,Operating Systems,easy
operating-system-mcqs-swap-space-management,1,Operating Systems,easy
operating-system-mcqs-swap-space-management,2,Operating Systems,easy
operating-system-mcqs-swap-space-management,3,Operating Systems,easy
operating-system-mcqs-swap-space-management,4,Operating Systems,easy
operating-system-mcqs-swap-space-management,5,Operating Systems,hard
operating-system-mcqs-swap-space-management,6,Operating Systems,hard
operating-system-mcqs-swap-space-management,7,Operating Systems,hard
operating-system-mcqs-swap-space-management,8,Operating Systems,medium
operating-system-mcqs-swap-space-management,9,Operating Systems,hard
operating-system-mcqs-mass-storage-RAID-1,1,Operating Systems,hard
operating-system-mcqs-mass-storage-RAID-1,2,Operating Systems,easy
operating-system-mcqs-mass-storage-RAID-1,3,Operating Systems,medium
operating-system-mcqs-mass-storage-RAID-1,4,Operating Systems,easy
operating-system-mcqs-mass-storage-RAID-1,5,Operating Systems,easy
operating-system-mcqs-mass-storage-RAID-1,6,Operating Systems,medium
operating-system-mcqs-mass-storage-RAID-1,7,Operating Systems,easy
operating-system-mcqs-mass-storage-RAID-1,8,Operating Systems,medium
operating-system-mcqs-mass-storage-RAID-1,9,Operating Systems,easy
operating-system-mcqs-mass-storage-RAID-1,10,Operating Systems,medium
operating-system-mcqs-mass-storage-RAID-1,11,Operating Systems,easy
operating-system-mcqs-mass-storage-RAID-1,12,Operating Systems,easy
operating-system-mcqs-mass-storage-RAID-2,1,Operating Systems,hard
operating-system-mcqs-mass-storage-RAID-2,2,Operating Systems,easy
operating-system-mcqs-mass-storage-RAID-2,3,Operating Systems,hard
operating-system-mcqs-mass-storage-RAID-2,4,Operating Systems,easy
operating-system-mcqs-mass-storage-RAID-2,5,Operating Systems,easy
operating-system-mcqs-mass-storage-RAID-2,6,Operating Systems,hard
operating-system-mcqs-mass-storage-RAID-2,7,Operating Systems,medium
operating-system-mcqs-mass-storage-RAID-2,8,Operating Systems,easy
operating-system-mcqs-mass-storage-RAID-2,9,Operating Systems,easy
operating-system-mcqs-mass-storage-RAID-2,10,Operating Systems,easy
operating-system-mcqs-mass-storage-RAID-2,11,Operating Systems,easy
operating-system-mcqs-mass-storage-RAID-2,12,Operating Systems,hard
operating-system-mcqs-mass-storage-tertiary-storage,1,Operating Systems,easy
operating-system-mcqs-mass-storage-tertiary-storage,2,Operating Systems,easy
operating-system-mcqs-mass-storage-tertiary-storage,3,Operating Systems,easy
operating-system-mcqs-mass-storage-tertiary-storage,4,Operating Systems,medium
operating-system-mcqs-mass-storage-tertiary-storage,5,Operating Systems,easy
operating-system-mcqs-mass-storage-tertiary-storage,6,Operating Systems,medium
operating-system-mcqs-mass-storage-tertiary-storage,7,Operating Systems,easy
operating-system-mcqs-mass-storage-tertiary-storage,8,Operating Systems,easy
operating-system-mcqs-mass-storage-tertiary-storage,9,Operating Systems,easy
operating-system-mcqs-mass-storage-tertiary-storage,10,Operating Systems,medium
operating-system-mcqs-mass-storage-tertiary-storage,11,Operating Systems,medium
operating-system-mcqs-protection-access-matrix,1,Operating Systems,medium
operating-system-mcqs-protection-access-matrix,2,Operating Systems,hard
operating-system-mcqs-protection-access-matrix,3,Operating Systems,easy
operating-system-mcqs-protection-access-matrix,4,Operating Systems,easy
operating-system-mcqs-protection-access-matrix,5,Operating Systems,easy
operating-system-mcqs-protection-access-matrix,6,Operating Systems,easy
operating-system-mcqs-protection-access-matrix,7,Operating Systems,easy
operating-system-mcqs-protection-access-matrix,8,Operating Systems,medium
operating-system-mcqs-protection-access-matrix,9,Operating Systems,easy
operating-system-mcqs-protection-access-matrix,10,Operating Systems,hard
operating-system-mcqs-protection-access-matrix,11,Operating Systems,medium
operating-system-mcqs-protection-access-matrix,12,Operating Systems,hard
operating-system-mcqs-protection-access-matrix,15,Operating Systems,medium
operating-system-questions-answers-protection-concepts,2,Operating Systems,medium
operating-system-questions-answers-protection-concepts,3,Operating Systems,medium
operating-system-questions-answers-protection-concepts,4,Operating Systems,easy
operating-system-questions-answers-protection-concepts,5,Operating Systems,medium
operating-system-questions-answers-protection-concepts,6,Operating Systems,medium
operating-system-questions-answers-protection-concepts,7,Operating Systems,easy
operating-system-questions-answers-protection-concepts,8,Operating Systems,medium
operating-system-questions-answers-protection-concepts,9,Operating Systems,medium
operating-system-questions-answers-protection-concepts,10,Operating Systems,easy
operating-system-questions-answers-security,1,Operating Systems,medium
operating-system-questions-answers-security,2,Operating Systems,easy
operating-system-questions-answers-security,3,Operating Systems,medium
operating-system-questions-answers-security,4,Operating Systems,easy
operating-system-questions-answers-security,5,Operating Systems,medium
operating-system-questions-answers-security,7,Operating Systems,hard
operating-system-questions-answers-security,8,Operating Systems,easy
operating-system-questions-answers-security,9,Operating Systems,easy
operating-system-questions-answers-security,10,Operating Systems,medium
operating-system-mcqs-protection-memory-protection,1,Operating Systems,medium
operating-system-mcqs-protection-memory-protection,3,Operating Systems,hard
operating-system-mcqs-protection-memory-protection,4,Operating Systems,hard
operating-system-mcqs-protection-memory-protection,5,Operating Systems,hard
operating-system-mcqs-protection-memory-protection,6,Operating Systems,hard
operating-system-mcqs-protection-memory-protection,7,Operating Systems,hard
operating-system-mcqs-protection-memory-protection,8,Operating Systems,hard
operating-system-mcqs-protection-memory-protection,9,Operating Systems,hard
operating-system-mcqs-protection-memory-protection,10,Operating Systems,medium
operating-system-mcqs-protection-memory-protection,11,Operating Systems,medium
operating-system-mcqs-protection-memory-protection,12,Operating Systems,easy
operating-system-mcqs-protection-memory-protection,13,Operating Systems,medium
operating-system-mcqs-protection-memory-protection,14,Operating Systems,medium
operating-system-mcqs-protection-memory-protection,15,Operating Systems,medium
operating-system-mcqs-protection-revocation-access-rights,1,Operating Systems,hard
operating-system-mcqs-protection-revocation-access-rights,2,Operating Systems,hard
operating-system-mcqs-protection-revocation-access-rights,3,Operating Systems,hard
operating-system-mcqs-protection-revocation-access-rights,4,Operating Systems,hard
operating-system-mcqs-protection-revocation-access-rights,5,Operating Systems,medium
operating-system-mcqs-protection-revocation-access-rights,6,Operating Systems,easy
operating-system-mcqs-protection-revocation-access-rights,7,Operating Systems,medium
operating-system-mcqs-protection-revocation-access-rights,8,Operating Systems,medium
operating-system-mcqs-protection-revocation-access-rights,9,Operating Systems,hard
operating-system-mcqs-protection-revocation-access-rights,10,Operating Systems,hard
operating-system-mcqs-protection-revocation-access-rights,11,Operating Systems,easy
operating-system-questions-answers-distributed-operating-system,1,Operating Systems,easy
operating-system-questions-answers-distributed-operating-system,2,Operating Systems,medium
operating-system-questions-answers-distributed-operating-system,4,Operating Systems,medium
operating-system-questions-answers-distributed-operating-system,5,Operating Systems,easy
operating-system-questions-answers-distributed-operating-system,6,Operating Systems,easy
operating-system-questions-answers-distributed-operating-system,7,Operating Systems,easy
operating-system-questions-answers-distributed-operating-system,8,Operating Systems,easy
operating-system-questions-answers-distributed-operating-system,9,Operating Systems,easy
operating-system-questions-answers-distributed-operating-system,10,Operating Systems,easy
distributed-operating-system-mcqs-types-resource-sharing,1,Operating Systems,hard
distributed-operating-system-mcqs-types-resource-sharing,2,Operating Systems,medium
distributed-operating-system-mcqs-types-resource-sharing,3,Operating Systems,medium
distributed-operating-system-mcqs-types-resource-sharing,4,Operating Systems,hard
distributed-operating-system-mcqs-types-resource-sharing,6,Operating Systems,medium
distributed-operating-system-mcqs-types-resource-sharing,7,Operating Systems,medium
distributed-operating-system-mcqs-types-resource-sharing,8,Operating Systems,medium
distributed-operating-system-mcqs-types-resource-sharing,9,Operating Systems,medium
distributed-operating-system-mcqs-types-resource-sharing,10,Operating Systems,medium
distributed-operating-system-mcqs-types-resource-sharing,11,Operating Systems,medium
distributed-operating-system-mcqs-network-structure-topology,1,Operating Systems,easy
distributed-operating-system-mcqs-network-structure-topology,2,Operating Systems,easy
distributed-operating-system-mcqs-network-structure-topology,3,Operating Systems,easy
distributed-operating-system-mcqs-network-structure-topology,4,Operating Systems,easy
distributed-operating-system-mcqs-network-structure-topology,5,Operating Systems,easy
distributed-operating-system-mcqs-network-structure-topology,6,Operating Systems,hard
distributed-operating-system-mcqs-network-structure-topology,7,Operating Systems,hard
distributed-operating-system-mcqs-network-structure-topology,8,Operating Systems,medium
distributed-operating-system-mcqs-network-structure-topology,9,Operating Systems,easy
distributed-operating-system-mcqs-robustness,1,Operating Systems,easy
distributed-operating-system-mcqs-robustness,2,Operating Systems,easy
distributed-operating-system-mcqs-robustness,3,Operating Systems,easy
distributed-operating-system-mcqs-robustness,4,Operating Systems,easy
distributed-operating-system-mcqs-robustness,5,Operating Systems,easy
distributed-operating-system-mcqs-robustness,6,Operating Systems,hard
distributed-operating-system-mcqs-robustness,7,Operating Systems,easy
distributed-operating-system-mcqs-robustness,8,Operating Systems,easy
distributed-operating-system-mcqs-robustness,9,Operating Systems,easy
distributed-operating-system-mcqs-robustness,10,Operating Systems,hard
distributed-operating-system-mcqs-file-system-1,1,Operating Systems,hard
distributed-operating-system-mcqs-file-system-1,2,Operating Systems,hard
distributed-operating-system-mcqs-file-system-1,3,Operating Systems,easy
distributed-operating-system-mcqs-file-system-1,4,Operating Systems,easy
distributed-operating-system-mcqs-file-system-1,5,Operating Systems,hard
distributed-operating-system-mcqs-file-system-1,6,Operating Systems,easy
distributed-operating-system-mcqs-file-system-1,7,Operating Systems,medium
distributed-operating-system-mcqs-file-system-1,8,Operating Systems,easy
distributed-operating-system-mcqs-file-system-1,9,Operating Systems,easy
distributed-operating-system-mcqs-file-system-1,10,Operating Systems,hard
distributed-operating-system-mcqs-file-system-2,1,Operating Systems,medium
distributed-operating-system-mcqs-file-system-2,2,Operating Systems,medium
distributed-operating-system-mcqs-file-system-2,3,Operating Systems,hard
distributed-operating-system-mcqs-file-system-2,4,Operating Systems,easy
distributed-operating-system-mcqs-file-system-2,5,Operating Systems,easy
distributed-operating-system-mcqs-file-system-2,6,Operating Systems,medium
distributed-operating-system-mcqs-file-system-2,7,Operating Systems,easy
distributed-operating-system-mcqs-file-system-2,8,Operating Systems,medium
distributed-operating-system-mcqs-file-system-2,9,Operating Systems,hard
distributed-operating-system-mcqs-file-system-2,10,Operating Systems,hard
operating-system-questions-answers-distributed-file-system,1,Operating Systems,hard
operating-system-questions-answers-distributed-file-system,2,Operating Systems,medium
operating-system-questions-answers-distributed-file-system,3,Operating Systems,hard
operating-system-questions-answers-distributed-file-system,4,Operating Systems,medium
operating-system-questions-answers-distributed-file-system,5,Operating Systems,hard
operating-system-questions-answers-distributed-file-system,6,Operating Systems,easy
operating-system-questions-answers-distributed-file-system,7,Operating Systems,medium
operating-system-questions-answers-distributed-file-system,8,Operating Systems,medium
operating-system-questions-answers-distributed-file-system,9,Operating Systems,hard
operating-system-questions-answers-distributed-file-system,10,Operating Systems,easy
operating-system-questions-answers-distributed-synchronization,1,Operating Systems,easy
operating-system-questions-answers-distributed-synchronization,2,Operating Systems,easy
operating-system-questions-answers-distributed-synchronization,4,Operating Systems,medium
operating-system-questions-answers-distributed-synchronization,5,Operating Systems,hard
operating-system-questions-answers-distributed-synchronization,6,Operating Systems,medium
operating-system-questions-answers-distributed-synchronization,7,Operating Systems,medium
operating-system-questions-answers-distributed-synchronization,8,Operating Systems,medium
operating-system-questions-answers-distributed-synchronization,9,Operating Systems,hard
operating-system-questions-answers-distributed-synchronization,10,Operating Systems,hard
automata-theory-questions-answers-finite-automata-introduction,1,Automata Theory,medium
automata-theory-questions-answers-finite-automata-introduction,2,Automata Theory,medium
automata-theory-questions-answers-finite-automata-introduction,3,Automata Theory,hard
automata-theory-questions-answers-finite-automata-introduction,4,Automata Theory,hard
automata-theory-questions-answers-finite-automata-introduction,5,Automata Theory,easy
automata-theory-questions-answers-finite-automata-introduction,6,Automata Theory,hard
automata-theory-questions-answers-finite-automata-introduction,7,Automata Theory,medium
automata-theory-questions-answers-finite-automata-introduction,8,Automata Theory,medium
automata-theory-questions-answers-finite-automata-introduction,9,Automata Theory,hard
automata-theory-questions-answers-finite-automata-introduction,10,Automata Theory,medium
automata-theory-questions-answers-moore-machine,1,Automata Theory,easy
automata-theory-questions-answers-moore-machine,2,Automata Theory,medium
automata-theory-questions-answers-moore-machine,3,Automata Theory,hard
automata-theory-questions-answers-moore-machine,4,Automata Theory,hard
automata-theory-questions-answers-moore-machine,5,Automata Theory,medium
automata-theory-questions-answers-moore-machine,6,Automata Theory,hard
automata-theory-questions-answers-moore-machine,7,Automata Theory,hard
automata-theory-questions-answers-moore-machine,8,Automata Theory,medium
automata-theory-questions-answers-moore-machine,9,Automata Theory,medium
automata-theory-questions-answers-moore-machine,10,Automata Theory,hard
automata-theory-questions-answers-mealy-machine,1,Automata Theory,easy
automata-theory-questions-answers-mealy-machine,2,Automata Theory,easy
automata-theory-questions-answers-mealy-machine,3,Automata Theory,medium
automata-theory-questions-answers-mealy-machine,4,Automata Theory,medium
automata-theory-questions-answers-mealy-machine,5,Automata Theory,easy
automata-theory-questions-answers-mealy-machine,6,Automata Theory,easy
automata-theory-questions-answers-mealy-machine,7,Automata Theory,hard
automata-theory-questions-answers-mealy-machine,8,Automata Theory,medium
automata-theory-questions-answers-mealy-machine,9,Automata Theory,easy
automata-theory-questions-answers-mealy-machine-1,1,Automata Theory,hard
automata-theory-questions-answers-mealy-machine-1,2,Automata Theory,medium
automata-theory-questions-answers-mealy-machine-1,3,Automata Theory,easy
automata-theory-questions-answers-mealy-machine-1,4,Automata Theory,medium
automata-theory-questions-answers-mealy-machine-1,5,Automata Theory,hard
automata-theory-questions-answers-mealy-machine-1,6,Automata Theory,hard
automata-theory-questions-answers-mealy-machine-1,7,Automata Theory,easy
automata-theory-questions-answers-mealy-machine-1,8,Automata Theory,hard
automata-theory-questions-answers-mealy-machine-1,9,Automata Theory,easy
automata-theory-questions-answers-mealy-machine-1,10,Automata Theory,medium
automata-theory-interview-questions-answers,1,Automata Theory,hard
automata-theory-interview-questions-answers,2,Automata Theory,easy
automata-theory-interview-questions-answers,3,Automata Theory,medium
automata-theory-interview-questions-answers,4,Automata Theory,medium
automata-theory-interview-questions-answers,5,Automata Theory,easy
automata-theory-interview-questions-answers,6,Automata Theory,medium
automata-theory-interview-questions-answers,7,Automata Theory,hard
automata-theory-interview-questions-answers,8,Automata Theory,medium
automata-theory-interview-questions-answers,9,Automata Theory,easy
automata-theory-interview-questions-answers,10,Automata Theory,hard
automata-theory-questions-answers-dfa-processing-strings,1,Automata Theory,medium
automata-theory-questions-answers-dfa-processing-strings,2,Automata Theory,hard
automata-theory-questions-answers-dfa-processing-strings,3,Automata Theory,hard
automata-theory-questions-answers-dfa-processing-strings,4,Automata Theory,medium
automata-theory-questions-answers-dfa-processing-strings,5,Automata Theory,medium
automata-theory-questions-answers-dfa-processing-strings,6,Automata Theory,medium
automata-theory-questions-answers-dfa-processing-strings,7,Automata Theory,hard
automata-theory-questions-answers-dfa-processing-strings,8,Automata Theory,easy
automata-theory-questions-answers-dfa-processing-strings,9,Automata Theory,medium
automata-theory-questions-answers-simpler-notations,1,Automata Theory,hard
automata-theory-questions-answers-simpler-notations,2,Automata Theory,medium
automata-theory-questions-answers-simpler-notations,3,Automata Theory,easy
automata-theory-questions-answers-simpler-notations,4,Automata Theory,medium
automata-theory-questions-answers-simpler-notations,5,Automata Theory,hard
automata-theory-questions-answers-simpler-notations,6,Automata Theory,hard
automata-theory-questions-answers-the-language-dfa,1,Automata Theory,easy
automata-theory-questions-answers-the-language-dfa,2,Automata Theory,hard
automata-theory-questions-answers-the-language-dfa,3,Automata Theory,medium
automata-theory-questions-answers-the-language-dfa,4,Automata Theory,medium
automata-theory-questions-answers-the-language-dfa,5,Automata Theory,medium
automata-theory-questions-answers-the-language-dfa,6,Automata Theory,hard
automata-theory-questions-answers-the-language-dfa,7,Automata Theory,medium
automata-theory-questions-answers-the-language-dfa,8,Automata Theory,easy
automata-theory-questions-answers-the-language-dfa,9,Automata Theory,medium
automata-theory-questions-answers-the-language-dfa,10,Automata Theory,medium
automata-theory-mcqs-finite-automata,1,Automata Theory,easy
automata-theory-mcqs-finite-automata,2,Automata Theory,easy
automata-theory-mcqs-finite-automata,3,Automata Theory,easy
automata-theory-mcqs-finite-automata,4,Automata Theory,easy
automata-theory-mcqs-finite-automata,5,Automata Theory,easy
automata-theory-mcqs-finite-automata,6,Automata Theory,easy
automata-theory-mcqs-finite-automata,7,Automata Theory,easy
automata-theory-mcqs-finite-automata,8,Automata Theory,easy
automata-theory-mcqs-finite-automata,9,Automata Theory,easy
automata-theory-mcqs-finite-automata,10,Automata Theory,easy
automata-theory-mcqs-finite-automata,11,Automata Theory,medium
automata-theory-mcqs-finite-automata,12,Automata Theory,easy
automata-theory-mcqs-finite-automata,13,Automata Theory,medium
automata-theory-mcqs-finite-automata,14,Automata Theory,medium
automata-theory-mcqs-finite-automata,15,Automata Theory,hard
automata-theory-questions-answers-non-deterministic-finite-automata-introduction,1,Automata Theory,hard
automata-theory-questions-answers-non-deterministic-finite-automata-introduction,2,Automata Theory,medium
automata-theory-questions-answers-non-deterministic-finite-automata-introduction,3,Automata Theory,medium
automata-theory-questions-answers-non-deterministic-finite-automata-introduction,4,Automata Theory,medium
automata-theory-questions-answers-non-deterministic-finite-automata-introduction,5,Automata Theory,medium
automata-theory-questions-answers-non-deterministic-finite-automata-introduction,6,Automata Theory,hard
automata-theory-questions-answers-non-deterministic-finite-automata-introduction,7,Automata Theory,medium
automata-theory-questions-answers-non-deterministic-finite-automata-introduction,8,Automata Theory,easy
automata-theory-questions-answers-non-deterministic-finite-automata-introduction,9,Automata Theory,medium
automata-theory-questions-answers-non-deterministic-finite-automata-introduction,10,Automata Theory,hard
automata-theory-questions-answers-extended-transition-function,1,Automata Theory,easy
automata-theory-questions-answers-extended-transition-function,2,Automata Theory,medium
automata-theory-questions-answers-extended-transition-function,3,Automata Theory,medium
automata-theory-questions-answers-extended-transition-function,4,Automata Theory,medium
automata-theory-questions-answers-extended-transition-function,5,Automata Theory,easy
automata-theory-questions-answers-extended-transition-function,6,Automata Theory,hard
automata-theory-questions-answers-extended-transition-function,7,Automata Theory,medium
automata-theory-questions-answers-extended-transition-function,8,Automata Theory,easy
automata-theory-questions-answers-extended-transition-function,9,Automata Theory,easy
automata-theory-questions-answers-extended-transition-function,10,Automata Theory,easy
automata-theory-questions-answers-the-language-nfa,1,Automata Theory,easy
automata-theory-questions-answers-the-language-nfa,2,Automata Theory,medium
automata-theory-questions-answers-the-language-nfa,3,Automata Theory,medium
automata-theory-questions-answers-the-language-nfa,4,Automata Theory,easy
automata-theory-questions-answers-the-language-nfa,5,Automata Theory,medium
automata-theory-questions-answers-the-language-nfa,6,Automata Theory,easy
automata-theory-questions-answers-the-language-nfa,7,Automata Theory,medium
automata-theory-questions-answers-the-language-nfa,8,Automata Theory,easy
automata-theory-questions-answers-the-language-nfa,10,Automata Theory,hard
automata-theory-questions-answers-equivalence-nfa-dfa,1,Automata Theory,hard
automata-theory-questions-answers-equivalence-nfa-dfa,2,Automata Theory,easy
automata-theory-questions-answers-equivalence-nfa-dfa,3,Automata Theory,medium
automata-theory-questions-answers-equivalence-nfa-dfa,4,Automata Theory,medium
automata-theory-questions-answers-equivalence-nfa-dfa,5,Automata Theory,hard
automata-theory-questions-answers-equivalence-nfa-dfa,6,Automata Theory,easy
automata-theory-questions-answers-equivalence-nfa-dfa,7,Automata Theory,medium
automata-theory-questions-answers-equivalence-nfa-dfa,8,Automata Theory,hard
automata-theory-questions-answers-equivalence-nfa-dfa,9,Automata Theory,medium
automata-theory-questions-answers-equivalence-nfa-dfa,10,Automata Theory,medium
automata-theory-questions-answers-aplications-dfa,1,Automata Theory,medium
automata-theory-questions-answers-aplications-dfa,2,Automata Theory,easy
automata-theory-questions-answers-aplications-dfa,3,Automata Theory,medium
automata-theory-questions-answers-aplications-dfa,4,Automata Theory,medium
automata-theory-questions-answers-aplications-dfa,5,Automata Theory,hard
automata-theory-questions-answers-aplications-dfa,6,Automata Theory,hard
automata-theory-questions-answers-aplications-dfa,7,Automata Theory,hard
automata-theory-questions-answers-aplications-dfa,8,Automata Theory,medium
automata-theory-questions-answers-aplications-dfa,9,Automata Theory,medium
automata-theory-questions-answers-test,1,Automata Theory,medium
automata-theory-questions-answers-test,2,Automata Theory,hard
automata-theory-questions-answers-test,3,Automata Theory,medium
automata-theory-questions-answers-test,4,Automata Theory,hard
automata-theory-questions-answers-test,5,Automata Theory,easy
automata-theory-questions-answers-test,6,Automata Theory,easy
automata-theory-questions-answers-test,7,Automata Theory,easy
automata-theory-questions-answers-test,8,Automata Theory,hard
automata-theory-questions-answers-test,9,Automata Theory,easy
automata-theory-questions-answers-test,10,Automata Theory,easy
automata-theory-questions-answers-test,11,Automata Theory,easy
automata-theory-questions-answers-test,12,Automata Theory,medium
automata-theory-mcqs-union-intersection-complement,1,Automata Theory,easy
automata-theory-mcqs-union-intersection-complement,2,Automata Theory,medium
automata-theory-mcqs-union-intersection-complement,3,Automata Theory,easy
automata-theory-mcqs-union-intersection-complement,4,Automata Theory,easy
automata-theory-mcqs-union-intersection-complement,5,Automata Theory,easy
automata-theory-mcqs-union-intersection-complement,6,Automata Theory,medium
automata-theory-mcqs-union-intersection-complement,7,Automata Theory,easy
automata-theory-mcqs-union-intersection-complement,8,Automata Theory,easy
automata-theory-mcqs-union-intersection-complement,9,Automata Theory,easy
automata-theory-mcqs-union-intersection-complement,10,Automata Theory,easy
automata-theory-mcqs-union-intersection-complement,11,Automata Theory,hard
automata-theory-mcqs-union-intersection-complement,12,Automata Theory,easy
automata-theory-mcqs-union-intersection-complement,13,Automata Theory,easy
automata-theory-mcqs-union-intersection-complement,14,Automata Theory,easy
automata-theory-mcqs-union-intersection-complement,15,Automata Theory,easy
automata-theory-questions-answers-regular-expression-introduction,1,Automata Theory,easy
automata-theory-questions-answers-regular-expression-introduction,2,Automata Theory,medium
automata-theory-questions-answers-regular-expression-introduction,3,Automata Theory,hard
automata-theory-questions-answers-regular-expression-introduction,4,Automata Theory,medium
automata-theory-questions-answers-regular-expression-introduction,5,Automata Theory,hard
automata-theory-questions-answers-regular-expression-introduction,6,Automata Theory,hard
automata-theory-questions-answers-regular-expression-introduction,7,Automata Theory,hard
automata-theory-questions-answers-regular-expression-introduction,8,Automata Theory,medium
automata-theory-questions-answers-regular-expression-introduction,9,Automata Theory,medium
automata-theory-questions-answers-regular-expression-introduction,10,Automata Theory,easy
automata-theory-questions-answers-operators-regular-expression,1,Automata Theory,easy
automata-theory-questions-answers-operators-regular-expression,2,Automata Theory,medium
automata-theory-questions-answers-operators-regular-expression,3,Automata Theory,easy
automata-theory-questions-answers-operators-regular-expression,4,Automata Theory,hard
automata-theory-questions-answers-operators-regular-expression,5,Automata Theory,easy
automata-theory-questions-answers-operators-regular-expression,6,Automata Theory,easy
automata-theory-questions-answers-operators-regular-expression,7,Automata Theory,medium
automata-theory-questions-answers-operators-regular-expression,8,Automata Theory,easy
automata-theory-questions-answers-operators-regular-expression,9,Automata Theory,easy
automata-theory-questions-answers-operators-regular-expression,10,Automata Theory,medium
automata-theory-questions-answers-quiz,1,Automata Theory,hard
automata-theory-questions-answers-quiz,2,Automata Theory,easy
automata-theory-questions-answers-quiz,3,Automata Theory,easy
automata-theory-questions-answers-quiz,4,Automata Theory,medium
automata-theory-questions-answers-quiz,5,Automata Theory,easy
automata-theory-questions-answers-quiz,6,Automata Theory,medium
automata-theory-questions-answers-quiz,7,Automata Theory,hard
automata-theory-questions-answers-quiz,8,Automata Theory,easy
automata-theory-questions-answers-quiz,9,Automata Theory,easy
automata-theory-questions-answers-quiz,10,Automata Theory,hard
automata-theory-questions-answers-quiz,11,Automata Theory,hard
automata-theory-questions-answers-quiz,12,Automata Theory,medium
automata-theory-questions-answers-quiz,13,Automata Theory,medium
automata-theory-questions-answers-dfa-regular-expressions,1,Automata Theory,hard
automata-theory-questions-answers-dfa-regular-expressions,2,Automata Theory,hard
automata-theory-questions-answers-dfa-regular-expressions,3,Automata Theory,easy
automata-theory-questions-answers-dfa-regular-expressions,4,Automata Theory,easy
automata-theory-questions-answers-dfa-regular-expressions,5,Automata Theory,hard
automata-theory-questions-answers-dfa-regular-expressions,6,Automata Theory,medium
automata-theory-questions-answers-dfa-regular-expressions,7,Automata Theory,hard
automata-theory-questions-answers-dfa-regular-expressions,8,Automata Theory,medium
automata-theory-questions-answers-dfa-regular-expressions,9,Automata Theory,hard
automata-theory-questions-answers-dfa-regular-expressions,10,Automata Theory,medium
automata-theory-questions-answers-mcqs,1,Automata Theory,hard
automata-theory-questions-answers-mcqs,2,Automata Theory,hard
automata-theory-questions-answers-mcqs,3,Automata Theory,hard
automata-theory-questions-answers-mcqs,4,Automata Theory,easy
automata-theory-questions-answers-mcqs,5,Automata Theory,hard
automata-theory-questions-answers-mcqs,6,Automata Theory,hard
automata-theory-questions-answers-mcqs,7,Automata Theory,easy
automata-theory-questions-answers-mcqs,8,Automata Theory,medium
automata-theory-questions-answers-mcqs,9,Automata Theory,medium
automata-theory-questions-answers-mcqs,10,Automata Theory,easy
automata-theory-questions-and-answers-regular-language-expression-1,1,Automata Theory,easy
automata-theory-questions-and-answers-regular-language-expression-1,2,Automata Theory,easy
automata-theory-questions-and-answers-regular-language-expression-1,3,Automata Theory,easy
automata-theory-questions-and-answers-regular-language-expression-1,5,Automata Theory,easy
automata-theory-questions-and-answers-regular-language-expression-1,6,Automata Theory,easy
automata-theory-questions-and-answers-regular-language-expression-1,8,Automata Theory,easy
automata-theory-questions-and-answers-regular-language-expression-1,9,Automata Theory,hard
automata-theory-questions-and-answers-regular-language-expression-1,10,Automata Theory,hard
automata-theory-mcqs-regular-language-expression-2,1,Automata Theory,medium
automata-theory-mcqs-regular-language-expression-2,2,Automata Theory,hard
automata-theory-mcqs-regular-language-expression-2,4,Automata Theory,easy
automata-theory-mcqs-regular-language-expression-2,5,Automata Theory,medium
automata-theory-mcqs-regular-language-expression-2,6,Automata Theory,hard
automata-theory-mcqs-regular-language-expression-2,9,Automata Theory,easy
automata-theory-mcqs-regular-language-expression-2,10,Automata Theory,easy
automata-theory-questions-answers-converting-regular-expressions-automata,1,Automata Theory,easy
automata-theory-questions-answers-converting-regular-expressions-automata,2,Automata Theory,hard
automata-theory-questions-answers-converting-regular-expressions-automata,3,Automata Theory,medium
automata-theory-questions-answers-converting-regular-expressions-automata,4,Automata Theory,medium
automata-theory-questions-answers-converting-regular-expressions-automata,5,Automata Theory,easy
automata-theory-questions-answers-converting-regular-expressions-automata,6,Automata Theory,hard
automata-theory-questions-answers-converting-regular-expressions-automata,7,Automata Theory,hard
automata-theory-questions-answers-converting-regular-expressions-automata,8,Automata Theory,hard
automata-theory-questions-answers-converting-regular-expressions-automata,9,Automata Theory,hard
automata-theory-questions-answers-converting-regular-expressions-automata,10,Automata Theory,easy
automata-theory-questions-answers-regular-expression-unix,1,Automata Theory,medium
automata-theory-questions-answers-regular-expression-unix,2,Automata Theory,medium
automata-theory-questions-answers-regular-expression-unix,3,Automata Theory,easy
automata-theory-questions-answers-regular-expression-unix,4,Automata Theory,hard
automata-theory-questions-answers-regular-expression-unix,5,Automata Theory,medium
automata-theory-questions-answers-regular-expression-unix,6,Automata Theory,medium
automata-theory-questions-answers-regular-expression-unix,7,Automata Theory,hard
automata-theory-questions-answers-regular-expression-unix,8,Automata Theory,medium
automata-theory-questions-answers-regular-expression-unix,9,Automata Theory,medium
automata-theory-questions-answers-regular-expression-unix,10,Automata Theory,hard
automata-theory-questions-answers-lexical-analysis,1,Automata Theory,easy
automata-theory-questions-answers-lexical-analysis,2,Automata Theory,medium
automata-theory-questions-answers-lexical-analysis,3,Automata Theory,medium
automata-theory-questions-answers-lexical-analysis,4,Automata Theory,medium
automata-theory-questions-answers-lexical-analysis,5,Automata Theory,hard
automata-theory-questions-answers-lexical-analysis,6,Automata Theory,medium
automata-theory-questions-answers-lexical-analysis,7,Automata Theory,easy
automata-theory-questions-answers-lexical-analysis,8,Automata Theory,hard
automata-theory-questions-answers-lexical-analysis,9,Automata Theory,easy
automata-theory-questions-answers-lexical-analysis,10,Automata Theory,medium
automata-theory-questions-answers-lexical-analysis,11,Automata Theory,easy
automata-theory-questions-answers-lexical-analysis,12,Automata Theory,easy
automata-theory-questions-answers-lexical-analysis,13,Automata Theory,hard
automata-theory-questions-answers-lexical-analysis,14,Automata Theory,medium
automata-theory-questions-answers-lexical-analysis,15,Automata Theory,easy
automata-theory-questions-answers-algebric-laws-finding-patterns-derivatives,1,Automata Theory,hard
automata-theory-questions-answers-algebric-laws-finding-patterns-derivatives,2,Automata Theory,hard
automata-theory-questions-answers-algebric-laws-finding-patterns-derivatives,3,Automata Theory,medium
automata-theory-questions-answers-algebric-laws-finding-patterns-derivatives,4,Automata Theory,hard
automata-theory-questions-answers-algebric-laws-finding-patterns-derivatives,5,Automata Theory,hard
automata-theory-questions-answers-algebric-laws-finding-patterns-derivatives,6,Automata Theory,easy
automata-theory-questions-answers-algebric-laws-finding-patterns-derivatives,7,Automata Theory,medium
automata-theory-questions-answers-algebric-laws-finding-patterns-derivatives,8,Automata Theory,hard
automata-theory-questions-answers-algebric-laws-finding-patterns-derivatives,9,Automata Theory,medium
automata-theory-questions-answers-algebric-laws-finding-patterns-derivatives,10,Automata Theory,medium
automata-theory-multiple-choice-questions-answers,1,Automata Theory,hard
automata-theory-multiple-choice-questions-answers,2,Automata Theory,medium
automata-theory-multiple-choice-questions-answers,4,Automata Theory,hard
automata-theory-multiple-choice-questions-answers,5,Automata Theory,easy
automata-theory-multiple-choice-questions-answers,6,Automata Theory,hard
automata-theory-multiple-choice-questions-answers,7,Automata Theory,medium
automata-theory-multiple-choice-questions-answers,8,Automata Theory,medium
automata-theory-multiple-choice-questions-answers,9,Automata Theory,hard
automata-theory-multiple-choice-questions-answers,10,Automata Theory,hard
automata-theory-questions-answers-pumping-lemma-regular-language,1,Automata Theory,hard
automata-theory-questions-answers-pumping-lemma-regular-language,2,Automata Theory,medium
automata-theory-questions-answers-pumping-lemma-regular-language,3,Automata Theory,hard
automata-theory-questions-answers-pumping-lemma-regular-language,4,Automata Theory,hard
automata-theory-questions-answers-pumping-lemma-regular-language,5,Automata Theory,easy
automata-theory-questions-answers-pumping-lemma-regular-language,6,Automata Theory,medium
automata-theory-questions-answers-pumping-lemma-regular-language,7,Automata Theory,medium
automata-theory-questions-answers-pumping-lemma-regular-language,8,Automata Theory,hard
automata-theory-questions-answers-pumping-lemma-regular-language,9,Automata Theory,medium
automata-theory-questions-answers-pumping-lemma-regular-language,10,Automata Theory,hard
automata-theory-questions-answers-applications-pumping-lemma,1,Automata Theory,easy
automata-theory-questions-answers-applications-pumping-lemma,2,Automata Theory,easy
automata-theory-questions-answers-applications-pumping-lemma,3,Automata Theory,medium
automata-theory-questions-answers-applications-pumping-lemma,4,Automata Theory,medium
automata-theory-questions-answers-applications-pumping-lemma,5,Automata Theory,hard
automata-theory-questions-answers-applications-pumping-lemma,6,Automata Theory,medium
automata-theory-questions-answers-applications-pumping-lemma,7,Automata Theory,medium
automata-theory-questions-answers-applications-pumping-lemma,8,Automata Theory,hard
automata-theory-questions-answers-applications-pumping-lemma,9,Automata Theory,hard
automata-theory-questions-answers-applications-pumping-lemma,10,Automata Theory,hard
automata-theory-questions-answers-online-test,1,Automata Theory,medium
automata-theory-questions-answers-online-test,2,Automata Theory,medium
automata-theory-questions-answers-online-test,4,Automata Theory,easy
automata-theory-questions-answers-online-test,5,Automata Theory,easy
automata-theory-questions-answers-online-test,6,Automata Theory,easy
automata-theory-questions-answers-online-test,7,Automata Theory,medium
automata-theory-questions-answers-online-test,10,Automata Theory,easy
automata-theory-questions-answers-reversal-homomorphism-inverse-homomorphism,1,Automata Theory,easy
automata-theory-questions-answers-reversal-homomorphism-inverse-homomorphism,2,Automata Theory,easy
automata-theory-questions-answers-reversal-homomorphism-inverse-homomorphism,3,Automata Theory,easy
automata-theory-questions-answers-reversal-homomorphism-inverse-homomorphism,4,Automata Theory,easy
automata-theory-questions-answers-reversal-homomorphism-inverse-homomorphism,5,Automata Theory,easy
automata-theory-questions-answers-reversal-homomorphism-inverse-homomorphism,6,Automata Theory,medium
automata-theory-questions-answers-reversal-homomorphism-inverse-homomorphism,7,Automata Theory,medium
automata-theory-questions-answers-reversal-homomorphism-inverse-homomorphism,8,Automata Theory,medium
automata-theory-questions-answers-reversal-homomorphism-inverse-homomorphism,9,Automata Theory,hard
automata-theory-questions-answers-reversal-homomorphism-inverse-homomorphism,10,Automata Theory,hard
automata-theory-questions-answers-online-quiz,1,Automata Theory,hard
automata-theory-questions-answers-online-quiz,2,Automata Theory,easy
automata-theory-questions-answers-online-quiz,3,Automata Theory,easy
automata-theory-questions-answers-online-quiz,4,Automata Theory,medium
automata-theory-questions-answers-online-quiz,5,Automata Theory,easy
automata-theory-questions-answers-online-quiz,6,Automata Theory,easy
automata-theory-questions-answers-online-quiz,7,Automata Theory,hard
automata-theory-questions-answers-online-quiz,9,Automata Theory,medium
automata-theory-questions-answers-online-quiz,10,Automata Theory,easy
automata-theory-questions-answers-testing-emptiness-membership,1,Automata Theory,easy
automata-theory-questions-answers-testing-emptiness-membership,2,Automata Theory,medium
automata-theory-questions-answers-testing-emptiness-membership,3,Automata Theory,easy
automata-theory-questions-answers-testing-emptiness-membership,4,Automata Theory,hard
automata-theory-questions-answers-testing-emptiness-membership,5,Automata Theory,hard
automata-theory-questions-answers-testing-emptiness-membership,6,Automata Theory,hard
automata-theory-questions-answers-testing-emptiness-membership,7,Automata Theory,hard
automata-theory-questions-answers-testing-emptiness-membership,8,Automata Theory,medium
automata-theory-questions-answers-testing-emptiness-membership,9,Automata Theory,medium
automata-theory-questions-answers-testing-emptiness-membership,10,Automata Theory,hard
automata-theory-questions-answers-context-free-grammar-derivations-definitions,1,Automata Theory,easy
automata-theory-questions-answers-context-free-grammar-derivations-definitions,2,Automata Theory,medium
automata-theory-questions-answers-context-free-grammar-derivations-definitions,3,Automata Theory,hard
automata-theory-questions-answers-context-free-grammar-derivations-definitions,5,Automata Theory,hard
automata-theory-questions-answers-context-free-grammar-derivations-definitions,6,Automata Theory,easy
automata-theory-questions-answers-context-free-grammar-derivations-definitions,7,Automata Theory,hard
automata-theory-questions-answers-context-free-grammar-derivations-definitions,8,Automata Theory,easy
automata-theory-questions-answers-context-free-grammar-derivations-definitions,10,Automata Theory,easy
automata-theory-problems,1,Automata Theory,hard
automata-theory-problems,2,Automata Theory,hard
automata-theory-problems,3,Automata Theory,medium
automata-theory-problems,4,Automata Theory,easy
automata-theory-problems,5,Automata Theory,easy
automata-theory-problems,6,Automata Theory,easy
automata-theory-problems,7,Automata Theory,hard
automata-theory-problems,8,Automata Theory,easy
automata-theory-problems,9,Automata Theory,medium
automata-theory-problems,10,Automata Theory,hard
automata-theory-problems,11,Automata Theory,easy
automata-theory-problems,12,Automata Theory,hard
automata-theory-problems,13,Automata Theory,hard
automata-theory-problems,14,Automata Theory,easy
automata-theory-questions-answers-sentential-forms,1,Automata Theory,medium
automata-theory-questions-answers-sentential-forms,2,Automata Theory,easy
automata-theory-questions-answers-sentential-forms,3,Automata Theory,hard
automata-theory-questions-answers-sentential-forms,4,Automata Theory,medium
automata-theory-questions-answers-sentential-forms,5,Automata Theory,medium
automata-theory-questions-answers-sentential-forms,6,Automata Theory,medium
automata-theory-questions-answers-sentential-forms,7,Automata Theory,medium
automata-theory-questions-answers-sentential-forms,8,Automata Theory,medium
automata-theory-questions-answers-sentential-forms,9,Automata Theory,hard
automata-theory-questions-answers-sentential-forms,10,Automata Theory,hard
automata-theory-questions-answers-construction-yield-parse-tree,1,Automata Theory,easy
automata-theory-questions-answers-construction-yield-parse-tree,2,Automata Theory,hard
automata-theory-questions-answers-construction-yield-parse-tree,3,Automata Theory,easy
automata-theory-questions-answers-construction-yield-parse-tree,4,Automata Theory,easy
automata-theory-questions-answers-construction-yield-parse-tree,5,Automata Theory,medium
automata-theory-questions-answers-construction-yield-parse-tree,6,Automata Theory,easy
automata-theory-questions-bank,1,Automata Theory,easy
automata-theory-questions-bank,2,Automata Theory,easy
automata-theory-questions-bank,3,Automata Theory,hard
automata-theory-questions-bank,4,Automata Theory,hard
automata-theory-questions-bank,5,Automata Theory,medium
automata-theory-questions-bank,6,Automata Theory,easy
automata-theory-questions-bank,7,Automata Theory,medium
automata-theory-questions-bank,8,Automata Theory,hard
automata-theory-questions-bank,9,Automata Theory,easy
automata-theory-questions-bank,10,Automata Theory,hard
automata-theory-questions-answers-applications-parsers,1,Automata Theory,easy
automata-theory-questions-answers-applications-parsers,2,Automata Theory,hard
automata-theory-questions-answers-applications-parsers,3,Automata Theory,hard
automata-theory-questions-answers-applications-parsers,4,Automata Theory,medium
automata-theory-questions-answers-applications-parsers,5,Automata Theory,hard
automata-theory-questions-answers-applications-parsers,6,Automata Theory,medium
automata-theory-questions-answers-applications-parsers,7,Automata Theory,easy
automata-theory-questions-answers-applications-parsers,8,Automata Theory,medium
automata-theory-questions-answers-applications-parsers,9,Automata Theory,hard
automata-theory-questions-answers-applications-parsers,10,Automata Theory,hard
automata-theory-questions-answers-yacc-parser-generator,1,Automata Theory,easy
automata-theory-questions-answers-yacc-parser-generator,2,Automata Theory,easy
automata-theory-questions-answers-yacc-parser-generator,3,Automata Theory,medium
automata-theory-questions-answers-yacc-parser-generator,4,Automata Theory,easy
automata-theory-questions-answers-yacc-parser-generator,5,Automata Theory,easy
automata-theory-questions-answers-yacc-parser-generator,6,Automata Theory,hard
automata-theory-questions-answers-yacc-parser-generator,7,Automata Theory,hard
automata-theory-questions-answers-yacc-parser-generator,8,Automata Theory,medium
automata-theory-questions-answers-yacc-parser-generator,9,Automata Theory,hard
automata-theory-questions-answers-yacc-parser-generator,10,Automata Theory,medium
automata-theory-questions-answers-markup-languages,1,Automata Theory,easy
automata-theory-questions-answers-markup-languages,2,Automata Theory,easy
automata-theory-questions-answers-markup-languages,3,Automata Theory,easy
automata-theory-questions-answers-markup-languages,4,Automata Theory,easy
automata-theory-questions-answers-markup-languages,5,Automata Theory,easy
automata-theory-questions-answers-markup-languages,6,Automata Theory,hard
automata-theory-questions-answers-markup-languages,7,Automata Theory,easy
automata-theory-questions-answers-markup-languages,8,Automata Theory,easy
automata-theory-questions-answers-markup-languages,9,Automata Theory,hard
automata-theory-questions-answers-markup-languages,10,Automata Theory,hard
automata-theory-questions-answers-ambiguous-grammar,1,Automata Theory,medium
automata-theory-questions-answers-ambiguous-grammar,2,Automata Theory,medium
automata-theory-questions-answers-ambiguous-grammar,3,Automata Theory,medium
automata-theory-questions-answers-ambiguous-grammar,4,Automata Theory,medium
automata-theory-questions-answers-ambiguous-grammar,5,Automata Theory,medium
automata-theory-questions-answers-ambiguous-grammar,6,Automata Theory,easy
automata-theory-questions-answers-ambiguous-grammar,7,Automata Theory,medium
automata-theory-questions-answers-ambiguous-grammar,8,Automata Theory,medium
automata-theory-questions-answers-ambiguous-grammar,9,Automata Theory,medium
automata-theory-questions-answers-ambiguous-grammar,10,Automata Theory,easy
automata-theory-questions-answers-entrance-exams,1,Automata Theory,easy
automata-theory-questions-answers-entrance-exams,2,Automata Theory,medium
automata-theory-questions-answers-entrance-exams,3,Automata Theory,hard
automata-theory-questions-answers-entrance-exams,4,Automata Theory,easy
automata-theory-questions-answers-entrance-exams,5,Automata Theory,easy
automata-theory-questions-answers-entrance-exams,6,Automata Theory,medium
automata-theory-questions-answers-entrance-exams,7,Automata Theory,easy
automata-theory-questions-answers-entrance-exams,8,Automata Theory,easy
automata-theory-questions-answers-entrance-exams,9,Automata Theory,easy
automata-theory-questions-answers-entrance-exams,10,Automata Theory,easy
automata-theory-questions-answers-pda-acceptance-empty-stack,1,Automata Theory,medium
automata-theory-questions-answers-pda-acceptance-empty-stack,2,Automata Theory,medium
automata-theory-questions-answers-pda-acceptance-empty-stack,3,Automata Theory,easy
automata-theory-questions-answers-pda-acceptance-empty-stack,4,Automata Theory,easy
automata-theory-questions-answers-pda-acceptance-empty-stack,5,Automata Theory,medium
automata-theory-questions-answers-pda-acceptance-empty-stack,6,Automata Theory,medium
automata-theory-questions-answers-pda-acceptance-empty-stack,7,Automata Theory,easy
automata-theory-questions-answers-pda-acceptance-empty-stack,8,Automata Theory,easy
automata-theory-questions-answers-pda-acceptance-empty-stack,9,Automata Theory,easy
automata-theory-questions-answers-pda-acceptance-empty-stack,10,Automata Theory,easy
automata-theory-basic-questions-answers,1,Automata Theory,medium
automata-theory-basic-questions-answers,2,Automata Theory,easy
automata-theory-basic-questions-answers,3,Automata Theory,medium
automata-theory-basic-questions-answers,4,Automata Theory,easy
automata-theory-basic-questions-answers,5,Automata Theory,medium
automata-theory-basic-questions-answers,6,Automata Theory,hard
automata-theory-basic-questions-answers,7,Automata Theory,hard
automata-theory-basic-questions-answers,8,Automata Theory,medium
automata-theory-basic-questions-answers,9,Automata Theory,medium
automata-theory-basic-questions-answers,10,Automata Theory,hard
automata-theory-questions-answers-from-pda-grammars,1,Automata Theory,easy
automata-theory-questions-answers-from-pda-grammars,2,Automata Theory,easy
automata-theory-questions-answers-from-pda-grammars,3,Automata Theory,medium
automata-theory-questions-answers-from-pda-grammars,4,Automata Theory,hard
automata-theory-questions-answers-from-pda-grammars,5,Automata Theory,hard
automata-theory-questions-answers-from-pda-grammars,6,Automata Theory,easy
automata-theory-questions-answers-from-pda-grammars,7,Automata Theory,medium
automata-theory-questions-answers-from-pda-grammars,9,Automata Theory,medium
automata-theory-questions-answers-from-pda-grammars,10,Automata Theory,medium
automata-theory-questions-answers-deterministic-pda,1,Automata Theory,easy
automata-theory-questions-answers-deterministic-pda,2,Automata Theory,medium
automata-theory-questions-answers-deterministic-pda,3,Automata Theory,easy
automata-theory-questions-answers-deterministic-pda,4,Automata Theory,medium
automata-theory-questions-answers-deterministic-pda,5,Automata Theory,medium
automata-theory-questions-answers-deterministic-pda,6,Automata Theory,hard
automata-theory-questions-answers-deterministic-pda,7,Automata Theory,hard
automata-theory-questions-answers-deterministic-pda,8,Automata Theory,hard
automata-theory-questions-answers-deterministic-pda,9,Automata Theory,medium
automata-theory-questions-answers-deterministic-pda,10,Automata Theory,easy
automata-theory-questions-answers-regular-languages-dpda,1,Automata Theory,hard
automata-theory-questions-answers-regular-languages-dpda,2,Automata Theory,medium
automata-theory-questions-answers-regular-languages-dpda,3,Automata Theory,medium
automata-theory-questions-answers-regular-languages-dpda,4,Automata Theory,easy
automata-theory-questions-answers-regular-languages-dpda,5,Automata Theory,hard
automata-theory-questions-answers-regular-languages-dpda,6,Automata Theory,hard
automata-theory-questions-answers-regular-languages-dpda,7,Automata Theory,hard
automata-theory-questions-answers-regular-languages-dpda,8,Automata Theory,hard
automata-theory-questions-answers-regular-languages-dpda,9,Automata Theory,hard
automata-theory-questions-answers-regular-languages-dpda,10,Automata Theory,medium
automata-theory-questions-answers-dpda-context-free-languages,1,Automata Theory,easy
automata-theory-questions-answers-dpda-context-free-languages,2,Automata Theory,hard
automata-theory-questions-answers-dpda-context-free-languages,3,Automata Theory,medium
automata-theory-questions-answers-dpda-context-free-languages,4,Automata Theory,hard
automata-theory-questions-answers-dpda-context-free-languages,5,Automata Theory,medium
automata-theory-questions-answers-dpda-context-free-languages,6,Automata Theory,easy
automata-theory-questions-answers-dpda-context-free-languages,7,Automata Theory,hard
automata-theory-questions-answers-dpda-context-free-languages,8,Automata Theory,hard
automata-theory-questions-answers-dpda-context-free-languages,9,Automata Theory,easy
automata-theory-questions-answers-dpda-context-free-languages,10,Automata Theory,easy
automata-theory-questions-answers-dpda-ambiguous-grammars,1,Automata Theory,easy
automata-theory-questions-answers-dpda-ambiguous-grammars,2,Automata Theory,medium
automata-theory-questions-answers-dpda-ambiguous-grammars,3,Automata Theory,hard
automata-theory-questions-answers-dpda-ambiguous-grammars,4,Automata Theory,hard
automata-theory-questions-answers-dpda-ambiguous-grammars,5,Automata Theory,hard
automata-theory-questions-answers-dpda-ambiguous-grammars,6,Automata Theory,hard
automata-theory-questions-answers-dpda-ambiguous-grammars,7,Automata Theory,hard
automata-theory-questions-answers-dpda-ambiguous-grammars,8,Automata Theory,medium
automata-theory-questions-answers-dpda-ambiguous-grammars,9,Automata Theory,easy
automata-theory-questions-answers-dpda-ambiguous-grammars,10,Automata Theory,medium
automata-theory-assessment-questions-answers,1,Automata Theory,easy
automata-theory-assessment-questions-answers,2,Automata Theory,medium
automata-theory-assessment-questions-answers,3,Automata Theory,easy
automata-theory-assessment-questions-answers,4,Automata Theory,medium
automata-theory-assessment-questions-answers,5,Automata Theory,medium
automata-theory-assessment-questions-answers,6,Automata Theory,medium
automata-theory-assessment-questions-answers,7,Automata Theory,medium
automata-theory-assessment-questions-answers,8,Automata Theory,medium
automata-theory-assessment-questions-answers,9,Automata Theory,medium
automata-theory-assessment-questions-answers,10,Automata Theory,hard
automata-theory-questions-answers-eliminating-epsilon-productions,1,Automata Theory,easy
automata-theory-questions-answers-eliminating-epsilon-productions,2,Automata Theory,easy
automata-theory-questions-answers-eliminating-epsilon-productions,3,Automata Theory,hard
automata-theory-questions-answers-eliminating-epsilon-productions,4,Automata Theory,medium
automata-theory-questions-answers-eliminating-epsilon-productions,5,Automata Theory,medium
automata-theory-questions-answers-eliminating-epsilon-productions,6,Automata Theory,medium
automata-theory-questions-answers-eliminating-epsilon-productions,7,Automata Theory,hard
automata-theory-questions-answers-eliminating-epsilon-productions,8,Automata Theory,medium
automata-theory-questions-answers-eliminating-epsilon-productions,9,Automata Theory,medium
automata-theory-questions-answers-eliminating-epsilon-productions,10,Automata Theory,medium
automata-theory-questions-answers-eliminating-unit-productions,1,Automata Theory,medium
automata-theory-questions-answers-eliminating-unit-productions,2,Automata Theory,medium
automata-theory-questions-answers-eliminating-unit-productions,3,Automata Theory,hard
automata-theory-questions-answers-eliminating-unit-productions,4,Automata Theory,easy
automata-theory-questions-answers-eliminating-unit-productions,5,Automata Theory,medium
automata-theory-questions-answers-eliminating-unit-productions,6,Automata Theory,medium
automata-theory-questions-answers-eliminating-unit-productions,7,Automata Theory,hard
automata-theory-questions-answers-eliminating-unit-productions,8,Automata Theory,medium
automata-theory-questions-answers-eliminating-unit-productions,9,Automata Theory,medium
automata-theory-questions-answers-eliminating-unit-productions,10,Automata Theory,hard
automata-theory-questions-answers-chomsky-normal-form,1,Automata Theory,medium
automata-theory-questions-answers-chomsky-normal-form,2,Automata Theory,hard
automata-theory-questions-answers-chomsky-normal-form,4,Automata Theory,easy
automata-theory-questions-answers-chomsky-normal-form,5,Automata Theory,hard
automata-theory-questions-answers-chomsky-normal-form,6,Automata Theory,hard
automata-theory-questions-answers-chomsky-normal-form,7,Automata Theory,medium
automata-theory-questions-answers-chomsky-normal-form,8,Automata Theory,hard
automata-theory-questions-answers-chomsky-normal-form,9,Automata Theory,medium
automata-theory-questions-answers-chomsky-normal-form,10,Automata Theory,easy
automata-theory-questions-answers-campus-interviews,1,Automata Theory,hard
automata-theory-questions-answers-campus-interviews,2,Automata Theory,medium
automata-theory-questions-answers-campus-interviews,3,Automata Theory,hard
automata-theory-questions-answers-campus-interviews,4,Automata Theory,hard
automata-theory-questions-answers-campus-interviews,5,Automata Theory,medium
automata-theory-questions-answers-campus-interviews,6,Automata Theory,hard
automata-theory-questions-answers-campus-interviews,7,Automata Theory,easy
automata-theory-questions-answers-campus-interviews,8,Automata Theory,easy
automata-theory-questions-answers-campus-interviews,9,Automata Theory,hard
automata-theory-questions-answers-cfl-closure-properties,1,Automata Theory,easy
automata-theory-questions-answers-cfl-closure-properties,2,Automata Theory,medium
automata-theory-questions-answers-cfl-closure-properties,4,Automata Theory,hard
automata-theory-questions-answers-cfl-closure-properties,5,Automata Theory,medium
automata-theory-questions-answers-cfl-closure-properties,6,Automata Theory,hard
automata-theory-questions-answers-cfl-closure-properties,7,Automata Theory,hard
automata-theory-questions-answers-cfl-closure-properties,9,Automata Theory,medium
automata-theory-questions-answers-cfl-closure-properties,10,Automata Theory,easy
automata-theory-questions-answers-cfl-substitution-theorem,1,Automata Theory,hard
automata-theory-questions-answers-cfl-substitution-theorem,2,Automata Theory,easy
automata-theory-questions-answers-cfl-substitution-theorem,3,Automata Theory,medium
automata-theory-questions-answers-cfl-substitution-theorem,4,Automata Theory,medium
automata-theory-questions-answers-cfl-substitution-theorem,5,Automata Theory,medium
automata-theory-questions-answers-cfl-substitution-theorem,6,Automata Theory,easy
automata-theory-questions-answers-cfl-substitution-theorem,7,Automata Theory,hard
automata-theory-questions-answers-cfl-substitution-theorem,8,Automata Theory,medium
automata-theory-questions-answers-cfl-substitution-theorem,9,Automata Theory,hard
automata-theory-questions-answers-cfl-substitution-theorem,10,Automata Theory,medium
automata-theory-questions-answers-intersection-regular-languages,1,Automata Theory,hard
automata-theory-questions-answers-intersection-regular-languages,2,Automata Theory,easy
automata-theory-questions-answers-intersection-regular-languages,3,Automata Theory,medium
automata-theory-questions-answers-intersection-regular-languages,5,Automata Theory,hard
automata-theory-questions-answers-intersection-regular-languages,6,Automata Theory,hard
automata-theory-questions-answers-intersection-regular-languages,7,Automata Theory,hard
automata-theory-questions-answers-intersection-regular-languages,8,Automata Theory,hard
automata-theory-questions-answers-intersection-regular-languages,9,Automata Theory,hard
automata-theory-questions-answers-intersection-regular-languages,10,Automata Theory,medium
automata-theory-interview-questions-answers-freshers,1,Automata Theory,easy
automata-theory-interview-questions-answers-freshers,2,Automata Theory,easy
automata-theory-interview-questions-answers-freshers,3,Automata Theory,hard
automata-theory-interview-questions-answers-freshers,4,Automata Theory,easy
automata-theory-interview-questions-answers-freshers,5,Automata Theory,hard
automata-theory-interview-questions-answers-freshers,6,Automata Theory,easy
automata-theory-interview-questions-answers-freshers,7,Automata Theory,easy
automata-theory-interview-questions-answers-freshers,8,Automata Theory,hard
automata-theory-interview-questions-answers-freshers,9,Automata Theory,hard
automata-theory-interview-questions-answers-freshers,10,Automata Theory,medium
automata-theory-questions-answers-the-language-turing-machine,1,Automata Theory,easy
automata-theory-questions-answers-the-language-turing-machine,2,Automata Theory,easy
automata-theory-questions-answers-the-language-turing-machine,3,Automata Theory,hard
automata-theory-questions-answers-the-language-turing-machine,4,Automata Theory,easy
automata-theory-questions-answers-the-language-turing-machine,5,Automata Theory,easy
automata-theory-questions-answers-the-language-turing-machine,6,Automata Theory,medium
automata-theory-questions-answers-the-language-turing-machine,7,Automata Theory,hard
automata-theory-questions-answers-the-language-turing-machine,8,Automata Theory,hard
automata-theory-questions-answers-the-language-turing-machine,9,Automata Theory,easy
automata-theory-questions-answers-the-language-turing-machine,10,Automata Theory,hard
automata-theory-questions-answers-the-language-turing-machine,11,Automata Theory,medium
automata-theory-questions-answers-freshers,1,Automata Theory,easy
automata-theory-questions-answers-freshers,2,Automata Theory,easy
automata-theory-questions-answers-freshers,3,Automata Theory,hard
automata-theory-questions-answers-freshers,4,Automata Theory,medium
automata-theory-questions-answers-freshers,5,Automata Theory,easy
automata-theory-questions-answers-freshers,6,Automata Theory,medium
automata-theory-questions-answers-freshers,7,Automata Theory,medium
automata-theory-questions-answers-freshers,8,Automata Theory,hard
automata-theory-questions-answers-freshers,9,Automata Theory,hard
automata-theory-questions-answers-freshers,10,Automata Theory,hard
automata-theory-questions-answers-turing-machine-halting,1,Automata Theory,medium
automata-theory-questions-answers-turing-machine-halting,2,Automata Theory,medium
automata-theory-questions-answers-turing-machine-halting,3,Automata Theory,medium
automata-theory-questions-answers-turing-machine-halting,4,Automata Theory,medium
automata-theory-questions-answers-turing-machine-halting,5,Automata Theory,medium
automata-theory-questions-answers-turing-machine-halting,6,Automata Theory,medium
automata-theory-questions-answers-turing-machine-halting,7,Automata Theory,medium
automata-theory-questions-answers-turing-machine-halting,8,Automata Theory,easy
automata-theory-questions-answers-turing-machine-halting,9,Automata Theory,easy
automata-theory-questions-answers-programming-techniques-storage-subroutines,1,Automata Theory,easy
automata-theory-questions-answers-programming-techniques-storage-subroutines,2,Automata Theory,medium
automata-theory-questions-answers-programming-techniques-storage-subroutines,4,Automata Theory,medium
automata-theory-questions-answers-programming-techniques-storage-subroutines,5,Automata Theory,hard
automata-theory-questions-answers-programming-techniques-storage-subroutines,6,Automata Theory,medium
automata-theory-questions-answers-programming-techniques-storage-subroutines,8,Automata Theory,medium
automata-theory-questions-answers-programming-techniques-storage-subroutines,9,Automata Theory,hard
automata-theory-questions-answers-programming-techniques-storage-subroutines,10,Automata Theory,hard
automata-theory-questions-answers-multitape-turing-machine,1,Automata Theory,easy
automata-theory-questions-answers-multitape-turing-machine,2,Automata Theory,easy
automata-theory-questions-answers-multitape-turing-machine,3,Automata Theory,medium
automata-theory-questions-answers-multitape-turing-machine,4,Automata Theory,hard
automata-theory-questions-answers-multitape-turing-machine,5,Automata Theory,hard
automata-theory-questions-answers-multitape-turing-machine,6,Automata Theory,easy
automata-theory-questions-answers-multitape-turing-machine,7,Automata Theory,hard
automata-theory-questions-answers-multitape-turing-machine,8,Automata Theory,easy
automata-theory-questions-answers-multitape-turing-machine,9,Automata Theory,hard
automata-theory-questions-answers-multitape-turing-machine,10,Automata Theory,medium
automata-theory-questions-answers-equivalence-one-tape-multitape-turing-machine,1,Automata Theory,hard
automata-theory-questions-answers-equivalence-one-tape-multitape-turing-machine,2,Automata Theory,hard
automata-theory-questions-answers-equivalence-one-tape-multitape-turing-machine,3,Automata Theory,medium
automata-theory-questions-answers-equivalence-one-tape-multitape-turing-machine,5,Automata Theory,easy
automata-theory-questions-answers-equivalence-one-tape-multitape-turing-machine,6,Automata Theory,easy
automata-theory-questions-answers-equivalence-one-tape-multitape-turing-machine,7,Automata Theory,hard
automata-theory-questions-answers-equivalence-one-tape-multitape-turing-machine,8,Automata Theory,easy
automata-theory-questions-answers-equivalence-one-tape-multitape-turing-machine,9,Automata Theory,easy
automata-theory-questions-answers-equivalence-one-tape-multitape-turing-machine,10,Automata Theory,medium
automata-theory-questions-answers-non-deterministic-turing-machines,1,Automata Theory,hard
automata-theory-questions-answers-non-deterministic-turing-machines,2,Automata Theory,hard
automata-theory-questions-answers-non-deterministic-turing-machines,3,Automata Theory,medium
automata-theory-questions-answers-non-deterministic-turing-machines,4,Automata Theory,hard
automata-theory-questions-answers-non-deterministic-turing-machines,5,Automata Theory,easy
automata-theory-questions-answers-non-deterministic-turing-machines,6,Automata Theory,hard
automata-theory-questions-answers-non-deterministic-turing-machines,7,Automata Theory,easy
automata-theory-questions-answers-non-deterministic-turing-machines,9,Automata Theory,easy
automata-theory-questions-answers-non-deterministic-turing-machines,10,Automata Theory,easy
automata-theory-questions-answers-non-deterministic-turing-machines,11,Automata Theory,medium
automata-theory-questions-answers-multistack-machines-counter-machines,1,Automata Theory,easy
automata-theory-questions-answers-multistack-machines-counter-machines,2,Automata Theory,easy
automata-theory-questions-answers-multistack-machines-counter-machines,3,Automata Theory,medium
automata-theory-questions-answers-multistack-machines-counter-machines,4,Automata Theory,hard
automata-theory-questions-answers-multistack-machines-counter-machines,5,Automata Theory,easy
automata-theory-questions-answers-multistack-machines-counter-machines,6,Automata Theory,hard
automata-theory-questions-answers-multistack-machines-counter-machines,7,Automata Theory,hard
automata-theory-questions-answers-multistack-machines-counter-machines,8,Automata Theory,hard
automata-theory-questions-answers-multistack-machines-counter-machines,9,Automata Theory,medium
automata-theory-questions-answers-multistack-machines-counter-machines,10,Automata Theory,easy
automata-theory-questions-answers-simulation-turing-machine,1,Automata Theory,medium
automata-theory-questions-answers-simulation-turing-machine,2,Automata Theory,easy
automata-theory-questions-answers-simulation-turing-machine,3,Automata Theory,medium
automata-theory-questions-answers-simulation-turing-machine,4,Automata Theory,hard
automata-theory-questions-answers-simulation-turing-machine,5,Automata Theory,hard
automata-theory-questions-answers-simulation-turing-machine,6,Automata Theory,hard
automata-theory-questions-answers-simulation-turing-machine,7,Automata Theory,medium
automata-theory-questions-answers-simulation-turing-machine,8,Automata Theory,hard
automata-theory-questions-answers-simulation-turing-machine,9,Automata Theory,easy
automata-theory-questions-answers-simulation-turing-machine,10,Automata Theory,medium
automata-theory-questions-answers-the-diagonalization-languages,1,Automata Theory,hard
automata-theory-questions-answers-the-diagonalization-languages,2,Automata Theory,medium
automata-theory-questions-answers-the-diagonalization-languages,3,Automata Theory,hard
automata-theory-questions-answers-the-diagonalization-languages,5,Automata Theory,hard
automata-theory-questions-answers-the-diagonalization-languages,6,Automata Theory,hard
automata-theory-questions-answers-the-diagonalization-languages,7,Automata Theory,hard
automata-theory-questions-answers-the-diagonalization-languages,8,Automata Theory,easy
automata-theory-questions-answers-the-diagonalization-languages,9,Automata Theory,hard
automata-theory-questions-answers-the-diagonalization-languages,10,Automata Theory,hard
automata-theory-questions-answers-the-diagonalization-languages,11,Automata Theory,medium
automata-theory-questions-answers-experienced,1,Automata Theory,easy
automata-theory-questions-answers-experienced,2,Automata Theory,medium
automata-theory-questions-answers-experienced,3,Automata Theory,medium
automata-theory-questions-answers-experienced,4,Automata Theory,medium
automata-theory-questions-answers-experienced,5,Automata Theory,easy
automata-theory-questions-answers-experienced,6,Automata Theory,easy
automata-theory-questions-answers-experienced,7,Automata Theory,easy
automata-theory-questions-answers-experienced,8,Automata Theory,hard
automata-theory-questions-answers-experienced,9,Automata Theory,hard
automata-theory-questions-answers-experienced,10,Automata Theory,hard
automata-theory-questions-answers-experienced,11,Automata Theory,medium
automata-theory-questions-answers-experienced,12,Automata Theory,easy
automata-theory-questions-answers-experienced,13,Automata Theory,easy
automata-theory-questions-answers-experienced,14,Automata Theory,hard
automata-theory-questions-answers-rices-theorem-properties,1,Automata Theory,easy
automata-theory-questions-answers-rices-theorem-properties,2,Automata Theory,hard
automata-theory-questions-answers-rices-theorem-properties,3,Automata Theory,hard
automata-theory-questions-answers-rices-theorem-properties,4,Automata Theory,hard
automata-theory-questions-answers-rices-theorem-properties,5,Automata Theory,hard
automata-theory-questions-answers-rices-theorem-properties,6,Automata Theory,easy
automata-theory-questions-answers-rices-theorem-properties,7,Automata Theory,hard
automata-theory-questions-answers-rices-theorem-properties,8,Automata Theory,easy
automata-theory-questions-answers-rices-theorem-properties,9,Automata Theory,easy
automata-theory-questions-answers-rices-theorem-properties,10,Automata Theory,hard
automata-theory-interview-questions-answers-experienced,1,Automata Theory,medium
automata-theory-interview-questions-answers-experienced,2,Automata Theory,easy
automata-theory-interview-questions-answers-experienced,3,Automata Theory,hard
automata-theory-interview-questions-answers-experienced,4,Automata Theory,hard
automata-theory-interview-questions-answers-experienced,5,Automata Theory,easy
automata-theory-interview-questions-answers-experienced,6,Automata Theory,hard
automata-theory-interview-questions-answers-experienced,7,Automata Theory,hard
automata-theory-interview-questions-answers-experienced,8,Automata Theory,hard
automata-theory-interview-questions-answers-experienced,9,Automata Theory,hard
automata-theory-interview-questions-answers-experienced,10,Automata Theory,easy
automata-theory-questions-answers-non-deterministic-polynomial-time,1,Automata Theory,easy
automata-theory-questions-answers-non-deterministic-polynomial-time,2,Automata Theory,easy
automata-theory-questions-answers-non-deterministic-polynomial-time,3,Automata Theory,medium
automata-theory-questions-answers-non-deterministic-polynomial-time,4,Automata Theory,easy
automata-theory-questions-answers-non-deterministic-polynomial-time,5,Automata Theory,hard
automata-theory-questions-answers-non-deterministic-polynomial-time,6,Automata Theory,medium
automata-theory-questions-answers-non-deterministic-polynomial-time,7,Automata Theory,hard
automata-theory-questions-answers-non-deterministic-polynomial-time,8,Automata Theory,medium
automata-theory-questions-answers-non-deterministic-polynomial-time,9,Automata Theory,hard
automata-theory-questions-answers-non-deterministic-polynomial-time,10,Automata Theory,hard
automata-theory-questions-answers-non-deterministic-polynomial-time,11,Automata Theory,hard
automata-theory-questions-answers-aptitude-test,1,Automata Theory,easy
automata-theory-questions-answers-aptitude-test,2,Automata Theory,hard
automata-theory-questions-answers-aptitude-test,3,Automata Theory,medium
automata-theory-questions-answers-aptitude-test,4,Automata Theory,easy
automata-theory-questions-answers-aptitude-test,5,Automata Theory,hard
automata-theory-questions-answers-aptitude-test,6,Automata Theory,easy
automata-theory-questions-answers-aptitude-test,7,Automata Theory,easy
automata-theory-questions-answers-aptitude-test,8,Automata Theory,hard
automata-theory-questions-answers-aptitude-test,9,Automata Theory,hard
automata-theory-questions-answers-aptitude-test,10,Automata Theory,easy
automata-theory-questions-answers-polynomial-space-turing-machine,1,Automata Theory,medium
automata-theory-questions-answers-polynomial-space-turing-machine,2,Automata Theory,easy
automata-theory-questions-answers-polynomial-space-turing-machine,3,Automata Theory,medium
automata-theory-questions-answers-polynomial-space-turing-machine,4,Automata Theory,easy
automata-theory-questions-answers-polynomial-space-turing-machine,5,Automata Theory,easy
automata-theory-questions-answers-polynomial-space-turing-machine,6,Automata Theory,hard
automata-theory-questions-answers-polynomial-space-turing-machine,7,Automata Theory,medium
automata-theory-questions-answers-polynomial-space-turing-machine,8,Automata Theory,easy
automata-theory-questions-answers-polynomial-space-turing-machine,9,Automata Theory,easy
automata-theory-questions-answers-polynomial-space-turing-machine,10,Automata Theory,medium
automata-theory-questions-answers-randomized-algorithm,1,Automata Theory,hard
automata-theory-questions-answers-randomized-algorithm,2,Automata Theory,hard
automata-theory-questions-answers-randomized-algorithm,3,Automata Theory,hard
automata-theory-questions-answers-randomized-algorithm,4,Automata Theory,hard
automata-theory-questions-answers-randomized-algorithm,5,Automata Theory,easy
automata-theory-questions-answers-randomized-algorithm,6,Automata Theory,easy
automata-theory-questions-answers-randomized-algorithm,7,Automata Theory,medium
automata-theory-questions-answers-randomized-algorithm,8,Automata Theory,hard
automata-theory-questions-answers-randomized-algorithm,9,Automata Theory,hard
automata-theory-questions-answers-randomized-algorithm,10,Automata Theory,hard
automata-theory-questions-answers-class-rp-zpp,1,Automata Theory,easy
automata-theory-questions-answers-class-rp-zpp,2,Automata Theory,medium
automata-theory-questions-answers-class-rp-zpp,3,Automata Theory,medium
automata-theory-questions-answers-class-rp-zpp,4,Automata Theory,hard
automata-theory-questions-answers-class-rp-zpp,5,Automata Theory,medium
automata-theory-questions-answers-class-rp-zpp,6,Automata Theory,medium
automata-theory-questions-answers-class-rp-zpp,7,Automata Theory,hard
automata-theory-questions-answers-class-rp-zpp,8,Automata Theory,hard
automata-theory-questions-answers-class-rp-zpp,9,Automata Theory,easy
automata-theory-questions-answers-class-rp-zpp,10,Automata Theory,easy
automata-theory-questions-answers-class-rp-zpp,11,Automata Theory,hard
automata-theory-questions-answers-class-rp-zpp,12,Automata Theory,medium
discrete-mathematics-questions-answers-propositions,1,Discrete Mathematics,hard
discrete-mathematics-questions-answers-propositions,2,Discrete Mathematics,medium
discrete-mathematics-questions-answers-propositions,3,Discrete Mathematics,hard
discrete-mathematics-questions-answers-propositions,4,Discrete Mathematics,medium
discrete-mathematics-questions-answers-propositions,5,Discrete Mathematics,hard
discrete-mathematics-questions-answers-propositions,6,Discrete Mathematics,hard
discrete-mathematics-questions-answers-propositions,8,Discrete Mathematics,hard
discrete-mathematics-questions-answers-propositions,9,Discrete Mathematics,hard
discrete-mathematics-questions-answers-propositions,10,Discrete Mathematics,hard
discrete-mathematics-questions-answers-logic-bit-operations,1,Discrete Mathematics,hard
discrete-mathematics-questions-answers-logic-bit-operations,2,Discrete Mathematics,hard
discrete-mathematics-questions-answers-logic-bit-operations,3,Discrete Mathematics,medium
discrete-mathematics-questions-answers-logic-bit-operations,4,Discrete Mathematics,medium
discrete-mathematics-questions-answers-logic-bit-operations,5,Discrete Mathematics,medium
discrete-mathematics-questions-answers-logic-bit-operations,6,Discrete Mathematics,easy
discrete-mathematics-questions-answers-logic-bit-operations,7,Discrete Mathematics,easy
discrete-mathematics-questions-answers-logic-bit-operations,9,Discrete Mathematics,medium
discrete-mathematics-questions-answers-logic-bit-operations,10,Discrete Mathematics,hard
discrete-mathematics-interview-questions-answers-freshers,1,Discrete Mathematics,medium
discrete-mathematics-interview-questions-answers-freshers,2,Discrete Mathematics,medium
discrete-mathematics-interview-questions-answers-freshers,3,Discrete Mathematics,hard
discrete-mathematics-interview-questions-answers-freshers,4,Discrete Mathematics,easy
discrete-mathematics-interview-questions-answers-freshers,5,Discrete Mathematics,hard
discrete-mathematics-interview-questions-answers-freshers,6,Discrete Mathematics,hard
discrete-mathematics-interview-questions-answers-freshers,7,Discrete Mathematics,hard
discrete-mathematics-interview-questions-answers-freshers,8,Discrete Mathematics,hard
discrete-mathematics-interview-questions-answers-freshers,9,Discrete Mathematics,medium
discrete-mathematics-questions-answers-logic-circuits,1,Discrete Mathematics,hard
discrete-mathematics-questions-answers-logic-circuits,3,Discrete Mathematics,medium
discrete-mathematics-questions-answers-logic-circuits,5,Discrete Mathematics,medium
discrete-mathematics-questions-answers-logic-circuits,6,Discrete Mathematics,medium
discrete-mathematics-questions-answers-logic-circuits,7,Discrete Mathematics,easy
discrete-mathematics-questions-answers-logic-circuits,8,Discrete Mathematics,hard
discrete-mathematics-questions-answers-logic-circuits,9,Discrete Mathematics,hard
discrete-mathematics-questions-answers-logic-circuits,10,Discrete Mathematics,medium
discrete-mathematics-questions-answers-de-morgan-laws,1,Discrete Mathematics,hard
discrete-mathematics-questions-answers-de-morgan-laws,2,Discrete Mathematics,medium
discrete-mathematics-questions-answers-de-morgan-laws,3,Discrete Mathematics,easy
discrete-mathematics-questions-answers-de-morgan-laws,4,Discrete Mathematics,hard
discrete-mathematics-questions-answers-de-morgan-laws,5,Discrete Mathematics,medium
discrete-mathematics-questions-answers-de-morgan-laws,7,Discrete Mathematics,medium
discrete-mathematics-questions-answers-de-morgan-laws,8,Discrete Mathematics,medium
discrete-mathematics-questions-answers-de-morgan-laws,9,Discrete Mathematics,hard
discrete-mathematics-questions-answers-de-morgan-laws,10,Discrete Mathematics,medium
discrete-mathematics-questions-answers-experienced,1,Discrete Mathematics,easy
discrete-mathematics-questions-answers-experienced,2,Discrete Mathematics,easy
discrete-mathematics-questions-answers-experienced,3,Discrete Mathematics,hard
discrete-mathematics-questions-answers-experienced,4,Discrete Mathematics,hard
discrete-mathematics-questions-answers-experienced,6,Discrete Mathematics,easy
discrete-mathematics-questions-answers-experienced,7,Discrete Mathematics,easy
discrete-mathematics-questions-answers-experienced,9,Discrete Mathematics,easy
discrete-mathematics-questions-answers-statements-types,1,Discrete Mathematics,easy
discrete-mathematics-questions-answers-statements-types,2,Discrete Mathematics,easy
discrete-mathematics-questions-answers-statements-types,3,Discrete Mathematics,easy
discrete-mathematics-questions-answers-statements-types,4,Discrete Mathematics,hard
discrete-mathematics-questions-answers-statements-types,5,Discrete Mathematics,hard
discrete-mathematics-questions-answers-statements-types,6,Discrete Mathematics,hard
discrete-mathematics-questions-answers-statements-types,7,Discrete Mathematics,hard
discrete-mathematics-questions-answers-statements-types,8,Discrete Mathematics,hard
discrete-mathematics-questions-answers-statements-types,9,Discrete Mathematics,hard
discrete-mathematics-questions-answers-statements-types,10,Discrete Mathematics,hard
discrete-mathematics-questions-answers-logical-equivalences,1,Discrete Mathematics,medium
discrete-mathematics-questions-answers-logical-equivalences,2,Discrete Mathematics,easy
discrete-mathematics-questions-answers-logical-equivalences,6,Discrete Mathematics,hard
discrete-mathematics-interview-questions-answers-experienced,1,Discrete Mathematics,hard
discrete-mathematics-interview-questions-answers-experienced,2,Discrete Mathematics,medium
discrete-mathematics-interview-questions-answers-experienced,3,Discrete Mathematics,medium
discrete-mathematics-interview-questions-answers-experienced,4,Discrete Mathematics,hard
discrete-mathematics-interview-questions-answers-experienced,5,Discrete Mathematics,hard
discrete-mathematics-interview-questions-answers-experienced,6,Discrete Mathematics,hard
discrete-mathematics-interview-questions-answers-experienced,7,Discrete Mathematics,hard
discrete-mathematics-interview-questions-answers-experienced,8,Discrete Mathematics,medium
discrete-mathematics-interview-questions-answers-experienced,9,Discrete Mathematics,hard
discrete-mathematics-interview-questions-answers-experienced,10,Discrete Mathematics,easy
discrete-mathematics-questions-answers-nested-quantifiers,1,Discrete Mathematics,hard
discrete-mathematics-questions-answers-nested-quantifiers,2,Discrete Mathematics,hard
discrete-mathematics-questions-answers-nested-quantifiers,3,Discrete Mathematics,hard
discrete-mathematics-questions-answers-nested-quantifiers,4,Discrete Mathematics,medium
discrete-mathematics-questions-answers-nested-quantifiers,5,Discrete Mathematics,hard
discrete-mathematics-questions-answers-nested-quantifiers,6,Discrete Mathematics,hard
discrete-mathematics-questions-answers-nested-quantifiers,7,Discrete Mathematics,medium
discrete-mathematics-questions-answers-nested-quantifiers,8,Discrete Mathematics,hard
discrete-mathematics-questions-answers-nested-quantifiers,9,Discrete Mathematics,medium
discrete-mathematics-questions-answers-nested-quantifiers,10,Discrete Mathematics,hard
discrete-mathematics-questions-answers-inference,1,Discrete Mathematics,hard
discrete-mathematics-questions-answers-inference,2,Discrete Mathematics,hard
discrete-mathematics-questions-answers-inference,3,Discrete Mathematics,medium
discrete-mathematics-questions-answers-inference,4,Discrete Mathematics,medium
discrete-mathematics-questions-answers-inference,5,Discrete Mathematics,hard
discrete-mathematics-questions-answers-inference,6,Discrete Mathematics,hard
discrete-mathematics-questions-answers-inference,7,Discrete Mathematics,hard
discrete-mathematics-questions-answers-inference,8,Discrete Mathematics,medium
discrete-mathematics-questions-answers-inference,9,Discrete Mathematics,hard
discrete-mathematics-questions-answers-inference,10,Discrete Mathematics,hard
discrete-mathematics-assessment-questions-answers,1,Discrete Mathematics,hard
discrete-mathematics-assessment-questions-answers,2,Discrete Mathematics,hard
discrete-mathematics-assessment-questions-answers,3,Discrete Mathematics,hard
discrete-mathematics-assessment-questions-answers,4,Discrete Mathematics,easy
discrete-mathematics-assessment-questions-answers,5,Discrete Mathematics,medium
discrete-mathematics-assessment-questions-answers,6,Discrete Mathematics,easy
discrete-mathematics-assessment-questions-answers,7,Discrete Mathematics,hard
discrete-mathematics-assessment-questions-answers,8,Discrete Mathematics,easy
discrete-mathematics-assessment-questions-answers,9,Discrete Mathematics,easy
discrete-mathematics-assessment-questions-answers,10,Discrete Mathematics,easy
discrete-mathematics-questions-answers-set-types,1,Discrete Mathematics,medium
discrete-mathematics-questions-answers-set-types,2,Discrete Mathematics,medium
discrete-mathematics-questions-answers-set-types,3,Discrete Mathematics,hard
discrete-mathematics-questions-answers-set-types,4,Discrete Mathematics,medium
discrete-mathematics-questions-answers-set-types,5,Discrete Mathematics,easy
discrete-mathematics-questions-answers-set-types,6,Discrete Mathematics,hard
discrete-mathematics-questions-answers-set-types,7,Discrete Mathematics,hard
discrete-mathematics-questions-answers-set-types,9,Discrete Mathematics,easy
discrete-mathematics-questions-answers-set-types,10,Discrete Mathematics,medium
discrete-mathematics-mcqs-sets,1,Discrete Mathematics,easy
discrete-mathematics-mcqs-sets,2,Discrete Mathematics,medium
discrete-mathematics-mcqs-sets,3,Discrete Mathematics,easy
discrete-mathematics-mcqs-sets,4,Discrete Mathematics,hard
discrete-mathematics-mcqs-sets,6,Discrete Mathematics,easy
discrete-mathematics-mcqs-sets,7,Discrete Mathematics,hard
discrete-mathematics-mcqs-sets,8,Discrete Mathematics,easy
discrete-mathematics-mcqs-sets,9,Discrete Mathematics,easy
discrete-mathematics-mcqs-sets,10,Discrete Mathematics,hard
discrete-mathematics-mcqs-set-operations,1,Discrete Mathematics,medium
discrete-mathematics-mcqs-set-operations,2,Discrete Mathematics,medium
discrete-mathematics-mcqs-set-operations,3,Discrete Mathematics,easy
discrete-mathematics-mcqs-set-operations,4,Discrete Mathematics,hard
discrete-mathematics-mcqs-set-operations,5,Discrete Mathematics,easy
discrete-mathematics-mcqs-set-operations,6,Discrete Mathematics,easy
discrete-mathematics-mcqs-set-operations,7,Discrete Mathematics,medium
discrete-mathematics-mcqs-set-operations,8,Discrete Mathematics,medium
discrete-mathematics-mcqs-set-operations,9,Discrete Mathematics,medium
discrete-mathematics-mcqs-set-operations,10,Discrete Mathematics,easy
discrete-mathematics-interview-questions-answers,1,Discrete Mathematics,medium
discrete-mathematics-interview-questions-answers,3,Discrete Mathematics,medium
discrete-mathematics-interview-questions-answers,5,Discrete Mathematics,hard
discrete-mathematics-interview-questions-answers,6,Discrete Mathematics,medium
discrete-mathematics-interview-questions-answers,7,Discrete Mathematics,easy
discrete-mathematics-interview-questions-answers,8,Discrete Mathematics,hard
discrete-mathematics-interview-questions-answers,9,Discrete Mathematics,hard
discrete-mathematics-interview-questions-answers,10,Discrete Mathematics,hard
discrete-mathematics-questions-answers-venn-diagram,1,Discrete Mathematics,easy
discrete-mathematics-questions-answers-venn-diagram,3,Discrete Mathematics,medium
discrete-mathematics-questions-answers-venn-diagram,5,Discrete Mathematics,hard
discrete-mathematics-questions-answers-venn-diagram,6,Discrete Mathematics,hard
discrete-mathematics-questions-answers-venn-diagram,7,Discrete Mathematics,hard
discrete-mathematics-questions-answers-venn-diagram,8,Discrete Mathematics,medium
discrete-mathematics-questions-answers-venn-diagram,9,Discrete Mathematics,hard
discrete-mathematics-questions-answers-test,1,Discrete Mathematics,hard
discrete-mathematics-questions-answers-test,2,Discrete Mathematics,medium
discrete-mathematics-questions-answers-test,3,Discrete Mathematics,medium
discrete-mathematics-questions-answers-test,4,Discrete Mathematics,easy
discrete-mathematics-questions-answers-test,5,Discrete Mathematics,hard
discrete-mathematics-questions-answers-test,6,Discrete Mathematics,hard
discrete-mathematics-questions-answers-test,7,Discrete Mathematics,medium
discrete-mathematics-questions-answers-test,8,Discrete Mathematics,hard
discrete-mathematics-questions-answers-test,9,Discrete Mathematics,easy
discrete-mathematics-questions-answers-test,10,Discrete Mathematics,hard
discrete-mathematics-questions-answers-quiz,1,Discrete Mathematics,hard
discrete-mathematics-questions-answers-quiz,2,Discrete Mathematics,medium
discrete-mathematics-questions-answers-quiz,3,Discrete Mathematics,medium
discrete-mathematics-questions-answers-quiz,4,Discrete Mathematics,hard
discrete-mathematics-questions-answers-quiz,5,Discrete Mathematics,hard
discrete-mathematics-questions-answers-quiz,6,Discrete Mathematics,hard
discrete-mathematics-questions-answers-quiz,9,Discrete Mathematics,medium
discrete-mathematics-questions-answers-quiz,10,Discrete Mathematics,hard
discrete-mathematics-questions-answers-subsets,1,Discrete Mathematics,easy
discrete-mathematics-questions-answers-subsets,2,Discrete Mathematics,easy
discrete-mathematics-questions-answers-subsets,3,Discrete Mathematics,easy
discrete-mathematics-questions-answers-subsets,4,Discrete Mathematics,medium
discrete-mathematics-questions-answers-subsets,6,Discrete Mathematics,easy
discrete-mathematics-questions-answers-subsets,7,Discrete Mathematics,medium
discrete-mathematics-questions-answers-subsets,8,Discrete Mathematics,hard
discrete-mathematics-questions-answers-subsets,9,Discrete Mathematics,hard
discrete-mathematics-questions-answers-subsets,10,Discrete Mathematics,hard
discrete-mathematics-mcqs-functions,1,Discrete Mathematics,hard
discrete-mathematics-mcqs-functions,2,Discrete Mathematics,hard
discrete-mathematics-mcqs-functions,3,Discrete Mathematics,easy
discrete-mathematics-mcqs-functions,4,Discrete Mathematics,hard
discrete-mathematics-mcqs-functions,5,Discrete Mathematics,medium
discrete-mathematics-mcqs-functions,6,Discrete Mathematics,easy
discrete-mathematics-mcqs-functions,7,Discrete Mathematics,easy
discrete-mathematics-mcqs-functions,8,Discrete Mathematics,easy
discrete-mathematics-mcqs-functions,9,Discrete Mathematics,hard
discrete-mathematics-mcqs-functions,10,Discrete Mathematics,medium
discrete-mathematics-mcqs-growth-functions,1,Discrete Mathematics,easy
discrete-mathematics-mcqs-growth-functions,2,Discrete Mathematics,easy
discrete-mathematics-mcqs-growth-functions,3,Discrete Mathematics,hard
discrete-mathematics-mcqs-growth-functions,4,Discrete Mathematics,hard
discrete-mathematics-mcqs-growth-functions,5,Discrete Mathematics,hard
discrete-mathematics-mcqs-growth-functions,6,Discrete Mathematics,hard
discrete-mathematics-mcqs-growth-functions,7,Discrete Mathematics,hard
discrete-mathematics-mcqs-growth-functions,8,Discrete Mathematics,medium
discrete-mathematics-mcqs-growth-functions,9,Discrete Mathematics,hard
discrete-mathematics-mcqs-growth-functions,10,Discrete Mathematics,medium
discrete-mathematics-questions-answers-mcqs,1,Discrete Mathematics,medium
discrete-mathematics-questions-answers-mcqs,3,Discrete Mathematics,medium
discrete-mathematics-questions-answers-mcqs,5,Discrete Mathematics,easy
discrete-mathematics-questions-answers-mcqs,6,Discrete Mathematics,easy
discrete-mathematics-questions-answers-mcqs,7,Discrete Mathematics,easy
discrete-mathematics-questions-answers-mcqs,9,Discrete Mathematics,medium
discrete-mathematics-questions-answers-mcqs,10,Discrete Mathematics,easy
discrete-mathematics-questions-answers-counting-functions,1,Discrete Mathematics,easy
discrete-mathematics-questions-answers-counting-functions,2,Discrete Mathematics,easy
discrete-mathematics-questions-answers-counting-functions,3,Discrete Mathematics,easy
discrete-mathematics-questions-answers-counting-functions,5,Discrete Mathematics,easy
discrete-mathematics-questions-answers-counting-functions,6,Discrete Mathematics,easy
discrete-mathematics-questions-answers-counting-functions,7,Discrete Mathematics,easy
discrete-mathematics-questions-answers-counting-functions,9,Discrete Mathematics,easy
discrete-mathematics-questions-answers-counting-functions,10,Discrete Mathematics,easy
discrete-mathematics-questions-answers-floor-ceiling-function,1,Discrete Mathematics,easy
discrete-mathematics-questions-answers-floor-ceiling-function,2,Discrete Mathematics,easy
discrete-mathematics-questions-answers-floor-ceiling-function,3,Discrete Mathematics,easy
discrete-mathematics-questions-answers-floor-ceiling-function,4,Discrete Mathematics,easy
discrete-mathematics-questions-answers-floor-ceiling-function,5,Discrete Mathematics,easy
discrete-mathematics-questions-answers-floor-ceiling-function,6,Discrete Mathematics,easy
discrete-mathematics-questions-answers-floor-ceiling-function,7,Discrete Mathematics,medium
discrete-mathematics-questions-answers-floor-ceiling-function,8,Discrete Mathematics,medium
discrete-mathematics-questions-answers-floor-ceiling-function,10,Discrete Mathematics,easy
discrete-mathematics-questions-answers-entrance-exams,1,Discrete Mathematics,medium
discrete-mathematics-questions-answers-entrance-exams,2,Discrete Mathematics,easy
discrete-mathematics-questions-answers-entrance-exams,3,Discrete Mathematics,easy
discrete-mathematics-questions-answers-entrance-exams,4,Discrete Mathematics,easy
discrete-mathematics-questions-answers-entrance-exams,5,Discrete Mathematics,medium
discrete-mathematics-questions-answers-entrance-exams,6,Discrete Mathematics,medium
discrete-mathematics-questions-answers-entrance-exams,7,Discrete Mathematics,easy
discrete-mathematics-questions-answers-entrance-exams,8,Discrete Mathematics,easy
discrete-mathematics-questions-answers-entrance-exams,9,Discrete Mathematics,medium
discrete-mathematics-questions-answers-entrance-exams,10,Discrete Mathematics,easy
discrete-mathematics-questions-answers-arithmetic-sequences,1,Discrete Mathematics,medium
discrete-mathematics-questions-answers-arithmetic-sequences,2,Discrete Mathematics,medium
discrete-mathematics-questions-answers-arithmetic-sequences,3,Discrete Mathematics,medium
discrete-mathematics-questions-answers-arithmetic-sequences,4,Discrete Mathematics,medium
discrete-mathematics-questions-answers-arithmetic-sequences,6,Discrete Mathematics,hard
discrete-mathematics-questions-answers-arithmetic-sequences,7,Discrete Mathematics,medium
discrete-mathematics-questions-answers-arithmetic-sequences,8,Discrete Mathematics,hard
discrete-mathematics-questions-answers-arithmetic-sequences,9,Discrete Mathematics,medium
discrete-mathematics-questions-answers-arithmetic-sequences,10,Discrete Mathematics,medium
discrete-mathematics-questions-answers-geometric-sequences,1,Discrete Mathematics,medium
discrete-mathematics-questions-answers-geometric-sequences,2,Discrete Mathematics,medium
discrete-mathematics-questions-answers-geometric-sequences,3,Discrete Mathematics,medium
discrete-mathematics-questions-answers-geometric-sequences,4,Discrete Mathematics,medium
discrete-mathematics-questions-answers-geometric-sequences,6,Discrete Mathematics,hard
discrete-mathematics-questions-answers-geometric-sequences,7,Discrete Mathematics,medium
discrete-mathematics-questions-answers-geometric-sequences,8,Discrete Mathematics,hard
discrete-mathematics-questions-answers-geometric-sequences,9,Discrete Mathematics,medium
discrete-mathematics-questions-answers-geometric-sequences,10,Discrete Mathematics,medium
discrete-mathematics-multiple-choice-questions-answers,1,Discrete Mathematics,hard
discrete-mathematics-multiple-choice-questions-answers,2,Discrete Mathematics,easy
discrete-mathematics-multiple-choice-questions-answers,3,Discrete Mathematics,easy
discrete-mathematics-multiple-choice-questions-answers,4,Discrete Mathematics,hard
discrete-mathematics-multiple-choice-questions-answers,5,Discrete Mathematics,hard
discrete-mathematics-multiple-choice-questions-answers,6,Discrete Mathematics,medium
discrete-mathematics-multiple-choice-questions-answers,7,Discrete Mathematics,medium
discrete-mathematics-multiple-choice-questions-answers,8,Discrete Mathematics,hard
discrete-mathematics-multiple-choice-questions-answers,10,Discrete Mathematics,hard
discrete-mathematics-questions-answers-special-sequences,2,Discrete Mathematics,hard
discrete-mathematics-questions-answers-special-sequences,3,Discrete Mathematics,medium
discrete-mathematics-questions-answers-special-sequences,5,Discrete Mathematics,medium
discrete-mathematics-questions-answers-special-sequences,6,Discrete Mathematics,medium
discrete-mathematics-questions-answers-special-sequences,7,Discrete Mathematics,medium
discrete-mathematics-questions-answers-special-sequences,9,Discrete Mathematics,hard
discrete-mathematics-questions-answers-special-sequences,10,Discrete Mathematics,hard
discrete-mathematics-questions-answers-harmonic-sequences,1,Discrete Mathematics,medium
discrete-mathematics-questions-answers-harmonic-sequences,2,Discrete Mathematics,medium
discrete-mathematics-questions-answers-harmonic-sequences,3,Discrete Mathematics,hard
discrete-mathematics-questions-answers-harmonic-sequences,4,Discrete Mathematics,medium
discrete-mathematics-questions-answers-harmonic-sequences,5,Discrete Mathematics,medium
discrete-mathematics-questions-answers-harmonic-sequences,6,Discrete Mathematics,easy
discrete-mathematics-questions-answers-harmonic-sequences,7,Discrete Mathematics,medium
discrete-mathematics-questions-answers-harmonic-sequences,8,Discrete Mathematics,hard
discrete-mathematics-questions-answers-harmonic-sequences,9,Discrete Mathematics,medium
discrete-mathematics-questions-answers-harmonic-sequences,10,Discrete Mathematics,medium
discrete-mathematics-questions-answers-aptitude-test,1,Discrete Mathematics,easy
discrete-mathematics-questions-answers-aptitude-test,2,Discrete Mathematics,easy
discrete-mathematics-questions-answers-aptitude-test,3,Discrete Mathematics,medium
discrete-mathematics-questions-answers-aptitude-test,4,Discrete Mathematics,medium
discrete-mathematics-questions-answers-aptitude-test,5,Discrete Mathematics,hard
discrete-mathematics-questions-answers-aptitude-test,6,Discrete Mathematics,easy
discrete-mathematics-questions-answers-aptitude-test,7,Discrete Mathematics,easy
discrete-mathematics-questions-answers-aptitude-test,8,Discrete Mathematics,hard
discrete-mathematics-questions-answers-aptitude-test,9,Discrete Mathematics,medium
discrete-mathematics-questions-answers-aptitude-test,10,Discrete Mathematics,hard
discrete-mathematics-questions-answers-matrices-types,1,Discrete Mathematics,medium
discrete-mathematics-questions-answers-matrices-types,2,Discrete Mathematics,easy
discrete-mathematics-questions-answers-matrices-types,3,Discrete Mathematics,medium
discrete-mathematics-questions-answers-matrices-types,4,Discrete Mathematics,easy
discrete-mathematics-questions-answers-matrices-types,5,Discrete Mathematics,easy
discrete-mathematics-questions-answers-matrices-types,6,Discrete Mathematics,easy
discrete-mathematics-questions-answers-matrices-types,7,Discrete Mathematics,easy
discrete-mathematics-questions-answers-matrices-types,9,Discrete Mathematics,medium
discrete-mathematics-questions-answers-matrices-types,10,Discrete Mathematics,medium
discrete-mathematics-questions-answers-online-test,1,Discrete Mathematics,hard
discrete-mathematics-questions-answers-online-test,2,Discrete Mathematics,hard
discrete-mathematics-questions-answers-online-test,3,Discrete Mathematics,medium
discrete-mathematics-questions-answers-online-test,4,Discrete Mathematics,medium
discrete-mathematics-questions-answers-online-test,5,Discrete Mathematics,medium
discrete-mathematics-questions-answers-online-test,6,Discrete Mathematics,easy
discrete-mathematics-questions-answers-online-test,7,Discrete Mathematics,easy
discrete-mathematics-questions-answers-online-test,8,Discrete Mathematics,medium
discrete-mathematics-questions-answers-online-test,9,Discrete Mathematics,medium
discrete-mathematics-questions-answers-online-test,10,Discrete Mathematics,easy
discrete-mathematics-questions-answers-properties-matrices,1,Discrete Mathematics,easy
discrete-mathematics-questions-answers-properties-matrices,2,Discrete Mathematics,medium
discrete-mathematics-questions-answers-properties-matrices,3,Discrete Mathematics,hard
discrete-mathematics-questions-answers-properties-matrices,5,Discrete Mathematics,medium
discrete-mathematics-questions-answers-properties-matrices,6,Discrete Mathematics,easy
discrete-mathematics-questions-answers-properties-matrices,7,Discrete Mathematics,easy
discrete-mathematics-questions-answers-properties-matrices,9,Discrete Mathematics,medium
discrete-mathematics-questions-answers-properties-matrices,10,Discrete Mathematics,hard
discrete-mathematics-problems,1,Discrete Mathematics,hard
discrete-mathematics-problems,2,Discrete Mathematics,easy
discrete-mathematics-problems,3,Discrete Mathematics,easy
discrete-mathematics-problems,4,Discrete Mathematics,medium
discrete-mathematics-problems,5,Discrete Mathematics,medium
discrete-mathematics-problems,6,Discrete Mathematics,easy
discrete-mathematics-problems,7,Discrete Mathematics,easy
discrete-mathematics-problems,9,Discrete Mathematics,medium
discrete-mathematics-problems,10,Discrete Mathematics,easy
discrete-mathematics-questions-answers-inverse-matrices,1,Discrete Mathematics,medium
discrete-mathematics-questions-answers-inverse-matrices,2,Discrete Mathematics,easy
discrete-mathematics-questions-answers-inverse-matrices,3,Discrete Mathematics,medium
discrete-mathematics-questions-answers-inverse-matrices,4,Discrete Mathematics,easy
discrete-mathematics-questions-answers-inverse-matrices,5,Discrete Mathematics,medium
discrete-mathematics-questions-answers-inverse-matrices,6,Discrete Mathematics,easy
discrete-mathematics-questions-answers-inverse-matrices,7,Discrete Mathematics,medium
discrete-mathematics-questions-answers-inverse-matrices,8,Discrete Mathematics,medium
discrete-mathematics-questions-answers-inverse-matrices,9,Discrete Mathematics,medium
discrete-mathematics-questions-answers-inverse-matrices,10,Discrete Mathematics,medium
discrete-mathematics-mcqs-sequences-summations,1,Discrete Mathematics,medium
discrete-mathematics-mcqs-sequences-summations,3,Discrete Mathematics,easy
discrete-mathematics-mcqs-sequences-summations,4,Discrete Mathematics,medium
discrete-mathematics-mcqs-sequences-summations,5,Discrete Mathematics,easy
discrete-mathematics-mcqs-sequences-summations,6,Discrete Mathematics,easy
discrete-mathematics-mcqs-sequences-summations,7,Discrete Mathematics,medium
discrete-mathematics-mcqs-sequences-summations,8,Discrete Mathematics,easy
discrete-mathematics-mcqs-sequences-summations,9,Discrete Mathematics,easy
discrete-mathematics-mcqs-sequences-summations,10,Discrete Mathematics,easy
discrete-mathematics-mcqs-algorithms,1,Discrete Mathematics,hard
discrete-mathematics-mcqs-algorithms,2,Discrete Mathematics,hard
discrete-mathematics-mcqs-algorithms,3,Discrete Mathematics,hard
discrete-mathematics-mcqs-algorithms,4,Discrete Mathematics,medium
discrete-mathematics-mcqs-algorithms,5,Discrete Mathematics,easy
discrete-mathematics-mcqs-algorithms,6,Discrete Mathematics,easy
discrete-mathematics-mcqs-algorithms,7,Discrete Mathematics,hard
discrete-mathematics-mcqs-algorithms,8,Discrete Mathematics,medium
discrete-mathematics-mcqs-algorithms,9,Discrete Mathematics,easy
discrete-mathematics-mcqs-algorithms,10,Discrete Mathematics,hard
discrete-mathematics-questions-answers-types-algorithms,1,Discrete Mathematics,hard
discrete-mathematics-questions-answers-types-algorithms,2,Discrete Mathematics,hard
discrete-mathematics-questions-answers-types-algorithms,3,Discrete Mathematics,hard
discrete-mathematics-questions-answers-types-algorithms,4,Discrete Mathematics,hard
discrete-mathematics-questions-answers-types-algorithms,5,Discrete Mathematics,hard
discrete-mathematics-questions-answers-types-algorithms,6,Discrete Mathematics,hard
discrete-mathematics-questions-answers-types-algorithms,7,Discrete Mathematics,hard
discrete-mathematics-questions-answers-types-algorithms,8,Discrete Mathematics,hard
discrete-mathematics-questions-answers-types-algorithms,9,Discrete Mathematics,hard
discrete-mathematics-questions-answers-types-algorithms,10,Discrete Mathematics,hard
discrete-mathematics-mcqs-complexity-algorithms,1,Discrete Mathematics,hard
discrete-mathematics-mcqs-complexity-algorithms,2,Discrete Mathematics,hard
discrete-mathematics-mcqs-complexity-algorithms,3,Discrete Mathematics,hard
discrete-mathematics-mcqs-complexity-algorithms,4,Discrete Mathematics,hard
discrete-mathematics-mcqs-complexity-algorithms,6,Discrete Mathematics,hard
discrete-mathematics-mcqs-complexity-algorithms,7,Discrete Mathematics,hard
discrete-mathematics-mcqs-complexity-algorithms,8,Discrete Mathematics,hard
discrete-mathematics-mcqs-complexity-algorithms,9,Discrete Mathematics,medium
discrete-mathematics-mcqs-complexity-algorithms,10,Discrete Mathematics,hard
discrete-mathematics-questions-answers-freshers,1,Discrete Mathematics,hard
discrete-mathematics-questions-answers-freshers,2,Discrete Mathematics,hard
discrete-mathematics-questions-answers-freshers,3,Discrete Mathematics,hard
discrete-mathematics-questions-answers-freshers,7,Discrete Mathematics,hard
discrete-mathematics-questions-answers-freshers,8,Discrete Mathematics,hard
discrete-mathematics-questions-answers-freshers,9,Discrete Mathematics,hard
discrete-mathematics-questions-answers-freshers,10,Discrete Mathematics,hard
discrete-mathematics-mcqs-integers-algorithms,1,Discrete Mathematics,medium
discrete-mathematics-mcqs-integers-algorithms,2,Discrete Mathematics,medium
discrete-mathematics-mcqs-integers-algorithms,3,Discrete Mathematics,hard
discrete-mathematics-mcqs-integers-algorithms,4,Discrete Mathematics,medium
discrete-mathematics-mcqs-integers-algorithms,5,Discrete Mathematics,easy
discrete-mathematics-mcqs-integers-algorithms,6,Discrete Mathematics,easy
discrete-mathematics-mcqs-integers-algorithms,7,Discrete Mathematics,easy
discrete-mathematics-mcqs-integers-algorithms,8,Discrete Mathematics,easy
discrete-mathematics-mcqs-integers-algorithms,9,Discrete Mathematics,easy
discrete-mathematics-mcqs-integers-algorithms,10,Discrete Mathematics,easy
discrete-mathematics-mcqs-integers-division,1,Discrete Mathematics,easy
discrete-mathematics-mcqs-integers-division,2,Discrete Mathematics,easy
discrete-mathematics-mcqs-integers-division,3,Discrete Mathematics,medium
discrete-mathematics-mcqs-integers-division,4,Discrete Mathematics,easy
discrete-mathematics-mcqs-integers-division,5,Discrete Mathematics,easy
discrete-mathematics-mcqs-integers-division,6,Discrete Mathematics,easy
discrete-mathematics-mcqs-integers-division,7,Discrete Mathematics,easy
discrete-mathematics-mcqs-integers-division,8,Discrete Mathematics,easy
discrete-mathematics-mcqs-integers-division,10,Discrete Mathematics,easy
discrete-mathematics-questions-answers-prime-numbers,1,Discrete Mathematics,easy
discrete-mathematics-questions-answers-prime-numbers,2,Discrete Mathematics,easy
discrete-mathematics-questions-answers-prime-numbers,3,Discrete Mathematics,easy
discrete-mathematics-questions-answers-prime-numbers,4,Discrete Mathematics,easy
discrete-mathematics-questions-answers-prime-numbers,5,Discrete Mathematics,easy
discrete-mathematics-questions-answers-prime-numbers,6,Discrete Mathematics,easy
discrete-mathematics-questions-answers-prime-numbers,7,Discrete Mathematics,easy
discrete-mathematics-questions-answers-prime-numbers,8,Discrete Mathematics,easy
discrete-mathematics-questions-answers-prime-numbers,9,Discrete Mathematics,medium
discrete-mathematics-questions-answers-prime-numbers,10,Discrete Mathematics,medium
discrete-mathematics-questions-answers-online-quiz,1,Discrete Mathematics,medium
discrete-mathematics-questions-answers-online-quiz,2,Discrete Mathematics,medium
discrete-mathematics-questions-answers-online-quiz,3,Discrete Mathematics,medium
discrete-mathematics-questions-answers-online-quiz,4,Discrete Mathematics,easy
discrete-mathematics-questions-answers-online-quiz,6,Discrete Mathematics,easy
discrete-mathematics-questions-answers-online-quiz,7,Discrete Mathematics,easy
discrete-mathematics-questions-answers-online-quiz,9,Discrete Mathematics,medium
discrete-mathematics-questions-answers-online-quiz,10,Discrete Mathematics,hard
discrete-mathematics-questions-answers-lcm,2,Discrete Mathematics,easy
discrete-mathematics-questions-answers-lcm,3,Discrete Mathematics,medium
discrete-mathematics-questions-answers-lcm,4,Discrete Mathematics,easy
discrete-mathematics-questions-answers-lcm,5,Discrete Mathematics,medium
discrete-mathematics-questions-answers-lcm,6,Discrete Mathematics,medium
discrete-mathematics-questions-answers-lcm,7,Discrete Mathematics,medium
discrete-mathematics-questions-answers-lcm,8,Discrete Mathematics,hard
discrete-mathematics-questions-answers-lcm,9,Discrete Mathematics,easy
discrete-mathematics-questions-answers-lcm,10,Discrete Mathematics,easy
discrete-mathematics-questions-answers-campus-interviews,2,Discrete Mathematics,easy
discrete-mathematics-questions-answers-campus-interviews,3,Discrete Mathematics,medium
discrete-mathematics-questions-answers-campus-interviews,4,Discrete Mathematics,easy
discrete-mathematics-questions-answers-campus-interviews,5,Discrete Mathematics,medium
discrete-mathematics-questions-answers-campus-interviews,6,Discrete Mathematics,medium
discrete-mathematics-questions-answers-campus-interviews,7,Discrete Mathematics,medium
discrete-mathematics-questions-answers-campus-interviews,8,Discrete Mathematics,hard
discrete-mathematics-questions-answers-campus-interviews,9,Discrete Mathematics,easy
discrete-mathematics-questions-answers-campus-interviews,10,Discrete Mathematics,easy
discrete-mathematics-questions-answers-base-conversion,1,Discrete Mathematics,hard
discrete-mathematics-questions-answers-base-conversion,2,Discrete Mathematics,hard
discrete-mathematics-questions-answers-base-conversion,3,Discrete Mathematics,easy
discrete-mathematics-questions-answers-base-conversion,4,Discrete Mathematics,easy
discrete-mathematics-questions-answers-base-conversion,5,Discrete Mathematics,easy
discrete-mathematics-questions-answers-base-conversion,6,Discrete Mathematics,easy
discrete-mathematics-questions-answers-base-conversion,7,Discrete Mathematics,easy
discrete-mathematics-questions-answers-base-conversion,8,Discrete Mathematics,medium
discrete-mathematics-questions-answers-base-conversion,9,Discrete Mathematics,easy
discrete-mathematics-questions-answers-base-conversion,10,Discrete Mathematics,medium
discrete-mathematics-questions-bank,1,Discrete Mathematics,easy
discrete-mathematics-questions-bank,2,Discrete Mathematics,easy
discrete-mathematics-questions-bank,3,Discrete Mathematics,medium
discrete-mathematics-questions-bank,4,Discrete Mathematics,medium
discrete-mathematics-questions-bank,5,Discrete Mathematics,medium
discrete-mathematics-questions-bank,6,Discrete Mathematics,easy
discrete-mathematics-questions-bank,7,Discrete Mathematics,easy
discrete-mathematics-questions-bank,8,Discrete Mathematics,easy
discrete-mathematics-questions-bank,9,Discrete Mathematics,easy
discrete-mathematics-questions-bank,10,Discrete Mathematics,easy
discrete-mathematics-basic-questions-answers,1,Discrete Mathematics,easy
discrete-mathematics-basic-questions-answers,2,Discrete Mathematics,medium
discrete-mathematics-basic-questions-answers,3,Discrete Mathematics,easy
discrete-mathematics-basic-questions-answers,6,Discrete Mathematics,medium
discrete-mathematics-basic-questions-answers,7,Discrete Mathematics,medium
discrete-mathematics-basic-questions-answers,8,Discrete Mathematics,medium
discrete-mathematics-basic-questions-answers,10,Discrete Mathematics,hard
discrete-mathematics-mcqs-applications-number-theory,1,Discrete Mathematics,medium
discrete-mathematics-mcqs-applications-number-theory,2,Discrete Mathematics,easy
discrete-mathematics-mcqs-applications-number-theory,3,Discrete Mathematics,easy
discrete-mathematics-mcqs-applications-number-theory,4,Discrete Mathematics,medium
discrete-mathematics-mcqs-applications-number-theory,5,Discrete Mathematics,easy
discrete-mathematics-mcqs-applications-number-theory,6,Discrete Mathematics,easy
discrete-mathematics-mcqs-applications-number-theory,7,Discrete Mathematics,easy
discrete-mathematics-mcqs-applications-number-theory,8,Discrete Mathematics,medium
discrete-mathematics-mcqs-applications-number-theory,9,Discrete Mathematics,medium
discrete-mathematics-mcqs-applications-number-theory,10,Discrete Mathematics,easy
discrete-mathematics-mcqs-primes-greatest-common-divisors,1,Discrete Mathematics,easy
discrete-mathematics-mcqs-primes-greatest-common-divisors,2,Discrete Mathematics,easy
discrete-mathematics-mcqs-primes-greatest-common-divisors,3,Discrete Mathematics,medium
discrete-mathematics-mcqs-primes-greatest-common-divisors,4,Discrete Mathematics,easy
discrete-mathematics-mcqs-primes-greatest-common-divisors,5,Discrete Mathematics,easy
discrete-mathematics-mcqs-primes-greatest-common-divisors,6,Discrete Mathematics,easy
discrete-mathematics-mcqs-primes-greatest-common-divisors,7,Discrete Mathematics,medium
discrete-mathematics-mcqs-primes-greatest-common-divisors,9,Discrete Mathematics,easy
discrete-mathematics-mcqs-primes-greatest-common-divisors,10,Discrete Mathematics,easy
discrete-mathematics-questions-answers-modular-exponentiation,1,Discrete Mathematics,hard
discrete-mathematics-questions-answers-modular-exponentiation,2,Discrete Mathematics,easy
discrete-mathematics-questions-answers-modular-exponentiation,3,Discrete Mathematics,hard
discrete-mathematics-questions-answers-modular-exponentiation,4,Discrete Mathematics,hard
discrete-mathematics-questions-answers-modular-exponentiation,5,Discrete Mathematics,medium
discrete-mathematics-questions-answers-modular-exponentiation,6,Discrete Mathematics,easy
discrete-mathematics-questions-answers-modular-exponentiation,7,Discrete Mathematics,hard
discrete-mathematics-questions-answers-modular-exponentiation,8,Discrete Mathematics,easy
discrete-mathematics-questions-answers-modular-exponentiation,9,Discrete Mathematics,medium
discrete-mathematics-questions-answers-modular-exponentiation,10,Discrete Mathematics,medium
discrete-mathematics-questions-answers-cryptography-encryption,1,Discrete Mathematics,easy
discrete-mathematics-questions-answers-cryptography-encryption,2,Discrete Mathematics,hard
discrete-mathematics-questions-answers-cryptography-encryption,3,Discrete Mathematics,medium
discrete-mathematics-questions-answers-cryptography-encryption,4,Discrete Mathematics,hard
discrete-mathematics-questions-answers-cryptography-encryption,5,Discrete Mathematics,hard
discrete-mathematics-questions-answers-cryptography-encryption,6,Discrete Mathematics,hard
discrete-mathematics-questions-answers-cryptography-encryption,7,Discrete Mathematics,easy
discrete-mathematics-questions-answers-cryptography-encryption,8,Discrete Mathematics,easy
discrete-mathematics-questions-answers-cryptography-encryption,9,Discrete Mathematics,easy
discrete-mathematics-questions-answers-cryptography-encryption,10,Discrete Mathematics,easy
discrete-mathematics-questions-answers-cryptography-decryption,1,Discrete Mathematics,medium
discrete-mathematics-questions-answers-cryptography-decryption,2,Discrete Mathematics,medium
discrete-mathematics-questions-answers-cryptography-decryption,3,Discrete Mathematics,easy
discrete-mathematics-questions-answers-cryptography-decryption,4,Discrete Mathematics,hard
discrete-mathematics-questions-answers-cryptography-decryption,5,Discrete Mathematics,easy
discrete-mathematics-questions-answers-cryptography-decryption,6,Discrete Mathematics,hard
discrete-mathematics-questions-answers-cryptography-decryption,7,Discrete Mathematics,hard
discrete-mathematics-questions-answers-cryptography-decryption,8,Discrete Mathematics,medium
discrete-mathematics-questions-answers-cryptography-decryption,9,Discrete Mathematics,easy
discrete-mathematics-questions-answers-cryptography-decryption,10,Discrete Mathematics,hard
discrete-mathematics-questions-answers-ciphers,1,Discrete Mathematics,easy
discrete-mathematics-questions-answers-ciphers,2,Discrete Mathematics,easy
discrete-mathematics-questions-answers-ciphers,3,Discrete Mathematics,hard
discrete-mathematics-questions-answers-ciphers,4,Discrete Mathematics,easy
discrete-mathematics-questions-answers-ciphers,5,Discrete Mathematics,easy
discrete-mathematics-questions-answers-ciphers,6,Discrete Mathematics,medium
discrete-mathematics-questions-answers-ciphers,7,Discrete Mathematics,easy
discrete-mathematics-questions-answers-ciphers,8,Discrete Mathematics,hard
discrete-mathematics-questions-answers-ciphers,9,Discrete Mathematics,easy
discrete-mathematics-questions-answers-ciphers,10,Discrete Mathematics,medium
discrete-mathematics-questions-answers-principle-mathematical-induction,1,Discrete Mathematics,medium
discrete-mathematics-questions-answers-principle-mathematical-induction,2,Discrete Mathematics,hard
discrete-mathematics-questions-answers-principle-mathematical-induction,3,Discrete Mathematics,easy
discrete-mathematics-questions-answers-principle-mathematical-induction,4,Discrete Mathematics,medium
discrete-mathematics-questions-answers-principle-mathematical-induction,5,Discrete Mathematics,hard
discrete-mathematics-questions-answers-principle-mathematical-induction,6,Discrete Mathematics,medium
discrete-mathematics-questions-answers-principle-mathematical-induction,7,Discrete Mathematics,easy
discrete-mathematics-questions-answers-principle-mathematical-induction,8,Discrete Mathematics,medium
discrete-mathematics-questions-answers-principle-mathematical-induction,9,Discrete Mathematics,hard
discrete-mathematics-questions-answers-principle-mathematical-induction,10,Discrete Mathematics,medium
discrete-mathematics-mcqs-strong-induction-well-ordering,1,Discrete Mathematics,easy
discrete-mathematics-mcqs-strong-induction-well-ordering,2,Discrete Mathematics,easy
discrete-mathematics-mcqs-strong-induction-well-ordering,3,Discrete Mathematics,easy
discrete-mathematics-mcqs-strong-induction-well-ordering,4,Discrete Mathematics,hard
discrete-mathematics-mcqs-strong-induction-well-ordering,5,Discrete Mathematics,easy
discrete-mathematics-mcqs-strong-induction-well-ordering,6,Discrete Mathematics,medium
discrete-mathematics-mcqs-strong-induction-well-ordering,8,Discrete Mathematics,hard
discrete-mathematics-mcqs-strong-induction-well-ordering,10,Discrete Mathematics,easy
discrete-mathematics-questions-answers-recursion,1,Discrete Mathematics,hard
discrete-mathematics-questions-answers-recursion,2,Discrete Mathematics,easy
discrete-mathematics-questions-answers-recursion,3,Discrete Mathematics,easy
discrete-mathematics-questions-answers-recursion,4,Discrete Mathematics,easy
discrete-mathematics-questions-answers-recursion,5,Discrete Mathematics,hard
discrete-mathematics-questions-answers-recursion,6,Discrete Mathematics,easy
discrete-mathematics-questions-answers-recursion,7,Discrete Mathematics,hard
discrete-mathematics-questions-answers-recursion,8,Discrete Mathematics,hard
discrete-mathematics-questions-answers-recursion,9,Discrete Mathematics,hard
discrete-mathematics-questions-answers-recursion,10,Discrete Mathematics,medium
discrete-mathematics-questions-answers-fundamental-principle-counting,1,Discrete Mathematics,easy
discrete-mathematics-questions-answers-fundamental-principle-counting,2,Discrete Mathematics,hard
discrete-mathematics-questions-answers-fundamental-principle-counting,3,Discrete Mathematics,hard
discrete-mathematics-questions-answers-fundamental-principle-counting,4,Discrete Mathematics,medium
discrete-mathematics-questions-answers-fundamental-principle-counting,5,Discrete Mathematics,medium
discrete-mathematics-questions-answers-fundamental-principle-counting,6,Discrete Mathematics,hard
discrete-mathematics-questions-answers-fundamental-principle-counting,7,Discrete Mathematics,hard
discrete-mathematics-questions-answers-fundamental-principle-counting,8,Discrete Mathematics,hard
discrete-mathematics-questions-answers-fundamental-principle-counting,9,Discrete Mathematics,medium
discrete-mathematics-questions-answers-fundamental-principle-counting,10,Discrete Mathematics,hard
discrete-mathematics-questions-answers-pigeonhole-principle,1,Discrete Mathematics,hard
discrete-mathematics-questions-answers-pigeonhole-principle,2,Discrete Mathematics,medium
discrete-mathematics-questions-answers-linear-permutation,1,Discrete Mathematics,medium
discrete-mathematics-questions-answers-linear-permutation,2,Discrete Mathematics,easy
discrete-mathematics-questions-answers-linear-permutation,3,Discrete Mathematics,medium
discrete-mathematics-questions-answers-linear-permutation,4,Discrete Mathematics,hard
discrete-mathematics-questions-answers-linear-permutation,5,Discrete Mathematics,hard
discrete-mathematics-questions-answers-linear-permutation,6,Discrete Mathematics,hard
discrete-mathematics-questions-answers-linear-permutation,7,Discrete Mathematics,hard
discrete-mathematics-questions-answers-linear-permutation,8,Discrete Mathematics,medium
discrete-mathematics-questions-answers-linear-permutation,9,Discrete Mathematics,medium
discrete-mathematics-questions-answers-linear-permutation,10,Discrete Mathematics,medium
discrete-mathematics-questions-answers-circular-permutations,1,Discrete Mathematics,hard
discrete-mathematics-questions-answers-circular-permutations,2,Discrete Mathematics,medium
discrete-mathematics-questions-answers-circular-permutations,3,Discrete Mathematics,hard
discrete-mathematics-questions-answers-circular-permutations,4,Discrete Mathematics,medium
discrete-mathematics-questions-answers-circular-permutations,5,Discrete Mathematics,medium
discrete-mathematics-questions-answers-circular-permutations,6,Discrete Mathematics,medium
discrete-mathematics-questions-answers-circular-permutations,7,Discrete Mathematics,easy
discrete-mathematics-questions-answers-circular-permutations,8,Discrete Mathematics,easy
discrete-mathematics-questions-answers-circular-permutations,9,Discrete Mathematics,medium
discrete-mathematics-questions-answers-combinations,1,Discrete Mathematics,hard
discrete-mathematics-questions-answers-combinations,2,Discrete Mathematics,hard
discrete-mathematics-questions-answers-combinations,3,Discrete Mathematics,medium
discrete-mathematics-questions-answers-combinations,4,Discrete Mathematics,medium
discrete-mathematics-questions-answers-combinations,5,Discrete Mathematics,hard
discrete-mathematics-questions-answers-combinations,6,Discrete Mathematics,medium
discrete-mathematics-questions-answers-combinations,7,Discrete Mathematics,hard
discrete-mathematics-questions-answers-combinations,8,Discrete Mathematics,hard
discrete-mathematics-questions-answers-combinations,9,Discrete Mathematics,medium
discrete-mathematics-questions-answers-combinations,10,Discrete Mathematics,hard
advanced-discrete-mathematics-questions-answers,1,Discrete Mathematics,easy
advanced-discrete-mathematics-questions-answers,2,Discrete Mathematics,medium
advanced-discrete-mathematics-questions-answers,3,Discrete Mathematics,easy
advanced-discrete-mathematics-questions-answers,4,Discrete Mathematics,easy
advanced-discrete-mathematics-questions-answers,5,Discrete Mathematics,easy
advanced-discrete-mathematics-questions-answers,6,Discrete Mathematics,easy
advanced-discrete-mathematics-questions-answers,7,Discrete Mathematics,easy
advanced-discrete-mathematics-questions-answers,8,Discrete Mathematics,easy
advanced-discrete-mathematics-questions-answers,9,Discrete Mathematics,easy
advanced-discrete-mathematics-questions-answers,10,Discrete Mathematics,easy
discrete-mathematics-questions-answers-division-objects,1,Discrete Mathematics,medium
discrete-mathematics-questions-answers-division-objects,2,Discrete Mathematics,hard
discrete-mathematics-questions-answers-division-objects,3,Discrete Mathematics,medium
discrete-mathematics-questions-answers-division-objects,4,Discrete Mathematics,medium
discrete-mathematics-questions-answers-division-objects,5,Discrete Mathematics,medium
discrete-mathematics-questions-answers-division-objects,6,Discrete Mathematics,medium
discrete-mathematics-questions-answers-division-objects,7,Discrete Mathematics,hard
discrete-mathematics-questions-answers-division-objects,8,Discrete Mathematics,hard
discrete-mathematics-questions-answers-division-objects,9,Discrete Mathematics,hard
discrete-mathematics-questions-answers-division-objects,10,Discrete Mathematics,hard
discrete-mathematics-exam-questions-answers,1,Discrete Mathematics,easy
discrete-mathematics-exam-questions-answers,2,Discrete Mathematics,easy
discrete-mathematics-exam-questions-answers,3,Discrete Mathematics,hard
discrete-mathematics-exam-questions-answers,4,Discrete Mathematics,medium
discrete-mathematics-exam-questions-answers,5,Discrete Mathematics,medium
discrete-mathematics-exam-questions-answers,7,Discrete Mathematics,hard
discrete-mathematics-questions-answers-derangements,1,Discrete Mathematics,medium
discrete-mathematics-questions-answers-derangements,2,Discrete Mathematics,hard
discrete-mathematics-questions-answers-derangements,3,Discrete Mathematics,medium
discrete-mathematics-questions-answers-derangements,4,Discrete Mathematics,hard
discrete-mathematics-questions-answers-derangements,5,Discrete Mathematics,hard
discrete-mathematics-questions-answers-derangements,6,Discrete Mathematics,hard
discrete-mathematics-questions-answers-derangements,7,Discrete Mathematics,medium
discrete-mathematics-questions-answers-derangements,8,Discrete Mathematics,hard
discrete-mathematics-questions-answers-derangements,9,Discrete Mathematics,medium
discrete-mathematics-questions-answers-derangements,10,Discrete Mathematics,medium
discrete-mathematics-questions-answers-terms-binomial-expansion,1,Discrete Mathematics,hard
discrete-mathematics-questions-answers-terms-binomial-expansion,2,Discrete Mathematics,medium
discrete-mathematics-questions-answers-terms-binomial-expansion,3,Discrete Mathematics,hard
discrete-mathematics-questions-answers-terms-binomial-expansion,4,Discrete Mathematics,medium
discrete-mathematics-questions-answers-terms-binomial-expansion,5,Discrete Mathematics,hard
discrete-mathematics-questions-answers-terms-binomial-expansion,6,Discrete Mathematics,medium
discrete-mathematics-questions-answers-terms-binomial-expansion,7,Discrete Mathematics,easy
discrete-mathematics-questions-answers-terms-binomial-expansion,8,Discrete Mathematics,easy
discrete-mathematics-questions-answers-terms-binomial-expansion,9,Discrete Mathematics,easy
discrete-mathematics-questions-answers-terms-binomial-expansion,10,Discrete Mathematics,easy
discrete-mathematics-questions-answers-binomial-coefficient,1,Discrete Mathematics,easy
discrete-mathematics-questions-answers-binomial-coefficient,2,Discrete Mathematics,easy
discrete-mathematics-questions-answers-binomial-coefficient,3,Discrete Mathematics,medium
discrete-mathematics-questions-answers-binomial-coefficient,4,Discrete Mathematics,easy
discrete-mathematics-questions-answers-binomial-coefficient,5,Discrete Mathematics,medium
discrete-mathematics-questions-answers-binomial-coefficient,6,Discrete Mathematics,hard
discrete-mathematics-questions-answers-binomial-coefficient,7,Discrete Mathematics,easy
discrete-mathematics-questions-answers-binomial-coefficient,8,Discrete Mathematics,medium
discrete-mathematics-questions-answers-binomial-coefficient,9,Discrete Mathematics,medium
discrete-mathematics-questions-answers-binomial-coefficient,10,Discrete Mathematics,medium
discrete-mathematics-questions-answers-recurrence-relation,1,Discrete Mathematics,medium
discrete-mathematics-questions-answers-recurrence-relation,2,Discrete Mathematics,medium
discrete-mathematics-questions-answers-recurrence-relation,3,Discrete Mathematics,easy
discrete-mathematics-questions-answers-recurrence-relation,4,Discrete Mathematics,medium
discrete-mathematics-questions-answers-recurrence-relation,5,Discrete Mathematics,medium
discrete-mathematics-questions-answers-recurrence-relation,6,Discrete Mathematics,medium
discrete-mathematics-questions-answers-recurrence-relation,7,Discrete Mathematics,medium
discrete-mathematics-questions-answers-recurrence-relation,8,Discrete Mathematics,medium
discrete-mathematics-questions-answers-recurrence-relation,9,Discrete Mathematics,medium
discrete-mathematics-questions-answers-recurrence-relation,10,Discrete Mathematics,medium
discrete-mathematics-questions-answers-addition-theorem-probability,1,Discrete Mathematics,hard
discrete-mathematics-questions-answers-addition-theorem-probability,2,Discrete Mathematics,medium
discrete-mathematics-questions-answers-addition-theorem-probability,3,Discrete Mathematics,hard
discrete-mathematics-questions-answers-addition-theorem-probability,4,Discrete Mathematics,medium
discrete-mathematics-questions-answers-addition-theorem-probability,5,Discrete Mathematics,hard
discrete-mathematics-questions-answers-addition-theorem-probability,6,Discrete Mathematics,hard
discrete-mathematics-questions-answers-addition-theorem-probability,7,Discrete Mathematics,hard
discrete-mathematics-questions-answers-addition-theorem-probability,8,Discrete Mathematics,hard
discrete-mathematics-questions-answers-addition-theorem-probability,9,Discrete Mathematics,hard
discrete-mathematics-questions-answers-addition-theorem-probability,10,Discrete Mathematics,medium
discrete-mathematics-questions-answers-multiplication-theorem-probability,1,Discrete Mathematics,medium
discrete-mathematics-questions-answers-multiplication-theorem-probability,2,Discrete Mathematics,medium
discrete-mathematics-questions-answers-multiplication-theorem-probability,3,Discrete Mathematics,easy
discrete-mathematics-questions-answers-multiplication-theorem-probability,4,Discrete Mathematics,hard
discrete-mathematics-questions-answers-multiplication-theorem-probability,5,Discrete Mathematics,hard
discrete-mathematics-questions-answers-multiplication-theorem-probability,6,Discrete Mathematics,hard
discrete-mathematics-questions-answers-multiplication-theorem-probability,7,Discrete Mathematics,hard
discrete-mathematics-questions-answers-multiplication-theorem-probability,8,Discrete Mathematics,hard
discrete-mathematics-questions-answers-multiplication-theorem-probability,9,Discrete Mathematics,hard
discrete-mathematics-questions-answers-multiplication-theorem-probability,10,Discrete Mathematics,hard
discrete-mathematics-questions-answers-geometric-probability,1,Discrete Mathematics,medium
discrete-mathematics-questions-answers-geometric-probability,2,Discrete Mathematics,hard
discrete-mathematics-questions-answers-geometric-probability,4,Discrete Mathematics,hard
discrete-mathematics-questions-answers-geometric-probability,5,Discrete Mathematics,easy
discrete-mathematics-questions-answers-geometric-probability,6,Discrete Mathematics,hard
discrete-mathematics-questions-answers-geometric-probability,7,Discrete Mathematics,hard
discrete-mathematics-questions-answers-geometric-probability,8,Discrete Mathematics,hard
discrete-mathematics-questions-answers-geometric-probability,9,Discrete Mathematics,medium
discrete-mathematics-questions-answers-geometric-probability,10,Discrete Mathematics,hard
discrete-mathematics-questions-answers-probability-distribution,1,Discrete Mathematics,hard
discrete-mathematics-questions-answers-probability-distribution,2,Discrete Mathematics,hard
discrete-mathematics-questions-answers-probability-distribution,3,Discrete Mathematics,hard
discrete-mathematics-questions-answers-probability-distribution,4,Discrete Mathematics,hard
discrete-mathematics-questions-answers-probability-distribution,5,Discrete Mathematics,hard
discrete-mathematics-questions-answers-probability-distribution,6,Discrete Mathematics,medium
discrete-mathematics-questions-answers-probability-distribution,7,Discrete Mathematics,hard
discrete-mathematics-questions-answers-probability-distribution,8,Discrete Mathematics,hard
discrete-mathematics-questions-answers-probability-distribution,9,Discrete Mathematics,hard
discrete-mathematics-questions-answers-probability-distribution,10,Discrete Mathematics,easy
discrete-mathematics-questions-answers-mean-variance-random-variables,1,Discrete Mathematics,hard
discrete-mathematics-questions-answers-mean-variance-random-variables,2,Discrete Mathematics,hard
discrete-mathematics-questions-answers-mean-variance-random-variables,3,Discrete Mathematics,hard
discrete-mathematics-questions-answers-mean-variance-random-variables,4,Discrete Mathematics,hard
discrete-mathematics-questions-answers-mean-variance-random-variables,5,Discrete Mathematics,hard
discrete-mathematics-questions-answers-mean-variance-random-variables,6,Discrete Mathematics,hard
discrete-mathematics-questions-answers-mean-variance-random-variables,7,Discrete Mathematics,medium
discrete-mathematics-questions-answers-mean-variance-random-variables,8,Discrete Mathematics,hard
discrete-mathematics-questions-answers-mean-variance-random-variables,9,Discrete Mathematics,hard
discrete-mathematics-questions-answers-mean-variance-random-variables,10,Discrete Mathematics,hard
discrete-mathematics-questions-answers-bayes-theorem,1,Discrete Mathematics,hard
discrete-mathematics-questions-answers-bayes-theorem,2,Discrete Mathematics,hard
discrete-mathematics-questions-answers-bayes-theorem,3,Discrete Mathematics,medium
discrete-mathematics-questions-answers-bayes-theorem,4,Discrete Mathematics,hard
discrete-mathematics-questions-answers-bayes-theorem,5,Discrete Mathematics,hard
discrete-mathematics-questions-answers-bayes-theorem,6,Discrete Mathematics,hard
discrete-mathematics-questions-answers-bayes-theorem,7,Discrete Mathematics,hard
discrete-mathematics-questions-answers-bayes-theorem,8,Discrete Mathematics,hard
discrete-mathematics-questions-answers-bayes-theorem,9,Discrete Mathematics,hard
discrete-mathematics-questions-answers-bayes-theorem,10,Discrete Mathematics,hard
discrete-mathematics-questions-answers-generating-functions,1,Discrete Mathematics,medium
discrete-mathematics-questions-answers-generating-functions,2,Discrete Mathematics,medium
discrete-mathematics-questions-answers-generating-functions,3,Discrete Mathematics,medium
discrete-mathematics-questions-answers-generating-functions,4,Discrete Mathematics,medium
discrete-mathematics-questions-answers-generating-functions,5,Discrete Mathematics,easy
discrete-mathematics-questions-answers-generating-functions,6,Discrete Mathematics,medium
discrete-mathematics-questions-answers-generating-functions,7,Discrete Mathematics,medium
discrete-mathematics-questions-answers-generating-functions,8,Discrete Mathematics,medium
discrete-mathematics-questions-answers-generating-functions,9,Discrete Mathematics,hard
discrete-mathematics-questions-answers-generating-functions,10,Discrete Mathematics,hard
discrete-mathematics-questions-answers-principle-inclusion-exclusion,1,Discrete Mathematics,hard
discrete-mathematics-questions-answers-principle-inclusion-exclusion,2,Discrete Mathematics,hard
discrete-mathematics-questions-answers-principle-inclusion-exclusion,3,Discrete Mathematics,medium
discrete-mathematics-questions-answers-principle-inclusion-exclusion,4,Discrete Mathematics,hard
discrete-mathematics-questions-answers-principle-inclusion-exclusion,5,Discrete Mathematics,hard
discrete-mathematics-questions-answers-principle-inclusion-exclusion,6,Discrete Mathematics,medium
discrete-mathematics-questions-answers-principle-inclusion-exclusion,7,Discrete Mathematics,hard
discrete-mathematics-questions-answers-principle-inclusion-exclusion,8,Discrete Mathematics,medium
discrete-mathematics-questions-answers-principle-inclusion-exclusion,9,Discrete Mathematics,hard
discrete-mathematics-questions-answers-principle-inclusion-exclusion,10,Discrete Mathematics,medium
discrete-mathematics-questions-answers-logarithmic-series,1,Discrete Mathematics,medium
discrete-mathematics-questions-answers-logarithmic-series,2,Discrete Mathematics,medium
discrete-mathematics-questions-answers-logarithmic-series,3,Discrete Mathematics,hard
discrete-mathematics-questions-answers-logarithmic-series,4,Discrete Mathematics,medium
discrete-mathematics-questions-answers-logarithmic-series,5,Discrete Mathematics,easy
discrete-mathematics-questions-answers-logarithmic-series,6,Discrete Mathematics,medium
discrete-mathematics-questions-answers-logarithmic-series,7,Discrete Mathematics,medium
discrete-mathematics-questions-answers-logarithmic-series,8,Discrete Mathematics,medium
discrete-mathematics-questions-answers-logarithmic-series,9,Discrete Mathematics,easy
discrete-mathematics-questions-answers-logarithmic-series,10,Discrete Mathematics,easy
discrete-mathematics-questions-answers-power-series,1,Discrete Mathematics,medium
discrete-mathematics-questions-answers-power-series,2,Discrete Mathematics,medium
discrete-mathematics-questions-answers-power-series,3,Discrete Mathematics,hard
discrete-mathematics-questions-answers-power-series,4,Discrete Mathematics,easy
discrete-mathematics-questions-answers-power-series,5,Discrete Mathematics,medium
discrete-mathematics-questions-answers-power-series,6,Discrete Mathematics,easy
discrete-mathematics-questions-answers-power-series,7,Discrete Mathematics,easy
discrete-mathematics-questions-answers-power-series,8,Discrete Mathematics,easy
discrete-mathematics-questions-answers-power-series,9,Discrete Mathematics,medium
discrete-mathematics-questions-answers-number-relations,1,Discrete Mathematics,easy
discrete-mathematics-questions-answers-number-relations,2,Discrete Mathematics,easy
discrete-mathematics-questions-answers-number-relations,3,Discrete Mathematics,medium
discrete-mathematics-questions-answers-number-relations,4,Discrete Mathematics,easy
discrete-mathematics-questions-answers-number-relations,5,Discrete Mathematics,medium
discrete-mathematics-questions-answers-number-relations,6,Discrete Mathematics,easy
discrete-mathematics-questions-answers-number-relations,7,Discrete Mathematics,medium
discrete-mathematics-questions-answers-number-relations,8,Discrete Mathematics,easy
discrete-mathematics-questions-answers-number-relations,9,Discrete Mathematics,medium
discrete-mathematics-questions-answers-number-relations,10,Discrete Mathematics,easy
discrete-mathematics-questions-answers-closure-relations,1,Discrete Mathematics,medium
discrete-mathematics-questions-answers-closure-relations,2,Discrete Mathematics,medium
discrete-mathematics-questions-answers-closure-relations,3,Discrete Mathematics,medium
discrete-mathematics-questions-answers-closure-relations,4,Discrete Mathematics,medium
discrete-mathematics-questions-answers-closure-relations,5,Discrete Mathematics,hard
discrete-mathematics-questions-answers-closure-relations,6,Discrete Mathematics,medium
discrete-mathematics-questions-answers-closure-relations,7,Discrete Mathematics,easy
discrete-mathematics-questions-answers-closure-relations,8,Discrete Mathematics,medium
discrete-mathematics-questions-answers-closure-relations,9,Discrete Mathematics,easy
discrete-mathematics-questions-answers-closure-relations,10,Discrete Mathematics,medium
discrete-mathematics-questions-answers-types-relations,1,Discrete Mathematics,hard
discrete-mathematics-questions-answers-types-relations,2,Discrete Mathematics,hard
discrete-mathematics-questions-answers-types-relations,3,Discrete Mathematics,hard
discrete-mathematics-questions-answers-types-relations,4,Discrete Mathematics,hard
discrete-mathematics-questions-answers-types-relations,5,Discrete Mathematics,hard
discrete-mathematics-questions-answers-types-relations,6,Discrete Mathematics,hard
discrete-mathematics-questions-answers-types-relations,7,Discrete Mathematics,hard
discrete-mathematics-questions-answers-types-relations,8,Discrete Mathematics,hard
discrete-mathematics-questions-answers-types-relations,9,Discrete Mathematics,medium
discrete-mathematics-questions-answers-types-relations,10,Discrete Mathematics,hard
discrete-mathematics-questions-answers-partial-orderings,1,Discrete Mathematics,easy
discrete-mathematics-questions-answers-equivalence-classes-partitions,1,Discrete Mathematics,easy
discrete-mathematics-questions-answers-equivalence-classes-partitions,2,Discrete Mathematics,medium
discrete-mathematics-questions-answers-equivalence-classes-partitions,3,Discrete Mathematics,hard
discrete-mathematics-questions-answers-equivalence-classes-partitions,4,Discrete Mathematics,medium
discrete-mathematics-questions-answers-equivalence-classes-partitions,5,Discrete Mathematics,medium
discrete-mathematics-questions-answers-equivalence-classes-partitions,6,Discrete Mathematics,medium
discrete-mathematics-questions-answers-equivalence-classes-partitions,7,Discrete Mathematics,hard
discrete-mathematics-questions-answers-equivalence-classes-partitions,8,Discrete Mathematics,hard
discrete-mathematics-questions-answers-equivalence-classes-partitions,9,Discrete Mathematics,hard
discrete-mathematics-questions-answers-equivalence-classes-partitions,10,Discrete Mathematics,hard
discrete-mathematics-questions-answers-diagraph,1,Discrete Mathematics,medium
discrete-mathematics-questions-answers-diagraph,2,Discrete Mathematics,hard
discrete-mathematics-questions-answers-diagraph,3,Discrete Mathematics,easy
discrete-mathematics-questions-answers-diagraph,4,Discrete Mathematics,medium
discrete-mathematics-questions-answers-diagraph,5,Discrete Mathematics,easy
discrete-mathematics-questions-answers-diagraph,6,Discrete Mathematics,easy
discrete-mathematics-questions-answers-diagraph,7,Discrete Mathematics,easy
discrete-mathematics-questions-answers-diagraph,8,Discrete Mathematics,easy
discrete-mathematics-questions-answers-diagraph,9,Discrete Mathematics,hard
discrete-mathematics-questions-answers-diagraph,10,Discrete Mathematics,hard
discrete-mathematics-questions-answers-hasse-diagrams,1,Discrete Mathematics,easy
discrete-mathematics-questions-answers-hasse-diagrams,2,Discrete Mathematics,medium
discrete-mathematics-questions-answers-hasse-diagrams,3,Discrete Mathematics,hard
discrete-mathematics-questions-answers-hasse-diagrams,4,Discrete Mathematics,hard
discrete-mathematics-questions-answers-hasse-diagrams,5,Discrete Mathematics,easy
discrete-mathematics-questions-answers-hasse-diagrams,6,Discrete Mathematics,hard
discrete-mathematics-questions-answers-hasse-diagrams,7,Discrete Mathematics,hard
discrete-mathematics-questions-answers-hasse-diagrams,8,Discrete Mathematics,hard
discrete-mathematics-questions-answers-hasse-diagrams,9,Discrete Mathematics,hard
discrete-mathematics-questions-answers-hasse-diagrams,10,Discrete Mathematics,easy
discrete-mathematics-questions-answers-lattices,1,Discrete Mathematics,medium
discrete-mathematics-questions-answers-lattices,2,Discrete Mathematics,medium
discrete-mathematics-questions-answers-lattices,3,Discrete Mathematics,medium
discrete-mathematics-questions-answers-lattices,4,Discrete Mathematics,easy
discrete-mathematics-questions-answers-lattices,5,Discrete Mathematics,medium
discrete-mathematics-questions-answers-lattices,6,Discrete Mathematics,easy
discrete-mathematics-questions-answers-lattices,7,Discrete Mathematics,hard
discrete-mathematics-questions-answers-lattices,8,Discrete Mathematics,hard
discrete-mathematics-questions-answers-lattices,9,Discrete Mathematics,easy
discrete-mathematics-questions-answers-lattices,10,Discrete Mathematics,easy
discrete-mathematics-questions-answers-bipartite-graphs,1,Discrete Mathematics,easy
discrete-mathematics-questions-answers-bipartite-graphs,2,Discrete Mathematics,easy
discrete-mathematics-questions-answers-bipartite-graphs,3,Discrete Mathematics,hard
discrete-mathematics-questions-answers-bipartite-graphs,4,Discrete Mathematics,medium
discrete-mathematics-questions-answers-bipartite-graphs,6,Discrete Mathematics,easy
discrete-mathematics-questions-answers-bipartite-graphs,7,Discrete Mathematics,easy
discrete-mathematics-questions-answers-bipartite-graphs,8,Discrete Mathematics,easy
discrete-mathematics-questions-answers-bipartite-graphs,9,Discrete Mathematics,medium
discrete-mathematics-questions-answers-bipartite-graphs,10,Discrete Mathematics,medium
discrete-mathematics-questions-answers-graphs-properties,1,Discrete Mathematics,medium
discrete-mathematics-questions-answers-graphs-properties,2,Discrete Mathematics,medium
discrete-mathematics-questions-answers-graphs-properties,3,Discrete Mathematics,medium
discrete-mathematics-questions-answers-graphs-properties,4,Discrete Mathematics,easy
discrete-mathematics-questions-answers-graphs-properties,5,Discrete Mathematics,hard
discrete-mathematics-questions-answers-graphs-properties,6,Discrete Mathematics,hard
discrete-mathematics-questions-answers-graphs-properties,7,Discrete Mathematics,medium
discrete-mathematics-questions-answers-graphs-properties,8,Discrete Mathematics,medium
discrete-mathematics-questions-answers-graphs-properties,9,Discrete Mathematics,medium
discrete-mathematics-questions-answers-graphs-properties,10,Discrete Mathematics,hard
tricky-discrete-mathematics-questions-answers,1,Discrete Mathematics,hard
tricky-discrete-mathematics-questions-answers,2,Discrete Mathematics,medium
tricky-discrete-mathematics-questions-answers,3,Discrete Mathematics,hard
tricky-discrete-mathematics-questions-answers,4,Discrete Mathematics,hard
tricky-discrete-mathematics-questions-answers,5,Discrete Mathematics,medium
tricky-discrete-mathematics-questions-answers,6,Discrete Mathematics,medium
tricky-discrete-mathematics-questions-answers,7,Discrete Mathematics,medium
tricky-discrete-mathematics-questions-answers,8,Discrete Mathematics,medium
tricky-discrete-mathematics-questions-answers,9,Discrete Mathematics,hard
tricky-discrete-mathematics-questions-answers,10,Discrete Mathematics,hard
discrete-mathematics-written-test-questions-answers,1,Discrete Mathematics,hard
discrete-mathematics-written-test-questions-answers,2,Discrete Mathematics,easy
discrete-mathematics-written-test-questions-answers,3,Discrete Mathematics,medium
discrete-mathematics-written-test-questions-answers,4,Discrete Mathematics,easy
discrete-mathematics-written-test-questions-answers,5,Discrete Mathematics,hard
discrete-mathematics-written-test-questions-answers,6,Discrete Mathematics,easy
discrete-mathematics-written-test-questions-answers,7,Discrete Mathematics,hard
discrete-mathematics-written-test-questions-answers,8,Discrete Mathematics,hard
discrete-mathematics-written-test-questions-answers,9,Discrete Mathematics,easy
discrete-mathematics-written-test-questions-answers,10,Discrete Mathematics,easy
discrete-mathematics-objective-questions-answers,1,Discrete Mathematics,hard
discrete-mathematics-objective-questions-answers,2,Discrete Mathematics,medium
discrete-mathematics-objective-questions-answers,3,Discrete Mathematics,hard
discrete-mathematics-objective-questions-answers,4,Discrete Mathematics,easy
discrete-mathematics-objective-questions-answers,5,Discrete Mathematics,medium
discrete-mathematics-objective-questions-answers,6,Discrete Mathematics,hard
discrete-mathematics-objective-questions-answers,7,Discrete Mathematics,easy
discrete-mathematics-objective-questions-answers,8,Discrete Mathematics,medium
discrete-mathematics-objective-questions-answers,9,Discrete Mathematics,medium
discrete-mathematics-objective-questions-answers,10,Discrete Mathematics,hard
discrete-mathematics-questions-answers-planarity-degree-coloring-graph,1,Discrete Mathematics,easy
discrete-mathematics-questions-answers-planarity-degree-coloring-graph,2,Discrete Mathematics,medium
discrete-mathematics-questions-answers-planarity-degree-coloring-graph,3,Discrete Mathematics,medium
discrete-mathematics-questions-answers-planarity-degree-coloring-graph,4,Discrete Mathematics,easy
discrete-mathematics-questions-answers-planarity-degree-coloring-graph,5,Discrete Mathematics,medium
discrete-mathematics-questions-answers-planarity-degree-coloring-graph,6,Discrete Mathematics,hard
discrete-mathematics-questions-answers-planarity-degree-coloring-graph,8,Discrete Mathematics,hard
discrete-mathematics-questions-answers-planarity-degree-coloring-graph,9,Discrete Mathematics,medium
discrete-mathematics-questions-answers-planarity-degree-coloring-graph,10,Discrete Mathematics,easy
discrete-mathematics-questions-answers-graph-matrices,1,Discrete Mathematics,hard
discrete-mathematics-questions-answers-graph-matrices,2,Discrete Mathematics,medium
discrete-mathematics-questions-answers-graph-matrices,3,Discrete Mathematics,hard
discrete-mathematics-questions-answers-graph-matrices,4,Discrete Mathematics,hard
discrete-mathematics-questions-answers-graph-matrices,5,Discrete Mathematics,medium
discrete-mathematics-questions-answers-graph-matrices,6,Discrete Mathematics,easy
discrete-mathematics-questions-answers-graph-matrices,7,Discrete Mathematics,easy
discrete-mathematics-questions-answers-graph-matrices,8,Discrete Mathematics,easy
discrete-mathematics-questions-answers-graph-matrices,9,Discrete Mathematics,easy
discrete-mathematics-questions-answers-graph-matrices,10,Discrete Mathematics,easy
discrete-mathematics-questions-answers-properties-tree,1,Discrete Mathematics,easy
discrete-mathematics-questions-answers-properties-tree,2,Discrete Mathematics,easy
discrete-mathematics-questions-answers-properties-tree,3,Discrete Mathematics,medium
discrete-mathematics-questions-answers-properties-tree,4,Discrete Mathematics,easy
discrete-mathematics-questions-answers-properties-tree,5,Discrete Mathematics,easy
discrete-mathematics-questions-answers-properties-tree,6,Discrete Mathematics,easy
discrete-mathematics-questions-answers-properties-tree,7,Discrete Mathematics,easy
discrete-mathematics-questions-answers-properties-tree,8,Discrete Mathematics,medium
discrete-mathematics-questions-answers-properties-tree,9,Discrete Mathematics,easy
discrete-mathematics-questions-answers-properties-tree,10,Discrete Mathematics,medium
discrete-mathematics-questions-answers-cycles,1,Discrete Mathematics,medium
discrete-mathematics-questions-answers-cycles,2,Discrete Mathematics,medium
discrete-mathematics-questions-answers-cycles,3,Discrete Mathematics,easy
discrete-mathematics-questions-answers-cycles,4,Discrete Mathematics,hard
discrete-mathematics-questions-answers-cycles,5,Discrete Mathematics,medium
discrete-mathematics-questions-answers-cycles,6,Discrete Mathematics,easy
discrete-mathematics-questions-answers-cycles,7,Discrete Mathematics,easy
discrete-mathematics-questions-answers-cycles,8,Discrete Mathematics,hard
discrete-mathematics-questions-answers-cycles,9,Discrete Mathematics,hard
discrete-mathematics-questions-answers-cycles,10,Discrete Mathematics,easy
discrete-mathematics-questions-answers-tree-traversal,1,Discrete Mathematics,medium
discrete-mathematics-questions-answers-tree-traversal,2,Discrete Mathematics,easy
discrete-mathematics-questions-answers-tree-traversal,3,Discrete Mathematics,hard
discrete-mathematics-questions-answers-tree-traversal,4,Discrete Mathematics,easy
discrete-mathematics-questions-answers-tree-traversal,6,Discrete Mathematics,hard
discrete-mathematics-questions-answers-tree-traversal,7,Discrete Mathematics,hard
discrete-mathematics-questions-answers-tree-traversal,8,Discrete Mathematics,medium
discrete-mathematics-questions-answers-tree-traversal,9,Discrete Mathematics,medium
discrete-mathematics-questions-answers-tree-traversal,10,Discrete Mathematics,hard
discrete-mathematics-question-papers,1,Discrete Mathematics,hard
discrete-mathematics-question-papers,2,Discrete Mathematics,hard
discrete-mathematics-question-papers,3,Discrete Mathematics,hard
discrete-mathematics-question-papers,4,Discrete Mathematics,easy
discrete-mathematics-question-papers,5,Discrete Mathematics,medium
discrete-mathematics-question-papers,6,Discrete Mathematics,medium
discrete-mathematics-question-papers,8,Discrete Mathematics,hard
discrete-mathematics-question-papers,10,Discrete Mathematics,easy
discrete-mathematics-questions-answers-spanning-trees,1,Discrete Mathematics,medium
discrete-mathematics-questions-answers-spanning-trees,2,Discrete Mathematics,hard
discrete-mathematics-questions-answers-spanning-trees,3,Discrete Mathematics,medium
discrete-mathematics-questions-answers-spanning-trees,4,Discrete Mathematics,hard
discrete-mathematics-questions-answers-spanning-trees,5,Discrete Mathematics,hard
discrete-mathematics-questions-answers-spanning-trees,6,Discrete Mathematics,easy
discrete-mathematics-questions-answers-spanning-trees,7,Discrete Mathematics,medium
discrete-mathematics-questions-answers-spanning-trees,8,Discrete Mathematics,medium
discrete-mathematics-questions-answers-spanning-trees,9,Discrete Mathematics,medium
discrete-mathematics-questions-answers-spanning-trees,10,Discrete Mathematics,medium
discrete-mathematics-questions-answers-spanning-trees,11,Discrete Mathematics,hard
discrete-mathematics-questions-answers-boolean-algebra,1,Discrete Mathematics,easy
discrete-mathematics-questions-answers-boolean-algebra,2,Discrete Mathematics,easy
discrete-mathematics-questions-answers-boolean-algebra,3,Discrete Mathematics,hard
discrete-mathematics-questions-answers-boolean-algebra,4,Discrete Mathematics,medium
discrete-mathematics-questions-answers-boolean-algebra,5,Discrete Mathematics,easy
discrete-mathematics-questions-answers-boolean-algebra,6,Discrete Mathematics,hard
discrete-mathematics-questions-answers-boolean-algebra,7,Discrete Mathematics,easy
discrete-mathematics-questions-answers-boolean-algebra,8,Discrete Mathematics,hard
discrete-mathematics-questions-answers-boolean-algebra,9,Discrete Mathematics,hard
discrete-mathematics-questions-answers-boolean-algebra,10,Discrete Mathematics,easy
discrete-mathematics-questions-answers-boolean-functions,1,Discrete Mathematics,medium
discrete-mathematics-questions-answers-boolean-functions,2,Discrete Mathematics,easy
discrete-mathematics-questions-answers-boolean-functions,3,Discrete Mathematics,hard
discrete-mathematics-questions-answers-boolean-functions,4,Discrete Mathematics,easy
discrete-mathematics-questions-answers-boolean-functions,5,Discrete Mathematics,easy
discrete-mathematics-questions-answers-boolean-functions,6,Discrete Mathematics,easy
discrete-mathematics-questions-answers-boolean-functions,7,Discrete Mathematics,easy
discrete-mathematics-questions-answers-boolean-functions,8,Discrete Mathematics,easy
discrete-mathematics-questions-answers-boolean-functions,9,Discrete Mathematics,easy
discrete-mathematics-questions-answers-boolean-functions,10,Discrete Mathematics,easy
discrete-mathematics-questions-answers-minimization-boolean-functions,1,Discrete Mathematics,easy
discrete-mathematics-questions-answers-minimization-boolean-functions,2,Discrete Mathematics,easy
discrete-mathematics-questions-answers-minimization-boolean-functions,3,Discrete Mathematics,easy
discrete-mathematics-questions-answers-minimization-boolean-functions,4,Discrete Mathematics,easy
discrete-mathematics-questions-answers-minimization-boolean-functions,5,Discrete Mathematics,easy
discrete-mathematics-questions-answers-minimization-boolean-functions,6,Discrete Mathematics,easy
discrete-mathematics-questions-answers-minimization-boolean-functions,7,Discrete Mathematics,hard
discrete-mathematics-questions-answers-minimization-boolean-functions,8,Discrete Mathematics,easy
discrete-mathematics-questions-answers-minimization-boolean-functions,9,Discrete Mathematics,medium
discrete-mathematics-questions-answers-karnaugh-maps,1,Discrete Mathematics,easy
discrete-mathematics-questions-answers-karnaugh-maps,2,Discrete Mathematics,medium
discrete-mathematics-questions-answers-karnaugh-maps,3,Discrete Mathematics,hard
discrete-mathematics-questions-answers-karnaugh-maps,4,Discrete Mathematics,medium
discrete-mathematics-questions-answers-karnaugh-maps,5,Discrete Mathematics,medium
discrete-mathematics-questions-answers-karnaugh-maps,7,Discrete Mathematics,easy
discrete-mathematics-questions-answers-karnaugh-maps,8,Discrete Mathematics,medium
discrete-mathematics-questions-answers-karnaugh-maps,9,Discrete Mathematics,easy
discrete-mathematics-questions-answers-karnaugh-maps,10,Discrete Mathematics,easy
discrete-mathematics-questions-answers-interconversion-gates,1,Discrete Mathematics,medium
discrete-mathematics-questions-answers-interconversion-gates,2,Discrete Mathematics,medium
discrete-mathematics-questions-answers-interconversion-gates,3,Discrete Mathematics,easy
discrete-mathematics-questions-answers-interconversion-gates,4,Discrete Mathematics,easy
discrete-mathematics-questions-answers-interconversion-gates,5,Discrete Mathematics,medium
discrete-mathematics-questions-answers-interconversion-gates,6,Discrete Mathematics,easy
discrete-mathematics-questions-answers-interconversion-gates,7,Discrete Mathematics,hard
discrete-mathematics-questions-answers-interconversion-gates,8,Discrete Mathematics,easy
discrete-mathematics-questions-answers-interconversion-gates,9,Discrete Mathematics,hard
discrete-mathematics-questions-answers-interconversion-gates,10,Discrete Mathematics,hard
discrete-mathematics-questions-answers-prime-implicants-essentials,1,Discrete Mathematics,easy
discrete-mathematics-questions-answers-prime-implicants-essentials,2,Discrete Mathematics,easy
discrete-mathematics-questions-answers-prime-implicants-essentials,3,Discrete Mathematics,hard
discrete-mathematics-questions-answers-prime-implicants-essentials,4,Discrete Mathematics,medium
discrete-mathematics-questions-answers-prime-implicants-essentials,5,Discrete Mathematics,medium
discrete-mathematics-questions-answers-prime-implicants-essentials,6,Discrete Mathematics,medium
discrete-mathematics-questions-answers-prime-implicants-essentials,7,Discrete Mathematics,medium
discrete-mathematics-questions-answers-prime-implicants-essentials,8,Discrete Mathematics,easy
discrete-mathematics-questions-answers-prime-implicants-essentials,9,Discrete Mathematics,hard
discrete-mathematics-questions-answers-prime-implicants-essentials,10,Discrete Mathematics,medium
discrete-mathematics-questions-answers-finite-state-automation,1,Discrete Mathematics,easy
discrete-mathematics-questions-answers-finite-state-automation,2,Discrete Mathematics,hard
discrete-mathematics-questions-answers-finite-state-automation,3,Discrete Mathematics,hard
discrete-mathematics-questions-answers-finite-state-automation,4,Discrete Mathematics,hard
discrete-mathematics-questions-answers-finite-state-automation,5,Discrete Mathematics,easy
discrete-mathematics-questions-answers-finite-state-automation,6,Discrete Mathematics,medium
discrete-mathematics-questions-answers-finite-state-automation,7,Discrete Mathematics,hard
discrete-mathematics-questions-answers-finite-state-automation,8,Discrete Mathematics,medium
discrete-mathematics-questions-answers-finite-state-automation,9,Discrete Mathematics,medium
discrete-mathematics-questions-answers-finite-state-automation,10,Discrete Mathematics,easy
discrete-mathematics-questions-answers-group-theory,1,Discrete Mathematics,medium
discrete-mathematics-questions-answers-group-theory,2,Discrete Mathematics,easy
discrete-mathematics-questions-answers-group-theory,3,Discrete Mathematics,easy
discrete-mathematics-questions-answers-group-theory,4,Discrete Mathematics,medium
discrete-mathematics-questions-answers-group-theory,5,Discrete Mathematics,medium
discrete-mathematics-questions-answers-group-theory,6,Discrete Mathematics,easy
discrete-mathematics-questions-answers-group-theory,7,Discrete Mathematics,easy
discrete-mathematics-questions-answers-group-theory,8,Discrete Mathematics,easy
discrete-mathematics-questions-answers-group-theory,9,Discrete Mathematics,easy
discrete-mathematics-questions-answers-group-axioms,1,Discrete Mathematics,easy
discrete-mathematics-questions-answers-group-axioms,2,Discrete Mathematics,easy
discrete-mathematics-questions-answers-group-axioms,4,Discrete Mathematics,medium
discrete-mathematics-questions-answers-group-axioms,5,Discrete Mathematics,medium
discrete-mathematics-questions-answers-group-axioms,6,Discrete Mathematics,easy
discrete-mathematics-questions-answers-group-axioms,7,Discrete Mathematics,medium
discrete-mathematics-questions-answers-group-axioms,8,Discrete Mathematics,medium
discrete-mathematics-questions-answers-group-axioms,9,Discrete Mathematics,easy
discrete-mathematics-questions-answers-group-axioms,10,Discrete Mathematics,easy
discrete-mathematics-questions-answers-closure-associativity,1,Discrete Mathematics,hard
discrete-mathematics-questions-answers-closure-associativity,2,Discrete Mathematics,easy
discrete-mathematics-questions-answers-closure-associativity,3,Discrete Mathematics,medium
discrete-mathematics-questions-answers-closure-associativity,4,Discrete Mathematics,medium
discrete-mathematics-questions-answers-closure-associativity,5,Discrete Mathematics,medium
discrete-mathematics-questions-answers-closure-associativity,6,Discrete Mathematics,hard
discrete-mathematics-questions-answers-closure-associativity,7,Discrete Mathematics,medium
discrete-mathematics-questions-answers-closure-associativity,8,Discrete Mathematics,hard
discrete-mathematics-questions-answers-closure-associativity,9,Discrete Mathematics,medium
discrete-mathematics-questions-answers-closure-associativity,10,Discrete Mathematics,hard
discrete-mathematics-puzzles,1,Discrete Mathematics,easy
discrete-mathematics-puzzles,2,Discrete Mathematics,easy
discrete-mathematics-puzzles,3,Discrete Mathematics,easy
discrete-mathematics-puzzles,4,Discrete Mathematics,medium
discrete-mathematics-puzzles,5,Discrete Mathematics,easy
discrete-mathematics-puzzles,6,Discrete Mathematics,medium
discrete-mathematics-puzzles,7,Discrete Mathematics,medium
discrete-mathematics-puzzles,8,Discrete Mathematics,easy
discrete-mathematics-puzzles,9,Discrete Mathematics,easy
discrete-mathematics-puzzles,10,Discrete Mathematics,easy
discrete-mathematics-questions-answers-subgroups,1,Discrete Mathematics,easy
discrete-mathematics-questions-answers-subgroups,2,Discrete Mathematics,easy
discrete-mathematics-questions-answers-subgroups,3,Discrete Mathematics,hard
discrete-mathematics-questions-answers-subgroups,4,Discrete Mathematics,hard
discrete-mathematics-questions-answers-subgroups,5,Discrete Mathematics,medium
discrete-mathematics-questions-answers-subgroups,6,Discrete Mathematics,easy
discrete-mathematics-questions-answers-subgroups,7,Discrete Mathematics,medium
discrete-mathematics-questions-answers-subgroups,8,Discrete Mathematics,hard
discrete-mathematics-questions-answers-subgroups,9,Discrete Mathematics,medium
discrete-mathematics-questions-answers-subgroups,10,Discrete Mathematics,easy
discrete-mathematics-questions-answers-cosets,1,Discrete Mathematics,easy
discrete-mathematics-questions-answers-cosets,2,Discrete Mathematics,medium
discrete-mathematics-questions-answers-cosets,3,Discrete Mathematics,medium
discrete-mathematics-questions-answers-cosets,4,Discrete Mathematics,easy
discrete-mathematics-questions-answers-cosets,5,Discrete Mathematics,easy
discrete-mathematics-questions-answers-cosets,6,Discrete Mathematics,easy
discrete-mathematics-questions-answers-cosets,7,Discrete Mathematics,easy
discrete-mathematics-questions-answers-cosets,9,Discrete Mathematics,easy
discrete-mathematics-questions-answers-cosets,10,Discrete Mathematics,hard
discrete-mathematics-questions-answers-cyclic-groups,1,Discrete Mathematics,medium
discrete-mathematics-questions-answers-cyclic-groups,2,Discrete Mathematics,easy
discrete-mathematics-questions-answers-cyclic-groups,3,Discrete Mathematics,hard
discrete-mathematics-questions-answers-cyclic-groups,4,Discrete Mathematics,easy
discrete-mathematics-questions-answers-cyclic-groups,5,Discrete Mathematics,easy
discrete-mathematics-questions-answers-cyclic-groups,6,Discrete Mathematics,easy
discrete-mathematics-questions-answers-cyclic-groups,7,Discrete Mathematics,easy
discrete-mathematics-questions-answers-cyclic-groups,8,Discrete Mathematics,easy
discrete-mathematics-questions-answers-cyclic-groups,9,Discrete Mathematics,easy
discrete-mathematics-questions-answers-cyclic-groups,10,Discrete Mathematics,easy
discrete-mathematics-questions-answers-permutation-groups,1,Discrete Mathematics,medium
discrete-mathematics-questions-answers-permutation-groups,2,Discrete Mathematics,hard
discrete-mathematics-questions-answers-permutation-groups,3,Discrete Mathematics,easy
discrete-mathematics-questions-answers-permutation-groups,4,Discrete Mathematics,medium
discrete-mathematics-questions-answers-permutation-groups,5,Discrete Mathematics,hard
discrete-mathematics-questions-answers-permutation-groups,6,Discrete Mathematics,medium
discrete-mathematics-questions-answers-permutation-groups,7,Discrete Mathematics,medium
discrete-mathematics-questions-answers-permutation-groups,8,Discrete Mathematics,medium
discrete-mathematics-questions-answers-permutation-groups,9,Discrete Mathematics,hard
discrete-mathematics-questions-answers-permutation-groups,10,Discrete Mathematics,medium
discrete-mathematics-questions-answers-burnside-theorem,1,Discrete Mathematics,hard
discrete-mathematics-questions-answers-burnside-theorem,2,Discrete Mathematics,hard
discrete-mathematics-questions-answers-burnside-theorem,3,Discrete Mathematics,easy
discrete-mathematics-questions-answers-burnside-theorem,4,Discrete Mathematics,hard
discrete-mathematics-questions-answers-burnside-theorem,5,Discrete Mathematics,hard
discrete-mathematics-questions-answers-burnside-theorem,6,Discrete Mathematics,medium
discrete-mathematics-questions-answers-burnside-theorem,7,Discrete Mathematics,medium
discrete-mathematics-questions-answers-burnside-theorem,8,Discrete Mathematics,easy
discrete-mathematics-questions-answers-burnside-theorem,9,Discrete Mathematics,hard
discrete-mathematics-questions-answers-burnside-theorem,10,Discrete Mathematics,easy
