student_id,true_level,step,question_quiz_id,question_number,question_difficulty,question_module,is_correct,predicted_level,confidence,prob_beginner,prob_intermediate,prob_advanced,is_correct_prediction,strategy
202,advanced,1,operating-system-mcqs-file-system-allocation-methods-2,3,easy,Operating Systems,True,advanced,0.9704720686710184,3.481944134614733e-06,0.029524449384847107,0.9704720686710184,True,random
202,advanced,2,operating-system-mcqs-multimedia-system-network-management,1,medium,Operating Systems,False,advanced,0.988148658440641,8.84977207115719e-07,0.011850456582151888,0.988148658440641,True,random
202,advanced,3,operating-system-mcqs-cpu-scheduling-algorithms-1,9,medium,Operating Systems,True,advanced,0.9977704048348487,2.8586831116805578e-08,0.002229566578320157,0.9977704048348487,True,random
202,advanced,4,operating-system-mcqs-disk-management,1,easy,Operating Systems,False,advanced,0.9901815927633583,2.7058538313323185e-07,0.009818136651258517,0.9901815927633583,True,random
202,advanced,5,operating-system-mcqs-cpu-scheduling-benefits,7,hard,Operating Systems,True,advanced,0.9992850233480379,3.2180571278991153e-09,0.0007149734339051167,0.9992850233480379,True,random
202,advanced,6,operating-system-questions-answers,8,medium,Operating Systems,True,advanced,0.9990308123046141,5.617762013338185e-09,0.0009691820776238673,0.9990308123046141,True,random
202,advanced,7,operating-system-mcqs-file-system-allocation-methods-3,10,hard,Operating Systems,True,advanced,0.9967742776763749,4.40141678808577e-08,0.0032256783094570833,0.9967742776763749,True,random
202,advanced,8,operating-system-mcqs-process-structures,10,medium,Operating Systems,True,advanced,0.9986270431057698,8.322729708822852e-09,0.0013729485715004697,0.9986270431057698,True,random
202,advanced,9,operating-system-questions-answers-distributed-synchronization,7,medium,Operating Systems,True,advanced,0.9960898204920342,5.071188521618274e-08,0.003910128796080552,0.9960898204920342,True,random
202,advanced,10,operating-system-mcqs-memory-management-paging-1,11,easy,Operating Systems,True,advanced,0.9985968130452993,6.8229978886837576e-09,0.0014031801317027134,0.9985968130452993,True,random
202,advanced,11,operating-system-mcqs-memory-management-segmentation,8,medium,Operating Systems,True,advanced,0.9979083500192366,1.2766721382294043e-08,0.002091637214041907,0.9979083500192366,True,random
202,advanced,12,operating-system-mcqs-memory-management-swapping-2,13,easy,Operating Systems,True,advanced,0.9992326678986229,1.854961701006238e-09,0.0007673302464154574,0.9992326678986229,True,random
202,advanced,13,operating-system-mcqs-memory-management-swapping-2,5,easy,Operating Systems,True,advanced,0.999508220554716,7.696172560457181e-10,0.0004917786756667051,0.999508220554716,True,random
202,advanced,14,operating-system-question-answers-multimedia-systems,9,medium,Operating Systems,True,advanced,0.9993238036060942,1.1666999875917866e-09,0.000676195227205798,0.9993238036060942,True,random
202,advanced,15,operating-system-questions-answers-rtos,5,medium,Operating Systems,True,advanced,0.9993786028732058,8.997922646165031e-10,0.0006213962270020033,0.9993786028732058,True,random
202,advanced,16,distributed-operating-system-mcqs-file-system-2,2,medium,Operating Systems,True,advanced,0.9994482069423622,6.811262834491755e-10,0.0005517923765114803,0.9994482069423622,True,random
202,advanced,17,operating-system-mcqs-process-scheduling-queue,1,hard,Operating Systems,True,advanced,0.9993284274718692,8.809232128758196e-10,0.0006715716472074669,0.9993284274718692,True,random
202,advanced,18,operating-system-mcqs-protection-revocation-access-rights,1,hard,Operating Systems,True,advanced,0.9988850755465093,1.8750851100785395e-09,0.0011149225784056098,0.9988850755465093,True,random
202,advanced,19,operating-system-mcqs-network-file-system-2,4,easy,Operating Systems,True,advanced,0.9992674712107199,8.069958000908946e-10,0.000732527982284307,0.9992674712107199,True,random
202,advanced,20,operating-system-questions-answers,23,easy,Operating Systems,True,advanced,0.9995280315869431,3.495018806448624e-10,0.0004719680635548686,0.9995280315869431,True,random
263,advanced,1,automata-theory-questions-answers-regular-expression-introduction,8,medium,Automata Theory,True,advanced,0.9640188355825294,9.70036810492116e-07,0.03598019438066,0.9640188355825294,True,random
263,advanced,2,automata-theory-questions-answers-sentential-forms,9,hard,Automata Theory,False,advanced,0.9157162901028474,3.388827067554007e-07,0.08428337101444595,0.9157162901028474,True,random
263,advanced,3,automata-theory-questions-answers-lexical-analysis,4,medium,Automata Theory,False,advanced,0.9962984045117362,5.918242752225507e-10,0.0037015948964395444,0.9962984045117362,True,random
263,advanced,4,automata-theory-mcqs-finite-automata,9,easy,Automata Theory,True,advanced,0.9914729054116049,3.764481560849512e-08,0.008527056943579607,0.9914729054116049,True,random
263,advanced,5,automata-theory-questions-bank,1,easy,Automata Theory,False,advanced,0.9877386522451544,2.6006542770467673e-08,0.012261321748302627,0.9877386522451544,True,random
263,advanced,6,automata-theory-questions-answers-chomsky-normal-form,10,easy,Automata Theory,False,advanced,0.9934374028944771,5.513539681311632e-09,0.0065625915919831634,0.9934374028944771,True,random
263,advanced,7,automata-theory-questions-answers-experienced,5,easy,Automata Theory,True,advanced,0.9965418999014578,3.307383921249432e-09,0.0034580967911581268,0.9965418999014578,True,random
263,advanced,8,automata-theory-questions-answers-sentential-forms,10,hard,Automata Theory,False,advanced,0.9747466353726231,1.2066192261287594e-07,0.025253243965454145,0.9747466353726231,True,random
263,advanced,9,automata-theory-assessment-questions-answers,9,medium,Automata Theory,True,advanced,0.9874914891237444,4.616510482052186e-08,0.012508464711150583,0.9874914891237444,True,random
263,advanced,10,automata-theory-questions-answers-non-deterministic-turing-machines,2,hard,Automata Theory,True,advanced,0.9855011865062214,1.4999579079516814e-07,0.01449866349798765,0.9855011865062214,True,random
263,advanced,11,automata-theory-questions-and-answers-regular-language-expression-1,1,easy,Automata Theory,False,advanced,0.984371097842537,1.3959748364834478e-07,0.015628762559979383,0.984371097842537,True,random
263,advanced,12,automata-theory-questions-answers-class-rp-zpp,8,hard,Automata Theory,True,advanced,0.9934387948514599,4.774238757903945e-08,0.006561157406152382,0.9934387948514599,True,random
263,advanced,13,automata-theory-questions-answers-mealy-machine,3,medium,Automata Theory,False,advanced,0.9883359402624758,1.095115140825275e-07,0.011663950226010128,0.9883359402624758,True,random
263,advanced,14,automata-theory-questions-answers-eliminating-unit-productions,5,medium,Automata Theory,False,advanced,0.9784023074548012,2.7444214424252275e-07,0.021597418103054457,0.9784023074548012,True,random
263,advanced,15,automata-theory-questions-answers-the-language-turing-machine,4,easy,Automata Theory,False,advanced,0.9803763674771121,1.6654801895470344e-07,0.019623465974868838,0.9803763674771121,True,random
263,advanced,16,automata-theory-questions-answers-experienced,8,hard,Automata Theory,False,advanced,0.9403999936433555,8.31987504621334e-07,0.059599174369139835,0.9403999936433555,True,random
263,advanced,17,automata-theory-questions-answers-mealy-machine,4,medium,Automata Theory,False,advanced,0.9098872165172048,1.5347710086507798e-06,0.09011124871178657,0.9098872165172048,True,random
263,advanced,18,automata-theory-questions-answers-operators-regular-expression,2,medium,Automata Theory,False,advanced,0.9070096358308344,1.4295262669482178e-06,0.09298893464289867,0.9070096358308344,True,random
263,advanced,19,automata-theory-questions-answers-algebric-laws-finding-patterns-derivatives,4,hard,Automata Theory,True,advanced,0.9583246219501098,5.616544503691772e-07,0.04167481639543977,0.9583246219501098,True,random
263,advanced,20,automata-theory-interview-questions-answers-experienced,7,hard,Automata Theory,False,advanced,0.8971154253672625,2.4495032331004113e-06,0.10288212512950441,0.8971154253672625,True,random
131,intermediate,1,discrete-mathematics-questions-answers-mean-variance-random-variables,2,hard,Discrete Mathematics,True,intermediate,0.9871700594111954,0.0017504941835737276,0.9871700594111954,0.011079446405230873,True,random
131,intermediate,2,discrete-mathematics-questions-answers-nested-quantifiers,8,hard,Discrete Mathematics,False,beginner,0.5526798452617143,0.5526798452617143,0.4473013792469196,1.8775491366000716e-05,False,random
131,intermediate,3,discrete-mathematics-questions-answers-group-axioms,4,medium,Discrete Mathematics,False,intermediate,0.9761431360714318,0.02029926427968304,0.9761431360714318,0.0035575996488850493,True,random
131,intermediate,4,discrete-mathematics-questions-answers-lattices,8,hard,Discrete Mathematics,False,intermediate,0.9082123033169072,0.09144755541540232,0.9082123033169072,0.00034014126769042025,True,random
131,intermediate,5,discrete-mathematics-questions-answers-venn-diagram,3,medium,Discrete Mathematics,False,intermediate,0.9672635984010315,0.03103396853938967,0.9672635984010315,0.0017024330595789687,True,random
131,intermediate,6,discrete-mathematics-questions-answers-inverse-matrices,8,medium,Discrete Mathematics,False,intermediate,0.9656982813563411,0.003607479881120725,0.9656982813563411,0.030694238762538146,True,random
131,intermediate,7,discrete-mathematics-questions-answers-boolean-algebra,10,easy,Discrete Mathematics,True,intermediate,0.9210943567042461,0.011317519032950156,0.9210943567042461,0.06758812426280361,True,random
131,intermediate,8,discrete-mathematics-mcqs-sets,2,medium,Discrete Mathematics,True,intermediate,0.9554063926011849,0.03141054203007892,0.9554063926011849,0.013183065368736306,True,random
131,intermediate,9,discrete-mathematics-questions-answers-multiplication-theorem-probability,10,hard,Discrete Mathematics,False,intermediate,0.9266868689776396,0.06690850400180606,0.9266868689776396,0.006404627020554184,True,random
131,intermediate,10,discrete-mathematics-questions-answers-permutation-groups,3,easy,Discrete Mathematics,True,intermediate,0.9554680292497797,0.014217639723373754,0.9554680292497797,0.03031433102684656,True,random
131,intermediate,11,discrete-mathematics-questions-answers-cosets,5,easy,Discrete Mathematics,True,intermediate,0.9167261298442562,0.00420356855230717,0.9167261298442562,0.07907030160343662,True,random
131,intermediate,12,discrete-mathematics-mcqs-growth-functions,6,hard,Discrete Mathematics,True,intermediate,0.9180233408090228,0.005234954843882596,0.9180233408090228,0.0767417043470946,True,random
131,intermediate,13,discrete-mathematics-questions-answers-harmonic-sequences,6,easy,Discrete Mathematics,True,intermediate,0.8640985952990458,0.0022409739678580097,0.8640985952990458,0.13366043073309627,True,random
131,intermediate,14,discrete-mathematics-questions-answers-closure-associativity,6,hard,Discrete Mathematics,False,intermediate,0.9091781222053874,0.0058815082532224505,0.9091781222053874,0.08494036954139017,True,random
131,intermediate,15,discrete-mathematics-questions-answers-aptitude-test,4,medium,Discrete Mathematics,False,intermediate,0.9015400482378244,0.005522579915325108,0.9015400482378244,0.09293737184685041,True,random
131,intermediate,16,discrete-mathematics-questions-answers-experienced,1,easy,Discrete Mathematics,True,intermediate,0.8553466246251584,0.002673631981396613,0.8553466246251584,0.141979743393445,True,random
131,intermediate,17,discrete-mathematics-questions-answers-cryptography-encryption,10,easy,Discrete Mathematics,True,intermediate,0.8034999012342475,0.0014978483728622731,0.8034999012342475,0.19500225039289024,True,random
131,intermediate,18,discrete-mathematics-mcqs-sequences-summations,10,easy,Discrete Mathematics,True,intermediate,0.8187503441252917,0.0013099008165415817,0.8187503441252917,0.17993975505816678,True,random
131,intermediate,19,discrete-mathematics-mcqs-sequences-summations,7,medium,Discrete Mathematics,False,intermediate,0.871961403309671,0.002820005995430405,0.871961403309671,0.12521859069489868,True,random
131,intermediate,20,discrete-mathematics-mcqs-integers-algorithms,9,easy,Discrete Mathematics,False,intermediate,0.8297217900502935,0.0018874951585259856,0.8297217900502935,0.16839071479118067,True,random
191,intermediate,1,data-structure-questions-answers-power-number-recursion-logn-time,5,easy,Data Structures,False,advanced,0.9974466467380144,1.5012707775042428e-07,0.002553203134907879,0.9974466467380144,False,random
191,intermediate,2,data-structure-questions-answers-stack-array,8,hard,Data Structures,False,intermediate,0.8715229360468185,0.12530109843099688,0.8715229360468185,0.0031759655221846256,True,random
191,intermediate,3,data-structure-questions-answers-towers-hanoi,5,easy,Data Structures,False,intermediate,0.9090742818712966,0.009461273650114796,0.9090742818712966,0.08146444447858855,True,random
191,intermediate,4,java-questions-answers-data-structures-list,7,easy,Data Structures,True,intermediate,0.8781389538569556,0.0070946090513087905,0.8781389538569556,0.11476643709173559,True,random
191,intermediate,5,data-structure-questions-answers-directed-acyclic-graph,7,hard,Data Structures,False,intermediate,0.8715932018721326,0.12354698536507135,0.8715932018721326,0.0048598127627961,True,random
191,intermediate,6,data-structure-questions-answers-avl-tree,5,medium,Data Structures,False,intermediate,0.8310371219844194,0.16825145570015015,0.8310371219844194,0.0007114223154304482,True,random
191,intermediate,7,data-structure-questions-answers-bubble-sort,3,medium,Data Structures,False,intermediate,0.921192946129908,0.07684694786731888,0.921192946129908,0.001960106002773157,True,random
191,intermediate,8,data-structure-interview-questions-answers,9,easy,Data Structures,True,intermediate,0.9646106661152751,0.023985780690497848,0.9646106661152751,0.01140355319422699,True,random
191,intermediate,9,data-structure-questions-answers-fibonacci-search,8,medium,Data Structures,True,intermediate,0.9635634270838909,0.02621693325152251,0.9635634270838909,0.01021963966458653,True,random
191,intermediate,10,data-structure-questions-answers-array-array-operations,1,easy,Data Structures,False,intermediate,0.9696493068464208,0.018197910630690387,0.9696493068464208,0.012152782522888797,True,random
191,intermediate,11,data-structure-questions-answers-graph,11,hard,Data Structures,False,intermediate,0.8806977372221566,0.11820657516825708,0.8806977372221566,0.0010956876095864173,True,random
191,intermediate,12,data-structure-questions-answers-sparse-array,1,medium,Data Structures,True,intermediate,0.8888375767049987,0.1099835037921196,0.8888375767049987,0.0011789195028815537,True,random
191,intermediate,13,data-structure-questions-answers-dynamic-array,14,hard,Data Structures,True,intermediate,0.7461573071904696,0.2533743421762148,0.7461573071904696,0.0004683506333157722,True,random
191,intermediate,14,data-structure-multiple-choice-questions-answers,5,hard,Data Structures,True,intermediate,0.7877420819676002,0.21139321574247175,0.7877420819676002,0.0008647022899281288,True,random
191,intermediate,15,data-structure-questions-answers-incidence-matrix-graph-structured-stack,7,medium,Data Structures,False,intermediate,0.823170111082612,0.17538602861776406,0.823170111082612,0.0014438602996239597,True,random
191,intermediate,16,data-structure-questions-answers-stack-operations,5,medium,Data Structures,True,intermediate,0.8563155040994288,0.14149716367386259,0.8563155040994288,0.0021873322267085787,True,random
191,intermediate,17,data-structure-questions-answers-power-number-recursion-logn-time,8,medium,Data Structures,True,intermediate,0.8742429736718789,0.12339568594564691,0.8742429736718789,0.002361340382474214,True,random
191,intermediate,18,data-structure-interview-questions-answers,8,easy,Data Structures,False,intermediate,0.867214101460254,0.1305140981227291,0.867214101460254,0.0022718004170169453,True,random
191,intermediate,19,data-structure-questions-answers-priority-queue,3,hard,Data Structures,True,intermediate,0.8459445063004644,0.1519891253463701,0.8459445063004644,0.0020663683531656376,True,random
191,intermediate,20,data-structure-questions-answers-longest-common-subsequence,3,medium,Data Structures,False,intermediate,0.8448452519689159,0.1528802927958732,0.8448452519689159,0.002274455235210939,True,random
143,intermediate,1,python-questions-answers-built-in-functions-2,8,medium,Python,False,intermediate,0.9644115078231258,0.015100933837663335,0.9644115078231258,0.020487558339210822,True,random
143,intermediate,2,python-aptitude-test-questions,3,medium,Python,True,intermediate,0.8736433418598396,0.12559684998736823,0.8736433418598396,0.0007598081527921699,True,random
143,intermediate,3,1000-python-questions-answers,29,medium,Python,False,intermediate,0.8900084033565885,0.10885011495530743,0.8900084033565885,0.0011414816881040715,True,random
143,intermediate,4,1000-python-questions-answers,13,easy,Python,True,intermediate,0.7072141804665658,0.28983219666774235,0.7072141804665658,0.0029536228656918246,True,random
143,intermediate,5,python-programming-interview-questions-answers,5,medium,Python,True,beginner,0.6962779537491989,0.6962779537491989,0.30353312238685126,0.00018892386394972518,False,random
143,intermediate,6,python-questions-answers-global-local-variables-2,4,medium,Python,True,beginner,0.5521702996874803,0.5521702996874803,0.4472701846672366,0.0005595156452830815,False,random
143,intermediate,7,python-questions-answers-tuples-2,1,easy,Python,True,intermediate,0.7136320696381517,0.2832688357175765,0.7136320696381517,0.003099094644271848,True,random
143,intermediate,8,python-programming-interview-questions-answers,7,hard,Python,False,intermediate,0.9394989429779981,0.03871492007973678,0.9394989429779981,0.021786136942264996,True,random
143,intermediate,9,python-questions-answers-bitwise-1,8,easy,Python,False,intermediate,0.9552141558086589,0.01756804997190067,0.9552141558086589,0.027217794219440372,True,random
143,intermediate,10,1000-python-questions-answers,23,easy,Python,False,intermediate,0.9545624166298924,0.007826165294346007,0.9545624166298924,0.03761141807576161,True,random
143,intermediate,11,python-questions-answers-list-comprehension,5,hard,Python,False,intermediate,0.9649249934162826,0.02607877164817649,0.9649249934162826,0.008996234935540828,True,random
143,intermediate,12,python-questions-answers-sets-1,8,hard,Python,False,intermediate,0.9614182926633977,0.03151902383034627,0.9614182926633977,0.007062683506256134,True,random
143,intermediate,13,python-interview-questions-answers,4,hard,Python,False,intermediate,0.9473880105493303,0.048807401544246086,0.9473880105493303,0.0038045879064236374,True,random
143,intermediate,14,python-questions-answers-modules,5,hard,Python,False,intermediate,0.9276755498744385,0.06977247703916452,0.9276755498744385,0.0025519730863970145,True,random
143,intermediate,15,python-questions-answers-lists-7,7,hard,Python,False,intermediate,0.9299426671502807,0.0676423632514752,0.9299426671502807,0.002414969598243991,True,random
143,intermediate,16,python-questions-answers-advanced-formatting,7,medium,Python,True,intermediate,0.9485635252387864,0.045584059953548535,0.9485635252387864,0.0058524148076650765,True,random
143,intermediate,17,python-programming-interview-questions-answers,4,medium,Python,False,intermediate,0.9511361801404677,0.042714631394415246,0.9511361801404677,0.006149188465116991,True,random
143,intermediate,18,python-questions-answers-regular-expressions-3,3,medium,Python,True,intermediate,0.9558444829988394,0.03504920375737125,0.9558444829988394,0.00910631324378935,True,random
143,intermediate,19,1000-python-questions-answers,7,easy,Python,False,intermediate,0.9628918186090943,0.026367804743151108,0.9628918186090943,0.01074037664775461,True,random
143,intermediate,20,python-interview-questions-answers-experienced,9,easy,Python,True,intermediate,0.958487338540364,0.015198655736472208,0.958487338540364,0.026314005723163687,True,random
284,advanced,1,discrete-mathematics-questions-answers-experienced,1,easy,Discrete Mathematics,True,advanced,0.9994645792221649,4.265489266488491e-10,0.0005354203512861453,0.9994645792221649,True,random
284,advanced,2,discrete-mathematics-questions-answers-quiz,4,hard,Discrete Mathematics,False,advanced,0.8052167112704731,9.139638126027173e-05,0.19469189234826664,0.8052167112704731,True,random
284,advanced,3,discrete-mathematics-questions-answers-mcqs,5,easy,Discrete Mathematics,True,advanced,0.9864813679788581,2.3037232983424327e-07,0.013518401648812252,0.9864813679788581,True,random
284,advanced,4,discrete-mathematics-mcqs-sequences-summations,7,medium,Discrete Mathematics,True,advanced,0.9926151658172367,1.3627108722301233e-08,0.007384820555654337,0.9926151658172367,True,random
284,advanced,5,discrete-mathematics-questions-answers-venn-diagram,3,medium,Discrete Mathematics,True,advanced,0.9869315364890889,3.144554929802783e-08,0.013068432065361795,0.9869315364890889,True,random
284,advanced,6,discrete-mathematics-questions-answers-recursion,7,hard,Discrete Mathematics,True,advanced,0.9990613315397082,5.886211889201432e-10,0.0009386678716705295,0.9990613315397082,True,random
284,advanced,7,discrete-mathematics-questions-answers-nested-quantifiers,3,hard,Discrete Mathematics,False,advanced,0.9979592856942071,4.143226267232992e-09,0.002040710162566526,0.9979592856942071,True,random
284,advanced,8,tricky-discrete-mathematics-questions-answers,4,hard,Discrete Mathematics,True,advanced,0.9937681122650589,3.99693320760718e-08,0.006231847765609113,0.9937681122650589,True,random
284,advanced,9,discrete-mathematics-mcqs-integers-algorithms,9,easy,Discrete Mathematics,True,advanced,0.9970840396805692,7.638159970942402e-09,0.0029159526812708755,0.9970840396805692,True,random
284,advanced,10,discrete-mathematics-questions-answers-mcqs,1,medium,Discrete Mathematics,True,advanced,0.9970546024314799,6.432791632073684e-09,0.0029453911357286058,0.9970546024314799,True,random
284,advanced,11,discrete-mathematics-mcqs-sets,2,medium,Discrete Mathematics,False,advanced,0.9976268773693124,6.291032250327076e-09,0.0023731163396553847,0.9976268773693124,True,random
284,advanced,12,discrete-mathematics-mcqs-sets,1,easy,Discrete Mathematics,True,advanced,0.9984909820746996,2.504772201203374e-09,0.0015090154205283498,0.9984909820746996,True,random
284,advanced,13,discrete-mathematics-questions-answers-minimization-boolean-functions,8,easy,Discrete Mathematics,True,advanced,0.9989072320115785,1.1401491238057327e-09,0.0010927668482725065,0.9989072320115785,True,random
284,advanced,14,discrete-mathematics-questions-answers-counting-functions,10,easy,Discrete Mathematics,True,advanced,0.9988158051773576,1.0890480411751168e-09,0.0011841937335944819,0.9988158051773576,True,random
284,advanced,15,discrete-mathematics-questions-answers-subgroups,3,hard,Discrete Mathematics,True,advanced,0.9993769618805455,3.4053186117900956e-10,0.0006230377789227945,0.9993769618805455,True,random
284,advanced,16,discrete-mathematics-problems,1,hard,Discrete Mathematics,True,advanced,0.9987142738473757,1.1233066985454576e-09,0.001285725029317762,0.9987142738473757,True,random
284,advanced,17,discrete-mathematics-multiple-choice-questions-answers,10,hard,Discrete Mathematics,False,advanced,0.9979815961879785,4.040594920594329e-09,0.0020183997714266016,0.9979815961879785,True,random
284,advanced,18,discrete-mathematics-questions-answers-closure-relations,1,medium,Discrete Mathematics,True,advanced,0.9985047737903682,2.291969670872472e-09,0.001495223917662029,0.9985047737903682,True,random
284,advanced,19,discrete-mathematics-question-papers,4,easy,Discrete Mathematics,True,advanced,0.9989019859333068,1.112618482113008e-09,0.0010980129540746893,0.9989019859333068,True,random
284,advanced,20,discrete-mathematics-mcqs-sequences-summations,10,easy,Discrete Mathematics,True,advanced,0.9989837635712634,8.630995437093937e-10,0.0010162355656370909,0.9989837635712634,True,random
47,beginner,1,operating-system-mcqs-disk-scheduling-1,10,hard,Operating Systems,False,beginner,0.97028762792773,0.97028762792773,0.02971226602874728,1.060435226650044e-07,True,random
47,beginner,2,operating-system-questions-answers,21,medium,Operating Systems,False,beginner,0.9378539849558054,0.9378539849558054,0.06214592004021076,9.500398361031601e-08,True,random
47,beginner,3,operating-system-mcqs-application-io-interface-2,7,easy,Operating Systems,False,beginner,0.9653595978040507,0.9653595978040507,0.03464032173892944,8.04570198836024e-08,True,random
47,beginner,4,operating-system-questions-answers-file-system-implementation,6,easy,Operating Systems,True,beginner,0.7093834657875914,0.7093834657875914,0.29060519980646904,1.1334405939654792e-05,True,random
47,beginner,5,operating-system-mcqs-threads-ult-klt,6,hard,Operating Systems,False,beginner,0.6749008626421773,0.6749008626421773,0.32507944777831316,1.968957950959968e-05,True,random
47,beginner,6,operating-system-mcqs-kernel-io-subsystems,5,easy,Operating Systems,False,intermediate,0.5652745200276482,0.43461431620816776,0.5652745200276482,0.00011116376418396152,False,random
47,beginner,7,operating-system-questions-answers-process-synchronization,3,hard,Operating Systems,False,beginner,0.9220679730348847,0.9220679730348847,0.07793137800111449,6.489640007407413e-07,True,random
47,beginner,8,operating-system-mcqs-deadlock-detection,10,hard,Operating Systems,False,beginner,0.9685398924404618,0.9685398924404618,0.03146000410490634,1.034546318158481e-07,True,random
47,beginner,9,operating-system-questions-answers-distributed-synchronization,4,medium,Operating Systems,False,beginner,0.9831530934143692,0.9831530934143692,0.01684688175312995,2.483250081137111e-08,True,random
47,beginner,10,operating-system-mcqs-file-system-allocation-methods-3,9,medium,Operating Systems,True,beginner,0.9592231666879087,0.9592231666879087,0.04077659296169508,2.403503962994775e-07,True,random
47,beginner,11,operating-system-mcqs-semaphores-1,2,easy,Operating Systems,False,beginner,0.9682643951038209,0.9682643951038209,0.031735478000697113,1.2689548202241167e-07,True,random
47,beginner,12,operating-system-mcqs-file-system-interface-protection,8,easy,Operating Systems,True,beginner,0.8803927447708558,0.8803927447708558,0.11960410391016629,3.1513189779238253e-06,True,random
47,beginner,13,operating-system-questions-answers-rtos,5,medium,Operating Systems,False,beginner,0.939516938636063,0.939516938636063,0.06048240069766856,6.606662685665908e-07,True,random
47,beginner,14,operating-system-questions-answers,39,medium,Operating Systems,True,beginner,0.9534306520362638,0.9534306520362638,0.04656907414880129,2.738149350330771e-07,True,random
47,beginner,15,operating-system-question-answers-multimedia-systems,9,medium,Operating Systems,False,beginner,0.940022091883996,0.940022091883996,0.059977428011955596,4.80104048586189e-07,True,random
47,beginner,16,operating-system-mcqs-disk-scheduling-1,5,medium,Operating Systems,False,beginner,0.9754277447661511,0.9754277447661511,0.024572197710569718,5.75232792148436e-08,True,random
47,beginner,17,operating-system-mcqs-multimedia-system-compression-1,9,easy,Operating Systems,False,beginner,0.9664790239561651,0.9664790239561651,0.033520882225485146,9.381834970862955e-08,True,random
47,beginner,18,operating-system-mcqs-memory-management-paging-2,5,medium,Operating Systems,False,beginner,0.9664169644804457,0.9664169644804457,0.03358295267082082,8.284873358208181e-08,True,random
47,beginner,19,operating-system-questions-answers,23,easy,Operating Systems,False,beginner,0.9399136490862257,0.9399136490862257,0.06008608765968962,2.6325408478748465e-07,True,random
47,beginner,20,operating-system-questions-answers,10,hard,Operating Systems,False,beginner,0.9811265906314921,0.9811265906314921,0.018873389032934954,2.033557276657673e-08,True,random
252,advanced,1,javascript-mcqs-window-object,5,medium,Java,True,advanced,0.8321038655093452,8.970564451170802e-08,0.1678960447850103,0.8321038655093452,True,random
252,advanced,2,javascript-mcqs-asynchronous-io-with-rhino,4,easy,Java,True,advanced,0.9371762832378744,1.1759567576036712e-07,0.06282359916644986,0.9371762832378744,True,random
252,advanced,3,java-mcqs-event-handling-basics,1,medium,Java,True,intermediate,0.5939120736742028,1.1985349434898637e-05,0.5939120736742028,0.4060759409763623,False,random
252,advanced,4,java-questions-answers-heap-garbage-collection,6,medium,Java,False,intermediate,0.7286737537108423,0.0001739070729224413,0.7286737537108423,0.27115233921623516,False,random
252,advanced,5,java-questions-answers-experienced,6,hard,Java,True,advanced,0.8865062098050915,2.344428388837151e-06,0.11349144576651976,0.8865062098050915,True,random
252,advanced,6,java-mcqs-url-class,5,medium,Java,True,advanced,0.8733142682362298,1.959578473291245e-06,0.12668377218529692,0.8733142682362298,True,random
252,advanced,7,java-mcqs-wildcards,5,hard,Java,False,advanced,0.6388930685105422,1.661167162695598e-05,0.36109031981783096,0.6388930685105422,True,random
252,advanced,8,advanced-java-questions-answers-client-server,3,easy,Java,True,advanced,0.562698918269356,1.6990731209821406e-05,0.4372840909994342,0.562698918269356,True,random
252,advanced,9,advanced-java-questions-answers-debugging-eclipse,7,hard,Java,True,intermediate,0.8242843424305719,0.00015591835916346685,0.8242843424305719,0.1755597392102647,False,random
252,advanced,10,javascript-mcqs-browser-parsing-rendering-i,10,easy,Java,True,intermediate,0.7874261236383245,8.407971124375129e-05,0.7874261236383245,0.2124897966504316,False,random
252,advanced,11,java-mcqs-double-float-wrappers,5,easy,Java,True,intermediate,0.6923648291726539,3.802257234776649e-05,0.6923648291726539,0.30759714825499845,False,random
252,advanced,12,javascript-mcqs-blobs,8,hard,Java,True,intermediate,0.654802720290929,3.055162601568627e-05,0.654802720290929,0.3451667280830552,False,random
252,advanced,13,java-mcqs-collection-algorithms,2,medium,Java,True,intermediate,0.7542754513418463,4.5439234122011217e-05,0.7542754513418463,0.24567910942403162,False,random
252,advanced,14,javascript-mcqs-html-dom,1,medium,Java,True,intermediate,0.5776341216507676,1.387578017623804e-05,0.5776341216507676,0.4223520025690563,False,random
252,advanced,15,javascript-mcqs-scripting-documents,5,easy,Java,True,advanced,0.5901070187350645,4.638338479835666e-06,0.40988834292645554,0.5901070187350645,True,random
252,advanced,16,java-mcqs-java-util-vectors-stacks,3,easy,Java,True,advanced,0.7073709679496322,1.8235624649966763e-06,0.29262720848790297,0.7073709679496322,True,random
252,advanced,17,javascript-mcqs-image-map,1,medium,Java,True,advanced,0.7891461949923018,7.883313979232001e-07,0.21085301667630033,0.7891461949923018,True,random
252,advanced,18,javascript-questions-answers,2,easy,Java,True,advanced,0.8068252789810045,4.782357602424244e-07,0.1931742427832353,0.8068252789810045,True,random
252,advanced,19,javascript-mcqs-closures,6,hard,Java,True,advanced,0.7503387453712369,8.048983886433497e-07,0.2496604497303745,0.7503387453712369,True,random
252,advanced,20,java-questions-answers-file-directory,5,easy,Java,False,advanced,0.7216745393897737,3.5807300999380414e-06,0.2783218798801263,0.7216745393897737,True,random
168,intermediate,1,operating-system-mcqs-mass-storage-RAID-1,11,easy,Operating Systems,True,advanced,0.8446373636213356,7.778946209426227e-05,0.15528484691657024,0.8446373636213356,False,random
168,intermediate,2,operating-system-mcqs-mass-storage-RAID-1,2,easy,Operating Systems,True,advanced,0.6965921395749388,0.00027447981020160004,0.3031333806148595,0.6965921395749388,False,random
168,intermediate,3,operating-system-mcqs-multimedia-system-compression-1,6,easy,Operating Systems,True,advanced,0.9712912426248079,2.703630388255755e-06,0.028706053744803825,0.9712912426248079,False,random
168,intermediate,4,operating-system-mcqs-network-file-system-2,9,medium,Operating Systems,False,advanced,0.6616929787888977,0.00013462788338843408,0.3381723933277139,0.6616929787888977,False,random
168,intermediate,5,operating-system-mcqs-multi-threading-models,4,hard,Operating Systems,False,advanced,0.549599047107558,8.736882462546475e-05,0.45031358406781646,0.549599047107558,False,random
168,intermediate,6,operating-system-mcqs-multimedia-system-CPU-disk-scheduling,9,easy,Operating Systems,True,advanced,0.7411241442733438,2.7338165292276443e-05,0.25884851756136396,0.7411241442733438,False,random
168,intermediate,7,operating-system-mcqs-multimedia-system-CPU-disk-scheduling,7,medium,Operating Systems,True,intermediate,0.5247607572409443,0.0001601758735853012,0.5247607572409443,0.4750790668854704,True,random
168,intermediate,8,operating-system-questions-answers,10,hard,Operating Systems,False,advanced,0.5298486541799451,0.00014713773182578762,0.47000420808822924,0.5298486541799451,False,random
168,intermediate,9,operating-system-mcqs-virtual-memory-demand-paging,13,medium,Operating Systems,False,intermediate,0.717825588083415,0.000510320524270421,0.717825588083415,0.2816640913923145,True,random
168,intermediate,10,operating-system-mcqs-memory-management-swapping-2,5,easy,Operating Systems,True,intermediate,0.6461087528566531,0.0002537472114470888,0.6461087528566531,0.3536374999318998,True,random
168,intermediate,11,operating-system-mcqs-security-user-authentication,5,hard,Operating Systems,False,intermediate,0.8040301920775831,0.0007242992834659807,0.8040301920775831,0.19524550863895107,True,random
168,intermediate,12,operating-system-mcqs-kernel-io-subsystems,5,easy,Operating Systems,True,intermediate,0.6517854087652944,0.0002862612714499666,0.6517854087652944,0.34792832996325557,True,random
168,intermediate,13,operating-system-mcqs-multi-threading-models,8,medium,Operating Systems,False,intermediate,0.839370611591326,0.0009358459092626658,0.839370611591326,0.1596935424994114,True,random
168,intermediate,14,distributed-operating-system-mcqs-file-system-1,7,medium,Operating Systems,False,intermediate,0.9346209261564801,0.0021627594217943167,0.9346209261564801,0.06321631442172572,True,random
168,intermediate,15,operating-system-mcqs-security-user-authentication,8,hard,Operating Systems,False,intermediate,0.9599602533280683,0.003540808493699244,0.9599602533280683,0.03649893817823255,True,random
168,intermediate,16,distributed-operating-system-mcqs-robustness,2,easy,Operating Systems,True,intermediate,0.9211428638463005,0.0018417290098190393,0.9211428638463005,0.0770154071438806,True,random
168,intermediate,17,operating-system-questions-answers-rtos,5,medium,Operating Systems,False,intermediate,0.9377446234178078,0.0025343266871277253,0.9377446234178078,0.05972104989506444,True,random
168,intermediate,18,operating-system-mcqs-protection-revocation-access-rights,1,hard,Operating Systems,True,intermediate,0.9288034381206778,0.0029213783357209533,0.9288034381206778,0.06827518354360129,True,random
168,intermediate,19,operating-system-mcqs-process-rpc,8,hard,Operating Systems,False,intermediate,0.9644931928400672,0.006536695763362708,0.9644931928400672,0.028970111396570068,True,random
168,intermediate,20,operating-system-questions-answers-io-subsystem,10,medium,Operating Systems,False,intermediate,0.9725583702224374,0.01167582619693507,0.9725583702224374,0.015765803580627475,True,random
291,advanced,1,automata-theory-questions-answers-lexical-analysis,8,hard,Automata Theory,False,advanced,0.7009627672263405,3.4128145987740873e-06,0.2990338199590607,0.7009627672263405,True,random
291,advanced,2,automata-theory-questions-answers-cfl-substitution-theorem,1,hard,Automata Theory,True,intermediate,0.7816696206950746,0.00038004490494711064,0.7816696206950746,0.21795033439997832,False,random
291,advanced,3,automata-theory-questions-answers-dfa-processing-strings,3,hard,Automata Theory,True,intermediate,0.6991611198765493,0.0004356841395640411,0.6991611198765493,0.30040319598388676,False,random
291,advanced,4,automata-theory-questions-answers-regular-expression-unix,1,medium,Automata Theory,False,advanced,0.5642935744286384,1.2756447612528068e-05,0.43569366912374907,0.5642935744286384,True,random
291,advanced,5,automata-theory-assessment-questions-answers,8,medium,Automata Theory,False,advanced,0.7119058081313667,3.0537621415580656e-06,0.2880911381064918,0.7119058081313667,True,random
291,advanced,6,automata-theory-interview-questions-answers-experienced,7,hard,Automata Theory,True,advanced,0.7491862031435351,4.0341590174382796e-06,0.2508097626974474,0.7491862031435351,True,random
291,advanced,7,automata-theory-questions-answers-dfa-processing-strings,7,hard,Automata Theory,True,advanced,0.6536624786194539,1.1748172619864012e-05,0.34632577320792624,0.6536624786194539,True,random
291,advanced,8,automata-theory-questions-answers-simulation-turing-machine,7,medium,Automata Theory,False,advanced,0.7814101003087053,4.359866693962958e-06,0.2185855398246006,0.7814101003087053,True,random
291,advanced,9,automata-theory-questions-answers-aplications-dfa,3,medium,Automata Theory,True,advanced,0.9230943153367748,7.404229366713557e-07,0.07690494424028842,0.9230943153367748,True,random
291,advanced,10,automata-theory-questions-answers-dpda-ambiguous-grammars,7,hard,Automata Theory,False,advanced,0.8124330264108524,2.820082629595568e-06,0.187564153506518,0.8124330264108524,True,random
291,advanced,11,automata-theory-questions-answers-yacc-parser-generator,5,easy,Automata Theory,True,advanced,0.8072203004566092,3.120958165483776e-05,0.19274848996173602,0.8072203004566092,True,random
291,advanced,12,automata-theory-questions-answers-lexical-analysis,4,medium,Automata Theory,False,advanced,0.8308611369399858,1.9156196285351753e-05,0.16911970686372882,0.8308611369399858,True,random
291,advanced,13,automata-theory-questions-answers-experienced,3,medium,Automata Theory,False,advanced,0.8347512310343213,1.452524916694607e-05,0.16523424371651171,0.8347512310343213,True,random
291,advanced,14,automata-theory-questions-answers-lexical-analysis,1,easy,Automata Theory,False,advanced,0.5231660366058711,5.710549893279264e-05,0.4767768578951961,0.5231660366058711,True,random
291,advanced,15,automata-theory-questions-answers-ambiguous-grammar,2,medium,Automata Theory,True,advanced,0.7763224160221643,1.3753576942604748e-05,0.22366383040089297,0.7763224160221643,True,random
291,advanced,16,automata-theory-questions-answers-the-language-dfa,1,easy,Automata Theory,True,advanced,0.9043401869829512,3.418331828231666e-06,0.09565639468522069,0.9043401869829512,True,random
291,advanced,17,automata-theory-questions-answers-multitape-turing-machine,8,easy,Automata Theory,True,advanced,0.9411027156442084,1.6052695289768138e-06,0.05889567908626245,0.9411027156442084,True,random
291,advanced,18,automata-theory-questions-answers-eliminating-epsilon-productions,1,easy,Automata Theory,True,advanced,0.9721969654448938,4.2760538579329833e-07,0.027802606949720445,0.9721969654448938,True,random
291,advanced,19,automata-theory-questions-answers-non-deterministic-finite-automata-introduction,5,medium,Automata Theory,True,advanced,0.9782525881526424,2.847323630428259e-07,0.021747127114994755,0.9782525881526424,True,random
291,advanced,20,automata-theory-questions-answers-sentential-forms,10,hard,Automata Theory,True,advanced,0.9673391999414179,6.248950397902818e-07,0.032660175163542374,0.9673391999414179,True,random
287,advanced,1,java-questions-answers-data-type-enums,7,hard,Java,False,intermediate,0.8690465640406818,0.013327667444991354,0.8690465640406818,0.11762576851432689,False,random
287,advanced,2,javascript-mcqs-scripted-http,6,medium,Java,False,intermediate,0.5252151470221834,0.00040923399573135555,0.5252151470221834,0.4743756189820852,False,random
287,advanced,3,javascript-questions-answers-experienced,6,medium,Java,False,advanced,0.978925637008461,6.567477468410306e-07,0.02107370624379205,0.978925637008461,True,random
287,advanced,4,javascript-mcqs-webpagetest,1,easy,Java,False,advanced,0.8292992322488751,5.150554136089952e-05,0.1706492622097639,0.8292992322488751,True,random
287,advanced,5,java-questions-answers-aptitude-test,3,easy,Java,True,advanced,0.9762703018725091,8.125098690829277e-07,0.02372888561762182,0.9762703018725091,True,random
287,advanced,6,javascript-mcqs-closures,10,hard,Java,False,advanced,0.8737235218003551,3.2131201761490234e-05,0.12624434699788362,0.8737235218003551,True,random
287,advanced,7,java-questions-answers-online-quiz,7,hard,Java,True,advanced,0.9192117120106232,1.1741422368447903e-05,0.08077654656700843,0.9192117120106232,True,random
287,advanced,8,javascript-mcqs-validation,2,medium,Java,False,advanced,0.9852008171336887,7.433421755886171e-07,0.01479843952413581,0.9852008171336887,True,random
287,advanced,9,java-mcqs-system-class-advance,3,easy,Java,False,advanced,0.9899412725279113,3.2119827161419e-07,0.010058406273816956,0.9899412725279113,True,random
287,advanced,10,javascript-mcqs-scripted-media,13,hard,Java,False,advanced,0.9803537909137477,1.1690035679301174e-06,0.01964504008268427,0.9803537909137477,True,random
287,advanced,11,java-mcqs-constructors-garbage-collection,1,easy,Java,True,advanced,0.990314523361482,2.696669228516888e-07,0.009685206971595089,0.990314523361482,True,random
287,advanced,12,javascript-interview-questions-answers,4,medium,Java,False,advanced,0.9916315912031092,2.0496687216296358e-07,0.008368203830018616,0.9916315912031092,True,random
287,advanced,13,javascript-mcqs-types-values-variables,10,hard,Java,False,advanced,0.9823854026696479,8.212076767678582e-07,0.017613776122675256,0.9823854026696479,True,random
287,advanced,14,java-mcqs-core-java-api-packages,3,medium,Java,False,advanced,0.9833228659655516,7.88891098694393e-07,0.016676345143349564,0.9833228659655516,True,random
287,advanced,15,javascript-questions-answers-entrance-exams,2,hard,Java,False,advanced,0.9782673129378086,1.2715929450752017e-06,0.02173141546924612,0.9782673129378086,True,random
287,advanced,16,java-questions-answers-java8-features,1,hard,Java,False,advanced,0.9682511208368813,2.7803251657953076e-06,0.031746098837952985,0.9682511208368813,True,random
287,advanced,17,java-mcqs-remote-method-invocation,6,medium,Java,False,advanced,0.9677044860402064,2.9066723264015375e-06,0.032292607287467134,0.9677044860402064,True,random
287,advanced,18,java-questions-answers-serialization,7,medium,Java,False,advanced,0.9820259224802471,1.0332329576842537e-06,0.017973044286795116,0.9820259224802471,True,random
287,advanced,19,java-mcqs-java-lang-object-math-class,4,easy,Java,True,advanced,0.9952312219376366,1.0340880119907722e-07,0.004768674653562039,0.9952312219376366,True,random
287,advanced,20,javascript-mcqs-blobs,2,easy,Java,False,advanced,0.9937219566466108,1.554116753701897e-07,0.006277887941713894,0.9937219566466108,True,random
152,intermediate,1,automata-theory-questions-answers-experienced,3,medium,Automata Theory,True,beginner,0.9939994012659019,0.9939994012659019,0.006000598154535486,5.795626092941751e-10,False,random
152,intermediate,2,automata-theory-assessment-questions-answers,6,medium,Automata Theory,True,intermediate,0.5484151942157401,0.45155055667448313,0.5484151942157401,3.424910977671993e-05,True,random
152,intermediate,3,automata-theory-questions-answers-freshers,3,hard,Automata Theory,True,intermediate,0.8934623464928937,0.10575683582518275,0.8934623464928937,0.0007808176819236188,True,random
152,intermediate,4,automata-theory-questions-answers-pumping-lemma-regular-language,6,medium,Automata Theory,True,intermediate,0.9690170795489519,0.006969059916109408,0.9690170795489519,0.02401386053493878,True,random
152,intermediate,5,automata-theory-questions-answers-multitape-turing-machine,8,easy,Automata Theory,True,intermediate,0.9158061017096161,0.0222918139897104,0.9158061017096161,0.06190208430067364,True,random
152,intermediate,6,automata-theory-questions-answers-experienced,5,easy,Automata Theory,True,intermediate,0.7737851002187305,0.0036962236531186245,0.7737851002187305,0.2225186761281509,True,random
152,intermediate,7,automata-theory-questions-answers-experienced,8,hard,Automata Theory,False,intermediate,0.9098925300115848,0.08746827488355936,0.9098925300115848,0.002639195104855932,True,random
152,intermediate,8,automata-theory-questions-answers-the-diagonalization-languages,8,easy,Automata Theory,True,intermediate,0.9577997628136896,0.01683986540534057,0.9577997628136896,0.025360371780969868,True,random
152,intermediate,9,automata-theory-questions-answers-simulation-turing-machine,5,hard,Automata Theory,False,intermediate,0.9097978153186456,0.08868851962698789,0.9097978153186456,0.00151366505436657,True,random
152,intermediate,10,automata-theory-questions-answers-freshers,4,medium,Automata Theory,True,intermediate,0.8894007128514412,0.10910783533569302,0.8894007128514412,0.0014914518128658885,True,random
152,intermediate,11,automata-theory-questions-answers-pda-acceptance-empty-stack,5,medium,Automata Theory,False,intermediate,0.9224742838215966,0.07599796381420647,0.9224742838215966,0.0015277523641969366,True,random
152,intermediate,12,automata-theory-questions-answers-simulation-turing-machine,10,medium,Automata Theory,True,intermediate,0.929440471845015,0.06817887984876739,0.929440471845015,0.0023806483062177156,True,random
152,intermediate,13,automata-theory-questions-answers-regular-languages-dpda,8,hard,Automata Theory,False,intermediate,0.9046946600565288,0.09433638596286306,0.9046946600565288,0.000968953980608228,True,random
152,intermediate,14,automata-theory-questions-answers-eliminating-epsilon-productions,6,medium,Automata Theory,False,intermediate,0.8553314477406406,0.14439035408108747,0.8553314477406406,0.0002781981782719344,True,random
152,intermediate,15,automata-theory-questions-answers-mealy-machine,4,medium,Automata Theory,True,intermediate,0.8808440725238768,0.11872592051630518,0.8808440725238768,0.00043000695981815944,True,random
152,intermediate,16,automata-theory-questions-answers-yacc-parser-generator,5,easy,Automata Theory,True,intermediate,0.9418775043746811,0.05673043787944012,0.9418775043746811,0.0013920577458789078,True,random
152,intermediate,17,automata-theory-questions-answers-online-quiz,1,hard,Automata Theory,False,intermediate,0.9063528643497311,0.09302483598468712,0.9063528643497311,0.0006222996655817448,True,random
152,intermediate,18,automata-theory-questions-answers-non-deterministic-finite-automata-introduction,5,medium,Automata Theory,True,intermediate,0.9301927622703304,0.06900648371995487,0.9301927622703304,0.0008007540097147181,True,random
152,intermediate,19,automata-theory-questions-bank,1,easy,Automata Theory,True,intermediate,0.943908168911165,0.05505339151682282,0.943908168911165,0.0010384395720121043,True,random
152,intermediate,20,automata-theory-interview-questions-answers-experienced,7,hard,Automata Theory,True,intermediate,0.9439996501999665,0.054639218326293884,0.9439996501999665,0.0013611314737396651,True,random
137,intermediate,1,discrete-mathematics-questions-answers-logical-equivalences,6,hard,Discrete Mathematics,True,intermediate,0.9582783217809754,0.04151969815864182,0.9582783217809754,0.0002019800603828027,True,random
137,intermediate,2,discrete-mathematics-questions-answers-recursion,4,easy,Discrete Mathematics,True,intermediate,0.9073966223758334,0.002366178639573039,0.9073966223758334,0.0902371989845937,True,random
137,intermediate,3,tricky-discrete-mathematics-questions-answers,7,medium,Discrete Mathematics,True,advanced,0.7151355723694455,1.7899883953543086e-05,0.284846527746601,0.7151355723694455,False,random
137,intermediate,4,discrete-mathematics-questions-answers-interconversion-gates,7,hard,Discrete Mathematics,False,intermediate,0.9409834137246714,0.057936640526839854,0.9409834137246714,0.0010799457484887119,True,random
137,intermediate,5,discrete-mathematics-questions-answers-prime-numbers,1,easy,Discrete Mathematics,True,intermediate,0.9830671733234516,0.011729360680377334,0.9830671733234516,0.005203465996171107,True,random
137,intermediate,6,discrete-mathematics-questions-answers-generating-functions,10,hard,Discrete Mathematics,False,intermediate,0.9789694393291051,0.013776166077059294,0.9789694393291051,0.007254394593835692,True,random
137,intermediate,7,discrete-mathematics-puzzles,2,easy,Discrete Mathematics,True,intermediate,0.9415827759697606,0.0016444015781284904,0.9415827759697606,0.05677282245211081,True,random
137,intermediate,8,discrete-mathematics-mcqs-integers-algorithms,8,easy,Discrete Mathematics,True,intermediate,0.937689178194864,0.0006842537194023597,0.937689178194864,0.061626568085733684,True,random
137,intermediate,9,discrete-mathematics-questions-answers-cosets,9,easy,Discrete Mathematics,False,intermediate,0.9338682989432834,0.0008189173415489781,0.9338682989432834,0.06531278371516766,True,random
137,intermediate,10,discrete-mathematics-questions-answers-graphs-properties,8,medium,Discrete Mathematics,True,intermediate,0.9841856353494577,0.0036023026988869036,0.9841856353494577,0.012212061951655456,True,random
137,intermediate,11,discrete-mathematics-questions-answers-tree-traversal,9,medium,Discrete Mathematics,True,intermediate,0.9795229893497525,0.002040929124893481,0.9795229893497525,0.018436081525354017,True,random
137,intermediate,12,discrete-mathematics-mcqs-sets,8,easy,Discrete Mathematics,False,intermediate,0.9721242497104766,0.0017644539051846744,0.9721242497104766,0.026111296384338734,True,random
137,intermediate,13,discrete-mathematics-basic-questions-answers,7,medium,Discrete Mathematics,True,intermediate,0.9762000366691724,0.0018153857783943595,0.9762000366691724,0.021984577552433337,True,random
137,intermediate,14,discrete-mathematics-questions-answers-lattices,8,hard,Discrete Mathematics,True,intermediate,0.948429092915902,0.0011299487979220938,0.948429092915902,0.05044095828617584,True,random
137,intermediate,15,discrete-mathematics-questions-answers-quiz,4,hard,Discrete Mathematics,False,intermediate,0.9713440830502763,0.002431528456301878,0.9713440830502763,0.02622438849342177,True,random
137,intermediate,16,discrete-mathematics-interview-questions-answers-experienced,5,hard,Discrete Mathematics,False,intermediate,0.975393259292269,0.003077065336452008,0.975393259292269,0.021529675371278978,True,random
137,intermediate,17,discrete-mathematics-questions-answers-prime-numbers,8,easy,Discrete Mathematics,False,intermediate,0.9675963112459883,0.002083765852303398,0.9675963112459883,0.03031992290170839,True,random
137,intermediate,18,discrete-mathematics-questions-answers-closure-relations,1,medium,Discrete Mathematics,False,intermediate,0.9824630721785753,0.004600892849256643,0.9824630721785753,0.012936034972168067,True,random
137,intermediate,19,discrete-mathematics-questions-answers-generating-functions,3,medium,Discrete Mathematics,True,intermediate,0.9694992621118943,0.002468544162629025,0.9694992621118943,0.02803219372547671,True,random
137,intermediate,20,discrete-mathematics-questions-answers-online-test,5,medium,Discrete Mathematics,True,intermediate,0.9728244204026322,0.0020189414129766067,0.9728244204026322,0.025156638184391296,True,random
33,beginner,1,python-questions-answers-sets-2,7,hard,Python,True,beginner,0.9999860730038863,0.9999860730038863,1.3926996110260122e-05,3.4746021568175293e-15,True,random
33,beginner,2,python-questions-answers-inheritance-1,12,hard,Python,False,beginner,0.9999994433188822,0.9999994433188822,5.56681117806226e-07,1.6756466521372715e-18,True,random
33,beginner,3,python-written-test-questions-answers,2,medium,Python,True,beginner,0.9998405693777959,0.9998405693777959,0.0001594306220876777,1.1648775284280422e-13,True,random
33,beginner,4,python-questions-answers-sys-module,5,medium,Python,False,beginner,0.9995148613830279,0.9995148613830279,0.0004851386164282849,5.437849902531567e-13,True,random
33,beginner,5,python-mcqs-lists-1,5,easy,Python,False,beginner,0.9999475040147358,0.9999475040147358,5.2495985254270115e-05,9.934849537162882e-15,True,random
33,beginner,6,basic-python-questions-answers,1,medium,Python,False,beginner,0.99961002545553,0.99961002545553,0.0003899745436914641,7.787284689337339e-13,True,random
33,beginner,7,python-questions-answers-regular-expressions-1,5,medium,Python,False,beginner,0.9998940361282546,0.9998940361282546,0.00010596387170179068,4.37073731488547e-14,True,random
33,beginner,8,advanced-python-interview-questions-answers,6,medium,Python,False,beginner,0.9999567684280408,0.9999567684280408,4.323157195299902e-05,6.3010602885547364e-15,True,random
33,beginner,9,python-questions-answers-list-comprehension-2,6,easy,Python,False,beginner,0.9997594679846532,0.9997594679846532,0.00024053201511017085,2.366063651183079e-13,True,random
33,beginner,10,1000-python-questions-answers,21,easy,Python,False,beginner,0.9988894910471513,0.9988894910471513,0.0011105089457827428,7.065792539928086e-12,True,random
33,beginner,11,python-questions-answers-lists-6,10,hard,Python,True,beginner,0.9994922489489445,0.9994922489489445,0.000507751048050239,3.0052153641662194e-12,True,random
33,beginner,12,python-mcqs-files-1,4,hard,Python,False,beginner,0.9992519569757148,0.9992519569757148,0.0007480430184267189,5.858535079623776e-12,True,random
33,beginner,13,python-mcqs-basic-operators,2,easy,Python,False,beginner,0.9978020416919732,0.9978020416919732,0.002197958253001285,5.502562613182864e-11,True,random
33,beginner,14,python-questions-answers-turtle-module-3,3,hard,Python,False,beginner,0.9989741614055037,0.9989741614055037,0.0010258385879059993,6.590420300106648e-12,True,random
33,beginner,15,1000-python-questions-answers,35,hard,Python,False,beginner,0.9992370582201459,0.9992370582201459,0.0007629417770326283,2.821502228815218e-12,True,random
33,beginner,16,python-mcqs-strings-1,5,easy,Python,False,beginner,0.9985451500885788,0.9985451500885788,0.0014548499021447903,9.276436883374926e-12,True,random
33,beginner,17,python-questions-answers-datetime-module-2,2,hard,Python,False,beginner,0.9983518336639009,0.9983518336639009,0.001648166325774733,1.0324478430145706e-11,True,random
33,beginner,18,python-questions-answers-modules,10,hard,Python,False,beginner,0.998671921236091,0.998671921236091,0.001328078757398962,6.5099957602318925e-12,True,random
33,beginner,19,python-interview-questions-answers-experienced,9,easy,Python,False,beginner,0.9972486007223014,0.9972486007223014,0.0027513992485175844,2.918130167823806e-11,True,random
33,beginner,20,1000-python-questions-answers,29,medium,Python,False,beginner,0.9961868609983091,0.9961868609983091,0.0038131389402742393,6.141676704645319e-11,True,random
95,beginner,1,data-structure-questions-answers-binary-search-tree,7,easy,Data Structures,False,intermediate,0.8294617480736409,0.15641631667848788,0.8294617480736409,0.01412193524787111,False,random
95,beginner,2,java-questions-answers-data-structures-hashmap,6,easy,Data Structures,True,beginner,0.8999998825701667,0.8999998825701667,0.09999460951895763,5.5079108758095255e-06,True,random
95,beginner,3,data-structure-questions-answers-longest-common-subsequence,3,medium,Data Structures,False,beginner,0.9963416856673847,0.9963416856673847,0.0036583134027233467,9.298919822586268e-10,True,random
95,beginner,4,data-structure-questions-answers-stack-using-queues,2,easy,Data Structures,False,beginner,0.9578552555502338,0.9578552555502338,0.04214453151030341,2.1293946281518113e-07,True,random
95,beginner,5,data-structure-questions-answers-evaluation-infix-expression-not-parenthesized,7,easy,Data Structures,False,beginner,0.9653353751416678,0.9653353751416678,0.034664511503398165,1.1335493394559213e-07,True,random
95,beginner,6,data-structure-questions-answers-binary-trees-array,10,medium,Data Structures,True,beginner,0.9302931733365958,0.9302931733365958,0.06970635682741626,4.6983598783120394e-07,True,random
95,beginner,7,data-structure-questions-answers-directed-acyclic-graph,7,hard,Data Structures,True,beginner,0.9350285644050633,0.9350285644050633,0.06497072437909235,7.112158443881468e-07,True,random
95,beginner,8,data-structure-questions-answers-fibonacci-search,6,easy,Data Structures,True,beginner,0.7715932426056132,0.7715932426056132,0.22838789407600768,1.8863318379136222e-05,True,random
95,beginner,9,data-structure-questions-answers-towers-hanoi,5,easy,Data Structures,True,intermediate,0.5843989678449927,0.4153238077035634,0.5843989678449927,0.00027722445144387644,False,random
95,beginner,10,data-structure-questions-answers-circular-linked-lists,10,hard,Data Structures,False,beginner,0.7291605191480359,0.7291605191480359,0.27082561084493373,1.3870007030255695e-05,True,random
95,beginner,11,data-structure-questions-answers-pancake-sort,6,hard,Data Structures,True,beginner,0.8418363960784059,0.8418363960784059,0.15815884708522324,4.756836370800818e-06,True,random
95,beginner,12,data-structure-questions-answers-threaded-binary-tree,2,easy,Data Structures,False,beginner,0.6829230692437316,0.6829230692437316,0.31704998592843736,2.6944827831077483e-05,True,random
95,beginner,13,data-structure-questions-answers-evaluation-infix-expression-not-parenthesized,3,easy,Data Structures,True,beginner,0.5845991930619185,0.5845991930619185,0.4153408300275526,5.9976910528906704e-05,True,random
95,beginner,14,data-structure-questions-answers-double-ended-queue,8,medium,Data Structures,True,beginner,0.6678408694840151,0.6678408694840151,0.33213958620675077,1.9544309234031622e-05,True,random
95,beginner,15,data-structure-questions-answers-bubble-sort,3,medium,Data Structures,True,beginner,0.7472300131584013,0.7472300131584013,0.2527609341060394,9.05273555932632e-06,True,random
95,beginner,16,data-structure-questions-answers-graph,13,medium,Data Structures,False,beginner,0.8032346180648997,0.8032346180648997,0.19675869773525292,6.684199847335186e-06,True,random
95,beginner,17,data-structure-questions-answers-generating-partitions,6,hard,Data Structures,False,beginner,0.9036349568845159,0.9036349568845159,0.0963642191422463,8.239732378975156e-07,True,random
95,beginner,18,data-structure-questions-answers-assembly-line-scheduling,7,hard,Data Structures,True,beginner,0.980269468686789,0.980269468686789,0.01973049482453199,3.648867914160443e-08,True,random
95,beginner,19,data-structure-questions-answers-weight-balanced-tree,4,medium,Data Structures,True,beginner,0.9765835803894327,0.9765835803894327,0.023416371344144607,4.8266422820881036e-08,True,random
95,beginner,20,1000-data-structure-questions-answers,9,hard,Data Structures,True,beginner,0.9857220645336733,0.9857220645336733,0.014277919048206888,1.641811991182243e-08,True,random
174,intermediate,1,data-structure-questions-answers-pancake-sort,3,hard,Data Structures,False,intermediate,0.9171903023950437,0.0040201818438888514,0.9171903023950437,0.07878951576106737,True,random
174,intermediate,2,data-structure-questions-answers-evaluation-infix-expression-not-parenthesized,7,easy,Data Structures,True,intermediate,0.5970662921340596,0.00120108486815126,0.5970662921340596,0.4017326229977891,True,random
174,intermediate,3,data-structure-questions-answers-longest-palindromic-subsequence,4,easy,Data Structures,True,advanced,0.8287126710295543,4.11296363890926e-05,0.1712461993340566,0.8287126710295543,False,random
174,intermediate,4,data-structure-interview-questions-answers-freshers,2,medium,Data Structures,True,advanced,0.8520185610809655,7.972574825305767e-06,0.14797346634420913,0.8520185610809655,False,random
174,intermediate,5,data-structure-questions-answers-towers-hanoi,5,easy,Data Structures,True,advanced,0.9139936240383962,2.4218578051498683e-06,0.08600395410379855,0.9139936240383962,False,random
174,intermediate,6,data-structure-questions-answers-hash-tables,8,medium,Data Structures,False,advanced,0.812548144956949,1.6612179214574478e-05,0.18743524286383628,0.812548144956949,False,random
174,intermediate,7,data-structure-questions-answers-fibonacci-search,8,medium,Data Structures,True,intermediate,0.5503908346847094,0.00020683824624855826,0.5503908346847094,0.44940232706904204,True,random
174,intermediate,8,data-structure-questions-answers-generating-partitions,6,hard,Data Structures,False,advanced,0.6903755586106863,5.480774067679222e-05,0.3095696336486369,0.6903755586106863,False,random
174,intermediate,9,data-structure-questions-answers-stack-operations,5,medium,Data Structures,True,advanced,0.733015720839567,3.8523496884121315e-05,0.26694575566354883,0.733015720839567,False,random
174,intermediate,10,data-structure-questions-answers-kadanes-algorithm,2,hard,Data Structures,False,advanced,0.6306241538431995,9.477685398000942e-05,0.3692810693028205,0.6306241538431995,False,random
174,intermediate,11,data-structure-questions-answers-circular-linked-lists,10,hard,Data Structures,False,intermediate,0.567653505576886,0.00029053599700184883,0.567653505576886,0.4320559584261122,True,random
174,intermediate,12,data-structure-questions-answers-assembly-line-scheduling,2,hard,Data Structures,False,intermediate,0.7228943600642235,0.0006491427400134615,0.7228943600642235,0.276456497195763,True,random
174,intermediate,13,data-structure-questions-answers-balanced-partition,10,easy,Data Structures,False,intermediate,0.8425972953578731,0.0009404535423997208,0.8425972953578731,0.15646225109972717,True,random
174,intermediate,14,data-structure-questions-answers-skip-list,8,medium,Data Structures,True,intermediate,0.951377189379309,0.003533897288896433,0.951377189379309,0.04508891333179462,True,random
174,intermediate,15,data-structure-questions-answers-longest-increasing-subsequence,2,medium,Data Structures,False,intermediate,0.9700610400424646,0.00638974528694809,0.9700610400424646,0.023549214670587425,True,random
174,intermediate,16,data-structure-questions-answers-minimum-number-jumps,4,easy,Data Structures,False,intermediate,0.9683832969570341,0.004726915383756444,0.9683832969570341,0.026889787659209356,True,random
174,intermediate,17,data-structure-interview-questions-answers-freshers,3,easy,Data Structures,True,intermediate,0.9434972903619278,0.0026217589540829065,0.9434972903619278,0.05388095068398931,True,random
174,intermediate,18,data-structure-questions-answers-aptitude-test,4,hard,Data Structures,False,intermediate,0.9565780006866682,0.003878090451227909,0.9565780006866682,0.03954390886210395,True,random
174,intermediate,19,data-structure-questions-answers-bit-array,6,hard,Data Structures,False,intermediate,0.9594217214009834,0.003981966938587251,0.9594217214009834,0.03659631166042937,True,random
174,intermediate,20,data-structure-questions-answers-directed-acyclic-graph,7,hard,Data Structures,False,intermediate,0.9781168297065664,0.009561723698897729,0.9781168297065664,0.012321446594535728,True,random
229,advanced,1,automata-theory-questions-answers-quiz,12,medium,Automata Theory,False,intermediate,0.751042867446694,4.3747561799650386e-05,0.751042867446694,0.24891338499150628,False,random
229,advanced,2,automata-theory-questions-answers-test,11,easy,Automata Theory,True,advanced,0.5922957950365765,0.00021869059564209645,0.4074855143677814,0.5922957950365765,True,random
229,advanced,3,automata-theory-questions-answers-the-language-dfa,6,hard,Automata Theory,True,advanced,0.599094391890519,0.00037824007990833154,0.40052736802957256,0.599094391890519,True,random
229,advanced,4,automata-theory-questions-answers-yacc-parser-generator,3,medium,Automata Theory,True,advanced,0.963911711695688,6.866425874253356e-06,0.03608142187843771,0.963911711695688,True,random
229,advanced,5,automata-theory-questions-answers-equivalence-one-tape-multitape-turing-machine,10,medium,Automata Theory,False,advanced,0.8728595182090636,4.5542375200790296e-05,0.12709493941573555,0.8728595182090636,True,random
229,advanced,6,automata-theory-questions-answers-extended-transition-function,10,easy,Automata Theory,True,advanced,0.9326282724368062,1.2001402687310308e-05,0.06735972616050649,0.9326282724368062,True,random
229,advanced,7,automata-theory-questions-answers-yacc-parser-generator,6,hard,Automata Theory,False,advanced,0.6887454596494434,7.155578605819929e-05,0.3111829845644983,0.6887454596494434,True,random
229,advanced,8,automata-theory-mcqs-regular-language-expression-2,9,easy,Automata Theory,True,advanced,0.8778573261269581,1.3418034693849223e-05,0.12212925583834819,0.8778573261269581,True,random
229,advanced,9,automata-theory-questions-answers-polynomial-space-turing-machine,4,easy,Automata Theory,True,advanced,0.9547567664255207,2.112551159948681e-06,0.045241121023319474,0.9547567664255207,True,random
229,advanced,10,automata-theory-questions-answers-reversal-homomorphism-inverse-homomorphism,7,medium,Automata Theory,False,advanced,0.9423227258880006,2.5479060807913857e-06,0.05767472620591877,0.9423227258880006,True,random
229,advanced,11,automata-theory-questions-answers-ambiguous-grammar,4,medium,Automata Theory,False,advanced,0.9486285739545328,1.4882264919385655e-06,0.0513699378189753,0.9486285739545328,True,random
229,advanced,12,automata-theory-mcqs-finite-automata,3,easy,Automata Theory,True,advanced,0.9840590541101695,2.0660565472447083e-07,0.01594073928417581,0.9840590541101695,True,random
229,advanced,13,automata-theory-questions-answers-mealy-machine,4,medium,Automata Theory,True,advanced,0.9749607084999277,5.633175777522486e-07,0.025038728182494568,0.9749607084999277,True,random
229,advanced,14,automata-theory-questions-answers-sentential-forms,10,hard,Automata Theory,True,advanced,0.9814408834780928,4.41555447201813e-07,0.01855867496646005,0.9814408834780928,True,random
229,advanced,15,automata-theory-interview-questions-answers,4,medium,Automata Theory,True,advanced,0.9851776977398881,3.081270442969521e-07,0.01482199413306767,0.9851776977398881,True,random
229,advanced,16,automata-theory-questions-answers-aptitude-test,9,hard,Automata Theory,True,advanced,0.9907981022650594,1.5697150260260455e-07,0.009201740763437915,0.9907981022650594,True,random
229,advanced,17,automata-theory-questions-answers-pda-acceptance-empty-stack,5,medium,Automata Theory,True,advanced,0.9936466580047234,8.009660922772874e-08,0.006353261898667303,0.9936466580047234,True,random
229,advanced,18,automata-theory-mcqs-union-intersection-complement,12,easy,Automata Theory,True,advanced,0.9959312506269977,3.645699964893605e-08,0.004068712916002671,0.9959312506269977,True,random
229,advanced,19,automata-theory-questions-answers-operators-regular-expression,4,hard,Automata Theory,True,advanced,0.9962081459941305,3.4037247296869787e-08,0.0037918199686221925,0.9962081459941305,True,random
229,advanced,20,automata-theory-questions-answers-converting-regular-expressions-automata,9,hard,Automata Theory,True,advanced,0.9973137569952664,1.8393882947681936e-08,0.002686224610850528,0.9973137569952664,True,random
101,intermediate,1,operating-system-mcqs-virtual-memory-demand-paging,13,medium,Operating Systems,False,beginner,0.9207586464237277,0.9207586464237277,0.07924025584972573,1.0977265465869026e-06,False,random
101,intermediate,2,operating-system-mcqs-file-system-allocation-methods-2,10,easy,Operating Systems,False,beginner,0.6363897142852484,0.6363897142852484,0.3634376276150194,0.0001726580997322269,False,random
101,intermediate,3,operating-system-mcqs-virtual-memory-page-replacement-algorithms-1,2,hard,Operating Systems,False,beginner,0.6922825455896514,0.6922825455896514,0.30770110640127724,1.6348009071239385e-05,False,random
101,intermediate,4,operating-system-mcqs-file-system-interface-access-methods-1,6,medium,Operating Systems,False,beginner,0.5313746961379925,0.5313746961379925,0.46855011251339984,7.519134860763062e-05,False,random
101,intermediate,5,operating-system-mcqs-virtual-memory-demand-paging,12,easy,Operating Systems,False,intermediate,0.8879255938976021,0.11044373513358488,0.8879255938976021,0.0016306709688131517,True,random
101,intermediate,6,operating-system-questions-answers-linux,8,easy,Operating Systems,False,intermediate,0.9556817029269702,0.04048147991801884,0.9556817029269702,0.0038368171550109465,True,random
101,intermediate,7,operating-system-mcqs-process-structures,1,medium,Operating Systems,False,intermediate,0.9693131905465714,0.023291873215262864,0.9693131905465714,0.007394936238165812,True,random
101,intermediate,8,operating-system-questions-answers,49,easy,Operating Systems,False,intermediate,0.9679550091388772,0.00766866515646804,0.9679550091388772,0.024376325704654773,True,random
101,intermediate,9,distributed-operating-system-mcqs-file-system-1,7,medium,Operating Systems,True,intermediate,0.9486815677871107,0.006420233958281851,0.9486815677871107,0.04489819825460751,True,random
101,intermediate,10,operating-system-questions-answers,17,hard,Operating Systems,False,intermediate,0.9527883174804899,0.03988618191974465,0.9527883174804899,0.007325500599765429,True,random
101,intermediate,11,operating-system-mcqs-file-system-interface-access-methods-1,2,easy,Operating Systems,False,intermediate,0.9612769309451922,0.02796675115389315,0.9612769309451922,0.010756317900914778,True,random
101,intermediate,12,operating-system-mcqs-memory-management-swapping-2,13,easy,Operating Systems,True,intermediate,0.910263083235977,0.005352500395877511,0.910263083235977,0.08438441636814532,True,random
101,intermediate,13,operating-system-mcqs-memory-management-swapping-2,5,easy,Operating Systems,True,intermediate,0.8344581037576153,0.0025712116280086107,0.8344581037576153,0.16297068461437608,True,random
101,intermediate,14,operating-system-mcqs-atomic-transactions,15,hard,Operating Systems,False,intermediate,0.9462236766091683,0.0138032309887424,0.9462236766091683,0.039973092402089294,True,random
101,intermediate,15,operating-system-mcqs-virtual-memory-page-replacement-algorithms-2,10,hard,Operating Systems,False,intermediate,0.9451675245253233,0.04536489354511789,0.9451675245253233,0.009467581929558865,True,random
101,intermediate,16,operating-system-mcqs-memory-management-segmentation,8,medium,Operating Systems,False,intermediate,0.9511486705055797,0.03592777291464652,0.9511486705055797,0.01292355657977363,True,random
101,intermediate,17,operating-system-mcqs-deadlock-detection,1,hard,Operating Systems,False,intermediate,0.9495535310870026,0.03962774352950623,0.9495535310870026,0.010818725383491254,True,random
101,intermediate,18,operating-system-mcqs-multimedia-system-compression-1,6,easy,Operating Systems,True,intermediate,0.9518895366836568,0.022631616754867783,0.9518895366836568,0.025478846561475345,True,random
101,intermediate,19,operating-system-mcqs-deadlock-recovery,2,hard,Operating Systems,False,intermediate,0.9378710635341269,0.05205763589699557,0.9378710635341269,0.010071300568877546,True,random
101,intermediate,20,operating-system-mcqs-memory-management-paging-2,5,medium,Operating Systems,False,intermediate,0.9226340790629605,0.07210931301330821,0.9226340790629605,0.005256607923731392,True,random
237,advanced,1,java-questions-answers-data-structures-set,7,easy,Data Structures,True,advanced,0.9700745632136526,3.087177059897172e-06,0.029922349609287652,0.9700745632136526,True,random
237,advanced,2,data-structure-questions-answers-circular-linked-lists,4,medium,Data Structures,True,intermediate,0.9367504342529683,0.0047620560347329645,0.9367504342529683,0.05848750971229873,False,random
237,advanced,3,data-structure-questions-answers-longest-common-subsequence,2,easy,Data Structures,True,advanced,0.7082993718920695,7.061076162470788e-05,0.29163001734630584,0.7082993718920695,True,random
237,advanced,4,data-structure-questions-answers-queue-using-stacks,2,hard,Data Structures,False,advanced,0.5689342369245898,6.362905354945843e-05,0.4310021340218607,0.5689342369245898,True,random
237,advanced,5,data-structure-questions-answers-dynamic-array,14,hard,Data Structures,True,advanced,0.8462332863440699,1.562405800143764e-05,0.15375108959792883,0.8462332863440699,True,random
237,advanced,6,data-structure-questions-answers-binary-trees-array,2,medium,Data Structures,True,advanced,0.9530065510547143,1.744801065967693e-06,0.04699170414421976,0.9530065510547143,True,random
237,advanced,7,data-structure-questions-answers-heap,7,medium,Data Structures,True,advanced,0.966984585630697,7.842766422200946e-07,0.03301463009266069,0.966984585630697,True,random
237,advanced,8,data-structure-questions-answers-sparse-array,1,medium,Data Structures,True,advanced,0.9568644391839953,8.648219022346598e-07,0.04313469599410236,0.9568644391839953,True,random
237,advanced,9,data-structure-questions-answers-free-list,2,easy,Data Structures,True,advanced,0.9728959067887267,3.236320594918183e-07,0.027103769579213805,0.9728959067887267,True,random
237,advanced,10,data-structure-questions-answers-heap,5,easy,Data Structures,True,advanced,0.9856065575181261,8.53268620584763e-08,0.014393357155011739,0.9856065575181261,True,random
237,advanced,11,data-structure-questions-answers-aptitude-test,4,hard,Data Structures,False,advanced,0.9696130816165622,4.7017465420680333e-07,0.03038644820878372,0.9696130816165622,True,random
237,advanced,12,data-structure-questions-answers-search-element-array-recursion-1,6,hard,Data Structures,False,advanced,0.9003926886059082,4.181864339098204e-06,0.09960312952975277,0.9003926886059082,True,random
237,advanced,13,disjoint-set-data-structure-multiple-choice-questions-answers-mcqs,7,easy,Data Structures,True,advanced,0.9445007223704133,1.3406837493183888e-06,0.05549793694583732,0.9445007223704133,True,random
237,advanced,14,data-structure-questions-answers-power-number-recursion-logn-time,5,easy,Data Structures,True,advanced,0.9686898521222745,4.2652437595810927e-07,0.031309721353349446,0.9686898521222745,True,random
237,advanced,15,data-structure-questions-answers-reverse-word-stack,8,medium,Data Structures,True,advanced,0.9713198590304924,3.319348539456868e-07,0.0286798090346535,0.9713198590304924,True,random
237,advanced,16,data-structure-questions-answers-edit-distance-problem,1,medium,Data Structures,True,advanced,0.973641669329797,2.570044532307089e-07,0.026358073665749916,0.973641669329797,True,random
237,advanced,17,data-structure-questions-answers-fibonacci-search,8,medium,Data Structures,True,advanced,0.9704866308993659,2.859524259944142e-07,0.02951308314820801,0.9704866308993659,True,random
237,advanced,18,data-structure-questions-answers-evaluation-infix-expression-not-parenthesized,3,easy,Data Structures,True,advanced,0.9780314510396495,1.5173025657214484e-07,0.02196839723009395,0.9780314510396495,True,random
237,advanced,19,data-structure-questions-answers-binary-search-iterative,4,medium,Data Structures,True,advanced,0.9824128031964986,8.953659711189987e-08,0.01758710726690436,0.9824128031964986,True,random
237,advanced,20,data-structure-interview-questions-answers-freshers,3,easy,Data Structures,True,advanced,0.9895105569239085,3.2024004334351927e-08,0.01048941105208718,0.9895105569239085,True,random
201,advanced,1,operating-system-mcqs-file-system-interface-access-methods-1,2,easy,Operating Systems,True,advanced,0.9998276312277843,3.174860311587666e-10,0.00017236845472986336,0.9998276312277843,True,random
201,advanced,2,operating-system-mcqs-mass-storage-RAID-1,8,medium,Operating Systems,True,advanced,0.9962157379816087,2.7071062365097476e-08,0.0037842349473287797,0.9962157379816087,True,random
201,advanced,3,operating-system-mcqs-deadlock-recovery,2,hard,Operating Systems,True,advanced,0.9975757701975475,1.4524843775419401e-08,0.0024242152776086123,0.9975757701975475,True,random
201,advanced,4,operating-system-mcqs-threads-ult-klt,12,hard,Operating Systems,True,advanced,0.9932866775497339,1.322922960749418e-07,0.006713190157970071,0.9932866775497339,True,random
201,advanced,5,operating-system-mcqs-memory-allocation-1,5,medium,Operating Systems,False,advanced,0.9668401482327368,3.5875080133148893e-06,0.03315626425924978,0.9668401482327368,True,random
201,advanced,6,operating-system-questions-answers-cpu-scheduling,10,hard,Operating Systems,True,advanced,0.7494802138263009,0.00013514313332411095,0.250384643040375,0.7494802138263009,True,random
201,advanced,7,operating-system-questions-answers-distributed-file-system,6,easy,Operating Systems,True,advanced,0.9188084107533497,1.1520018562706083e-05,0.08118006922808778,0.9188084107533497,True,random
201,advanced,8,operating-system-mcqs-file-system-allocation-methods-2,10,easy,Operating Systems,True,advanced,0.9642469349848374,1.9059468152925706e-06,0.03575115906834727,0.9642469349848374,True,random
201,advanced,9,operating-system-mcqs-memory-management-segmentation,11,hard,Operating Systems,True,advanced,0.9070260602440081,1.0614130098513094e-05,0.09296332562589335,0.9070260602440081,True,random
201,advanced,10,operating-system-mcqs-memory-management-swapping-2,5,easy,Operating Systems,True,advanced,0.968172943456355,1.1319202403032019e-06,0.03182592462340472,0.968172943456355,True,random
201,advanced,11,operating-system-mcqs-multimedia-system-compression-1,9,easy,Operating Systems,True,advanced,0.9836062018133684,2.90001256536568e-07,0.016393508185375088,0.9836062018133684,True,random
201,advanced,12,distributed-operating-system-mcqs-types-resource-sharing,2,medium,Operating Systems,True,advanced,0.9903722239945818,8.847461332466725e-08,0.009627687530804863,0.9903722239945818,True,random
201,advanced,13,operating-system-questions-answers-distributed-synchronization,1,easy,Operating Systems,True,advanced,0.995221409180937,2.1778348676531204e-08,0.004778569040714308,0.995221409180937,True,random
201,advanced,14,operating-system-questions-answers,24,hard,Operating Systems,True,advanced,0.9959945995125872,1.5381962971242983e-08,0.0040053851054498825,0.9959945995125872,True,random
201,advanced,15,operating-system-mcqs-memory-management-segmentation,8,medium,Operating Systems,True,advanced,0.9975616136342966,5.797288838931574e-09,0.002438380568414681,0.9975616136342966,True,random
201,advanced,16,operating-system-mcqs-process-rpc,2,easy,Operating Systems,True,advanced,0.9986977698670614,1.7381889488685938e-09,0.0013022283947497582,0.9986977698670614,True,random
201,advanced,17,operating-system-questions-answers,21,medium,Operating Systems,True,advanced,0.9989456403791886,1.0962320419350249e-09,0.0010543585245793414,0.9989456403791886,True,random
201,advanced,18,distributed-operating-system-mcqs-file-system-2,2,medium,Operating Systems,True,advanced,0.9992057943714837,5.374545872712049e-10,0.0007942050910615965,0.9992057943714837,True,random
201,advanced,19,operating-system-questions-answers-distributed-synchronization,4,medium,Operating Systems,True,advanced,0.9994289034606574,2.6910893022542125e-10,0.000571096270233813,0.9994289034606574,True,random
201,advanced,20,operating-system-mcqs-process-scheduling-queue,8,medium,Operating Systems,True,advanced,0.9993680789228866,3.227878205636138e-10,0.000631920754325647,0.9993680789228866,True,random
96,beginner,1,data-structure-interview-questions-answers-freshers,8,hard,Data Structures,False,beginner,0.999997047507639,0.999997047507639,2.9524923610066977e-06,3.9220592974261935e-17,True,random
96,beginner,2,data-structure-questions-answers-circular-linked-lists,4,medium,Data Structures,False,beginner,0.9983918170928502,0.9983918170928502,0.0016081828982695836,8.880153420551301e-12,True,random
96,beginner,3,data-structure-questions-answers-longest-common-subsequence,2,easy,Data Structures,True,beginner,0.9915860122122797,0.9915860122122797,0.008413985783117361,2.004602906801608e-09,True,random
96,beginner,4,data-structure-questions-answers-recursion,4,easy,Data Structures,False,beginner,0.984172740693502,0.984172740693502,0.015827257097266487,2.2092314742240114e-09,True,random
96,beginner,5,data-structure-questions-answers-propositional-directed-acyclic-word-graph,5,medium,Data Structures,False,beginner,0.9966073429706589,0.9966073429706589,0.0033926569409326625,8.840820369994762e-11,True,random
96,beginner,6,data-structure-questions-answers-free-list,7,hard,Data Structures,False,beginner,0.9989987318084116,0.9989987318084116,0.001001268181881393,9.707001263383847e-12,True,random
96,beginner,7,data-structure-questions-answers-longest-palindromic-subsequence,4,easy,Data Structures,True,beginner,0.9932307661295845,0.9932307661295845,0.006769233116980306,7.534351407316878e-10,True,random
96,beginner,8,data-structure-questions-answers-longest-palindromic-subsequence,3,hard,Data Structures,False,beginner,0.9938330096135867,0.9938330096135867,0.006166989572463943,8.139493842551888e-10,True,random
96,beginner,9,data-structure-questions-answers-preorder-traversal,1,medium,Data Structures,True,beginner,0.9916320980359037,0.9916320980359037,0.008367900285401717,1.6786945930433903e-09,True,random
96,beginner,10,data-structure-questions-answers-rod-cutting,9,easy,Data Structures,True,beginner,0.9827818910513051,0.9827818910513051,0.017218102591041687,6.357653066806394e-09,True,random
96,beginner,11,data-structure-questions-answers-heap,6,medium,Data Structures,False,beginner,0.9882450485867217,0.9882450485867217,0.011754948142658305,3.2706201450658673e-09,True,random
96,beginner,12,data-structure-questions-answers-uniform-binary-search,2,hard,Data Structures,False,beginner,0.9926521363520227,0.9926521363520227,0.007347862705367509,9.426098591015054e-10,True,random
96,beginner,13,data-structure-questions-answers-aptitude-test,4,hard,Data Structures,False,beginner,0.9984079558400631,0.9984079558400631,0.0015920441266322758,3.330456119630715e-11,True,random
96,beginner,14,data-structure-questions-answers-longest-palindromic-subsequence,1,medium,Data Structures,False,beginner,0.9975930417983369,0.9975930417983369,0.002406958110419303,9.124378575319857e-11,True,random
96,beginner,15,data-structure-questions-answers-graph,6,easy,Data Structures,False,beginner,0.9952237083240703,0.9952237083240703,0.004776291383677466,2.922522828195947e-10,True,random
96,beginner,16,data-structure-questions-answers-graph,5,easy,Data Structures,True,beginner,0.988100551788741,0.988100551788741,0.011899445397136112,2.81412287012063e-09,True,random
96,beginner,17,data-structure-questions-answers-binary-search-iterative,7,hard,Data Structures,False,beginner,0.9941278039979222,0.9941278039979222,0.005872195342336247,6.597414717695394e-10,True,random
96,beginner,18,data-structure-questions-answers-matrix-chain-multiplication,1,medium,Data Structures,False,beginner,0.9914986023298579,0.9914986023298579,0.00850139631365935,1.3564828091202981e-09,True,random
96,beginner,19,data-structure-questions-answers-binary-tree-properties,7,medium,Data Structures,True,beginner,0.9883928362875918,0.9883928362875918,0.011607160925046062,2.7873620884855396e-09,True,random
96,beginner,20,data-structure-questions-answers-binary-trees-linked-lists,4,easy,Data Structures,True,beginner,0.9813384808358817,0.9813384808358817,0.018661511159653792,8.004464421314993e-09,True,random
260,advanced,1,data-structure-questions-answers-graph,6,easy,Data Structures,True,advanced,0.9952400335436499,1.0971921431464119e-07,0.004759856737135728,0.9952400335436499,True,random
260,advanced,2,data-structure-questions-answers-fibonacci-search,8,medium,Data Structures,True,advanced,0.7172321769476588,7.30957362584489e-05,0.2826947273160828,0.7172321769476588,True,random
260,advanced,3,data-structure-questions-answers-coin-change-problem,2,hard,Data Structures,False,advanced,0.9540624453983052,1.4211342242687073e-06,0.04593613346747035,0.9540624453983052,True,random
260,advanced,4,data-structure-interview-questions-answers-freshers,5,easy,Data Structures,True,advanced,0.9939031476930473,3.2403134096648185e-08,0.006096819903818531,0.9939031476930473,True,random
260,advanced,5,data-structure-questions-answers-xor-linked-list,6,hard,Data Structures,False,advanced,0.9922739300053083,6.024513125690438e-08,0.007726009749560617,0.9922739300053083,True,random
260,advanced,6,data-structure-questions-answers-preorder-traversal,7,medium,Data Structures,True,advanced,0.9972900703544486,6.479157129561782e-09,0.0027099231663942885,0.9972900703544486,True,random
260,advanced,7,data-structure-questions-answers-longest-palindromic-subsequence,4,easy,Data Structures,True,advanced,0.9981471045728411,2.811145567747563e-09,0.0018528926160133318,0.9981471045728411,True,random
260,advanced,8,data-structure-questions-answers-circular-linked-lists,1,medium,Data Structures,True,advanced,0.9992216933053963,5.614647611125882e-10,0.0007783061331387833,0.9992216933053963,True,random
260,advanced,9,data-structure-questions-answers-queue-linked-list,10,hard,Data Structures,True,advanced,0.9983959859790579,3.7087724000714652e-09,0.001604010312169517,0.9983959859790579,True,random
260,advanced,10,data-structure-questions-answers-longest-common-subsequence,3,medium,Data Structures,False,advanced,0.9970757472987357,1.3812989918349895e-08,0.002924238888274516,0.9970757472987357,True,random
260,advanced,11,data-structure-questions-answers-stack-array,6,hard,Data Structures,True,advanced,0.998779194155863,3.5000882858678334e-09,0.0012208023440486993,0.998779194155863,True,random
260,advanced,12,java-questions-answers-data-structures-list,7,easy,Data Structures,True,advanced,0.9993974560230947,9.25027937124175e-10,0.0006025430518773497,0.9993974560230947,True,random
260,advanced,13,data-structure-questions-answers-graph,4,easy,Data Structures,True,advanced,0.9995244099957995,5.426522052239407e-10,0.00047558946154831595,0.9995244099957995,True,random
260,advanced,14,data-structure-questions-answers-longest-common-subsequence,2,easy,Data Structures,False,advanced,0.999287767259503,1.226745092477722e-09,0.0007122315137519832,0.999287767259503,True,random
260,advanced,15,data-structure-questions-answers-propositional-directed-acyclic-word-graph,5,medium,Data Structures,True,advanced,0.999310793814149,1.117178348713e-09,0.0006892050686727249,0.999310793814149,True,random
260,advanced,16,data-structure-questions-answers-bit-array,9,medium,Data Structures,False,advanced,0.999160725293851,1.719259535871846e-09,0.0008392729868894438,0.999160725293851,True,random
260,advanced,17,data-structure-questions-answers-number-jumps-reach-end-array-operation,8,easy,Data Structures,False,advanced,0.9990576830564167,1.7580457098510486e-09,0.0009423151855374848,0.9990576830564167,True,random
260,advanced,18,java-questions-answers-data-structures-list,9,medium,Data Structures,True,advanced,0.9991053079197488,1.4229719096703569e-09,0.0008946906572791366,0.9991053079197488,True,random
260,advanced,19,data-structure-assessment-questions-answers,1,hard,Data Structures,False,advanced,0.9979874590975137,5.821062233489433e-09,0.002012535081424082,0.9979874590975137,True,random
260,advanced,20,data-structure-questions-answers-binary-search-iterative,7,hard,Data Structures,True,advanced,0.9975739801857072,9.678811627865881e-09,0.0024260101354810063,0.9975739801857072,True,random
220,advanced,1,advanced-java-questions-answers-web-application,1,easy,Java,True,advanced,0.9553561811050089,1.9348584039274177e-07,0.04464362540915081,0.9553561811050089,True,random
220,advanced,2,java-mcqs-event-handling-basics,1,medium,Java,True,intermediate,0.6053978528145284,1.404289104065037e-05,0.6053978528145284,0.39458810429443086,False,random
220,advanced,3,java-mcqs-system-class-advance,3,easy,Java,True,advanced,0.82762820862003,7.257685132571062e-07,0.1723710656114567,0.82762820862003,True,random
220,advanced,4,javascript-mcqs-client-side-storage,8,easy,Java,True,advanced,0.8980933657392103,1.977331974040579e-07,0.10190643652759242,0.8980933657392103,True,random
220,advanced,5,java-mcqs-collection-algorithms,2,medium,Java,False,advanced,0.9258549625101385,4.326879081115348e-07,0.07414460480195324,0.9258549625101385,True,random
220,advanced,6,java-questions-answers-regular-expression,10,medium,Java,True,advanced,0.9417123574954896,2.5642939755388655e-07,0.05828738607511274,0.9417123574954896,True,random
220,advanced,7,java-questions-answers-data-type-enums,1,easy,Java,True,advanced,0.9491765913487307,1.5295195351208911e-07,0.05082325569931574,0.9491765913487307,True,random
220,advanced,8,javascript-mcqs-scripted-http,6,medium,Java,False,advanced,0.8777654825071932,1.9484934523690087e-06,0.12223256899935438,0.8777654825071932,True,random
220,advanced,9,java-mcqs-java-util-bitset-date-class,1,medium,Java,True,advanced,0.8549267230304675,2.2793679963218193e-06,0.1450709976015361,0.8549267230304675,True,random
220,advanced,10,java-mcqs-constructors-garbage-collection,2,medium,Java,False,advanced,0.8217856093737799,5.519038585970815e-06,0.17820887158763424,0.8217856093737799,True,random
220,advanced,11,javascript-mcqs-history-management,1,easy,Java,False,advanced,0.8174762045784215,6.0946546065367175e-06,0.18251770076697202,0.8174762045784215,True,random
220,advanced,12,java-questions-answers-data-type-enums,3,hard,Java,True,advanced,0.9976265304216252,2.491951736870838e-09,0.0023734670864231765,0.9976265304216252,True,random
220,advanced,13,java-questions-answers-freshers-experienced,7,hard,Java,True,advanced,0.9949213140228758,7.980757426929278e-09,0.005078677996366725,0.9949213140228758,True,random
220,advanced,14,javascript-mcqs-types-values-variables,10,hard,Java,True,advanced,0.9777113402191723,1.0996802570862081e-07,0.02228854981280207,0.9777113402191723,True,random
220,advanced,15,java-questions-answers-random-number,9,easy,Java,True,advanced,0.9863709052744593,3.5461896789906825e-08,0.01362905926364382,0.9863709052744593,True,random
220,advanced,16,java-mcqs-packages,8,hard,Java,True,advanced,0.9610751509682834,1.8876800391113889e-07,0.0389246602637127,0.9610751509682834,True,random
220,advanced,17,javascript-mcqs-browser-parsing-rendering-i,4,easy,Java,True,advanced,0.9746046860328161,7.008883986935686e-08,0.025395243878343902,0.9746046860328161,True,random
220,advanced,18,java-mcqs-constructors-garbage-collection,1,easy,Java,False,advanced,0.9803214470662159,8.033859590881615e-08,0.019678472595188134,0.9803214470662159,True,random
220,advanced,19,java-mcqs-type-interface,4,medium,Java,False,advanced,0.9747057638884862,1.4550948437923544e-07,0.02529409060202946,0.9747057638884862,True,random
220,advanced,20,java-questions-answers-test,4,hard,Java,True,advanced,0.953310184051666,4.1037079175984435e-07,0.04668940557754217,0.953310184051666,True,random
80,beginner,1,automata-theory-questions-answers-yacc-parser-generator,3,medium,Automata Theory,False,beginner,0.9927119392492433,0.9927119392492433,0.007288060721804199,2.8952470711324328e-11,True,random
80,beginner,2,automata-theory-questions-answers-eliminating-epsilon-productions,6,medium,Automata Theory,False,intermediate,0.6621985084792056,0.33779891782910165,0.6621985084792056,2.5736916928640235e-06,False,random
80,beginner,3,automata-theory-questions-answers-regular-expression-introduction,10,easy,Automata Theory,True,intermediate,0.6484646934403565,0.3514309820562121,0.6484646934403565,0.00010432450343137876,False,random
80,beginner,4,automata-theory-questions-answers-mealy-machine,7,hard,Automata Theory,False,beginner,0.881157783289366,0.881157783289366,0.11884211554333873,1.0116729511102624e-07,True,random
80,beginner,5,automata-theory-questions-answers-the-language-dfa,8,easy,Automata Theory,False,beginner,0.5886330193662194,0.5886330193662194,0.41136626638807555,7.142457050492376e-07,True,random
80,beginner,6,automata-theory-questions-answers-operators-regular-expression,4,hard,Automata Theory,False,beginner,0.9594248151576542,0.9594248151576542,0.04057518129528715,3.5470584555784174e-09,True,random
80,beginner,7,automata-theory-mcqs-finite-automata,9,easy,Automata Theory,True,beginner,0.8442657104160997,0.8442657104160997,0.15573411135397355,1.7822992670548892e-07,True,random
80,beginner,8,automata-theory-questions-answers-yacc-parser-generator,10,medium,Automata Theory,True,beginner,0.8851547450774183,0.8851547450774183,0.11484517218222615,8.274035556499757e-08,True,random
80,beginner,9,automata-theory-questions-answers-cfl-substitution-theorem,1,hard,Automata Theory,False,beginner,0.9824572848129995,0.9824572848129995,0.01754271393645872,1.2505416430691407e-09,True,random
80,beginner,10,automata-theory-interview-questions-answers,4,medium,Automata Theory,True,beginner,0.9927246633093089,0.9927246633093089,0.00727533633417501,3.565160649995865e-10,True,random
80,beginner,11,automata-theory-questions-answers-dfa-regular-expressions,6,medium,Automata Theory,True,beginner,0.9911539160796108,0.9911539160796108,0.008846083279800616,6.405885729810766e-10,True,random
80,beginner,12,automata-theory-questions-answers-operators-regular-expression,9,easy,Automata Theory,False,beginner,0.9891743774704659,0.9891743774704659,0.010825621998002742,5.315315693238714e-10,True,random
80,beginner,13,automata-theory-questions-answers-the-language-dfa,9,medium,Automata Theory,True,beginner,0.9838743016981459,0.9838743016981459,0.016125696758659294,1.5431947346496344e-09,True,random
80,beginner,14,automata-theory-questions-answers-dpda-context-free-languages,10,easy,Automata Theory,False,beginner,0.9719408698247008,0.9719408698247008,0.028059125671352502,4.5039466891683905e-09,True,random
80,beginner,15,automata-theory-questions-answers-equivalence-one-tape-multitape-turing-machine,1,hard,Automata Theory,False,beginner,0.9870639935959433,0.9870639935959433,0.012936005724046294,6.800103953134436e-10,True,random
80,beginner,16,automata-theory-questions-answers-dfa-regular-expressions,10,medium,Automata Theory,False,beginner,0.9770268291870514,0.9770268291870514,0.02297316903401039,1.7789379900708966e-09,True,random
80,beginner,17,automata-theory-questions-answers-chomsky-normal-form,4,easy,Automata Theory,True,beginner,0.9510371575149991,0.9510371575149991,0.048962827771246366,1.4713754587324395e-08,True,random
80,beginner,18,automata-theory-questions-answers-simulation-turing-machine,4,hard,Automata Theory,False,beginner,0.9718809885740788,0.9718809885740788,0.028119008068062726,3.357858351945839e-09,True,random
80,beginner,19,automata-theory-questions-answers-the-diagonalization-languages,7,hard,Automata Theory,False,beginner,0.9867653571556817,0.9867653571556817,0.013234642286208765,5.581095015374268e-10,True,random
80,beginner,20,automata-theory-questions-answers-intersection-regular-languages,5,hard,Automata Theory,False,beginner,0.9945347814151024,0.9945347814151024,0.005465218523144888,6.175279847305244e-11,True,random
34,beginner,1,discrete-mathematics-mcqs-sets,8,easy,Discrete Mathematics,False,intermediate,0.7034285671254272,0.2629151513230499,0.7034285671254272,0.033656281551522886,False,random
34,beginner,2,discrete-mathematics-question-papers,10,easy,Discrete Mathematics,True,intermediate,0.8187836690764544,0.17680399231757235,0.8187836690764544,0.004412338605973169,False,random
34,beginner,3,discrete-mathematics-questions-answers-matrices-types,2,easy,Discrete Mathematics,True,intermediate,0.9489596907950296,0.035190241927647956,0.9489596907950296,0.015850067277322407,False,random
34,beginner,4,discrete-mathematics-questions-answers-probability-distribution,3,hard,Discrete Mathematics,False,intermediate,0.7869028856784621,0.21234605754983862,0.7869028856784621,0.0007510567716992164,False,random
34,beginner,5,discrete-mathematics-questions-answers-cryptography-encryption,5,hard,Discrete Mathematics,True,beginner,0.8622151419092167,0.8622151419092167,0.13777912746541354,5.730625369800913e-06,True,random
34,beginner,6,discrete-mathematics-questions-answers-set-types,3,hard,Discrete Mathematics,False,beginner,0.9937007572038493,0.9937007572038493,0.006299232960906932,9.835243623721305e-09,True,random
34,beginner,7,discrete-mathematics-questions-answers-counting-functions,9,easy,Discrete Mathematics,False,beginner,0.9727725435132093,0.9727725435132093,0.027227256245030355,2.0024176026568155e-07,True,random
34,beginner,8,discrete-mathematics-questions-answers-equivalence-classes-partitions,10,hard,Discrete Mathematics,False,beginner,0.9798673102697385,0.9798673102697385,0.0201326233171225,6.641313906741787e-08,True,random
34,beginner,9,discrete-mathematics-questions-answers-fundamental-principle-counting,5,medium,Discrete Mathematics,False,beginner,0.9824929081053709,0.9824929081053709,0.017507082384037698,9.510591544440454e-09,True,random
34,beginner,10,tricky-discrete-mathematics-questions-answers,7,medium,Discrete Mathematics,True,beginner,0.9756682554942108,0.9756682554942108,0.024331727972467104,1.653332214360001e-08,True,random
34,beginner,11,discrete-mathematics-questions-answers-closure-relations,4,medium,Discrete Mathematics,True,beginner,0.9846618216183357,0.9846618216183357,0.015338173729519018,4.65214531413649e-09,True,random
34,beginner,12,discrete-mathematics-questions-answers-subgroups,3,hard,Discrete Mathematics,False,beginner,0.9953610256582761,0.9953610256582761,0.00463897401411591,3.276080266604166e-10,True,random
34,beginner,13,discrete-mathematics-questions-answers-inference,3,medium,Discrete Mathematics,False,beginner,0.9967116278991285,0.9967116278991285,0.0032883719522042586,1.4866740015155734e-10,True,random
34,beginner,14,discrete-mathematics-questions-answers-test,4,easy,Discrete Mathematics,True,beginner,0.9874241358446065,0.9874241358446065,0.012575860935206412,3.2201871111569386e-09,True,random
34,beginner,15,discrete-mathematics-questions-answers-prime-numbers,8,easy,Discrete Mathematics,False,beginner,0.9744015212227662,0.9744015212227662,0.02559846371680186,1.506043193365059e-08,True,random
34,beginner,16,discrete-mathematics-questions-answers-group-theory,4,medium,Discrete Mathematics,False,beginner,0.9760635183717681,0.9760635183717681,0.023936468803803262,1.2824428585762217e-08,True,random
34,beginner,17,discrete-mathematics-questions-answers-cryptography-decryption,5,easy,Discrete Mathematics,True,beginner,0.9499842082746598,0.9499842082746598,0.0500157297466776,6.197866265738098e-08,True,random
34,beginner,18,discrete-mathematics-questions-answers-mcqs,1,medium,Discrete Mathematics,False,beginner,0.9600663905707517,0.9600663905707517,0.03993356838710484,4.104214334627836e-08,True,random
34,beginner,19,discrete-mathematics-questions-answers-ciphers,6,medium,Discrete Mathematics,False,beginner,0.9638854645401667,0.9638854645401667,0.036114502368706225,3.3091127087183916e-08,True,random
34,beginner,20,discrete-mathematics-questions-answers-combinations,7,hard,Discrete Mathematics,True,beginner,0.9740994837941125,0.9740994837941125,0.025900498374044484,1.78318430686724e-08,True,random
282,advanced,1,discrete-mathematics-questions-answers-nested-quantifiers,8,hard,Discrete Mathematics,False,intermediate,0.7964044850979961,0.0067900355366298975,0.7964044850979961,0.19680547936537413,False,random
282,advanced,2,discrete-mathematics-puzzles,2,easy,Discrete Mathematics,False,advanced,0.989119426816556,2.073957309590015e-06,0.010878499226134413,0.989119426816556,True,random
282,advanced,3,discrete-mathematics-questions-answers-propositions,9,hard,Discrete Mathematics,False,advanced,0.8564540784101246,0.00023172722433355026,0.14331419436554202,0.8564540784101246,True,random
282,advanced,4,discrete-mathematics-questions-answers-logical-equivalences,6,hard,Discrete Mathematics,True,intermediate,0.7889026342146631,0.018701071826879072,0.7889026342146631,0.19239629395845778,False,random
282,advanced,5,discrete-mathematics-questions-answers-aptitude-test,7,easy,Discrete Mathematics,True,advanced,0.8968555494143345,0.00010569676184199659,0.1030387538238234,0.8968555494143345,True,random
282,advanced,6,discrete-mathematics-questions-answers-derangements,3,medium,Discrete Mathematics,True,advanced,0.9125752979189228,1.550228353598381e-05,0.0874091997975413,0.9125752979189228,True,random
282,advanced,7,discrete-mathematics-mcqs-complexity-algorithms,10,hard,Discrete Mathematics,False,advanced,0.8569506673280403,5.758393164106012e-05,0.14299174874031853,0.8569506673280403,True,random
282,advanced,8,discrete-mathematics-interview-questions-answers,8,hard,Discrete Mathematics,False,advanced,0.5908119262933031,0.0004487165798705751,0.4087393571268263,0.5908119262933031,True,random
282,advanced,9,discrete-mathematics-questions-answers-harmonic-sequences,6,easy,Discrete Mathematics,True,advanced,0.8951634006131982,2.4060789407778322e-05,0.10481253859739392,0.8951634006131982,True,random
282,advanced,10,tricky-discrete-mathematics-questions-answers,6,medium,Discrete Mathematics,True,advanced,0.8949983683223568,2.1375986446950882e-05,0.10498025569119628,0.8949983683223568,True,random
282,advanced,11,discrete-mathematics-questions-answers-inverse-matrices,8,medium,Discrete Mathematics,True,advanced,0.8969010105200163,1.5767184235644258e-05,0.10308322229574828,0.8969010105200163,True,random
282,advanced,12,discrete-mathematics-questions-answers-venn-diagram,3,medium,Discrete Mathematics,True,advanced,0.9130913561103933,8.598315595103004e-06,0.08690004557401167,0.9130913561103933,True,random
282,advanced,13,discrete-mathematics-mcqs-functions,3,easy,Discrete Mathematics,True,advanced,0.9648052627701352,1.3546342754363317e-06,0.03519338259558928,0.9648052627701352,True,random
282,advanced,14,discrete-mathematics-problems,6,easy,Discrete Mathematics,False,advanced,0.9579174985318789,2.6310688649046975e-06,0.04207987039925608,0.9579174985318789,True,random
282,advanced,15,discrete-mathematics-questions-answers-aptitude-test,10,hard,Discrete Mathematics,False,advanced,0.9647586682481639,1.9179379644620937e-06,0.03523941381387161,0.9647586682481639,True,random
282,advanced,16,discrete-mathematics-questions-answers-online-test,5,medium,Discrete Mathematics,True,advanced,0.9669282031718163,1.394417310793557e-06,0.033070402410872876,0.9669282031718163,True,random
282,advanced,17,discrete-mathematics-questions-answers-floor-ceiling-function,1,easy,Discrete Mathematics,True,advanced,0.9800600978447266,4.999001362705969e-07,0.019939402255137104,0.9800600978447266,True,random
282,advanced,18,discrete-mathematics-questions-answers-set-types,6,hard,Discrete Mathematics,False,advanced,0.9776056185280401,8.50316296761828e-07,0.022393531155663025,0.9776056185280401,True,random
282,advanced,19,discrete-mathematics-questions-answers-prime-implicants-essentials,5,medium,Discrete Mathematics,False,advanced,0.9702064119089019,1.4003699870485818e-06,0.029792187721110894,0.9702064119089019,True,random
282,advanced,20,discrete-mathematics-mcqs-algorithms,10,hard,Discrete Mathematics,False,advanced,0.9747012779647533,1.0060502379323497e-06,0.0252977159850088,0.9747012779647533,True,random
221,advanced,1,python-questions-answers-freshers,1,medium,Python,False,advanced,0.9999415325765445,1.6338969159978803e-11,5.846740711664219e-05,0.9999415325765445,True,random
221,advanced,2,python-mcqs-files-1,4,hard,Python,False,advanced,0.9073160340384777,2.3125097550206043e-06,0.09268165345176735,0.9073160340384777,True,random
221,advanced,3,python-questions-answers-encapsulation,1,easy,Python,True,advanced,0.9857887723983096,4.986547312033636e-07,0.014210728946959158,0.9857887723983096,True,random
221,advanced,4,python-questions-answers-list-comprehension,10,hard,Python,True,advanced,0.9408058064413084,1.428108838077534e-05,0.059179912470310965,0.9408058064413084,True,random
221,advanced,5,python-written-test-questions-answers,2,medium,Python,True,advanced,0.9716603120970739,4.655261402169849e-06,0.028335032641523927,0.9716603120970739,True,random
221,advanced,6,1000-python-questions-answers,29,medium,Python,True,advanced,0.9872567924223884,1.4449023273203519e-06,0.01274176267528413,0.9872567924223884,True,random
221,advanced,7,python-quiz,5,medium,Python,True,advanced,0.9936530271877897,3.7384361099929605e-07,0.006346598968599265,0.9936530271877897,True,random
221,advanced,8,python-mcqs,10,medium,Python,True,advanced,0.9905773468353962,6.57939789380291e-07,0.009421995224814218,0.9905773468353962,True,random
221,advanced,9,python-mcqs-files-1,1,easy,Python,True,advanced,0.9928914982897702,3.5818853744127377e-07,0.007108143521692331,0.9928914982897702,True,random
221,advanced,10,python-questions-answers-lists-6,1,hard,Python,True,advanced,0.9828622497816039,2.371742539530917e-06,0.01713537847585653,0.9828622497816039,True,random
221,advanced,11,python-questions-answers-formatting-2,3,hard,Python,False,advanced,0.9506717797273405,2.476127788371883e-05,0.04930345899477576,0.9506717797273405,True,random
221,advanced,12,python-scripting-interview-questions-answers,7,easy,Python,False,advanced,0.921262064487152,3.3481982765272794e-05,0.07870445353008276,0.921262064487152,True,random
221,advanced,13,python-questions-answers-built-in-functions-3,2,hard,Python,False,advanced,0.8877925555077074,4.923583509838146e-05,0.11215820865719421,0.8877925555077074,True,random
221,advanced,14,python-questions-answers-boolean,9,hard,Python,True,advanced,0.859944193750586,0.00011221205289531629,0.1399435941965188,0.859944193750586,True,random
221,advanced,15,python-questions-answers-inheritance-1,11,easy,Python,True,advanced,0.9148297612331685,4.4213771674919106e-05,0.08512602499515667,0.9148297612331685,True,random
221,advanced,16,python-questions-answers-shallow-copy-deep-copy,3,medium,Python,True,advanced,0.9133932242621017,4.3553953666411426e-05,0.08656322178423197,0.9133932242621017,True,random
221,advanced,17,python-questions-answers-numeric-types,7,easy,Python,True,advanced,0.9451244878016474,1.759859703300296e-05,0.05485791360131948,0.9451244878016474,True,random
221,advanced,18,python-questions-answers-inheritance-1,4,hard,Python,True,advanced,0.9510832143221198,1.5390827375211735e-05,0.048901394850504924,0.9510832143221198,True,random
221,advanced,19,python-developer-interview-questions-answers,10,easy,Python,True,advanced,0.974520910771351,4.2301408233519624e-06,0.025474859087825753,0.974520910771351,True,random
221,advanced,20,python-questions-answers-global-local-variables-2,1,medium,Python,True,advanced,0.9620482522542315,7.518399687777994e-06,0.037944229346080584,0.9620482522542315,True,random
72,beginner,1,tricky-discrete-mathematics-questions-answers,7,medium,Discrete Mathematics,False,beginner,0.9998379553012572,0.9998379553012572,0.0001620446965266963,2.2161562910918662e-12,True,random
72,beginner,2,discrete-mathematics-questions-answers-geometric-sequences,7,medium,Discrete Mathematics,False,beginner,0.9994238004758434,0.9994238004758434,0.000576199488306822,3.584976956240279e-11,True,random
72,beginner,3,discrete-mathematics-questions-answers-permutation-groups,8,medium,Discrete Mathematics,True,beginner,0.9992698570186921,0.9992698570186921,0.0007301429747300792,6.5778544537141e-12,True,random
72,beginner,4,discrete-mathematics-mcqs-applications-number-theory,2,easy,Discrete Mathematics,True,beginner,0.9991403035432427,0.9991403035432427,0.0008596964083652544,4.839200349573884e-11,True,random
72,beginner,5,discrete-mathematics-questions-answers-minimization-boolean-functions,7,hard,Discrete Mathematics,True,beginner,0.9851028548209682,0.9851028548209682,0.014897116987264295,2.819176742191362e-08,True,random
72,beginner,6,discrete-mathematics-mcqs-sequences-summations,10,easy,Discrete Mathematics,True,beginner,0.9126954975872144,0.9126954975872144,0.08730370353532663,7.988774591040095e-07,True,random
72,beginner,7,discrete-mathematics-questions-answers-mean-variance-random-variables,2,hard,Discrete Mathematics,True,beginner,0.9955183360729526,0.9955183360729526,0.004481663035567321,8.914802223516772e-10,True,random
72,beginner,8,discrete-mathematics-questions-answers-set-types,6,hard,Discrete Mathematics,True,beginner,0.9958287505774485,0.9958287505774485,0.004171248621379311,8.01172009615427e-10,True,random
72,beginner,9,discrete-mathematics-questions-answers-logic-bit-operations,4,medium,Discrete Mathematics,False,beginner,0.9923861880918682,0.9923861880918682,0.007613804662708288,7.245423439350074e-09,True,random
72,beginner,10,discrete-mathematics-questions-answers-aptitude-test,4,medium,Discrete Mathematics,False,beginner,0.98948494008041,0.98948494008041,0.010515044686936306,1.52326537660452e-08,True,random
72,beginner,11,discrete-mathematics-mcqs-growth-functions,6,hard,Discrete Mathematics,False,beginner,0.9932894432932938,0.9932894432932938,0.00671055279659428,3.910111883104223e-09,True,random
72,beginner,12,discrete-mathematics-questions-answers-matrices-types,2,easy,Discrete Mathematics,True,beginner,0.9786407673969956,0.9786407673969956,0.021359178790028154,5.381297637253708e-08,True,random
72,beginner,13,discrete-mathematics-questions-answers-harmonic-sequences,9,medium,Discrete Mathematics,False,beginner,0.9674713794723607,0.9674713794723607,0.03252844993447351,1.7059316572716938e-07,True,random
72,beginner,14,discrete-mathematics-questions-answers-harmonic-sequences,6,easy,Discrete Mathematics,True,beginner,0.9370898638123145,0.9370898638123145,0.06290970439968327,4.3178800225644927e-07,True,random
72,beginner,15,discrete-mathematics-interview-questions-answers-experienced,5,hard,Discrete Mathematics,False,beginner,0.9745841926462099,0.9745841926462099,0.025415754554184777,5.279960519354091e-08,True,random
72,beginner,16,discrete-mathematics-questions-answers-recursion,9,hard,Discrete Mathematics,True,beginner,0.9880420472605493,0.9880420472605493,0.011957943030571327,9.70887950203723e-09,True,random
72,beginner,17,discrete-mathematics-questions-answers-generating-functions,3,medium,Discrete Mathematics,True,beginner,0.9863035891469983,0.9863035891469983,0.013696399656209775,1.1196791793363364e-08,True,random
72,beginner,18,discrete-mathematics-questions-answers-logical-equivalences,6,hard,Discrete Mathematics,False,beginner,0.9972888052100225,0.9972888052100225,0.0027111943463854205,4.435919950595666e-10,True,random
72,beginner,19,discrete-mathematics-questions-answers-graph-matrices,7,easy,Discrete Mathematics,True,beginner,0.9935755961506214,0.9935755961506214,0.006424401441273502,2.4081051352716348e-09,True,random
72,beginner,20,discrete-mathematics-mcqs-integers-algorithms,9,easy,Discrete Mathematics,True,beginner,0.9899234733503733,0.9899234733503733,0.010076521294127465,5.355499214429275e-09,True,random
27,beginner,1,automata-theory-questions-answers-experienced,14,hard,Automata Theory,False,beginner,0.9578939646786938,0.9578939646786938,0.04210603387835341,1.4429526843427772e-09,True,random
27,beginner,2,automata-theory-questions-answers-mealy-machine,9,easy,Automata Theory,True,intermediate,0.5038727993274679,0.4960676434622794,0.5038727993274679,5.9557210252885095e-05,False,random
27,beginner,3,automata-theory-questions-answers-the-language-dfa,6,hard,Automata Theory,True,beginner,0.9950967342629797,0.9950967342629797,0.004903262422180689,3.314839408778184e-09,True,random
27,beginner,4,automata-theory-questions-answers-deterministic-pda,8,hard,Automata Theory,False,beginner,0.9872952431329655,0.9872952431329655,0.01270474103986921,1.5827165336426584e-08,True,random
27,beginner,5,automata-theory-questions-answers-campus-interviews,4,hard,Automata Theory,False,beginner,0.9931994844813724,0.9931994844813724,0.006800513763742093,1.7548853545111572e-09,True,random
27,beginner,6,automata-theory-questions-answers-mcqs,1,hard,Automata Theory,False,beginner,0.9950081199731026,0.9950081199731026,0.004991879671634281,3.5526307294520583e-10,True,random
27,beginner,7,automata-theory-questions-answers-cfl-substitution-theorem,2,easy,Automata Theory,False,beginner,0.9887193559515427,0.9887193559515427,0.01128064340442691,6.440303190868697e-10,True,random
27,beginner,8,automata-theory-questions-answers-deterministic-pda,5,medium,Automata Theory,False,beginner,0.9859808944125971,0.9859808944125971,0.01401910543856416,1.488388294763432e-10,True,random
27,beginner,9,automata-theory-questions-answers-the-language-dfa,1,easy,Automata Theory,True,beginner,0.9611913266436325,0.9611913266436325,0.03880866987805502,3.478312565464877e-09,True,random
27,beginner,10,automata-theory-questions-answers-freshers,5,easy,Automata Theory,False,beginner,0.9135560701464267,0.9135560701464267,0.08644391782483188,1.2028741445447912e-08,True,random
27,beginner,11,automata-theory-questions-answers-eliminating-epsilon-productions,8,medium,Automata Theory,False,beginner,0.9242249293940329,0.9242249293940329,0.07577506305781655,7.548150549435343e-09,True,random
27,beginner,12,automata-theory-questions-answers-pda-acceptance-empty-stack,5,medium,Automata Theory,False,beginner,0.9676527142386676,0.9676527142386676,0.0323472848903041,8.710281499184829e-10,True,random
27,beginner,13,automata-theory-questions-answers-online-quiz,1,hard,Automata Theory,False,beginner,0.9599815142493244,0.9599815142493244,0.04001848463212013,1.1185555798498436e-09,True,random
27,beginner,14,automata-theory-questions-answers-yacc-parser-generator,5,easy,Automata Theory,True,beginner,0.8878940407548329,0.8878940407548329,0.11210593536272154,2.3882445664255474e-08,True,random
27,beginner,15,automata-theory-questions-answers-yacc-parser-generator,6,hard,Automata Theory,False,beginner,0.9116270737045069,0.9116270737045069,0.08837291353165973,1.2763833367830702e-08,True,random
27,beginner,16,automata-theory-mcqs-finite-automata,13,medium,Automata Theory,False,beginner,0.9084162958846578,0.9084162958846578,0.09158369251733477,1.1598007568754966e-08,True,random
27,beginner,17,automata-theory-questions-answers-lexical-analysis,1,easy,Automata Theory,True,beginner,0.855371988809118,0.855371988809118,0.14462796391110863,4.727977332408543e-08,True,random
27,beginner,18,automata-theory-mcqs-finite-automata,2,easy,Automata Theory,True,beginner,0.7270980552122096,0.7270980552122096,0.2729016537971406,2.9099064983483383e-07,True,random
27,beginner,19,automata-theory-questions-answers-dfa-regular-expressions,10,medium,Automata Theory,False,beginner,0.662708498341263,0.662708498341263,0.3372909455222073,5.561365297343444e-07,True,random
27,beginner,20,automata-theory-mcqs-finite-automata,9,easy,Automata Theory,True,beginner,0.5207059208841145,0.5207059208841145,0.4792919961471147,2.0829687707256648e-06,True,random
40,beginner,1,advanced-java-questions-answers-client-server,3,easy,Java,False,intermediate,0.6182814773464165,0.3625092523612306,0.6182814773464165,0.01920927029235287,False,random
40,beginner,2,java-questions-answers-freshers-experienced,6,easy,Java,False,beginner,0.9440787050260543,0.9440787050260543,0.055896350652581805,2.4944321363756217e-05,True,random
40,beginner,3,javascript-questions-answers-entrance-exams,2,hard,Java,False,beginner,0.9558344134130855,0.9558344134130855,0.044163375128887405,2.2114580271854695e-06,True,random
40,beginner,4,javascript-mcqs-comparison-javascript-frameworks-I,8,easy,Java,True,beginner,0.8773816682734045,0.8773816682734045,0.12260886859982291,9.463126772534201e-06,True,random
40,beginner,5,java-mcqs-networking-basics,5,easy,Java,False,beginner,0.5120417183720737,0.5120417183720737,0.48751818489621274,0.0004400967317135223,True,random
40,beginner,6,java-mcqs-command-line-arguments,3,easy,Java,True,beginner,0.5286192876046115,0.5286192876046115,0.4712567732334905,0.00012393916189785888,True,random
40,beginner,7,javascript-mcqs-client-side-storage,8,easy,Java,False,intermediate,0.7049586435705738,0.29425374401985793,0.7049586435705738,0.0007876124095682844,False,random
40,beginner,8,java-mcqs-character-extraction,1,medium,Java,True,intermediate,0.8175837105477836,0.18209220194985948,0.8175837105477836,0.0003240875023569902,False,random
40,beginner,9,java-mcqs-exception-types,4,hard,Java,False,beginner,0.6071838455098105,0.6071838455098105,0.39279221817951604,2.3936310673448643e-05,True,random
40,beginner,10,javascript-mcqs-pattern-matching-regular-expressions,15,hard,Java,False,beginner,0.8132199995219008,0.8132199995219008,0.18677470148336875,5.298994730390311e-06,True,random
40,beginner,11,java-questions-answers-experienced,9,easy,Java,False,beginner,0.661502461064954,0.661502461064954,0.33847342185703644,2.4117078009662955e-05,True,random
40,beginner,12,java-mcqs-method-overriding,8,hard,Java,False,beginner,0.8320660182297348,0.8320660182297348,0.16792922580943787,4.755960827222129e-06,True,random
40,beginner,13,javascript-mcqs-closures,10,hard,Java,False,beginner,0.9679284122305044,0.9679284122305044,0.0320714672987311,1.204707644057866e-07,True,random
40,beginner,14,java-mcqs-seraching-modifying-string,2,medium,Java,True,beginner,0.8898903799890938,0.8898903799890938,0.11010778287428367,1.8371366225206498e-06,True,random
40,beginner,15,java-questions-answers-control-statements,7,hard,Java,False,beginner,0.93878678944334,0.93878678944334,0.061212637334257664,5.732224023366967e-07,True,random
40,beginner,16,java-questions-answers-heap-garbage-collection,6,medium,Java,False,beginner,0.9750948217082334,0.9750948217082334,0.024905114853236716,6.343852978667183e-08,True,random
40,beginner,17,javascript-questions-answers-freshers,1,medium,Java,True,beginner,0.9668193224958811,0.9668193224958811,0.03318058904720684,8.845691206605121e-08,True,random
40,beginner,18,java-questions-answers-entrance-exams,1,medium,Java,False,beginner,0.9868263218012366,0.9868263218012366,0.013173667479463162,1.0719300336674751e-08,True,random
40,beginner,19,java-questions-answers-aptitude-test,3,easy,Java,False,beginner,0.9794352170767048,0.9794352170767048,0.020564755778585058,2.714471019230625e-08,True,random
40,beginner,20,java-questions-answers-java8-features,1,hard,Java,False,beginner,0.9804795717391585,0.9804795717391585,0.01952040653834963,2.172249193083162e-08,True,random
223,advanced,1,discrete-mathematics-questions-answers-prime-numbers,1,easy,Discrete Mathematics,True,advanced,0.9907911996722124,7.275994228001244e-08,0.00920872756784524,0.9907911996722124,True,random
223,advanced,2,discrete-mathematics-questions-answers-pigeonhole-principle,1,hard,Discrete Mathematics,False,advanced,0.9999668684129782,1.2182472318885814e-11,3.313157483936357e-05,0.9999668684129782,True,random
223,advanced,3,discrete-mathematics-mcqs-applications-number-theory,2,easy,Discrete Mathematics,True,advanced,0.9999728619851019,3.1017600321441824e-12,2.7138011796479856e-05,0.9999728619851019,True,random
223,advanced,4,discrete-mathematics-mcqs-sets,1,easy,Discrete Mathematics,True,advanced,0.999904781197738,1.90748802201409e-11,9.521878318706954e-05,0.999904781197738,True,random
223,advanced,5,discrete-mathematics-questions-answers-campus-interviews,8,hard,Discrete Mathematics,True,advanced,0.9996485127704249,4.31466109228949e-10,0.0003514867981089776,0.9996485127704249,True,random
223,advanced,6,discrete-mathematics-questions-answers-counting-functions,10,easy,Discrete Mathematics,False,advanced,0.9997285916048346,4.4532054148778803e-10,0.0002714079498447533,0.9997285916048346,True,random
223,advanced,7,discrete-mathematics-problems,5,medium,Discrete Mathematics,True,advanced,0.9999042423488843,1.853781128574875e-11,9.575763257788794e-05,0.9999042423488843,True,random
223,advanced,8,discrete-mathematics-questions-answers-quiz,5,hard,Discrete Mathematics,False,advanced,0.9986505142247303,2.7507326123268085e-09,0.0013494830245370012,0.9986505142247303,True,random
223,advanced,9,discrete-mathematics-questions-answers-minimization-boolean-functions,7,hard,Discrete Mathematics,True,advanced,0.9984567423702507,3.901205311909741e-09,0.001543253728544007,0.9984567423702507,True,random
223,advanced,10,discrete-mathematics-questions-answers-ciphers,9,easy,Discrete Mathematics,True,advanced,0.9988352309074257,1.6396145187772256e-09,0.0011647674529598954,0.9988352309074257,True,random
223,advanced,11,discrete-mathematics-questions-answers-mcqs,1,medium,Discrete Mathematics,True,advanced,0.9986936461762872,1.6642333878112009e-09,0.0013063521594794104,0.9986936461762872,True,random
223,advanced,12,discrete-mathematics-questions-answers-spanning-trees,4,hard,Discrete Mathematics,False,advanced,0.9986080454377786,2.606053890184992e-09,0.0013919519561675802,0.9986080454377786,True,random
223,advanced,13,discrete-mathematics-problems,6,easy,Discrete Mathematics,True,advanced,0.9992637516835926,7.070500226430637e-10,0.0007362476093574725,0.9992637516835926,True,random
223,advanced,14,discrete-mathematics-questions-answers-logic-circuits,3,medium,Discrete Mathematics,True,advanced,0.9990377360913619,9.826609589881126e-10,0.00096226292597714,0.9990377360913619,True,random
223,advanced,15,discrete-mathematics-questions-answers-subgroups,3,hard,Discrete Mathematics,True,advanced,0.9988516012840227,1.4130452411913844e-09,0.0011483973029319684,0.9988516012840227,True,random
223,advanced,16,discrete-mathematics-questions-answers-inference,3,medium,Discrete Mathematics,True,advanced,0.9979474753661557,2.9382159389975803e-09,0.0020525216956283512,0.9979474753661557,True,random
223,advanced,17,discrete-mathematics-questions-answers-nested-quantifiers,8,hard,Discrete Mathematics,False,advanced,0.9957893396878935,1.6145453602684577e-08,0.004210644166652971,0.9957893396878935,True,random
223,advanced,18,discrete-mathematics-questions-bank,8,easy,Discrete Mathematics,True,advanced,0.9969406992770166,7.940266141838894e-09,0.0030592927827174064,0.9969406992770166,True,random
223,advanced,19,discrete-mathematics-questions-answers-properties-tree,3,medium,Discrete Mathematics,False,advanced,0.9948040134419456,2.2916320162295947e-08,0.005195963641734195,0.9948040134419456,True,random
223,advanced,20,discrete-mathematics-questions-answers-recursion,4,easy,Discrete Mathematics,True,advanced,0.9960052403231631,1.383599949776006e-08,0.003994745840837426,0.9960052403231631,True,random
11,beginner,1,python-questions-answers-lists-6,2,hard,Python,False,beginner,0.9999474483060182,0.9999474483060182,5.25516939535856e-05,2.813301899569989e-14,True,random
11,beginner,2,python-questions-answers-list-comprehension,10,hard,Python,False,beginner,0.9999560484663734,0.9999560484663734,4.395153360880873e-05,1.768344339927784e-14,True,random
11,beginner,3,python-questions-answers-freshers,1,medium,Python,False,beginner,0.9975413218115812,0.9975413218115812,0.0024586781641443216,2.4274591931744476e-11,True,random
11,beginner,4,python-questions-answers-regular-expressions,5,hard,Python,False,beginner,0.9999781264036413,0.9999781264036413,2.187359635804824e-05,6.204507081025668e-16,True,random
11,beginner,5,python-questions-answers-sys-module,5,medium,Python,False,beginner,0.9998097522380145,0.9998097522380145,0.00019024776192470472,6.085832152049373e-14,True,random
11,beginner,6,python-questions-answers-formatting-2,3,hard,Python,False,beginner,0.9995458529491046,0.9995458529491046,0.0004541470503634942,5.319726063012319e-13,True,random
11,beginner,7,python-mcqs-core-datatypes,3,medium,Python,True,beginner,0.9978201492138128,0.9978201492138128,0.002179850758010941,2.8176324187388375e-11,True,random
11,beginner,8,python-questions-answers-sys-module,10,medium,Python,False,beginner,0.9976499485239936,0.9976499485239936,0.0023500514560327508,1.9973607938250468e-11,True,random
11,beginner,9,python-questions-answers-built-in-functions-3,2,hard,Python,False,beginner,0.9971038704341788,0.9971038704341788,0.0028961295352114805,3.0609701580737394e-11,True,random
11,beginner,10,python-online-test,5,medium,Python,False,beginner,0.9914202380941932,0.9914202380941932,0.008579761575461685,3.303451172668456e-10,True,random
11,beginner,11,python-questions-answers-polymorphism,1,hard,Python,False,beginner,0.9961902319210433,0.9961902319210433,0.0038097680237232407,5.5233467978962075e-11,True,random
11,beginner,12,python-developer-interview-questions-answers,2,easy,Python,False,beginner,0.9998166721436118,0.9998166721436118,0.00018332785621707971,1.711269145136024e-13,True,random
11,beginner,13,python-multiple-choice-questions-answers,7,medium,Python,True,beginner,0.9995202082793082,0.9995202082793082,0.0004797917186549268,2.0370222665443407e-12,True,random
11,beginner,14,python-programming-questions-answers,3,medium,Python,False,beginner,0.9997663604267378,0.9997663604267378,0.0002336395727692855,4.927945745491084e-13,True,random
11,beginner,15,python-questions-answers-classes-objects-2,7,easy,Python,False,beginner,0.9992751042229797,0.9992751042229797,0.000724895771706144,5.314059729840852e-12,True,random
11,beginner,16,python-questions-answers-list-comprehension-2,4,medium,Python,False,beginner,0.9992960026739208,0.9992960026739208,0.0007039973215506295,4.528481953440745e-12,True,random
11,beginner,17,python-questions-answers-classes-objects-2,13,easy,Python,True,beginner,0.9970310822370262,0.9970310822370262,0.0029689175530401434,2.0993382736291607e-10,True,random
11,beginner,18,python-questions-answers-exception-handling-3,7,hard,Python,False,beginner,0.9975271089429643,0.9975271089429643,0.0024728909107024966,1.4633312621728205e-10,True,random
11,beginner,19,python-questions-answers-dictionary-4,8,easy,Python,False,beginner,0.9968725592725932,0.9968725592725932,0.0031274405277973007,1.9960970950125054e-10,True,random
11,beginner,20,python-questions-answers-bitwise-2,8,hard,Python,False,beginner,0.9957756431233407,0.9957756431233407,0.004224356503320521,3.733389875027129e-10,True,random
155,intermediate,1,operating-system-mcqs-process-scheduling-queue,14,hard,Operating Systems,True,intermediate,0.9322131129406007,0.06686179516546761,0.9322131129406007,0.0009250918939316583,True,random
155,intermediate,2,operating-system-mcqs-atomic-transactions,4,easy,Operating Systems,False,intermediate,0.6057831174343337,0.003521517328392339,0.6057831174343337,0.39069536523727405,True,random
155,intermediate,3,operating-system-mcqs-file-system-recovery,1,medium,Operating Systems,True,intermediate,0.8932297990880393,0.004083334868130857,0.8932297990880393,0.10268686604382979,True,random
155,intermediate,4,operating-system-mcqs-deadlock-detection,3,medium,Operating Systems,False,intermediate,0.8216067063500974,0.0025944105276879824,0.8216067063500974,0.17579888312221478,True,random
155,intermediate,5,operating-system-mcqs-semaphores-1,13,hard,Operating Systems,True,intermediate,0.6969847302199375,0.3026164691937651,0.6969847302199375,0.00039880058629748933,True,random
155,intermediate,6,operating-system-mcqs-file-system-interface-access-methods-2,9,medium,Operating Systems,False,intermediate,0.6381167330586317,0.3616046802550446,0.6381167330586317,0.00027858668632374436,True,random
155,intermediate,7,operating-system-questions-answers,31,easy,Operating Systems,False,intermediate,0.8130911326739882,0.18587530688652595,0.8130911326739882,0.0010335604394858388,True,random
155,intermediate,8,operating-system-mcqs-threads-ult-klt,6,hard,Operating Systems,False,intermediate,0.8314394507913403,0.16788776616824644,0.8314394507913403,0.0006727830404133372,True,random
155,intermediate,9,operating-system-mcqs-threads-ult-klt,12,hard,Operating Systems,False,intermediate,0.8261820839798698,0.17338882669839953,0.8261820839798698,0.0004290893217306629,True,random
155,intermediate,10,operating-system-mcqs-process-scheduling-queue,6,hard,Operating Systems,True,intermediate,0.7254502591079907,0.2743926701660119,0.7254502591079907,0.00015707072599737743,True,random
155,intermediate,11,operating-system-mcqs-security-user-authentication,8,hard,Operating Systems,False,beginner,0.6148888389145475,0.6148888389145475,0.3850967576057824,1.4403479670054735e-05,False,random
155,intermediate,12,operating-system-mcqs-semaphores-1,11,hard,Operating Systems,False,beginner,0.706310850964155,0.706310850964155,0.2936832975968089,5.85143903606914e-06,False,random
155,intermediate,13,operating-system-questions-answers-memory-management,2,easy,Operating Systems,True,intermediate,0.7165110214233837,0.28330449074723807,0.7165110214233837,0.0001844878293782331,True,random
155,intermediate,14,operating-system-mcqs-multimedia-system-CPU-disk-scheduling,7,medium,Operating Systems,True,intermediate,0.8663407417967791,0.1329819935715255,0.8663407417967791,0.0006772646316953503,True,random
155,intermediate,15,operating-system-mcqs-security-user-authentication,10,medium,Operating Systems,True,intermediate,0.8703246561058046,0.129032347742239,0.8703246561058046,0.0006429961519564276,True,random
155,intermediate,16,operating-system-questions-answers-processes,5,medium,Operating Systems,False,intermediate,0.8164153831161586,0.18309785031566106,0.8164153831161586,0.0004867665681803833,True,random
155,intermediate,17,operating-system-mcqs-file-system-interface-access-methods-1,6,medium,Operating Systems,False,intermediate,0.7624541431909388,0.23726186638175578,0.7624541431909388,0.0002839904273054204,True,random
155,intermediate,18,operating-system-questions-answers-file-system-implementation,6,easy,Operating Systems,True,intermediate,0.8938519952006987,0.10482982295158924,0.8938519952006987,0.001318181847712076,True,random
155,intermediate,19,operating-system-mcqs-file-system-interface-access-methods-2,8,easy,Operating Systems,True,intermediate,0.946743125572632,0.04963681622012881,0.946743125572632,0.0036200582072392663,True,random
155,intermediate,20,operating-system-questions-answers-distributed-synchronization,7,medium,Operating Systems,False,intermediate,0.9294214635442617,0.06787590271613002,0.9294214635442617,0.002702633739608282,True,random
292,advanced,1,discrete-mathematics-questions-answers-aptitude-test,7,easy,Discrete Mathematics,False,advanced,0.9999802549253125,1.0569598724778938e-10,1.9744968991537768e-05,0.9999802549253125,True,random
292,advanced,2,discrete-mathematics-questions-answers-interconversion-gates,7,hard,Discrete Mathematics,False,advanced,0.9822760793675183,5.028497561433454e-06,0.017718892134920262,0.9822760793675183,True,random
292,advanced,3,discrete-mathematics-questions-answers-types-relations,1,hard,Discrete Mathematics,True,advanced,0.8784518742466119,6.242621388620168e-05,0.1214856995395018,0.8784518742466119,True,random
292,advanced,4,discrete-mathematics-questions-answers-venn-diagram,3,medium,Discrete Mathematics,True,advanced,0.9886458669843079,1.306317172739429e-07,0.011354002383974705,0.9886458669843079,True,random
292,advanced,5,discrete-mathematics-questions-answers-fundamental-principle-counting,5,medium,Discrete Mathematics,True,advanced,0.9889671823115803,7.604666181078602e-08,0.011032741641757953,0.9889671823115803,True,random
292,advanced,6,discrete-mathematics-mcqs-growth-functions,10,medium,Discrete Mathematics,False,advanced,0.9734198556948185,5.499519809664486e-07,0.026579594353200627,0.9734198556948185,True,random
292,advanced,7,discrete-mathematics-written-test-questions-answers,4,easy,Discrete Mathematics,True,advanced,0.99811410407082,5.8763055365228875e-09,0.00188589005287453,0.99811410407082,True,random
292,advanced,8,discrete-mathematics-questions-answers-group-theory,4,medium,Discrete Mathematics,True,advanced,0.9981889131185036,4.710264144072321e-09,0.0018110821712323398,0.9981889131185036,True,random
292,advanced,9,discrete-mathematics-questions-answers-harmonic-sequences,9,medium,Discrete Mathematics,False,advanced,0.9977404351145677,1.024217879570853e-08,0.0022595546432534596,0.9977404351145677,True,random
292,advanced,10,discrete-mathematics-questions-answers-quiz,4,hard,Discrete Mathematics,False,advanced,0.9920717223365604,9.428175009891674e-08,0.00792818338168965,0.9920717223365604,True,random
292,advanced,11,discrete-mathematics-questions-answers-propositions,6,hard,Discrete Mathematics,False,advanced,0.9517450486961162,2.703952142442929e-06,0.048252247351741495,0.9517450486961162,True,random
292,advanced,12,discrete-mathematics-mcqs-functions,8,easy,Discrete Mathematics,True,advanced,0.9825350939640265,4.6168935755731787e-07,0.017464444346615964,0.9825350939640265,True,random
292,advanced,13,discrete-mathematics-questions-answers-ciphers,9,easy,Discrete Mathematics,False,advanced,0.9818257332096275,4.704708673194988e-07,0.018173796319505026,0.9818257332096275,True,random
292,advanced,14,discrete-mathematics-questions-answers-logic-circuits,1,hard,Discrete Mathematics,False,advanced,0.9646070142850471,1.7783098159465673e-06,0.03539120740513688,0.9646070142850471,True,random
292,advanced,15,discrete-mathematics-questions-answers-floor-ceiling-function,10,easy,Discrete Mathematics,False,advanced,0.9655249665722878,1.4880214935615842e-06,0.03447354540621866,0.9655249665722878,True,random
292,advanced,16,discrete-mathematics-questions-answers-closure-relations,1,medium,Discrete Mathematics,True,advanced,0.9744487564247004,8.247902136229659e-07,0.025550418785086022,0.9744487564247004,True,random
292,advanced,17,discrete-mathematics-questions-answers-nested-quantifiers,3,hard,Discrete Mathematics,False,advanced,0.9625379480912435,1.838221050123338e-06,0.03746021368770635,0.9625379480912435,True,random
292,advanced,18,discrete-mathematics-questions-answers-geometric-sequences,7,medium,Discrete Mathematics,True,advanced,0.9684525511208408,1.1800948602096598e-06,0.031546268784298906,0.9684525511208408,True,random
292,advanced,19,discrete-mathematics-questions-answers-circular-permutations,4,medium,Discrete Mathematics,True,advanced,0.9672950348383399,1.0204728909099443e-06,0.03270394468876923,0.9672950348383399,True,random
292,advanced,20,discrete-mathematics-questions-answers-floor-ceiling-function,1,easy,Discrete Mathematics,True,advanced,0.9796960946191523,3.703569916676365e-07,0.020303535023855963,0.9796960946191523,True,random
116,intermediate,1,python-multiple-choice-questions-answers,7,medium,Python,False,advanced,0.9568351618148679,2.528694430500609e-06,0.04316230949070161,0.9568351618148679,False,random
116,intermediate,2,python-quiz,5,medium,Python,False,advanced,0.8935073269351655,1.2946880610521179e-05,0.10647972618422395,0.8935073269351655,False,random
116,intermediate,3,python-questions-answers-sys-module,6,medium,Python,False,intermediate,0.6962370159608252,0.000868866421585502,0.6962370159608252,0.3028941176175894,True,random
116,intermediate,4,python-questions-answers-built-in-functions-3,2,hard,Python,False,advanced,0.7188534640042326,2.4232007137530222e-05,0.28112230398862986,0.7188534640042326,False,random
116,intermediate,5,python-questions-answers-datetime-module-1,4,hard,Python,False,intermediate,0.8723927607854761,0.000803999722999923,0.8723927607854761,0.12680323949152392,True,random
116,intermediate,6,python-questions-answers-regular-expressions-1,5,medium,Python,False,intermediate,0.9414145883751445,0.001559763348533367,0.9414145883751445,0.057025648276322186,True,random
116,intermediate,7,python-programming-interview-questions-answers,4,medium,Python,False,intermediate,0.8407278714927916,0.00046933185875459046,0.8407278714927916,0.15880279664845373,True,random
116,intermediate,8,python-questions-answers-inheritance-1,4,hard,Python,False,intermediate,0.9201272610043821,0.0009095752303323069,0.9201272610043821,0.07896316376528552,True,random
116,intermediate,9,python-questions-answers-precedence-associativity-2,7,medium,Python,False,intermediate,0.9115691053615123,0.0007545324662676295,0.9115691053615123,0.08767636217222012,True,random
116,intermediate,10,python-mcqs-basic-operators,2,easy,Python,False,intermediate,0.96324018892294,0.03481439011049895,0.96324018892294,0.0019454209665610417,True,random
116,intermediate,11,python-questions-answers-exception-handling-3,7,hard,Python,False,intermediate,0.9424652089026273,0.05652566971724466,0.9424652089026273,0.0010091213801280466,True,random
116,intermediate,12,python-puzzles,4,easy,Python,False,intermediate,0.9661478355798793,0.03207098413383077,0.9661478355798793,0.0017811802862899163,True,random
116,intermediate,13,python-multiple-choice-questions-answers,5,hard,Python,False,intermediate,0.9100983315187884,0.08944228282614212,0.9100983315187884,0.0004593856550694475,True,random
116,intermediate,14,python-questions-answers-sys-module,10,medium,Python,False,intermediate,0.9233916758472388,0.07601065486294632,0.9233916758472388,0.0005976692898148787,True,random
116,intermediate,15,python-online-test,2,medium,Python,False,intermediate,0.9593513412538345,0.039356068462717234,0.9593513412538345,0.0012925902834484452,True,random
116,intermediate,16,python-scripting-interview-questions-answers,8,easy,Python,False,intermediate,0.9664584211023534,0.03208467548899988,0.9664584211023534,0.0014569034086467372,True,random
116,intermediate,17,python-mcqs-strings-1,5,easy,Python,False,intermediate,0.9730936020982071,0.025051305265155793,0.9730936020982071,0.0018550926366371556,True,random
116,intermediate,18,python-questions-answers-dictionary-4,8,easy,Python,True,intermediate,0.9523167462991102,0.005611363883516734,0.9523167462991102,0.04207188981737304,True,random
116,intermediate,19,python-questions-answers-freshers,1,medium,Python,False,intermediate,0.951397240405816,0.005798112663401322,0.951397240405816,0.04280464693078266,True,random
116,intermediate,20,python-programming-questions-answers,3,medium,Python,True,intermediate,0.9381223963195084,0.005251677386253316,0.9381223963195084,0.05662592629423835,True,random
43,beginner,1,data-structure-questions-answers-xor-linked-list,6,hard,Data Structures,False,beginner,0.9999869087079875,0.9999869087079875,1.309129201132972e-05,1.1085602394372528e-15,True,random
43,beginner,2,data-structure-questions-answers-power-number-recursion-logn-time,8,medium,Data Structures,False,beginner,0.9999790814877685,0.9999790814877685,2.091851223103118e-05,5.203543587409919e-16,True,random
43,beginner,3,data-structure-questions-answers-counting-boolean-parenthesizations,1,hard,Data Structures,False,beginner,0.9999999077326563,0.9999999077326563,9.226734365467363e-08,2.5332924003718847e-21,True,random
43,beginner,4,data-structure-questions-answers-graph,4,easy,Data Structures,True,beginner,0.9999996205768517,0.9999996205768517,3.7942314838107306e-07,8.74192552175655e-19,True,random
43,beginner,5,data-structure-questions-answers-queue-linked-list,3,medium,Data Structures,True,beginner,0.9999974480528137,0.9999974480528137,2.5519471864618552e-06,5.4537877180316745e-17,True,random
43,beginner,6,data-structure-questions-answers-longest-increasing-subsequence,3,easy,Data Structures,True,beginner,0.9999681418624116,0.9999681418624116,3.185813758280369e-05,5.475628972141207e-15,True,random
43,beginner,7,data-structure-questions-answers-free-list,7,hard,Data Structures,True,beginner,0.9998830060405123,0.9998830060405123,0.00011699395931255529,1.7515272137169e-13,True,random
43,beginner,8,1000-data-structure-questions-answers,9,hard,Data Structures,False,beginner,0.99996590802346,0.99996590802346,3.409197651653026e-05,2.3606735492480124e-14,True,random
43,beginner,9,java-questions-answers-data-structures-list,7,easy,Data Structures,False,beginner,0.9998142983672157,0.9998142983672157,0.00018570163226201017,5.222690509300603e-13,True,random
43,beginner,10,data-structure-questions-answers-xor-linked-list,1,medium,Data Structures,False,beginner,0.9993879543953007,0.9993879543953007,0.000612045598355849,6.3435650507906915e-12,True,random
43,beginner,11,data-structure-questions-answers-dynamic-array,12,hard,Data Structures,False,beginner,0.9998870279763238,0.9998870279763238,0.0001129720235203013,1.5583539253780684e-13,True,random
43,beginner,12,data-structure-questions-answers-search-element-array-recursion-1,6,hard,Data Structures,False,beginner,0.999939086812474,0.999939086812474,6.091318747595434e-05,4.996363670044812e-14,True,random
43,beginner,13,data-structure-questions-answers-fibonacci-search,7,easy,Data Structures,True,beginner,0.9997134238981653,0.9997134238981653,0.0002865760998844921,1.950170853554113e-12,True,random
43,beginner,14,data-structure-questions-answers-incidence-matrix-graph-structured-stack,9,easy,Data Structures,True,beginner,0.9991254519552446,0.9991254519552446,0.0008745480225318086,2.2223616620366578e-11,True,random
43,beginner,15,data-structure-questions-answers-longest-increasing-subsequence,7,hard,Data Structures,False,beginner,0.9994369349774452,0.9994369349774452,0.0005630650124537919,1.0100801570208554e-11,True,random
43,beginner,16,data-structure-questions-answers-incidence-matrix-graph-structured-stack,11,easy,Data Structures,True,beginner,0.9991719457519364,0.9991719457519364,0.0008280542285293867,1.953427354366644e-11,True,random
43,beginner,17,data-structure-questions-answers-pancake-sort,3,hard,Data Structures,False,beginner,0.9994387465234654,0.9994387465234654,0.00056125346781606,8.71854079680265e-12,True,random
43,beginner,18,data-structure-questions-answers-direct-addressing-tables,2,medium,Data Structures,False,beginner,0.9995274125143192,0.9995274125143192,0.00047258747889164363,6.789181797799378e-12,True,random
43,beginner,19,data-structure-questions-answers-minimum-number-jumps,4,easy,Data Structures,True,beginner,0.9988679395712945,0.9988679395712945,0.0011320603833248728,4.5380603780720516e-11,True,random
43,beginner,20,data-structure-questions-answers-evaluation-infix-expression-not-parenthesized,7,easy,Data Structures,True,beginner,0.9977923900335488,0.9977923900335488,0.0022076097691879027,1.9726346299615024e-10,True,random
123,intermediate,1,data-structure-questions-answers-reverse-word-stack,5,easy,Data Structures,True,intermediate,0.9450536358322145,0.03331243144065858,0.9450536358322145,0.02163393272712695,True,random
123,intermediate,2,data-structure-questions-answers-matrix-chain-multiplication,1,medium,Data Structures,True,beginner,0.6353796055003781,0.6353796055003781,0.36460438717016963,1.600732945228174e-05,False,random
123,intermediate,3,data-structure-questions-answers-propositional-directed-acyclic-word-graph,5,medium,Data Structures,True,beginner,0.9348932111314889,0.9348932111314889,0.0651066058493942,1.8301911692861284e-07,False,random
123,intermediate,4,data-structure-questions-answers-array-array-operations,1,easy,Data Structures,True,intermediate,0.6124476637463812,0.38748413673301263,0.6124476637463812,6.819952060620755e-05,True,random
123,intermediate,5,data-structure-questions-answers-heap,7,medium,Data Structures,True,intermediate,0.562949799543898,0.43700547898505926,0.562949799543898,4.472147104272856e-05,True,random
123,intermediate,6,data-structure-questions-answers-stack-operations,5,medium,Data Structures,True,beginner,0.6082705570288791,0.6082705570288791,0.39171951180019265,9.93117092809777e-06,False,random
123,intermediate,7,data-structure-questions-answers-threaded-binary-tree,6,medium,Data Structures,False,beginner,0.7855706869513439,0.7855706869513439,0.21442535595554058,3.9570931155415966e-06,False,random
123,intermediate,8,data-structure-questions-answers-edit-distance-problem,3,medium,Data Structures,True,beginner,0.8363225848893299,0.8363225848893299,0.16367477300273547,2.642107934651313e-06,False,random
123,intermediate,9,data-structure-questions-answers-incidence-matrix-graph-structured-stack,7,medium,Data Structures,True,beginner,0.6831697628788568,0.6831697628788568,0.3168182107874711,1.2026333672160036e-05,False,random
123,intermediate,10,data-structure-interview-questions-answers-freshers,8,hard,Data Structures,False,intermediate,0.7621885652043837,0.2377318689083395,0.7621885652043837,7.95658872767587e-05,True,random
123,intermediate,11,data-structure-questions-answers-weight-balanced-tree,4,medium,Data Structures,False,intermediate,0.8618945953755235,0.1379286470388458,0.8618945953755235,0.00017675758563078325,True,random
123,intermediate,12,java-questions-answers-data-structures-hashmap,8,easy,Data Structures,True,intermediate,0.9606314676976093,0.03847561066611145,0.9606314676976093,0.0008929216362793011,True,random
123,intermediate,13,data-structure-questions-answers-longest-palindromic-subsequence,3,hard,Data Structures,True,intermediate,0.9345555715933357,0.06415345618737006,0.9345555715933357,0.0012909722192942156,True,random
123,intermediate,14,data-structure-questions-answers-dynamic-array,10,easy,Data Structures,True,intermediate,0.9642470905799154,0.03316485435562601,0.9642470905799154,0.002588055064458711,True,random
123,intermediate,15,data-structure-interview-questions-answers-freshers,3,easy,Data Structures,False,intermediate,0.9605030398600999,0.03733041527423847,0.9605030398600999,0.002166544865661745,True,random
123,intermediate,16,data-structure-questions-answers-parallel-array,2,medium,Data Structures,True,intermediate,0.9595343791444155,0.03862453344437892,0.9595343791444155,0.0018410874112054908,True,random
123,intermediate,17,data-structure-interview-questions-answers,8,easy,Data Structures,False,intermediate,0.9711475439699107,0.026331885070173606,0.9711475439699107,0.002520570959915688,True,random
123,intermediate,18,data-structure-questions-answers-bit-array,7,hard,Data Structures,False,intermediate,0.9515066373594604,0.04760087166335465,0.9515066373594604,0.0008924909771849832,True,random
123,intermediate,19,data-structure-questions-answers-longest-common-subsequence,2,easy,Data Structures,True,intermediate,0.9749791394932691,0.022624767185239966,0.9749791394932691,0.002396093321490893,True,random
123,intermediate,20,java-questions-answers-data-structures-set,6,hard,Data Structures,False,intermediate,0.9615323714665681,0.03747367159028462,0.9615323714665681,0.000993956943147189,True,random
251,advanced,1,data-structure-questions-answers-binomial-fibonacci-heap,8,easy,Data Structures,True,advanced,0.994635593264081,1.3619273894479242e-07,0.005364270543179994,0.994635593264081,True,random
251,advanced,2,data-structure-questions-answers-power-number-recursion-logn-time,1,hard,Data Structures,False,advanced,0.9014011376828911,2.5575295425157578e-05,0.0985732870216836,0.9014011376828911,True,random
251,advanced,3,data-structure-questions-answers-evaluation-infix-expression-not-parenthesized,7,easy,Data Structures,True,advanced,0.9830961450749637,6.082225929059657e-07,0.016903246702443562,0.9830961450749637,True,random
251,advanced,4,java-questions-answers-data-structures-hashmap,6,easy,Data Structures,True,advanced,0.9945223536383138,4.8717269482225686e-08,0.005477597644416704,0.9945223536383138,True,random
251,advanced,5,data-structure-questions-answers-reverse-word-stack,5,easy,Data Structures,True,advanced,0.9957559648872065,2.8235675397360577e-08,0.004244006877118068,0.9957559648872065,True,random
251,advanced,6,data-structure-questions-answers-free-list,2,easy,Data Structures,True,advanced,0.9979525217738364,7.173421465086791e-09,0.0020474710527420377,0.9979525217738364,True,random
251,advanced,7,data-structure-questions-answers-fibonacci-recursion,12,hard,Data Structures,False,advanced,0.9589011725643761,3.2206389841882083e-06,0.04109560679663965,0.9589011725643761,True,random
251,advanced,8,data-structure-questions-answers-evaluation-infix-expression-not-parenthesized,3,easy,Data Structures,True,advanced,0.984010184834183,5.787995418894844e-07,0.015989236366275163,0.984010184834183,True,random
251,advanced,9,data-structure-questions-answers-search-element-array-recursion-1,1,medium,Data Structures,False,advanced,0.9468335383525686,1.3893831251592717e-06,0.05316507226430628,0.9468335383525686,True,random
251,advanced,10,data-structure-questions-answers-skip-list,8,medium,Data Structures,True,advanced,0.9885069603871185,9.949608899278563e-08,0.011492940116792468,0.9885069603871185,True,random
251,advanced,11,data-structure-questions-answers-counting-boolean-parenthesizations,1,hard,Data Structures,False,advanced,0.9813345002381728,2.6676506358014926e-07,0.018665232996763797,0.9813345002381728,True,random
251,advanced,12,data-structure-questions-answers-longest-palindromic-subsequence,4,easy,Data Structures,True,advanced,0.9872872102070083,1.318251666612371e-07,0.012712657967824973,0.9872872102070083,True,random
251,advanced,13,data-structure-questions-answers-binary-trees-array,2,medium,Data Structures,False,advanced,0.9809468490189208,2.728405853912116e-07,0.01905287814049377,0.9809468490189208,True,random
251,advanced,14,data-structure-questions-answers-pancake-sort,10,hard,Data Structures,False,advanced,0.9719458038120284,4.3194391066971394e-07,0.028053764244060773,0.9719458038120284,True,random
251,advanced,15,data-structure-questions-answers-queue-linked-list,3,medium,Data Structures,True,advanced,0.9868693726857425,1.1143589320287248e-07,0.013130515878364278,0.9868693726857425,True,random
251,advanced,16,data-structure-questions-answers-binary-trees-linked-lists,8,hard,Data Structures,False,advanced,0.974924125052482,4.359596158241082e-07,0.025075438987902095,0.974924125052482,True,random
251,advanced,17,data-structure-questions-answers-heap,6,medium,Data Structures,True,advanced,0.9877841234900738,1.1306946587705526e-07,0.012215763440460246,0.9877841234900738,True,random
251,advanced,18,data-structure-questions-answers-fibonacci-search,6,easy,Data Structures,True,advanced,0.9903168843485779,6.408017091347273e-08,0.009683051571251175,0.9903168843485779,True,random
251,advanced,19,data-structure-questions-answers-dynamic-array,14,hard,Data Structures,False,advanced,0.9884346620250688,1.0670035294074199e-07,0.011565231274578334,0.9884346620250688,True,random
251,advanced,20,data-structure-questions-answers-stack-array,6,hard,Data Structures,False,advanced,0.9857614947331492,1.5397784140936674e-07,0.014238351289009327,0.9857614947331492,True,random
271,advanced,1,java-mcqs-try-and-catch,2,hard,Java,True,intermediate,0.9038846740656774,3.936641560526628e-05,0.9038846740656774,0.09607595951871727,False,random
271,advanced,2,java-questions-answers-experienced,6,hard,Java,True,intermediate,0.9540522905738436,7.108520806875083e-05,0.9540522905738436,0.04587662421808771,False,random
271,advanced,3,java-mcqs-url-class,3,easy,Java,True,intermediate,0.5750207427807917,4.0465127156781455e-05,0.5750207427807917,0.42493879209205154,False,random
271,advanced,4,javascript-mcqs-scripted-media,13,hard,Java,True,intermediate,0.9196657419370118,0.00029274118126392337,0.9196657419370118,0.08004151688172423,False,random
271,advanced,5,java-mcqs-system-class-advance,3,easy,Java,False,advanced,0.5791787620512984,3.080791019142229e-05,0.42079043003851,0.5791787620512984,True,random
271,advanced,6,javascript-mcqs-pattern-matching-regular-expressions,4,medium,Java,True,advanced,0.6362149973730588,7.906480295297047e-06,0.363777096146646,0.6362149973730588,True,random
271,advanced,7,javascript-questions-answers-mcqs,7,easy,Java,True,advanced,0.8472432654466024,1.208501988880793e-06,0.15275552605140863,0.8472432654466024,True,random
271,advanced,8,java-mcqs-exception-types,4,hard,Java,False,advanced,0.7377053690665326,4.674411308914228e-06,0.2622899565221585,0.7377053690665326,True,random
271,advanced,9,java-mcqs-command-line-arguments,3,easy,Java,False,advanced,0.8655876186678857,1.4749232580682447e-06,0.1344109064088562,0.8655876186678857,True,random
271,advanced,10,java-mcqs-remote-method-invocation,6,medium,Java,True,advanced,0.9144529342166963,5.991138233165043e-07,0.08554646666948044,0.9144529342166963,True,random
271,advanced,11,javascript-mcqs-scripting-documents,6,hard,Java,False,advanced,0.8470335194074324,2.254418353844887e-06,0.15296422617421365,0.8470335194074324,True,random
271,advanced,12,java-mcqs-http-response-urlconnection-class,5,medium,Java,True,advanced,0.8388351629386912,1.8726615867316828e-06,0.16116296439972203,0.8388351629386912,True,random
271,advanced,13,java-mcqs-random-and-local-classes,2,medium,Java,True,advanced,0.8213476614998477,1.7717060517138234e-06,0.17865056679410063,0.8213476614998477,True,random
271,advanced,14,java-questions-answers-entrance-exams,1,medium,Java,False,advanced,0.7336110451297825,6.273629207067423e-06,0.26638268124101055,0.7336110451297825,True,random
271,advanced,15,java-mcqs-double-float-wrappers,5,easy,Java,True,advanced,0.8614948397012598,1.5231034108210879e-06,0.13850363719532927,0.8614948397012598,True,random
271,advanced,16,javascript-mcqs-web-sockets,1,medium,Java,True,advanced,0.8398501627516808,1.5597226304768582e-06,0.1601482775256887,0.8398501627516808,True,random
271,advanced,17,javascript-mcqs-window-object,11,hard,Java,True,advanced,0.7781781251925889,2.88619553754292e-06,0.22181898861187357,0.7781781251925889,True,random
271,advanced,18,java-mcqs-remote-method-invocation,1,hard,Java,True,advanced,0.7563181043866306,3.302515270371354e-06,0.24367859309809908,0.7563181043866306,True,random
271,advanced,19,javascript-mcqs-getting-started-R-I,4,easy,Java,False,advanced,0.7939369208528193,3.4840486850138866e-06,0.2060595950984957,0.7939369208528193,True,random
271,advanced,20,java-mcqs-event-handling-basics,8,easy,Java,True,advanced,0.8721389646934912,1.290971796475008e-06,0.12785974433471256,0.8721389646934912,True,random
71,beginner,1,java-questions-answers-data-type-enums,3,hard,Java,False,advanced,0.6626247660954109,0.0006003415091712101,0.3367748923954179,0.6626247660954109,False,random
71,beginner,2,java-mcqs-method-overriding,8,hard,Java,False,beginner,0.9672632698147339,0.9672632698147339,0.03273638857262725,3.4161263882091044e-07,True,random
71,beginner,3,advanced-java-questions-answers-jsp-elements,3,easy,Java,False,beginner,0.9233142665539205,0.9233142665539205,0.07667777197396024,7.961472119292302e-06,True,random
71,beginner,4,javascript-mcqs-window-object,11,hard,Java,False,beginner,0.9997996651745313,0.9997996651745313,0.00020033481445669649,1.1011845204411805e-11,True,random
71,beginner,5,java-interview-questions-answers,5,hard,Java,True,beginner,0.9999028163120034,0.9999028163120034,9.718368694331257e-05,1.0532493851267389e-12,True,random
71,beginner,6,advanced-java-questions-answers-debugging-eclipse,6,easy,Java,False,beginner,0.9990128156523309,0.9990128156523309,0.0009871839704911933,3.7717797422832213e-10,True,random
71,beginner,7,java-basic-questions-answers,5,hard,Java,True,beginner,0.9995680931167664,0.9995680931167664,0.00043190684994235117,3.3291161278673084e-11,True,random
71,beginner,8,java-mcqs-event-handling-basics,8,easy,Java,True,beginner,0.9978223631912623,0.9978223631912623,0.002177636318747847,4.899898758510799e-10,True,random
71,beginner,9,java-mcqs-seraching-modifying-string,2,medium,Java,False,beginner,0.9925826880155133,0.9925826880155133,0.007417309954113843,2.030372843256847e-09,True,random
71,beginner,10,javascript-mcqs-error-handling-i,3,hard,Java,False,beginner,0.9952175843782277,0.9952175843782277,0.004782414900599246,7.211729795613842e-10,True,random
71,beginner,11,java-mcqs-url-class,5,medium,Java,False,beginner,0.9965549519654784,0.9965549519654784,0.003445047624488512,4.100332108676683e-10,True,random
71,beginner,12,javascript-mcqs-html-api,7,medium,Java,False,beginner,0.9947781374833502,0.9947781374833502,0.005221861151040949,1.36560906824739e-09,True,random
71,beginner,13,java-mcqs-constructors-garbage-collection,1,easy,Java,False,beginner,0.9892000180214586,0.9892000180214586,0.01079997577816426,6.20037709967181e-09,True,random
71,beginner,14,javascript-mcqs-pattern-matching-regular-expressions,15,hard,Java,True,beginner,0.9910287217306817,0.9910287217306817,0.008971274273527808,3.9957905182454405e-09,True,random
71,beginner,15,javascript-mcqs-webpagetest,2,medium,Java,False,beginner,0.9887870888604242,0.9887870888604242,0.011212903178336025,7.96123977917901e-09,True,random
71,beginner,16,java-mcqs-java-lang-introduction,4,easy,Java,False,beginner,0.966456182639495,0.966456182639495,0.033543723040299,9.432020609126197e-08,True,random
71,beginner,17,java-questions-answers-freshers-experienced,7,hard,Java,True,beginner,0.992206564307421,0.992206564307421,0.007793432223316581,3.469262413699055e-09,True,random
71,beginner,18,tough-java-questions-answers,9,medium,Java,False,beginner,0.9923911558865873,0.9923911558865873,0.007608839703955047,4.409457582690707e-09,True,random
71,beginner,19,advanced-java-questions-answers-design-patterns,1,medium,Java,False,beginner,0.9930066035692895,0.9930066035692895,0.006993392590403578,3.84030700132631e-09,True,random
71,beginner,20,java-questions-answers-online-quiz,2,easy,Java,True,beginner,0.9871430165269958,0.9871430165269958,0.012856970319635785,1.3153368612860402e-08,True,random
190,intermediate,1,operating-system-questions-answers-process-synchronization,3,hard,Operating Systems,False,beginner,0.9995847609872907,0.9995847609872907,0.0004152390056610454,7.048288059311599e-12,False,random
190,intermediate,2,operating-system-questions-answers-linux,7,hard,Operating Systems,False,beginner,0.9493170535242467,0.9493170535242467,0.05068260750617002,3.3896958344007797e-07,False,random
190,intermediate,3,operating-system-questions-answers-file-system-concepts,7,easy,Operating Systems,False,beginner,0.9455642316235164,0.9455642316235164,0.0544344656382578,1.3027382256826993e-06,False,random
190,intermediate,4,operating-system-questions-answers,23,easy,Operating Systems,True,intermediate,0.7665543530424335,0.231634392439034,0.7665543530424335,0.001811254518532675,True,random
190,intermediate,5,operating-system-mcqs-process-creation,6,hard,Operating Systems,False,intermediate,0.893034701073366,0.09779340402336092,0.893034701073366,0.009171894903272975,True,random
190,intermediate,6,operating-system-mcqs-application-io-interface-1,13,easy,Operating Systems,False,intermediate,0.9278602704501406,0.02780232451081274,0.9278602704501406,0.04433740503904663,True,random
190,intermediate,7,operating-system-question-answers-multimedia-systems,9,medium,Operating Systems,False,intermediate,0.9499027949145621,0.045209945500304716,0.9499027949145621,0.004887259585133228,True,random
190,intermediate,8,operating-system-mcqs-process-rpc,8,hard,Operating Systems,False,intermediate,0.9297786652679405,0.06624560644735022,0.9297786652679405,0.00397572828470933,True,random
190,intermediate,9,operating-system-mcqs-deadlock-prevention,11,medium,Operating Systems,True,intermediate,0.9335928132959923,0.060264312634537236,0.9335928132959923,0.00614287406947039,True,random
190,intermediate,10,operating-system-mcqs-semaphores-1,2,easy,Operating Systems,False,intermediate,0.9560802756896909,0.026561376839857133,0.9560802756896909,0.017358347470451917,True,random
190,intermediate,11,operating-system-mcqs-threads-ult-klt,12,hard,Operating Systems,False,intermediate,0.9285052311792539,0.06591602116456555,0.9285052311792539,0.005578747656180584,True,random
190,intermediate,12,operating-system-mcqs-semaphores-2,4,easy,Operating Systems,True,intermediate,0.9425395451866772,0.015028403691874713,0.9425395451866772,0.04243205112144811,True,random
190,intermediate,13,operating-system-mcqs-memory-management-paging-1,11,easy,Operating Systems,False,intermediate,0.9511310406218693,0.02204025447627921,0.9511310406218693,0.026828704901851404,True,random
190,intermediate,14,operating-system-questions-answers-linux,8,easy,Operating Systems,False,intermediate,0.9494908850568443,0.014171547733490645,0.9494908850568443,0.03633756720966495,True,random
190,intermediate,15,operating-system-mcqs-atomic-transactions,5,easy,Operating Systems,True,intermediate,0.9138157273731939,0.0071505583661879,0.9138157273731939,0.0790337142606181,True,random
190,intermediate,16,operating-system-questions-answers-cpu-scheduling,8,easy,Operating Systems,True,intermediate,0.8707816865847401,0.003950113562923023,0.8707816865847401,0.1252681998523368,True,random
190,intermediate,17,operating-system-mcqs-multi-threading-models,4,hard,Operating Systems,False,intermediate,0.93959867113658,0.012625461327091705,0.93959867113658,0.04777586753632823,True,random
190,intermediate,18,operating-system-mcqs-threads-ult-klt,6,hard,Operating Systems,False,intermediate,0.9556974640176584,0.023998576423263626,0.9556974640176584,0.020303959559077905,True,random
190,intermediate,19,operating-system-questions-answers-distributed-synchronization,4,medium,Operating Systems,False,intermediate,0.9541723680840141,0.03457456430857057,0.9541723680840141,0.011253067607415485,True,random
190,intermediate,20,operating-system-questions-answers-processes,5,medium,Operating Systems,True,intermediate,0.9532414365774341,0.02149199054756237,0.9532414365774341,0.025266572875003626,True,random
118,intermediate,1,python-questions-answers-advanced-formatting,7,medium,Python,False,beginner,0.9794480180575377,0.9794480180575377,0.020551961635771533,2.0306690823096886e-08,False,random
118,intermediate,2,python-developer-interview-questions-answers,6,easy,Python,False,beginner,0.8295398107890728,0.8295398107890728,0.1704508186469823,9.370563945024866e-06,False,random
118,intermediate,3,python-questions-answers-lists-6,8,medium,Python,True,beginner,0.9886820196006963,0.9886820196006963,0.01131796595971057,1.4439592942291948e-08,False,random
118,intermediate,4,python-developer-interview-questions-answers,9,easy,Python,True,beginner,0.8734208623560646,0.8734208623560646,0.1265700946058693,9.043038066045156e-06,False,random
118,intermediate,5,python-questions-answers-modules,5,hard,Python,False,beginner,0.5826343185205666,0.5826343185205666,0.41731940239295856,4.6279086474856866e-05,False,random
118,intermediate,6,python-questions-answers-lists-7,7,hard,Python,False,beginner,0.8750454588168034,0.8750454588168034,0.1249529878700209,1.5533131758010916e-06,False,random
118,intermediate,7,python-questions-answers-classes-objects-2,7,easy,Python,False,beginner,0.5807885172281286,0.5807885172281286,0.4191896415609455,2.1841210925902964e-05,False,random
118,intermediate,8,python-questions-answers-datetime-module-1,4,hard,Python,False,intermediate,0.6767989036987762,0.3230620035960154,0.6767989036987762,0.00013909270520845264,True,random
118,intermediate,9,python-questions-answers-global-local-variables-1,5,medium,Python,True,intermediate,0.8298225133039312,0.16955232707623238,0.8298225133039312,0.0006251596198365351,True,random
118,intermediate,10,python-multiple-choice-questions-answers,7,medium,Python,False,intermediate,0.7849814941691906,0.21470512399761982,0.7849814941691906,0.00031338183318961436,True,random
118,intermediate,11,python-questions-answers-matrix-list-comprehension,7,hard,Python,False,intermediate,0.7755824548053885,0.22414651371224675,0.7755824548053885,0.0002710314823647479,True,random
118,intermediate,12,python-questions-answers-boolean,9,hard,Python,False,beginner,0.51438444246884,0.51438444246884,0.48558769823108683,2.785930007316963e-05,False,random
118,intermediate,13,python-developer-questions-answers,5,easy,Python,False,intermediate,0.678315787472221,0.3216046535075863,0.678315787472221,7.955902019273529e-05,True,random
118,intermediate,14,python-online-test,2,medium,Python,False,intermediate,0.8067939488064801,0.19299565646421324,0.8067939488064801,0.00021039472930660264,True,random
118,intermediate,15,python-questions-answers-sets-1,11,hard,Python,False,intermediate,0.7354584760067094,0.2644286953553971,0.7354584760067094,0.00011282863789340822,True,random
118,intermediate,16,python-questions-answers-pickle-module,1,easy,Python,False,intermediate,0.7852553329586919,0.21459261845351843,0.7852553329586919,0.00015204858778968013,True,random
118,intermediate,17,python-questions-answers-bitwise-2,8,hard,Python,True,intermediate,0.8419208963011582,0.15754961168704082,0.8419208963011582,0.000529492011800936,True,random
118,intermediate,18,python-questions-answers-encapsulation,6,easy,Python,True,intermediate,0.8863268539886622,0.11256239040407365,0.8863268539886622,0.0011107556072642022,True,random
118,intermediate,19,python-questions-answers-datetime-module-1,3,hard,Python,True,intermediate,0.8826346145583317,0.11609026348296667,0.8826346145583317,0.0012751219587015818,True,random
118,intermediate,20,python-questions-answers-datetime-module-2,6,hard,Python,False,intermediate,0.7559152338739215,0.24361663421251284,0.7559152338739215,0.0004681319135656449,True,random
22,beginner,1,data-structure-questions-answers-incidence-matrix-graph-structured-stack,7,medium,Data Structures,False,beginner,0.9807026859086081,0.9807026859086081,0.019297298407140805,1.568425117234932e-08,True,random
22,beginner,2,data-structure-questions-answers-binary-search-tree,7,easy,Data Structures,True,beginner,0.8216114235517304,0.8216114235517304,0.17838003721494963,8.539233319933609e-06,True,random
22,beginner,3,data-structure-questions-answers-matrix,2,hard,Data Structures,False,beginner,0.9951869430991499,0.9951869430991499,0.004813056294494067,6.063559878404598e-10,True,random
22,beginner,4,data-structure-questions-answers-binary-trees-linked-lists,8,hard,Data Structures,False,beginner,0.999832876224069,0.999832876224069,0.00016712377488356574,1.047399189449365e-12,True,random
22,beginner,5,data-structure-questions-answers-weak-heap,7,easy,Data Structures,False,beginner,0.9998170634447537,0.9998170634447537,0.00018293655481699755,4.2939177096434595e-13,True,random
22,beginner,6,1000-data-structure-questions-answers,23,hard,Data Structures,False,beginner,0.9999298601613495,0.9999298601613495,7.013983862084204e-05,2.9420608523164235e-14,True,random
22,beginner,7,data-structure-questions-answers-dynamic-array,10,easy,Data Structures,True,beginner,0.9994091377014421,0.9994091377014421,0.0005908622947739529,3.783751916776216e-12,True,random
22,beginner,8,data-structure-questions-answers-directed-acyclic-graph,7,hard,Data Structures,False,beginner,0.9999017480692962,0.9999017480692962,9.825193064395664e-05,5.98001186067059e-14,True,random
22,beginner,9,data-structure-questions-answers-array-array-operations,1,easy,Data Structures,True,beginner,0.9996336792048315,0.9996336792048315,0.00036632079412848856,1.0400837370526123e-12,True,random
22,beginner,10,data-structure-interview-questions-answers,9,easy,Data Structures,True,beginner,0.998261770157176,0.998261770157176,0.0017382298146837983,2.8140248347971135e-11,True,random
22,beginner,11,data-structure-questions-answers-binary-trees-array,2,medium,Data Structures,False,beginner,0.9963151519279977,0.9963151519279977,0.003684847893733012,1.7826926470086764e-10,True,random
22,beginner,12,data-structure-questions-answers-xor-linked-list,6,hard,Data Structures,False,beginner,0.9977233471967858,0.9977233471967858,0.002276652749624048,5.359010916823206e-11,True,random
22,beginner,13,data-structure-questions-answers-freshers,5,hard,Data Structures,False,beginner,0.994585881151445,0.994585881151445,0.005414118515446335,3.3310871343580675e-10,True,random
22,beginner,14,data-structure-assessment-questions-answers,3,medium,Data Structures,False,beginner,0.9964128034556091,0.9964128034556091,0.0035871963857960288,1.5859477470414855e-10,True,random
22,beginner,15,java-questions-answers-data-structures-set,6,hard,Data Structures,False,beginner,0.9977787621829289,0.9977787621829289,0.002221237762155436,5.491550179390336e-11,True,random
22,beginner,16,data-structure-questions-answers-factorial-recursion,10,medium,Data Structures,True,beginner,0.9950685333729806,0.9950685333729806,0.004931466264480661,3.62538685252795e-10,True,random
22,beginner,17,data-structure-questions-answers-single-linked-lists,5,hard,Data Structures,False,beginner,0.9941719433107395,0.9941719433107395,0.005828056121465905,5.67794627768751e-10,True,random
22,beginner,18,data-structure-questions-answers-binary-search-iterative,9,medium,Data Structures,False,beginner,0.9928355812978165,0.9928355812978165,0.007164417778432657,9.237507423935418e-10,True,random
22,beginner,19,data-structure-questions-answers-binary-search-iterative,4,medium,Data Structures,False,beginner,0.9902197607267524,0.9902197607267524,0.009780237616821728,1.6564258164480112e-09,True,random
22,beginner,20,data-structure-questions-answers-number-jumps-reach-end-array-operation,8,easy,Data Structures,True,beginner,0.9840838120350278,0.9840838120350278,0.015916181717332913,6.247639109316992e-09,True,random
189,intermediate,1,tricky-python-questions-answers,2,easy,Python,False,intermediate,0.8672241710208738,0.10350776394328398,0.8672241710208738,0.029268065035842384,True,random
189,intermediate,2,python-questions-answers-formatting-2,2,hard,Python,False,beginner,0.9971435720795703,0.9971435720795703,0.002856427200770685,7.196591656660982e-10,False,random
189,intermediate,3,python-scripting-interview-questions-answers,5,easy,Python,True,beginner,0.7601197542163831,0.7601197542163831,0.23985003159591944,3.0214187697533134e-05,False,random
189,intermediate,4,python-questions-answers-boolean,9,hard,Python,False,beginner,0.8721805939848095,0.8721805939848095,0.1278154040335078,4.001981682712389e-06,False,random
189,intermediate,5,python-online-test,2,medium,Python,True,intermediate,0.615188836561317,0.38469498351268433,0.615188836561317,0.00011617992599868988,True,random
189,intermediate,6,python-exam-questions-answers,5,easy,Python,False,intermediate,0.8834720353341748,0.11541229761849593,0.8834720353341748,0.001115667047329298,True,random
189,intermediate,7,python-questions-answers-polymorphism,5,hard,Python,False,intermediate,0.8786160346638809,0.12040627486727826,0.8786160346638809,0.0009776904688407109,True,random
189,intermediate,8,python-questions-answers-sets-4,1,medium,Python,False,intermediate,0.8281867026217047,0.17147739682837995,0.8281867026217047,0.00033590054991536285,True,random
189,intermediate,9,python-questions-answers-turtle-module-3,1,medium,Python,False,intermediate,0.832211665381992,0.16749079263135244,0.832211665381992,0.00029754198665565216,True,random
189,intermediate,10,python-questions-answers-formatting-2,3,hard,Python,False,intermediate,0.8843031404752472,0.11517276174063133,0.8843031404752472,0.0005240977841216115,True,random
189,intermediate,11,python-mcqs-core-datatypes,2,medium,Python,False,intermediate,0.7796587658446712,0.22017138106282264,0.7796587658446712,0.0001698530925062205,True,random
189,intermediate,12,python-questions-campus-interview,7,medium,Python,False,intermediate,0.7496660067557189,0.2501936094589694,0.7496660067557189,0.00014038378531170689,True,random
189,intermediate,13,python-questions-answers-shallow-copy-deep-copy,3,medium,Python,False,intermediate,0.8546773976418985,0.14500714755368366,0.8546773976418985,0.0003154548044178733,True,random
189,intermediate,14,python-questions-answers-built-in-functions-2,5,hard,Python,False,intermediate,0.729217312805212,0.27068318085377274,0.729217312805212,9.950634101529515e-05,True,random
189,intermediate,15,python-aptitude-test-questions,3,medium,Python,True,intermediate,0.8200891908922979,0.1795250013878819,0.8200891908922979,0.00038580771982018523,True,random
189,intermediate,16,python-questions-answers-polymorphism,1,hard,Python,False,intermediate,0.7528172452286408,0.24694472730163045,0.7528172452286408,0.00023802746972876118,True,random
189,intermediate,17,python-questions-answers-datetime-module-1,3,hard,Python,False,intermediate,0.6919860876315286,0.3078710493301822,0.6919860876315286,0.0001428630382891006,True,random
189,intermediate,18,python-aptitude-test-questions,8,easy,Python,True,intermediate,0.8610016535267623,0.1381800941049595,0.8610016535267623,0.00081825236827818,True,random
189,intermediate,19,python-questions-answers-built-in-functions-2,6,easy,Python,True,intermediate,0.8986585247658612,0.09988747767920464,0.8986585247658612,0.0014539975549341844,True,random
189,intermediate,20,python-questions-answers-turtle-module-2,1,hard,Python,False,intermediate,0.7956600654928652,0.20374108217739548,0.7956600654928652,0.0005988523297394773,True,random
286,advanced,1,data-structure-questions-answers-reverse-word-stack,3,easy,Data Structures,False,advanced,0.9580620753046424,2.4149318349151438e-05,0.04191377537700835,0.9580620753046424,True,random
286,advanced,2,1000-data-structure-questions-answers,2,medium,Data Structures,True,advanced,0.6188105779096074,0.00016806060353456113,0.381021361486858,0.6188105779096074,True,random
286,advanced,3,data-structure-assessment-questions-answers,4,easy,Data Structures,True,advanced,0.8764710828421463,1.8049993604892878e-05,0.12351086716424876,0.8764710828421463,True,random
286,advanced,4,data-structure-questions-answers-reverse-word-stack,5,easy,Data Structures,False,advanced,0.9161049666043305,8.71308741731631e-06,0.0838863203082522,0.9161049666043305,True,random
286,advanced,5,data-structure-questions-answers-stack-using-queues,4,easy,Data Structures,True,advanced,0.9569977321851967,2.6889875720235566e-06,0.042999578827231245,0.9569977321851967,True,random
286,advanced,6,data-structure-questions-answers-pancake-sort,10,hard,Data Structures,False,advanced,0.9809858773995312,1.8661025945353624e-07,0.019013935990209275,0.9809858773995312,True,random
286,advanced,7,data-structure-questions-answers-fibonacci-search,8,medium,Data Structures,True,advanced,0.9614104268496807,6.395747402423517e-07,0.038588933575579035,0.9614104268496807,True,random
286,advanced,8,data-structure-questions-answers-queue-linked-list,3,medium,Data Structures,True,advanced,0.9406493650339677,1.3279140393523964e-06,0.059349307051992824,0.9406493650339677,True,random
286,advanced,9,1000-data-structure-questions-answers,22,easy,Data Structures,True,advanced,0.9646832064439254,4.965087392723941e-07,0.035316297047335264,0.9646832064439254,True,random
286,advanced,10,data-structure-questions-answers-matrix,2,hard,Data Structures,False,advanced,0.911601092957228,4.08332681346306e-06,0.0883948237159586,0.911601092957228,True,random
286,advanced,11,data-structure-questions-answers-matrix-chain-multiplication,1,medium,Data Structures,True,advanced,0.9141825673892383,3.460540726467596e-06,0.08581397207003529,0.9141825673892383,True,random
286,advanced,12,data-structure-questions-answers-counting-boolean-parenthesizations,2,medium,Data Structures,False,advanced,0.8455195519486592,9.179540172786986e-06,0.15447126851116802,0.8455195519486592,True,random
286,advanced,13,data-structure-questions-answers-hash-tables,8,medium,Data Structures,True,advanced,0.8785461158633217,5.435572346112655e-06,0.12144844856433215,0.8785461158633217,True,random
286,advanced,14,data-structure-questions-answers-uniform-binary-search,2,hard,Data Structures,True,advanced,0.9221887844788571,3.712710593351543e-06,0.07780750281054956,0.9221887844788571,True,random
286,advanced,15,data-structure-questions-answers-reverse-word-stack,6,medium,Data Structures,False,advanced,0.9277087049406206,3.6150870324829887e-06,0.07228767997234699,0.9277087049406206,True,random
286,advanced,16,data-structure-questions-answers-generating-partitions,4,hard,Data Structures,False,advanced,0.8845933345346307,7.200325777257922e-06,0.11539946513959215,0.8845933345346307,True,random
286,advanced,17,data-structure-questions-answers-binary-tree-properties,10,hard,Data Structures,False,advanced,0.7919810930199698,2.0576722593620526e-05,0.2079983302574366,0.7919810930199698,True,random
286,advanced,18,data-structure-questions-answers-edit-distance-problem,8,hard,Data Structures,False,advanced,0.7573266942389635,2.722397288361515e-05,0.24264608178815303,0.7573266942389635,True,random
286,advanced,19,data-structure-questions-answers-binary-heap,5,hard,Data Structures,False,advanced,0.7040987672600547,3.8670136957237835e-05,0.29586256260298804,0.7040987672600547,True,random
286,advanced,20,data-structure-questions-answers-binary-search-iterative,7,hard,Data Structures,False,advanced,0.6493763475170669,4.8679393624942576e-05,0.3505749730893083,0.6493763475170669,True,random
274,advanced,1,data-structure-questions-answers-matrix,6,easy,Data Structures,True,advanced,0.9824682136644523,1.1647620880105354e-06,0.017530621573459606,0.9824682136644523,True,random
274,advanced,2,data-structure-questions-answers-fibonacci-search,6,easy,Data Structures,True,advanced,0.9966210542492372,5.3400660502135015e-08,0.0033788923501022515,0.9966210542492372,True,random
274,advanced,3,data-structure-questions-answers-binary-search-tree,1,hard,Data Structures,True,advanced,0.9994976073457228,2.052502284390343e-09,0.0005023906017749518,0.9994976073457228,True,random
274,advanced,4,java-questions-answers-data-structures-list,2,easy,Data Structures,True,advanced,0.999753411615617,6.501239258332377e-10,0.00024658773425905475,0.999753411615617,True,random
274,advanced,5,data-structure-questions-answers-circular-linked-lists,4,medium,Data Structures,True,advanced,0.9999202970008173,2.6138997920065498e-11,7.970297304372084e-05,0.9999202970008173,True,random
274,advanced,6,data-structure-questions-answers-undirected-graph,4,medium,Data Structures,True,advanced,0.9991329571885089,1.6430433811449943e-09,0.0008670411684476219,0.9991329571885089,True,random
274,advanced,7,data-structure-questions-answers-edit-distance-problem,3,medium,Data Structures,True,advanced,0.997558911871605,1.0117009693438886e-08,0.002441078011385533,0.997558911871605,True,random
274,advanced,8,data-structure-questions-answers-minimum-number-jumps,4,easy,Data Structures,False,advanced,0.9975287978295311,1.5655396197559464e-08,0.00247118651507279,0.9975287978295311,True,random
274,advanced,9,data-structure-questions-answers-graph,13,medium,Data Structures,True,advanced,0.9969307846235023,2.1785648498212806e-08,0.0030691935908492133,0.9969307846235023,True,random
274,advanced,10,data-structure-questions-answers-binary-trees-linked-lists,4,easy,Data Structures,True,advanced,0.9986031529716916,4.945212932306938e-09,0.001396842083095577,0.9986031529716916,True,random
274,advanced,11,data-structure-questions-answers-assembly-line-scheduling,8,hard,Data Structures,False,advanced,0.9823816961230433,2.6914505100848043e-07,0.017618034731905766,0.9823816961230433,True,random
274,advanced,12,data-structure-assessment-questions-answers,4,easy,Data Structures,True,advanced,0.9892936682467535,9.032749690680463e-08,0.01070624142574959,0.9892936682467535,True,random
274,advanced,13,data-structure-questions-answers-0-1-knapsack-problem,2,medium,Data Structures,True,advanced,0.9871523552244775,1.1315258460129385e-07,0.012847531622937915,0.9871523552244775,True,random
274,advanced,14,data-structure-questions-answers-binomial-fibonacci-heap,8,easy,Data Structures,True,advanced,0.9913019218335286,4.7679379773385475e-08,0.008698030487091732,0.9913019218335286,True,random
274,advanced,15,data-structure-questions-answers-parallel-array,5,easy,Data Structures,True,advanced,0.9923573181566244,3.453814399872003e-08,0.007642647305231648,0.9923573181566244,True,random
274,advanced,16,data-structure-multiple-choice-questions-answers,5,hard,Data Structures,True,advanced,0.9912450971670255,5.812658009053732e-08,0.008754844706394262,0.9912450971670255,True,random
274,advanced,17,data-structure-questions-answers-heap,7,medium,Data Structures,True,advanced,0.989256333955991,7.654993266510062e-08,0.01074358949407639,0.989256333955991,True,random
274,advanced,18,data-structure-questions-answers-priority-queue,3,hard,Data Structures,False,advanced,0.9756692513956441,4.4541703342898784e-07,0.024330303187322544,0.9756692513956441,True,random
274,advanced,19,data-structure-questions-answers-longest-palindromic-subsequence,1,medium,Data Structures,True,advanced,0.9814833271008321,2.520334031111621e-07,0.0185164208657647,0.9814833271008321,True,random
274,advanced,20,1000-data-structure-questions-answers,16,hard,Data Structures,False,advanced,0.9810973435813309,2.4045020880165535e-07,0.018902415968460467,0.9810973435813309,True,random
97,beginner,1,discrete-mathematics-questions-answers-terms-binomial-expansion,9,easy,Discrete Mathematics,False,intermediate,0.7540638797796902,0.0844769520895368,0.7540638797796902,0.1614591681307729,False,random
97,beginner,2,discrete-mathematics-mcqs-applications-number-theory,2,easy,Discrete Mathematics,True,intermediate,0.8293016805688491,0.16577923542413187,0.8293016805688491,0.004919084007018931,False,random
97,beginner,3,discrete-mathematics-questions-answers-inference,3,medium,Discrete Mathematics,True,intermediate,0.5245098349814301,0.4754547965678459,0.5245098349814301,3.536845072398388e-05,False,random
97,beginner,4,discrete-mathematics-questions-answers-burnside-theorem,2,hard,Discrete Mathematics,False,intermediate,0.7822027503487313,0.21761340369592827,0.7822027503487313,0.00018384595534036638,False,random
97,beginner,5,discrete-mathematics-questions-answers-probability-distribution,2,hard,Discrete Mathematics,False,intermediate,0.8704095964461536,0.12902373417736562,0.8704095964461536,0.0005666693764807727,False,random
97,beginner,6,discrete-mathematics-questions-answers-prime-numbers,8,easy,Discrete Mathematics,True,intermediate,0.9283443703899225,0.07084163674533839,0.9283443703899225,0.0008139928647392055,False,random
97,beginner,7,discrete-mathematics-questions-answers-circular-permutations,4,medium,Discrete Mathematics,True,intermediate,0.9619867228569292,0.03682246176843904,0.9619867228569292,0.0011908153746316731,False,random
97,beginner,8,discrete-mathematics-questions-answers-aptitude-test,4,medium,Discrete Mathematics,True,intermediate,0.6660620988459534,0.3339132577260321,0.6660620988459534,2.464342801464595e-05,False,random
97,beginner,9,discrete-mathematics-questions-answers-ciphers,9,easy,Discrete Mathematics,True,intermediate,0.8810019169257908,0.11887547396225875,0.8810019169257908,0.00012260911195049356,False,random
97,beginner,10,discrete-mathematics-questions-answers-pigeonhole-principle,2,medium,Discrete Mathematics,False,intermediate,0.7274865304499917,0.27245657807092843,0.7274865304499917,5.689147907983977e-05,False,random
97,beginner,11,discrete-mathematics-questions-answers-recurrence-relation,9,medium,Discrete Mathematics,False,intermediate,0.5821111782020191,0.4178657301471904,0.5821111782020191,2.3091650790434413e-05,False,random
97,beginner,12,discrete-mathematics-questions-answers-propositions,9,hard,Discrete Mathematics,False,beginner,0.5557823796153527,0.5557823796153527,0.444206622365305,1.0998019342257173e-05,True,random
97,beginner,13,discrete-mathematics-questions-answers-test,6,hard,Discrete Mathematics,False,beginner,0.922850436441474,0.922850436441474,0.07714940457953266,1.5897899325950875e-07,True,random
97,beginner,14,discrete-mathematics-basic-questions-answers,7,medium,Discrete Mathematics,True,beginner,0.894321911397832,0.894321911397832,0.10567771443910845,3.741630596695475e-07,True,random
97,beginner,15,discrete-mathematics-questions-answers-logic-circuits,7,easy,Discrete Mathematics,False,beginner,0.8184010219609038,0.8184010219609038,0.1815977590091354,1.2190299606287258e-06,True,random
97,beginner,16,discrete-mathematics-questions-answers-recursion,7,hard,Discrete Mathematics,False,beginner,0.8441016641476797,0.8441016641476797,0.1558976211754548,7.146768654928535e-07,True,random
97,beginner,17,discrete-mathematics-puzzles,2,easy,Discrete Mathematics,True,beginner,0.658000346967893,0.658000346967893,0.34199468768681945,4.965345287599511e-06,True,random
97,beginner,18,discrete-mathematics-questions-answers-aptitude-test,10,hard,Discrete Mathematics,False,beginner,0.795623947855773,0.795623947855773,0.20437428096861868,1.7711756083092008e-06,True,random
97,beginner,19,discrete-mathematics-puzzles,6,medium,Discrete Mathematics,False,beginner,0.8181668062029825,0.8181668062029825,0.18183189159214277,1.3022048745830857e-06,True,random
97,beginner,20,discrete-mathematics-written-test-questions-answers,4,easy,Discrete Mathematics,True,beginner,0.7165477930792242,0.7165477930792242,0.28344845004216507,3.75687861072596e-06,True,random
169,intermediate,1,data-structure-questions-answers-graph,5,easy,Data Structures,False,advanced,0.9865539432208007,3.0320550374073407e-06,0.013443024724161973,0.9865539432208007,False,random
169,intermediate,2,data-structure-questions-answers-binary-trees-array,10,medium,Data Structures,False,advanced,0.5111331449390178,0.0007840207031468878,0.48808283435783534,0.5111331449390178,False,random
169,intermediate,3,data-structure-interview-questions-answers-freshers,8,hard,Data Structures,False,intermediate,0.9251798843716059,0.0026473352227807975,0.9251798843716059,0.0721727804056133,True,random
169,intermediate,4,data-structure-questions-answers-matrix,2,hard,Data Structures,True,intermediate,0.9138203916956995,0.007772674812681961,0.9138203916956995,0.07840693349161841,True,random
169,intermediate,5,data-structure-questions-answers-dynamic-array,10,easy,Data Structures,False,intermediate,0.8358006160814894,0.00360976437374586,0.8358006160814894,0.1605896195447648,True,random
169,intermediate,6,data-structure-questions-answers-minimum-number-jumps,4,easy,Data Structures,True,advanced,0.5389891568612662,0.0004214039149447643,0.46058943922378887,0.5389891568612662,False,random
169,intermediate,7,data-structure-questions-answers-balanced-partition,10,easy,Data Structures,False,advanced,0.7569067566053089,9.096996011043681e-05,0.24300227343458064,0.7569067566053089,False,random
169,intermediate,8,data-structure-questions-answers-dynamic-array,14,hard,Data Structures,False,intermediate,0.9303371992654925,0.006180606102923835,0.9303371992654925,0.06348219463158362,True,random
169,intermediate,9,data-structure-questions-answers-longest-palindromic-subsequence,1,medium,Data Structures,False,intermediate,0.9399068628225076,0.006992864298277744,0.9399068628225076,0.05310027287921468,True,random
169,intermediate,10,data-structure-questions-answers-incidence-matrix-graph-structured-stack,11,easy,Data Structures,False,intermediate,0.856855321799444,0.002400436532081042,0.856855321799444,0.14074424166847493,True,random
169,intermediate,11,data-structure-questions-answers-undirected-graph,4,medium,Data Structures,False,intermediate,0.8177647285828616,0.0017106067092876789,0.8177647285828616,0.1805246647078507,True,random
169,intermediate,12,data-structure-interview-questions-answers,8,easy,Data Structures,True,advanced,0.5725459652275982,0.00029549353079253354,0.4271585412416093,0.5725459652275982,False,random
169,intermediate,13,1000-data-structure-questions-answers,16,hard,Data Structures,False,intermediate,0.6152678370840651,0.0007489880738532814,0.6152678370840651,0.38398317484208166,True,random
169,intermediate,14,data-structure-questions-answers-stack-array,8,hard,Data Structures,False,intermediate,0.7721005795006383,0.0017481653647620221,0.7721005795006383,0.22615125513459985,True,random
169,intermediate,15,data-structure-questions-answers-sparse-array,1,medium,Data Structures,True,intermediate,0.8080286529593961,0.002413740968269784,0.8080286529593961,0.18955760607233413,True,random
169,intermediate,16,data-structure-questions-answers-assembly-line-scheduling,2,hard,Data Structures,False,intermediate,0.9470661309328495,0.00913417621748993,0.9470661309328495,0.04379969284966061,True,random
169,intermediate,17,data-structure-questions-answers-graph,13,medium,Data Structures,True,intermediate,0.9513036225501458,0.010531112583402662,0.9513036225501458,0.03816526486645161,True,random
169,intermediate,18,data-structure-questions-answers-matrix-chain-multiplication,1,medium,Data Structures,True,intermediate,0.952268755264543,0.009478824335425693,0.952268755264543,0.0382524204000314,True,random
169,intermediate,19,java-questions-answers-data-structures-list,6,medium,Data Structures,False,intermediate,0.9405611095932715,0.008020412216010207,0.9405611095932715,0.0514184781907182,True,random
169,intermediate,20,data-structure-questions-answers-string-reversal-recursion,2,hard,Data Structures,False,intermediate,0.9487919535299246,0.00968270976655859,0.9487919535299246,0.04152533670351681,True,random
36,beginner,1,advanced-java-questions-answers-jsp-elements,3,easy,Java,False,advanced,0.828223026490065,0.0017129470208667535,0.17006402648906824,0.828223026490065,False,random
36,beginner,2,javascript-mcqs-scripted-media,13,hard,Java,False,beginner,0.9981371983596266,0.9981371983596266,0.0018627998043693084,1.8360041532409062e-09,True,random
36,beginner,3,javascript-questions-answers-experienced,6,medium,Java,True,beginner,0.9516681400085086,0.9516681400085086,0.04833182750722004,3.248427125007943e-08,True,random
36,beginner,4,javascript-mcqs-node-operations-I,10,medium,Java,True,beginner,0.9221042551009727,0.9221042551009727,0.07789572542849199,1.9470535467588567e-08,True,random
36,beginner,5,java-questions-answers-entrance-exams,1,medium,Java,False,beginner,0.9925865848058754,0.9925865848058754,0.0074134149515133205,2.426113854250867e-10,True,random
36,beginner,6,javascript-mcqs-types-values-variables,10,hard,Java,False,beginner,0.9967137827507557,0.9967137827507557,0.0032862171719930645,7.72513496889678e-11,True,random
36,beginner,7,javascript-mcqs-error-handling-i,3,hard,Java,True,beginner,0.994351454564557,0.994351454564557,0.005648545183875805,2.5156733158897264e-10,True,random
36,beginner,8,java-mcqs-url-class,3,easy,Java,True,beginner,0.9184669241909782,0.9184669241909782,0.08153295525887584,1.205501458473242e-07,True,random
36,beginner,9,advanced-java-questions-answers-debugging-eclipse,2,hard,Java,False,beginner,0.9506892306595858,0.9506892306595858,0.0493107112884732,5.8051940918323935e-08,True,random
36,beginner,10,java-mcqs-system-class-advance,3,easy,Java,True,beginner,0.8711394141452073,0.8711394141452073,0.12886024047442293,3.4538036973838806e-07,True,random
36,beginner,11,javascript-mcqs-error-handling-i,10,easy,Java,True,beginner,0.6793037607808795,0.6793037607808795,0.3206938327189578,2.4065001626518813e-06,True,random
36,beginner,12,java-mcqs-reading-console-input,3,medium,Java,False,beginner,0.7975112518603558,0.7975112518603558,0.20248778158559258,9.66554051724369e-07,True,random
36,beginner,13,java-questions-answers-heap-garbage-collection,6,medium,Java,True,beginner,0.759553071421348,0.759553071421348,0.2404457775134421,1.1510652099667125e-06,True,random
36,beginner,14,java-mcqs-networking-basics,5,easy,Java,True,beginner,0.5923460657215673,0.5923460657215673,0.4076503250292863,3.6092491464212323e-06,True,random
36,beginner,15,java-mcqs-seraching-modifying-string,2,medium,Java,True,beginner,0.581088325409902,0.581088325409902,0.4189085767765192,3.0978135789391822e-06,True,random
36,beginner,16,javascript-mcqs-getting-started-R-I,4,easy,Java,False,beginner,0.6528749572112688,0.6528749572112688,0.34712212111295254,2.9216757786777288e-06,True,random
36,beginner,17,advanced-java-questions-answers-client-server,3,easy,Java,True,beginner,0.5196833360488285,0.5196833360488285,0.4803100951313742,6.568819797278784e-06,True,random
36,beginner,18,java-basic-questions-answers,5,hard,Java,True,beginner,0.5155266613124392,0.5155266613124392,0.4844665845703853,6.754117175583154e-06,True,random
36,beginner,19,java-mcqs-collection-algorithms,3,easy,Java,True,intermediate,0.6888702644390425,0.311107969594619,0.6888702644390425,2.1765966338417504e-05,False,random
36,beginner,20,javascript-questions-answers-freshers,1,medium,Java,False,intermediate,0.5151750596542741,0.484813450814765,0.5151750596542741,1.1489530960797518e-05,False,random
195,intermediate,1,java-questions-answers-data-structures-list,7,easy,Data Structures,False,advanced,0.9167523237133572,8.612139206005782e-05,0.0831615548945828,0.9167523237133572,False,random
195,intermediate,2,data-structure-questions-answers-binary-search-iterative,9,medium,Data Structures,False,intermediate,0.9441703777412285,0.03758344232468938,0.9441703777412285,0.018246179934082125,True,random
195,intermediate,3,data-structure-questions-answers-edit-distance-problem,3,medium,Data Structures,True,beginner,0.9807162933025391,0.9807162933025391,0.019283685025934024,2.167152677254353e-08,False,random
195,intermediate,4,data-structure-questions-answers-uniform-binary-search,2,hard,Data Structures,False,intermediate,0.7722536771508007,0.22756452405148445,0.7722536771508007,0.00018179879771480886,True,random
195,intermediate,5,data-structure-questions-answers-non-recursive-depth-first-search,4,hard,Data Structures,False,intermediate,0.8238484968677039,0.17589856231002873,0.8238484968677039,0.00025294082226730546,True,random
195,intermediate,6,data-structure-questions-answers-reverse-word-stack,4,medium,Data Structures,False,intermediate,0.825364484020878,0.17452262850711525,0.825364484020878,0.0001128874720068237,True,random
195,intermediate,7,data-structure-questions-answers-propositional-directed-acyclic-word-graph,5,medium,Data Structures,False,intermediate,0.8312843541409884,0.1686035594026083,0.8312843541409884,0.00011208645640331359,True,random
195,intermediate,8,disjoint-set-data-structure-multiple-choice-questions-answers-mcqs,7,easy,Data Structures,False,intermediate,0.9306273058997184,0.06895433705437104,0.9306273058997184,0.00041835704591047253,True,random
195,intermediate,9,data-structure-questions-answers-matrix,6,easy,Data Structures,False,intermediate,0.9652603086687204,0.03373987916109762,0.9652603086687204,0.0009998121701820593,True,random
195,intermediate,10,data-structure-assessment-questions-answers,3,medium,Data Structures,False,intermediate,0.9517419756168161,0.04765612629198489,0.9517419756168161,0.0006018980911991263,True,random
195,intermediate,11,data-structure-questions-answers-counting-boolean-parenthesizations,2,medium,Data Structures,True,intermediate,0.969977121170445,0.028351335281089633,0.969977121170445,0.0016715435484653109,True,random
195,intermediate,12,data-structure-questions-answers-pancake-sort,6,hard,Data Structures,False,intermediate,0.9344643732092993,0.06487787664648072,0.9344643732092993,0.000657750144220103,True,random
195,intermediate,13,data-structure-questions-answers-stack-operations,4,easy,Data Structures,False,intermediate,0.9701758978799327,0.028034641185269514,0.9701758978799327,0.0017894609347977725,True,random
195,intermediate,14,java-questions-answers-data-structures-list,9,medium,Data Structures,False,intermediate,0.9674777805909464,0.031111510187045645,0.9674777805909464,0.00141070922200806,True,random
195,intermediate,15,data-structure-questions-answers-longest-increasing-subsequence,2,medium,Data Structures,True,intermediate,0.9664895658778947,0.03198474591229219,0.9664895658778947,0.0015256882098131387,True,random
195,intermediate,16,data-structure-questions-answers-circular-linked-lists,10,hard,Data Structures,False,intermediate,0.9597479951710821,0.03884606441240702,0.9597479951710821,0.0014059404165109892,True,random
195,intermediate,17,data-structure-assessment-questions-answers,1,hard,Data Structures,False,intermediate,0.9395092386308574,0.0597106871184179,0.9395092386308574,0.0007800742507247572,True,random
195,intermediate,18,data-structure-questions-answers-counting-boolean-parenthesizations,1,hard,Data Structures,False,intermediate,0.9218652130218886,0.07758138783099275,0.9218652130218886,0.0005533991471187045,True,random
195,intermediate,19,data-structure-questions-answers-generating-partitions,4,hard,Data Structures,False,intermediate,0.8508499846193872,0.14894262653933968,0.8508499846193872,0.00020738884127314408,True,random
195,intermediate,20,data-structure-questions-answers-binary-search-tree,1,hard,Data Structures,True,intermediate,0.825042630605094,0.1747169107678596,0.825042630605094,0.00024045862704641838,True,random
6,beginner,1,data-structure-questions-answers-circular-linked-lists,10,hard,Data Structures,False,beginner,0.9999772157980481,0.9999772157980481,2.2784201948210634e-05,3.843479009786001e-15,True,random
6,beginner,2,data-structure-questions-answers-rod-cutting,9,easy,Data Structures,False,beginner,0.999625385214986,0.999625385214986,0.00037461477831249047,6.701389990613475e-12,True,random
6,beginner,3,data-structure-questions-answers-binary-search-iterative,9,medium,Data Structures,True,beginner,0.9951350863670829,0.9951350863670829,0.004864913434113712,1.9880352600753593e-10,True,random
6,beginner,4,data-structure-interview-questions-answers-freshers,3,easy,Data Structures,True,beginner,0.7939137882295013,0.7939137882295013,0.2060850189119321,1.1928585665961232e-06,True,random
6,beginner,5,data-structure-questions-answers-binomial-fibonacci-heap,4,hard,Data Structures,False,beginner,0.9855691648428716,0.9855691648428716,0.014430830796009219,4.361119218903116e-09,True,random
6,beginner,6,data-structure-questions-answers-recursion,4,easy,Data Structures,False,beginner,0.8107495440424761,0.8107495440424761,0.18924935067916604,1.105278357954917e-06,True,random
6,beginner,7,data-structure-questions-answers-coin-change-problem,2,hard,Data Structures,False,beginner,0.9625831836119341,0.9625831836119341,0.037416788483497054,2.790456901946826e-08,True,random
6,beginner,8,data-structure-questions-answers-balanced-partition,10,easy,Data Structures,True,beginner,0.842394163708082,0.842394163708082,0.15760447720117182,1.3590907462174424e-06,True,random
6,beginner,9,data-structure-questions-answers-longest-palindromic-subsequence,1,medium,Data Structures,True,beginner,0.91946758535994,0.91946758535994,0.08053217310584168,2.415342182776874e-07,True,random
6,beginner,10,data-structure-questions-answers-reverse-word-stack,5,easy,Data Structures,False,beginner,0.8422493615273893,0.8422493615273893,0.15774976596952645,8.725030842826877e-07,True,random
6,beginner,11,1000-data-structure-questions-answers,22,easy,Data Structures,True,beginner,0.7488216163969573,0.7488216163969573,0.2511754485264464,2.935076596314989e-06,True,random
6,beginner,12,data-structure-questions-answers-generating-partitions,7,easy,Data Structures,False,beginner,0.6413637256029698,0.6413637256029698,0.3586269528413552,9.321555674941656e-06,True,random
6,beginner,13,data-structure-questions-answers-sparse-array,1,medium,Data Structures,False,beginner,0.8830504858471531,0.8830504858471531,0.11694905051966945,4.6363317735088166e-07,True,random
6,beginner,14,data-structure-questions-answers-heap,7,medium,Data Structures,False,beginner,0.8748699123355965,0.8748699123355965,0.12512971774484305,3.699195603014616e-07,True,random
6,beginner,15,data-structure-questions-answers-string-reversal-recursion,2,hard,Data Structures,False,beginner,0.9648861131546058,0.9648861131546058,0.03511386571212787,2.113326629885961e-08,True,random
6,beginner,16,data-structure-questions-answers-breadth-first-search,8,medium,Data Structures,True,beginner,0.9596080284849478,0.9596080284849478,0.04039193191034604,3.960470631729932e-08,True,random
6,beginner,17,data-structure-questions-answers-graph,4,easy,Data Structures,False,beginner,0.9339186389247565,0.9339186389247565,0.06608124611796519,1.149572782650476e-07,True,random
6,beginner,18,data-structure-questions-answers-non-recursive-depth-first-search,4,hard,Data Structures,False,beginner,0.9670619118242252,0.9670619118242252,0.032938065779470754,2.2396304042381596e-08,True,random
6,beginner,19,data-structure-questions-answers-binary-search-tree,1,hard,Data Structures,True,beginner,0.981522831579935,0.981522831579935,0.018477159383181473,9.036883673057915e-09,True,random
6,beginner,20,data-structure-questions-answers-parallel-array,2,medium,Data Structures,False,beginner,0.9846426292767172,0.9846426292767172,0.01535736371413337,7.009149432003112e-09,True,random
7,beginner,1,automata-theory-questions-answers-the-diagonalization-languages,8,easy,Automata Theory,True,advanced,0.7885985263575255,0.0007269098185463404,0.21067456382392818,0.7885985263575255,False,random
7,beginner,2,automata-theory-questions-answers-algebric-laws-finding-patterns-derivatives,4,hard,Automata Theory,False,beginner,0.9540919670829352,0.9540919670829352,0.045907902861256907,1.300558080635322e-07,True,random
7,beginner,3,automata-theory-questions-answers-reversal-homomorphism-inverse-homomorphism,7,medium,Automata Theory,False,beginner,0.6188027521063912,0.6188027521063912,0.38119470115980253,2.546733806132517e-06,True,random
7,beginner,4,automata-theory-questions-answers-campus-interviews,4,hard,Automata Theory,False,beginner,0.8387005138771686,0.8387005138771686,0.16129933544698039,1.5067585101352892e-07,True,random
7,beginner,5,automata-theory-questions-answers-test,11,easy,Automata Theory,True,beginner,0.6693726469773665,0.6693726469773665,0.3306252390538163,2.113968817206447e-06,True,random
7,beginner,6,automata-theory-questions-answers-dfa-processing-strings,3,hard,Automata Theory,False,beginner,0.8809797011597889,0.8809797011597889,0.1190201479248706,1.5091534046735595e-07,True,random
7,beginner,7,automata-theory-questions-answers-sentential-forms,9,hard,Automata Theory,False,beginner,0.9849491353930753,0.9849491353930753,0.015050863479119634,1.1278051866368172e-09,True,random
7,beginner,8,automata-theory-questions-answers-regular-expression-unix,1,medium,Automata Theory,False,beginner,0.9774961032523056,0.9774961032523056,0.02250389492093037,1.8267641377905198e-09,True,random
7,beginner,9,automata-theory-questions-answers-class-rp-zpp,9,easy,Automata Theory,False,beginner,0.9336624910402106,0.9336624910402106,0.06633750005174953,8.90803994906906e-09,True,random
7,beginner,10,automata-theory-questions-answers-freshers,4,medium,Automata Theory,True,beginner,0.8759840610064947,0.8759840610064947,0.12401584490621403,9.408729136560583e-08,True,random
7,beginner,11,automata-theory-questions-answers-freshers,5,easy,Automata Theory,False,beginner,0.8614756740349977,0.8614756740349977,0.13852424324587112,8.271913113476981e-08,True,random
7,beginner,12,automata-theory-questions-answers-operators-regular-expression,4,hard,Automata Theory,True,beginner,0.9575120270988848,0.9575120270988848,0.0424879626494816,1.0251633760530027e-08,True,random
7,beginner,13,automata-theory-questions-answers-regular-languages-dpda,6,hard,Automata Theory,False,beginner,0.9768502823104267,0.9768502823104267,0.02314971543656263,2.2530107827268907e-09,True,random
7,beginner,14,automata-theory-questions-answers-sentential-forms,1,medium,Automata Theory,True,beginner,0.9876083281713612,0.9876083281713612,0.01239167119819282,6.304459886790781e-10,True,random
7,beginner,15,automata-theory-questions-answers-cfl-closure-properties,5,medium,Automata Theory,False,beginner,0.9918652402354864,0.9918652402354864,0.008134759547626314,2.1688711814960788e-10,True,random
7,beginner,16,automata-theory-questions-answers-deterministic-pda,5,medium,Automata Theory,False,beginner,0.9888268693945819,0.9888268693945819,0.011173130248228063,3.5718994694278137e-10,True,random
7,beginner,17,automata-theory-mcqs-finite-automata,9,easy,Automata Theory,True,beginner,0.9786693735193475,0.9786693735193475,0.021330624351981506,2.128671009600519e-09,True,random
7,beginner,18,automata-theory-mcqs-finite-automata,3,easy,Automata Theory,True,beginner,0.9470992410131936,0.9470992410131936,0.05290073649863883,2.248816752794441e-08,True,random
7,beginner,19,automata-theory-questions-answers-cfl-substitution-theorem,2,easy,Automata Theory,True,beginner,0.9268029056991081,0.9268029056991081,0.07319704052705026,5.3773841723260034e-08,True,random
7,beginner,20,automata-theory-questions-answers-operators-regular-expression,2,medium,Automata Theory,False,beginner,0.948563574190713,0.948563574190713,0.05143639749150176,2.8317785306065115e-08,True,random
100,intermediate,1,python-quiz,4,medium,Python,True,intermediate,0.9332358141302751,0.06540224890043254,0.9332358141302751,0.001361936969292265,True,random
100,intermediate,2,python-aptitude-test-questions,3,medium,Python,False,intermediate,0.9469833173818982,0.00549018209955687,0.9469833173818982,0.04752650051854491,True,random
100,intermediate,3,python-questions-answers-sys-module,6,medium,Python,False,intermediate,0.9516186308484171,0.04460501381451276,0.9516186308484171,0.0037763553370700038,True,random
100,intermediate,4,python-questions-answers-built-in-functions-2,6,easy,Python,False,intermediate,0.9417872533647662,0.05072229895333147,0.9417872533647662,0.007490447681902371,True,random
100,intermediate,5,python-questions-answers-inheritance-1,4,hard,Python,True,intermediate,0.9136344107954123,0.0745283074303395,0.9136344107954123,0.011837281774248061,True,random
100,intermediate,6,python-questions-answers-precedence-associativity-1,10,easy,Python,True,intermediate,0.8541534689867605,0.013674502848659252,0.8541534689867605,0.13217202816458026,True,random
100,intermediate,7,1000-python-questions-answers,23,easy,Python,True,advanced,0.5291829368753128,0.0016831862288301436,0.46913387689585695,0.5291829368753128,False,random
100,intermediate,8,python-questions-answers-list-comprehension,10,hard,Python,False,intermediate,0.8914283631344684,0.016792289058719243,0.8914283631344684,0.09177934780681236,True,random
100,intermediate,9,python-questions-answers-built-in-functions-2,8,medium,Python,False,intermediate,0.9124966222963075,0.018697502611245774,0.9124966222963075,0.06880587509244662,True,random
100,intermediate,10,python-questions-answers-turtle-module-2,7,medium,Python,False,intermediate,0.9408085855466302,0.019226692863507904,0.9408085855466302,0.03996472158986192,True,random
100,intermediate,11,python-questions-answers-modules,13,hard,Python,True,intermediate,0.9282194696486606,0.0270657780929702,0.9282194696486606,0.04471475225836914,True,random
100,intermediate,12,python-questions-answers-formatting-2,3,hard,Python,False,intermediate,0.885104849157924,0.10824603796468685,0.885104849157924,0.00664911287738922,True,random
100,intermediate,13,python-mcqs-strings-1,5,easy,Python,False,intermediate,0.9085384137370607,0.08517853402632501,0.9085384137370607,0.006283052236614331,True,random
100,intermediate,14,python-programming-interview-questions-answers,5,medium,Python,True,intermediate,0.9306956897414256,0.05437222136214693,0.9306956897414256,0.014932088896427472,True,random
100,intermediate,15,python-questions-answers-list-comprehension-2,3,medium,Python,False,intermediate,0.9258203253938782,0.061635951146587195,0.9258203253938782,0.01254372345953471,True,random
100,intermediate,16,python-scripting-interview-questions-answers,7,easy,Python,True,intermediate,0.939332687706393,0.034747547847736183,0.939332687706393,0.02591976444587089,True,random
100,intermediate,17,python-questions-answers-function-4,5,hard,Python,False,intermediate,0.9421659492453561,0.04035661713855359,0.9421659492453561,0.017477433616090377,True,random
100,intermediate,18,python-questions-answers-sets-1,3,hard,Python,False,intermediate,0.9426979447935991,0.04538381676634659,0.9426979447935991,0.011918238440054149,True,random
100,intermediate,19,python-questions-answers-datetime-module-2,2,hard,Python,True,intermediate,0.9349896042096517,0.05220489657033743,0.9349896042096517,0.012805499220010876,True,random
100,intermediate,20,python-questions-answers-matrix-list-comprehension,7,hard,Python,True,intermediate,0.8966074174925572,0.0969992778587022,0.8966074174925572,0.006393304648740613,True,random
214,advanced,1,data-structure-questions-answers-fibonacci-search,8,medium,Data Structures,True,advanced,0.9999848733784179,1.2958529201549502e-13,1.5126621452427818e-05,0.9999848733784179,True,random
214,advanced,2,data-structure-questions-answers-fibonacci-recursion,12,hard,Data Structures,False,advanced,0.9999787949438973,2.1665414517416334e-13,2.1205055885990715e-05,0.9999787949438973,True,random
214,advanced,3,data-structure-questions-answers-binomial-fibonacci-heap,8,easy,Data Structures,False,advanced,0.99629654437111,9.654096478433712e-09,0.003703445974793565,0.99629654437111,True,random
214,advanced,4,data-structure-questions-answers-reverse-word-stack,5,easy,Data Structures,False,advanced,0.998359844679708,2.3218501034354633e-09,0.0016401529984419404,0.998359844679708,True,random
214,advanced,5,data-structure-questions-answers-undirected-graph,4,medium,Data Structures,True,advanced,0.9965644781938965,8.55595648348115e-09,0.0034355132501470835,0.9965644781938965,True,random
214,advanced,6,1000-data-structure-questions-answers,21,medium,Data Structures,True,advanced,0.991500501273141,3.602078878607544e-08,0.008499462706070214,0.991500501273141,True,random
214,advanced,7,1000-data-structure-questions-answers,16,hard,Data Structures,False,advanced,0.9454680247746585,1.4982837843757527e-06,0.05453047694155696,0.9454680247746585,True,random
214,advanced,8,data-structure-questions-answers-weight-balanced-tree,7,hard,Data Structures,False,advanced,0.9384494265029945,1.945130191625854e-06,0.06154862836681388,0.9384494265029945,True,random
214,advanced,9,data-structure-questions-answers-heap,6,medium,Data Structures,True,advanced,0.909130535529675,3.8020552273638607e-06,0.09086566241509758,0.909130535529675,True,random
214,advanced,10,data-structure-questions-answers-reverse-word-stack,1,medium,Data Structures,True,advanced,0.8876264563315511,5.044943066363511e-06,0.11236849872538257,0.8876264563315511,True,random
214,advanced,11,data-structure-questions-answers-priority-queue,3,hard,Data Structures,True,advanced,0.8426828321423921,1.3963294762144406e-05,0.15730320456284574,0.8426828321423921,True,random
214,advanced,12,data-structure-questions-answers-fibonacci-search,7,easy,Data Structures,True,advanced,0.9718666020962851,7.03799928003302e-07,0.028132694103786965,0.9718666020962851,True,random
214,advanced,13,data-structure-questions-answers-coin-change-problem,2,hard,Data Structures,False,advanced,0.9413263429907098,3.6596561747054988e-06,0.05866999735311535,0.9413263429907098,True,random
214,advanced,14,data-structure-interview-questions-answers-freshers,3,easy,Data Structures,True,advanced,0.9771480405859228,6.208041762172616e-07,0.022851338609900854,0.9771480405859228,True,random
214,advanced,15,data-structure-questions-answers-reverse-word-stack,6,medium,Data Structures,True,advanced,0.9763929533025755,5.763124832678032e-07,0.023606470384941222,0.9763929533025755,True,random
214,advanced,16,data-structure-questions-answers-recursion,4,easy,Data Structures,True,advanced,0.9845903404351005,2.6217018772242536e-07,0.01540939739471161,0.9845903404351005,True,random
214,advanced,17,data-structure-questions-answers-propositional-directed-acyclic-word-graph,5,medium,Data Structures,True,advanced,0.9867182869919746,1.749197734318093e-07,0.013281538088251943,0.9867182869919746,True,random
214,advanced,18,data-structure-questions-answers-threaded-binary-tree,2,easy,Data Structures,True,advanced,0.992735183948535,5.347618350168869e-08,0.007264762575281466,0.992735183948535,True,random
214,advanced,19,data-structure-interview-questions-answers-freshers,2,medium,Data Structures,False,advanced,0.9889434206156578,1.7273554975370265e-07,0.011056406648792413,0.9889434206156578,True,random
214,advanced,20,data-structure-questions-answers-edit-distance-problem,8,hard,Data Structures,False,advanced,0.9923247418318412,7.751054279703859e-08,0.007675180657615947,0.9923247418318412,True,random
32,beginner,1,data-structure-questions-answers-assembly-line-scheduling,8,hard,Data Structures,True,beginner,0.9999996831513813,0.9999996831513813,3.168486186984373e-07,8.18012600886275e-20,True,random
32,beginner,2,data-structure-questions-answers-towers-hanoi,5,easy,Data Structures,True,beginner,0.9980055497390136,0.9980055497390136,0.0019944498687711164,3.9221545619759373e-10,True,random
32,beginner,3,1000-data-structure-questions-answers,9,hard,Data Structures,False,beginner,0.9997365449006412,0.9997365449006412,0.0002634550942979682,5.0608310638556894e-12,True,random
32,beginner,4,data-structure-questions-answers-kadanes-algorithm,1,medium,Data Structures,True,beginner,0.9858358291866446,0.9858358291866446,0.014164161395086082,9.41826954524396e-09,True,random
32,beginner,5,java-questions-answers-data-structures-set,9,medium,Data Structures,False,beginner,0.9997166662737355,0.9997166662737355,0.0002833337244456073,1.8188525224301535e-12,True,random
32,beginner,6,data-structure-questions-answers-hash-tables,8,medium,Data Structures,False,beginner,0.9992545337311483,0.9992545337311483,0.0007454662570974194,1.1754315063406772e-11,True,random
32,beginner,7,data-structure-questions-answers-free-list,2,easy,Data Structures,True,beginner,0.9973017194881406,0.9973017194881406,0.002698280337527317,1.743320872233118e-10,True,random
32,beginner,8,data-structure-questions-answers-graph-coloring-edge-coloring,3,easy,Data Structures,True,beginner,0.9864014447497185,0.9864014447497185,0.0135985492769515,5.973330134604764e-09,True,random
32,beginner,9,data-structure-questions-answers-balanced-partition,2,hard,Data Structures,False,beginner,0.9971964067203398,0.9971964067203398,0.0028035931038280955,1.758322344905971e-10,True,random
32,beginner,10,data-structure-questions-answers-reverse-word-stack,6,medium,Data Structures,True,beginner,0.9982758984620318,0.9982758984620318,0.001724101494757712,4.321052407707715e-11,True,random
32,beginner,11,data-structure-questions-answers-longest-palindromic-subsequence,3,hard,Data Structures,False,beginner,0.9995567972968084,0.9995567972968084,0.00044320270104738975,2.1441141958613733e-12,True,random
32,beginner,12,data-structure-questions-answers-power-number-recursion-logn-time,1,hard,Data Structures,True,beginner,0.9996121658364912,0.9996121658364912,0.0003878341611464046,2.3625885908588177e-12,True,random
32,beginner,13,data-structure-questions-answers-recursion,14,hard,Data Structures,False,beginner,0.9997776425075228,0.9997776425075228,0.0002223574918180113,6.592880534424399e-13,True,random
32,beginner,14,data-structure-questions-answers-stack-using-queues,4,easy,Data Structures,False,beginner,0.9996534227918533,0.9996534227918533,0.0003465772068866198,1.2600587575597337e-12,True,random
32,beginner,15,data-structure-questions-answers-incidence-matrix-graph-structured-stack,5,medium,Data Structures,False,beginner,0.999735426772812,0.999735426772812,0.0002645732265674571,6.203536290691695e-13,True,random
32,beginner,16,data-structure-questions-answers-reverse-word-stack,3,easy,Data Structures,True,beginner,0.9991487185562957,0.9991487185562957,0.000851281432884728,1.0819516440939916e-11,True,random
32,beginner,17,data-structure-questions-answers-longest-increasing-subsequence,2,medium,Data Structures,False,beginner,0.9991848676112492,0.9991848676112492,0.0008151323786342209,1.0116555688755667e-11,True,random
32,beginner,18,data-structure-questions-answers-graph,4,easy,Data Structures,True,beginner,0.9976209069427792,0.9976209069427792,0.002379092968918233,8.830254574710971e-11,True,random
32,beginner,19,data-structure-questions-answers-preorder-traversal,1,medium,Data Structures,True,beginner,0.9950735355525582,0.9950735355525582,0.0049264640611873115,3.8625456962591974e-10,True,random
32,beginner,20,data-structure-questions-answers-binary-tree-properties,10,hard,Data Structures,False,beginner,0.99815949078751,0.99815949078751,0.0018405091651023222,4.738768889305829e-11,True,random
154,intermediate,1,data-structure-questions-answers-binary-search-tree,1,hard,Data Structures,True,intermediate,0.9663068253806171,0.003771487016771855,0.9663068253806171,0.02992168760261101,True,random
154,intermediate,2,data-structure-questions-answers-assembly-line-scheduling,7,hard,Data Structures,True,intermediate,0.6769015248882224,0.32305161319577963,0.6769015248882224,4.68619159979175e-05,True,random
154,intermediate,3,data-structure-questions-answers-longest-common-subsequence,3,medium,Data Structures,False,intermediate,0.9111248276617699,0.08858920767500095,0.9111248276617699,0.00028596466322908807,True,random
154,intermediate,4,data-structure-questions-answers-parallel-array,5,easy,Data Structures,True,intermediate,0.5828815660859553,0.41694295447877017,0.5828815660859553,0.00017547943527461196,True,random
154,intermediate,5,data-structure-questions-answers-graph,6,easy,Data Structures,True,intermediate,0.8644289607620315,0.13425073658998352,0.8644289607620315,0.001320302647984879,True,random
154,intermediate,6,data-structure-questions-answers-free-list,7,hard,Data Structures,True,intermediate,0.8928605693956557,0.10546153648974284,0.8928605693956557,0.0016778941146014272,True,random
154,intermediate,7,data-structure-questions-answers-weight-balanced-tree,7,hard,Data Structures,True,intermediate,0.8165549913165442,0.1827839905041748,0.8165549913165442,0.0006610181792810567,True,random
154,intermediate,8,data-structure-questions-answers-recursion,4,easy,Data Structures,True,intermediate,0.9675052722440711,0.022669546016588042,0.9675052722440711,0.009825181739340749,True,random
154,intermediate,9,data-structure-questions-answers-minimum-number-jumps,4,easy,Data Structures,True,intermediate,0.9701639523723882,0.013403744151351423,0.9701639523723882,0.01643230347626031,True,random
154,intermediate,10,data-structure-questions-answers-double-ended-queue,8,medium,Data Structures,True,intermediate,0.9355148496967931,0.005370409387561276,0.9355148496967931,0.059114740915645655,True,random
154,intermediate,11,data-structure-questions-answers-fibonacci-recursion,12,hard,Data Structures,True,intermediate,0.9232315656451316,0.003984852043717768,0.9232315656451316,0.07278358231115067,True,random
154,intermediate,12,data-structure-questions-answers-generating-partitions,7,easy,Data Structures,True,intermediate,0.8570627931384036,0.0017635238434050458,0.8570627931384036,0.14117368301819144,True,random
154,intermediate,13,data-structure-questions-answers-red-black-tree,2,hard,Data Structures,False,intermediate,0.9232264328973188,0.006618234114342831,0.9232264328973188,0.0701553329883385,True,random
154,intermediate,14,data-structure-questions-answers-generating-partitions,6,hard,Data Structures,True,intermediate,0.9320135506609672,0.00697092186826818,0.9320135506609672,0.061015527470764615,True,random
154,intermediate,15,data-structure-questions-answers-binary-search-iterative,2,easy,Data Structures,True,intermediate,0.9094039802543713,0.00449502082012838,0.9094039802543713,0.0861009989255003,True,random
154,intermediate,16,java-questions-answers-data-structures-set,7,easy,Data Structures,True,intermediate,0.8419326733730517,0.0025678646378030326,0.8419326733730517,0.15549946198914533,True,random
154,intermediate,17,data-structure-questions-answers-freshers,5,hard,Data Structures,False,intermediate,0.9208646192329569,0.0062929043507718545,0.9208646192329569,0.07284247641627117,True,random
154,intermediate,18,data-structure-questions-answers-incidence-matrix-graph-structured-stack,9,easy,Data Structures,False,intermediate,0.933159978306751,0.006292941145252711,0.933159978306751,0.06054708054799632,True,random
154,intermediate,19,data-structure-questions-answers-graph,13,medium,Data Structures,True,intermediate,0.8379924239770661,0.002439317988948033,0.8379924239770661,0.15956825803398592,True,random
154,intermediate,20,data-structure-questions-answers-heap,2,easy,Data Structures,True,intermediate,0.7809647757728664,0.001509166118653181,0.7809647757728664,0.21752605810848047,True,random
196,intermediate,1,discrete-mathematics-mcqs-primes-greatest-common-divisors,6,easy,Discrete Mathematics,False,advanced,0.6693616611740631,0.005890485674923691,0.3247478531510131,0.6693616611740631,False,random
196,intermediate,2,discrete-mathematics-questions-answers-cosets,9,easy,Discrete Mathematics,True,advanced,0.8116270465908656,0.00018819455806951544,0.1881847588510649,0.8116270465908656,False,random
196,intermediate,3,discrete-mathematics-questions-answers-hasse-diagrams,4,hard,Discrete Mathematics,False,intermediate,0.9393818645156917,0.034214712786348675,0.9393818645156917,0.026403422697959703,True,random
196,intermediate,4,discrete-mathematics-questions-answers-generating-functions,4,medium,Discrete Mathematics,True,intermediate,0.9500406890126175,0.008157366334451731,0.9500406890126175,0.04180194465293076,True,random
196,intermediate,5,discrete-mathematics-questions-answers-multiplication-theorem-probability,3,easy,Discrete Mathematics,True,intermediate,0.7600299405360229,0.0008055611991739658,0.7600299405360229,0.2391644982648031,True,random
196,intermediate,6,discrete-mathematics-questions-answers-tree-traversal,9,medium,Discrete Mathematics,False,intermediate,0.9398992431755127,0.003302195654727777,0.9398992431755127,0.05679856116975958,True,random
196,intermediate,7,discrete-mathematics-questions-answers-geometric-sequences,9,medium,Discrete Mathematics,False,intermediate,0.681293240232626,0.0004684097266939211,0.681293240232626,0.3182383500406801,True,random
196,intermediate,8,discrete-mathematics-question-papers,4,easy,Discrete Mathematics,True,intermediate,0.6180854397297583,0.0002528366584855323,0.6180854397297583,0.3816617236117562,True,random
196,intermediate,9,discrete-mathematics-questions-answers-inference,2,hard,Discrete Mathematics,False,intermediate,0.9576998388701613,0.006068467312250544,0.9576998388701613,0.036231693817588104,True,random
196,intermediate,10,discrete-mathematics-questions-answers-pigeonhole-principle,2,medium,Discrete Mathematics,True,intermediate,0.9597036743810852,0.0063866280432188045,0.9597036743810852,0.03390969757569606,True,random
196,intermediate,11,discrete-mathematics-written-test-questions-answers,4,easy,Discrete Mathematics,True,intermediate,0.9470203787357293,0.0035890023176800238,0.9470203787357293,0.049390618946590525,True,random
196,intermediate,12,advanced-discrete-mathematics-questions-answers,3,easy,Discrete Mathematics,True,intermediate,0.8566196893289589,0.0009996928164658966,0.8566196893289589,0.1423806178545752,True,random
196,intermediate,13,discrete-mathematics-questions-answers-closure-associativity,6,hard,Discrete Mathematics,False,intermediate,0.9412602511895157,0.0041163576249087005,0.9412602511895157,0.05462339118557571,True,random
196,intermediate,14,discrete-mathematics-questions-answers-harmonic-sequences,6,easy,Discrete Mathematics,True,intermediate,0.8534627751317484,0.0015079101286476315,0.8534627751317484,0.14502931473960395,True,random
196,intermediate,15,discrete-mathematics-questions-answers-nested-quantifiers,8,hard,Discrete Mathematics,False,intermediate,0.8345131777103522,0.0015317932160978987,0.8345131777103522,0.16395502907355006,True,random
196,intermediate,16,discrete-mathematics-questions-answers-geometric-sequences,7,medium,Discrete Mathematics,False,intermediate,0.8511741275719997,0.0018525640388606741,0.8511741275719997,0.14697330838913947,True,random
196,intermediate,17,discrete-mathematics-questions-answers-probability-distribution,2,hard,Discrete Mathematics,False,intermediate,0.8813598256647263,0.0025016367041597767,0.8813598256647263,0.11613853763111393,True,random
196,intermediate,18,discrete-mathematics-questions-answers-aptitude-test,4,medium,Discrete Mathematics,True,intermediate,0.8834648261047475,0.0020918288493852275,0.8834648261047475,0.11444334504586731,True,random
196,intermediate,19,discrete-mathematics-question-papers,6,medium,Discrete Mathematics,True,intermediate,0.7993150151513245,0.0009233890819964474,0.7993150151513245,0.19976159576667912,True,random
196,intermediate,20,discrete-mathematics-questions-answers-nested-quantifiers,3,hard,Discrete Mathematics,False,intermediate,0.878451776405764,0.002114638892624519,0.878451776405764,0.11943358470161157,True,random
167,intermediate,1,automata-theory-questions-answers-cfl-substitution-theorem,2,easy,Automata Theory,True,advanced,0.9973236312384582,2.2849178791279545e-07,0.0026761402697538525,0.9973236312384582,False,random
167,intermediate,2,automata-theory-questions-answers-cfl-substitution-theorem,8,medium,Automata Theory,True,intermediate,0.5090450131951754,0.0016933626814630168,0.5090450131951754,0.4892616241233616,True,random
167,intermediate,3,automata-theory-questions-answers-dfa-regular-expressions,10,medium,Automata Theory,False,intermediate,0.9237703881873336,0.06988526556254519,0.9237703881873336,0.006344346250121305,True,random
167,intermediate,4,automata-theory-questions-answers-lexical-analysis,9,easy,Automata Theory,True,intermediate,0.9050547191778354,0.013721744311269978,0.9050547191778354,0.08122353651089463,True,random
167,intermediate,5,automata-theory-questions-answers-chomsky-normal-form,10,easy,Automata Theory,True,intermediate,0.8954586245545744,0.01313602808024374,0.8954586245545744,0.09140534736518194,True,random
167,intermediate,6,automata-theory-questions-answers-equivalence-one-tape-multitape-turing-machine,1,hard,Automata Theory,False,intermediate,0.9677984140982472,0.006241307197641716,0.9677984140982472,0.025960278704110988,True,random
167,intermediate,7,automata-theory-questions-answers-simulation-turing-machine,5,hard,Automata Theory,False,intermediate,0.9637303693975902,0.03421830882143095,0.9637303693975902,0.0020513217809788506,True,random
167,intermediate,8,automata-theory-questions-answers-reversal-homomorphism-inverse-homomorphism,4,easy,Automata Theory,True,intermediate,0.9725329851287474,0.02158197613192042,0.9725329851287474,0.005885038739332274,True,random
167,intermediate,9,automata-theory-questions-answers-class-rp-zpp,8,hard,Automata Theory,False,intermediate,0.9767614596739517,0.017988341220946266,0.9767614596739517,0.005250199105102026,True,random
167,intermediate,10,automata-theory-questions-answers-mealy-machine,3,medium,Automata Theory,False,intermediate,0.9807858870773,0.014485318907947901,0.9807858870773,0.004728794014752127,True,random
167,intermediate,11,automata-theory-questions-answers-dfa-processing-strings,7,hard,Automata Theory,False,intermediate,0.9742429579803832,0.023921909130142867,0.9742429579803832,0.0018351328894739732,True,random
167,intermediate,12,automata-theory-questions-answers-operators-regular-expression,4,hard,Automata Theory,False,intermediate,0.908718924584667,0.09107788012489373,0.908718924584667,0.0002031952904393005,True,random
167,intermediate,13,automata-theory-questions-answers-from-pda-grammars,6,easy,Automata Theory,True,intermediate,0.9540815614659985,0.04518843162033543,0.9540815614659985,0.0007300069136660354,True,random
167,intermediate,14,automata-theory-questions-answers-pda-acceptance-empty-stack,5,medium,Automata Theory,True,intermediate,0.9586428128127459,0.040538318709156626,0.9586428128127459,0.0008188684780975503,True,random
167,intermediate,15,automata-theory-interview-questions-answers,2,easy,Automata Theory,True,intermediate,0.974096764076743,0.024265679569159142,0.974096764076743,0.0016375563540978293,True,random
167,intermediate,16,automata-theory-interview-questions-answers,7,hard,Automata Theory,False,intermediate,0.9492617372367046,0.04996181712984292,0.9492617372367046,0.0007764456334523758,True,random
167,intermediate,17,automata-theory-questions-answers-algebric-laws-finding-patterns-derivatives,4,hard,Automata Theory,False,intermediate,0.9494424714987058,0.049948482779199485,0.9494424714987058,0.0006090457220947456,True,random
167,intermediate,18,automata-theory-questions-answers-reversal-homomorphism-inverse-homomorphism,7,medium,Automata Theory,True,intermediate,0.9686054213529895,0.029960729999343617,0.9686054213529895,0.001433848647666846,True,random
167,intermediate,19,automata-theory-questions-answers-intersection-regular-languages,5,hard,Automata Theory,False,intermediate,0.9552275023950166,0.043947328425793616,0.9552275023950166,0.0008251691791896822,True,random
167,intermediate,20,automata-theory-questions-answers-freshers,5,easy,Automata Theory,True,intermediate,0.9722734744405649,0.025933221073463686,0.9722734744405649,0.001793304485971452,True,random
4,beginner,1,1000-data-structure-questions-answers,9,hard,Data Structures,False,beginner,0.9999989866093038,0.9999989866093038,1.0133906962496965e-06,3.560341653469907e-18,True,random
4,beginner,2,data-structure-questions-answers-factorial-recursion,10,medium,Data Structures,True,beginner,0.9837415903457408,0.9837415903457408,0.016258409149338397,5.049208535063465e-10,True,random
4,beginner,3,data-structure-questions-answers-preorder-traversal,1,medium,Data Structures,False,beginner,0.8919248398583834,0.8919248398583834,0.10807510198131841,5.8160298189275344e-08,True,random
4,beginner,4,data-structure-questions-answers-double-ended-queue,8,medium,Data Structures,True,beginner,0.9773244976822713,0.9773244976822713,0.02267550107122659,1.246502164343394e-09,True,random
4,beginner,5,data-structure-questions-answers-search-element-array-recursion-1,1,medium,Data Structures,False,beginner,0.9137715826245426,0.9137715826245426,0.08622839177781448,2.55976428831465e-08,True,random
4,beginner,6,data-structure-questions-answers-balanced-partition,10,easy,Data Structures,False,beginner,0.9969484596062707,0.9969484596062707,0.003051540345326509,4.840285278790144e-11,True,random
4,beginner,7,data-structure-questions-answers-bit-array,6,hard,Data Structures,False,beginner,0.9993434716308416,0.9993434716308416,0.0006565283674285296,1.7298311160056687e-12,True,random
4,beginner,8,data-structure-questions-answers-stack-using-queues,1,easy,Data Structures,False,beginner,0.9984570292951934,0.9984570292951934,0.0015429706956823581,9.124181076171065e-12,True,random
4,beginner,9,data-structure-questions-answers-xor-linked-list,6,hard,Data Structures,False,beginner,0.9995581759789454,0.9995581759789454,0.0004418240204429524,6.115789197950819e-13,True,random
4,beginner,10,data-structure-questions-answers-reverse-word-stack,4,medium,Data Structures,False,beginner,0.9994536092871777,0.9994536092871777,0.0005463907118090873,1.0130508512326119e-12,True,random
4,beginner,11,data-structure-questions-answers-recursion,4,easy,Data Structures,False,beginner,0.9981766222784441,0.9981766222784441,0.0018233777086865146,1.286957722891647e-11,True,random
4,beginner,12,data-structure-questions-answers-string-reversal-recursion,2,hard,Data Structures,False,beginner,0.9997349924595564,0.9997349924595564,0.0002650075402194321,2.2425616321759304e-13,True,random
4,beginner,13,data-structure-questions-answers-generating-partitions,7,easy,Data Structures,True,beginner,0.9978718259182028,0.9978718259182028,0.002128174038606699,4.319052555869848e-11,True,random
4,beginner,14,java-questions-answers-data-structures-list,6,medium,Data Structures,False,beginner,0.9980754423861766,0.9980754423861766,0.0019245575839463708,2.987700505859354e-11,True,random
4,beginner,15,data-structure-questions-answers-red-black-tree,2,hard,Data Structures,False,beginner,0.9970490068047217,0.9970490068047217,0.0029509931236246425,7.165344152852448e-11,True,random
4,beginner,16,data-structure-questions-answers-campus-interviews,6,hard,Data Structures,False,beginner,0.9974697022930952,0.9974697022930952,0.0025302976551602762,5.174452539823094e-11,True,random
4,beginner,17,data-structure-questions-answers-fibonacci-recursion,12,hard,Data Structures,False,beginner,0.9978728194786239,0.9978728194786239,0.00212718048758179,3.379420190459364e-11,True,random
4,beginner,18,data-structure-questions-answers-bubble-sort,3,medium,Data Structures,True,beginner,0.9979851972294655,0.9979851972294655,0.002014802738905221,3.162923952643025e-11,True,random
4,beginner,19,data-structure-questions-answers-binary-trees-array,2,medium,Data Structures,False,beginner,0.9980834415987694,0.9980834415987694,0.001916558371900472,2.933026552268516e-11,True,random
4,beginner,20,data-structure-questions-answers-edit-distance-problem,8,hard,Data Structures,False,beginner,0.9990485928341072,0.9990485928341072,0.0009514071595280701,6.3646983680722275e-12,True,random
61,beginner,1,discrete-mathematics-questions-answers-modular-exponentiation,8,easy,Discrete Mathematics,False,intermediate,0.5621725001853378,0.02330334369006493,0.5621725001853378,0.4145241561245972,False,random
61,beginner,2,discrete-mathematics-mcqs-integers-algorithms,8,easy,Discrete Mathematics,True,intermediate,0.8814971900170347,0.01612033092980032,0.8814971900170347,0.10238247905316497,False,random
61,beginner,3,discrete-mathematics-questions-answers-floor-ceiling-function,1,easy,Discrete Mathematics,False,intermediate,0.6298659714416385,0.0070804335837867435,0.6298659714416385,0.36305359497457473,False,random
61,beginner,4,discrete-mathematics-multiple-choice-questions-answers,10,hard,Discrete Mathematics,False,intermediate,0.9249627108315791,0.03405549730529739,0.9249627108315791,0.0409817918631234,False,random
61,beginner,5,discrete-mathematics-problems,5,medium,Discrete Mathematics,False,intermediate,0.8929787365497084,0.10502996146235322,0.8929787365497084,0.0019913019879384325,False,random
61,beginner,6,discrete-mathematics-questions-answers-pigeonhole-principle,1,hard,Discrete Mathematics,False,beginner,0.6705442159077607,0.6705442159077607,0.3294175068176254,3.827727461393231e-05,True,random
61,beginner,7,discrete-mathematics-questions-answers-modular-exponentiation,3,hard,Discrete Mathematics,False,beginner,0.9712046265998344,0.9712046265998344,0.02879525119338843,1.2220677710980227e-07,True,random
61,beginner,8,discrete-mathematics-questions-answers-prime-numbers,1,easy,Discrete Mathematics,True,beginner,0.8186341715037907,0.8186341715037907,0.18136032860771392,5.4998884952737855e-06,True,random
61,beginner,9,discrete-mathematics-questions-answers-recursion,4,easy,Discrete Mathematics,True,beginner,0.689710906888958,0.689710906888958,0.3102745209808465,1.4572130195598287e-05,True,random
61,beginner,10,discrete-mathematics-questions-answers-group-axioms,4,medium,Discrete Mathematics,False,beginner,0.7018231878541267,0.7018231878541267,0.2981604297815347,1.638236433874401e-05,True,random
61,beginner,11,discrete-mathematics-questions-answers-nested-quantifiers,8,hard,Discrete Mathematics,False,beginner,0.8383353142106296,0.8383353142106296,0.16166108002239105,3.6057669794566296e-06,True,random
61,beginner,12,discrete-mathematics-questions-answers-campus-interviews,10,easy,Discrete Mathematics,True,beginner,0.6740700906954655,0.6740700906954655,0.32591648723891015,1.3422065624342406e-05,True,random
61,beginner,13,discrete-mathematics-questions-answers-experienced,4,hard,Discrete Mathematics,False,beginner,0.9583831238920743,0.9583831238920743,0.04161674861352746,1.274943981826139e-07,True,random
61,beginner,14,discrete-mathematics-puzzles,2,easy,Discrete Mathematics,True,beginner,0.8876890215060798,0.8876890215060798,0.1123102323429028,7.461510173520251e-07,True,random
61,beginner,15,discrete-mathematics-mcqs-sets,8,easy,Discrete Mathematics,True,beginner,0.802914099836197,0.802914099836197,0.19708373016300673,2.1700007963989312e-06,True,random
61,beginner,16,discrete-mathematics-questions-answers-set-types,7,hard,Discrete Mathematics,False,beginner,0.9618379273516595,0.9618379273516595,0.03816199095719134,8.169114916825699e-08,True,random
61,beginner,17,discrete-mathematics-questions-answers-pigeonhole-principle,2,medium,Discrete Mathematics,False,beginner,0.9550850263712538,0.9550850263712538,0.04491485686408072,1.1676466544075063e-07,True,random
61,beginner,18,discrete-mathematics-questions-answers-recursion,7,hard,Discrete Mathematics,False,beginner,0.9794812587489988,0.9794812587489988,0.020518718699726296,2.2551274965817694e-08,True,random
61,beginner,19,discrete-mathematics-questions-answers-recurrence-relation,9,medium,Discrete Mathematics,False,beginner,0.9718614606644683,0.9718614606644683,0.028138494421215618,4.491431617958752e-08,True,random
61,beginner,20,discrete-mathematics-mcqs-integers-division,5,easy,Discrete Mathematics,False,beginner,0.9653861279094192,0.9653861279094192,0.034613807657263365,6.443331752823519e-08,True,random
202,advanced,1,operating-system-mcqs-memory-management-segmentation,8,medium,Operating Systems,True,intermediate,0.9679798174071911,0.001148782760529465,0.9679798174071911,0.030871399832279482,False,uncertainty
202,advanced,2,operating-system-question-answers-multimedia-systems,9,medium,Operating Systems,True,intermediate,0.9060434058256521,0.0003779366154771586,0.9060434058256521,0.09357865755887065,False,uncertainty
202,advanced,3,operating-system-mcqs-process-rpc,8,hard,Operating Systems,False,advanced,0.8533003591975965,1.9349463247509775e-06,0.1466977058560788,0.8533003591975965,True,uncertainty
202,advanced,4,operating-system-mcqs-process-scheduling-queue,1,hard,Operating Systems,True,advanced,0.9685001432886834,2.1741345294796406e-07,0.03149963929786374,0.9685001432886834,True,uncertainty
202,advanced,5,operating-system-mcqs-process-scheduling-queue,14,hard,Operating Systems,True,advanced,0.9886764484014892,3.646321494712688e-08,0.011323515135295715,0.9886764484014892,True,uncertainty
202,advanced,6,operating-system-mcqs-protection-revocation-access-rights,1,hard,Operating Systems,True,advanced,0.9815292569020855,9.318065692841224e-08,0.01847064991725766,0.9815292569020855,True,uncertainty
202,advanced,7,operating-system-mcqs-semaphores-1,11,hard,Operating Systems,False,advanced,0.9019941047793048,2.563531293176902e-06,0.09800333168940195,0.9019941047793048,True,uncertainty
202,advanced,8,operating-system-mcqs-threads-ult-klt,10,hard,Operating Systems,True,advanced,0.910519562915392,2.2777269166918366e-06,0.08947815935769134,0.910519562915392,True,uncertainty
202,advanced,9,operating-system-mcqs-cpu-scheduling-benefits,7,hard,Operating Systems,True,advanced,0.8639959875031387,4.874514999105825e-06,0.13599913798186222,0.8639959875031387,True,uncertainty
202,advanced,10,operating-system-mcqs-file-system-allocation-methods-2,7,hard,Operating Systems,True,advanced,0.8026965606794011,1.0788544549852709e-05,0.19729265077604907,0.8026965606794011,True,uncertainty
202,advanced,11,operating-system-mcqs-file-system-allocation-methods-1,10,hard,Operating Systems,True,advanced,0.7475902808143337,1.647910106773194e-05,0.2523932400845986,0.7475902808143337,True,uncertainty
202,advanced,12,operating-system-mcqs-file-system-allocation-methods-3,10,hard,Operating Systems,True,advanced,0.7631193928449721,1.2962497729486946e-05,0.23686764465729837,0.7631193928449721,True,uncertainty
202,advanced,13,operating-system-questions-answers,23,easy,Operating Systems,True,advanced,0.7389173460343345,0.00012244782415380572,0.2609602061415117,0.7389173460343345,True,uncertainty
202,advanced,14,operating-system-questions-answers-rtos,5,medium,Operating Systems,True,advanced,0.7889682905592751,6.153057945795917e-05,0.21097017886126704,0.7889682905592751,True,uncertainty
202,advanced,15,operating-system-questions-answers-distributed-synchronization,7,medium,Operating Systems,True,advanced,0.743401745032618,8.320652535536868e-05,0.2565150484420265,0.743401745032618,True,uncertainty
202,advanced,16,operating-system-questions-answers-file-system-concepts,5,medium,Operating Systems,True,advanced,0.8296891236113718,3.085602309558996e-05,0.17028002036553255,0.8296891236113718,True,uncertainty
202,advanced,17,operating-system-mcqs-memory-management-paging-1,11,easy,Operating Systems,True,advanced,0.908767252454642,7.934894399498498e-06,0.09122481265095854,0.908767252454642,True,uncertainty
202,advanced,18,operating-system-mcqs-disk-management,1,easy,Operating Systems,False,advanced,0.7694676836681041,8.015301906032578e-05,0.23045216331283555,0.7694676836681041,True,uncertainty
202,advanced,19,operating-system-questions-answers,8,medium,Operating Systems,True,advanced,0.8001937399554165,5.65794159564348e-05,0.19974968062862702,0.8001937399554165,True,uncertainty
202,advanced,20,distributed-operating-system-mcqs-file-system-2,2,medium,Operating Systems,True,advanced,0.8183987536242043,3.920432736146687e-05,0.18156204204843424,0.8183987536242043,True,uncertainty
263,advanced,1,automata-theory-questions-bank,1,easy,Automata Theory,False,advanced,0.9997785016866355,6.767700345487375e-11,0.00022149824568739712,0.9997785016866355,True,uncertainty
263,advanced,2,automata-theory-questions-answers-freshers,4,medium,Automata Theory,True,advanced,0.8995089439706484,5.259223749499602e-06,0.10048579680560188,0.8995089439706484,True,uncertainty
263,advanced,3,automata-theory-questions-answers-moore-machine,6,hard,Automata Theory,False,intermediate,0.8518345289274132,0.0001725532973003182,0.8518345289274132,0.14799291777528656,False,uncertainty
263,advanced,4,automata-theory-questions-answers-class-rp-zpp,8,hard,Automata Theory,True,advanced,0.857408207142836,1.1302439776626698e-05,0.14258049041738743,0.857408207142836,True,uncertainty
263,advanced,5,automata-theory-questions-answers-algebric-laws-finding-patterns-derivatives,4,hard,Automata Theory,True,advanced,0.9011850470092255,9.65880188651741e-06,0.09880529418888793,0.9011850470092255,True,uncertainty
263,advanced,6,automata-theory-interview-questions-answers-experienced,7,hard,Automata Theory,False,intermediate,0.5770350057235326,0.00018024756877794783,0.5770350057235326,0.4227847467076894,False,uncertainty
263,advanced,7,automata-theory-questions-answers-non-deterministic-turing-machines,1,hard,Automata Theory,False,intermediate,0.7678299340552099,0.00029211779009957577,0.7678299340552099,0.23187794815469046,False,uncertainty
263,advanced,8,automata-theory-questions-answers-simulation-turing-machine,4,hard,Automata Theory,True,intermediate,0.614143388728444,0.00022985026456929538,0.614143388728444,0.3856267610069867,False,uncertainty
263,advanced,9,automata-theory-questions-answers-experienced,8,hard,Automata Theory,False,intermediate,0.7707296258799985,0.00039314906606394617,0.7707296258799985,0.22887722505393746,False,uncertainty
263,advanced,10,automata-theory-questions-answers-sentential-forms,10,hard,Automata Theory,False,intermediate,0.9055666731891242,0.0008492122610898289,0.9055666731891242,0.093584114549786,False,uncertainty
263,advanced,11,automata-theory-questions-answers-non-deterministic-turing-machines,2,hard,Automata Theory,True,intermediate,0.9266637152841738,0.0015966101085319272,0.9266637152841738,0.07173967460729434,False,uncertainty
263,advanced,12,automata-theory-questions-answers-sentential-forms,9,hard,Automata Theory,False,intermediate,0.9551967444902337,0.0020079841577992094,0.9551967444902337,0.042795271351967035,False,uncertainty
263,advanced,13,automata-theory-questions-answers-experienced,5,easy,Automata Theory,True,intermediate,0.6439800858139837,0.0003752640161442929,0.6439800858139837,0.35564465016987207,False,uncertainty
263,advanced,14,automata-theory-questions-answers-the-language-turing-machine,4,easy,Automata Theory,False,intermediate,0.6348230804185887,0.00023510475883268213,0.6348230804185887,0.3649418148225785,False,uncertainty
263,advanced,15,automata-theory-mcqs-finite-automata,9,easy,Automata Theory,True,advanced,0.6402880002558125,7.345363978747094e-05,0.35963854610440005,0.6402880002558125,True,uncertainty
263,advanced,16,automata-theory-questions-answers-lexical-analysis,4,medium,Automata Theory,False,intermediate,0.5006335661274454,0.00011651806521291578,0.5006335661274454,0.49924991580734174,False,uncertainty
263,advanced,17,automata-theory-questions-answers-polynomial-space-turing-machine,3,medium,Automata Theory,False,intermediate,0.634841008884869,0.00018533207246713325,0.634841008884869,0.3649736590426638,False,uncertainty
263,advanced,18,automata-theory-questions-answers-simpler-notations,2,medium,Automata Theory,True,intermediate,0.5121015781007151,0.00011832253344711205,0.5121015781007151,0.4877800993658377,False,uncertainty
263,advanced,19,automata-theory-questions-answers-mcqs,7,easy,Automata Theory,True,advanced,0.6854644134109908,4.316815247553366e-05,0.3144924184365335,0.6854644134109908,True,uncertainty
263,advanced,20,automata-theory-questions-answers-test,11,easy,Automata Theory,False,advanced,0.5907281079728103,6.650342121184764e-05,0.409205388605978,0.5907281079728103,True,uncertainty
131,intermediate,1,discrete-mathematics-questions-answers-group-theory,4,medium,Discrete Mathematics,False,intermediate,0.7788016768666234,0.006436919929340484,0.7788016768666234,0.21476140320403608,True,uncertainty
131,intermediate,2,discrete-mathematics-questions-answers-permutation-groups,3,easy,Discrete Mathematics,True,advanced,0.8056189399163823,9.167958122352577e-05,0.19428938050239414,0.8056189399163823,False,uncertainty
131,intermediate,3,discrete-mathematics-questions-answers-cosets,5,easy,Discrete Mathematics,True,advanced,0.9027427425524179,8.32545426860035e-06,0.0972489319933136,0.9027427425524179,False,uncertainty
131,intermediate,4,discrete-mathematics-questions-answers-nested-quantifiers,8,hard,Discrete Mathematics,False,intermediate,0.6608197627354008,0.0004144209238656678,0.6608197627354008,0.3387658163407335,True,uncertainty
131,intermediate,5,discrete-mathematics-questions-answers-mean-variance-random-variables,2,hard,Discrete Mathematics,True,intermediate,0.6437751025682105,0.0005888353291434734,0.6437751025682105,0.355636062102646,True,uncertainty
131,intermediate,6,discrete-mathematics-questions-answers-logical-equivalences,6,hard,Discrete Mathematics,False,intermediate,0.8998139121815298,0.004842713928521835,0.8998139121815298,0.09534337388994822,True,uncertainty
131,intermediate,7,discrete-mathematics-questions-answers-pigeonhole-principle,1,hard,Discrete Mathematics,False,intermediate,0.8058713331640485,0.002133989971318441,0.8058713331640485,0.19199467686463306,True,uncertainty
131,intermediate,8,discrete-mathematics-questions-answers-set-types,6,hard,Discrete Mathematics,False,intermediate,0.9159532970607063,0.004057892263438487,0.9159532970607063,0.07998881067585525,True,uncertainty
131,intermediate,9,discrete-mathematics-mcqs-growth-functions,6,hard,Discrete Mathematics,True,intermediate,0.9370077387060881,0.005966607034997072,0.9370077387060881,0.05702565425891468,True,uncertainty
131,intermediate,10,discrete-mathematics-questions-answers-lattices,8,hard,Discrete Mathematics,False,intermediate,0.9634162155173059,0.018955088579944795,0.9634162155173059,0.017628695902749396,True,uncertainty
131,intermediate,11,discrete-mathematics-puzzles,6,medium,Discrete Mathematics,False,intermediate,0.9611562210793143,0.024768230348639165,0.9611562210793143,0.014075548572046431,True,uncertainty
131,intermediate,12,discrete-mathematics-mcqs-sequences-summations,7,medium,Discrete Mathematics,False,intermediate,0.9572692081725751,0.03394297034054355,0.9572692081725751,0.008787821486881382,True,uncertainty
131,intermediate,13,discrete-mathematics-mcqs-sets,2,medium,Discrete Mathematics,True,intermediate,0.9528607528759306,0.03979086807296341,0.9528607528759306,0.007348379051105933,True,uncertainty
131,intermediate,14,discrete-mathematics-questions-answers-venn-diagram,3,medium,Discrete Mathematics,False,intermediate,0.9510127669866408,0.03940294547537847,0.9510127669866408,0.00958428753798075,True,uncertainty
131,intermediate,15,discrete-mathematics-questions-answers-group-axioms,4,medium,Discrete Mathematics,False,intermediate,0.9566847630191876,0.02984467589064059,0.9566847630191876,0.013470561090171917,True,uncertainty
131,intermediate,16,discrete-mathematics-questions-answers-aptitude-test,4,medium,Discrete Mathematics,False,intermediate,0.9589557745595649,0.024752738478471824,0.9589557745595649,0.01629148696196324,True,uncertainty
131,intermediate,17,discrete-mathematics-questions-answers-generating-functions,3,medium,Discrete Mathematics,True,intermediate,0.9572552252519358,0.015400212821412197,0.9572552252519358,0.02734456192665188,True,uncertainty
131,intermediate,18,discrete-mathematics-questions-answers-propositions,9,hard,Discrete Mathematics,False,intermediate,0.9539726293347565,0.03554384127824554,0.9539726293347565,0.010483529386997975,True,uncertainty
131,intermediate,19,discrete-mathematics-questions-answers-ciphers,6,medium,Discrete Mathematics,False,intermediate,0.9408646481888682,0.052712758117154104,0.9408646481888682,0.0064225936939776625,True,uncertainty
131,intermediate,20,discrete-mathematics-questions-answers-inverse-matrices,8,medium,Discrete Mathematics,False,intermediate,0.9572810339084428,0.03242405615404614,0.9572810339084428,0.010294909937511249,True,uncertainty
191,intermediate,1,data-structure-questions-answers-priority-queue,3,hard,Data Structures,True,beginner,0.9029628454238741,0.9029628454238741,0.09703696522523958,1.8935088638840714e-07,False,uncertainty
191,intermediate,2,data-structure-questions-answers-stack-using-queues,1,easy,Data Structures,True,intermediate,0.6229873535496945,0.0019006681390015758,0.6229873535496945,0.3751119783113038,True,uncertainty
191,intermediate,3,1000-data-structure-questions-answers,9,hard,Data Structures,False,intermediate,0.9336070625211622,0.0302021921052168,0.9336070625211622,0.036190745373621006,True,uncertainty
191,intermediate,4,data-structure-questions-answers-stack-array,8,hard,Data Structures,False,intermediate,0.7343108904632389,0.2638375438368158,0.7343108904632389,0.0018515656999452698,True,uncertainty
191,intermediate,5,data-structure-questions-answers-incidence-matrix-graph-structured-stack,7,medium,Data Structures,False,intermediate,0.9655207575837722,0.026494521116028423,0.9655207575837722,0.00798472130019922,True,uncertainty
191,intermediate,6,data-structure-questions-answers-graph,13,medium,Data Structures,False,intermediate,0.941374670039953,0.00399142426928713,0.941374670039953,0.05463390569075993,True,uncertainty
191,intermediate,7,data-structure-questions-answers-free-list,7,hard,Data Structures,False,intermediate,0.9741028872987882,0.015969718026472342,0.9741028872987882,0.009927394674739357,True,uncertainty
191,intermediate,8,data-structure-questions-answers-power-number-recursion-logn-time,8,medium,Data Structures,True,intermediate,0.9737907625972655,0.012253341931798778,0.9737907625972655,0.013955895470935712,True,uncertainty
191,intermediate,9,data-structure-questions-answers-longest-palindromic-subsequence,3,hard,Data Structures,False,intermediate,0.9457543381204586,0.05171239768732991,0.9457543381204586,0.002533264192211458,True,uncertainty
191,intermediate,10,data-structure-questions-answers-stack-operations,5,medium,Data Structures,True,intermediate,0.954299120619157,0.041606027093929916,0.954299120619157,0.004094852286913178,True,uncertainty
191,intermediate,11,data-structure-questions-answers-reverse-word-stack,6,medium,Data Structures,True,intermediate,0.9517140480160348,0.04503223164240115,0.9517140480160348,0.0032537203415640478,True,uncertainty
191,intermediate,12,data-structure-questions-answers-bubble-sort,3,medium,Data Structures,False,intermediate,0.9584678583315277,0.035342606118703754,0.9584678583315277,0.006189535549768478,True,uncertainty
191,intermediate,13,data-structure-questions-answers-longest-common-subsequence,3,medium,Data Structures,False,intermediate,0.9621192562167642,0.03159358612731713,0.9621192562167642,0.006287157655918731,True,uncertainty
191,intermediate,14,data-structure-questions-answers-fibonacci-search,8,medium,Data Structures,True,intermediate,0.9629939370025725,0.031373419261858784,0.9629939370025725,0.005632643735568789,True,uncertainty
191,intermediate,15,data-structure-questions-answers-avl-tree,5,medium,Data Structures,False,intermediate,0.9490990602866616,0.04735847074753129,0.9490990602866616,0.0035424689658072094,True,uncertainty
191,intermediate,16,data-structure-questions-answers-sparse-array,1,medium,Data Structures,True,intermediate,0.947041275661022,0.049738173614333366,0.947041275661022,0.00322055072464447,True,uncertainty
191,intermediate,17,data-structure-questions-answers-edit-distance-problem,8,hard,Data Structures,True,intermediate,0.8935353737376622,0.10508632982094235,0.8935353737376622,0.0013782964413953057,True,uncertainty
191,intermediate,18,data-structure-questions-answers-array-array-operations,1,easy,Data Structures,False,intermediate,0.8279785688355001,0.17172444126595135,0.8279785688355001,0.0002969898985484644,True,uncertainty
191,intermediate,19,java-questions-answers-data-structures-list,7,easy,Data Structures,True,intermediate,0.9039458114992835,0.09519208222297276,0.9039458114992835,0.0008621062777437286,True,uncertainty
191,intermediate,20,data-structure-interview-questions-answers,9,easy,Data Structures,True,intermediate,0.9472764313393045,0.05078268588108584,0.9472764313393045,0.001940882779609748,True,uncertainty
143,intermediate,1,python-interview-questions-answers,4,hard,Python,False,intermediate,0.6262411353333307,0.37362495339236557,0.6262411353333307,0.00013391127430385287,True,uncertainty
143,intermediate,2,python-programming-interview-questions-answers,7,hard,Python,False,beginner,0.706226348200533,0.706226348200533,0.29376323361001916,1.0418189447800391e-05,False,uncertainty
143,intermediate,3,python-questions-answers-modules,5,hard,Python,False,beginner,0.6657172778419013,0.6657172778419013,0.33426865949465295,1.4062663445816065e-05,False,uncertainty
143,intermediate,4,python-questions-answers-regular-expressions-3,3,medium,Python,True,intermediate,0.9397506305227856,0.05939060367093886,0.9397506305227856,0.0008587658062754282,True,uncertainty
143,intermediate,5,python-quiz,4,medium,Python,True,intermediate,0.9806696026692453,0.006597313297931334,0.9806696026692453,0.012733084032823276,True,uncertainty
143,intermediate,6,python-questions-answers-lists-7,7,hard,Python,False,intermediate,0.9778700636303942,0.00534720662945962,0.9778700636303942,0.01678272974014617,True,uncertainty
143,intermediate,7,python-questions-answers-datetime-module-1,3,hard,Python,False,intermediate,0.9821989733665826,0.009547356217548932,0.9821989733665826,0.008253670415868428,True,uncertainty
143,intermediate,8,1000-python-questions-answers,29,medium,Python,False,intermediate,0.9830053848142256,0.009960209638077453,0.9830053848142256,0.007034405547696919,True,uncertainty
143,intermediate,9,python-questions-answers-advanced-formatting,7,medium,Python,True,intermediate,0.9784807806618312,0.0062277747418722435,0.9784807806618312,0.015291444596296567,True,uncertainty
143,intermediate,10,python-questions-answers-sets-1,8,hard,Python,False,intermediate,0.9733646546753209,0.006267315581514666,0.9733646546753209,0.020368029743164574,True,uncertainty
143,intermediate,11,python-questions-answers-bitwise-2,8,hard,Python,False,intermediate,0.9767353893570826,0.007220858857469965,0.9767353893570826,0.016043751785447324,True,uncertainty
143,intermediate,12,python-questions-answers-formatting-2,2,hard,Python,True,intermediate,0.9737299155066754,0.00950072924665602,0.9737299155066754,0.016769355246668567,True,uncertainty
143,intermediate,13,python-questions-answers-sets-2,7,hard,Python,False,intermediate,0.9686478217583522,0.006685886198185494,0.9686478217583522,0.0246662920434624,True,uncertainty
143,intermediate,14,python-questions-answers-list-comprehension,5,hard,Python,False,intermediate,0.9771246202423196,0.013931350768121138,0.9771246202423196,0.00894402898955926,True,uncertainty
143,intermediate,15,python-programming-interview-questions-answers,5,medium,Python,True,intermediate,0.975536026875054,0.0165536520749071,0.975536026875054,0.007910321050038957,True,uncertainty
143,intermediate,16,python-questions-answers-built-in-functions-2,8,medium,Python,False,intermediate,0.9751623708239735,0.017708448284500532,0.9751623708239735,0.0071291808915259595,True,uncertainty
143,intermediate,17,python-questions-answers-list-comprehension-2,3,medium,Python,True,intermediate,0.9761510793228939,0.01466382975457213,0.9761510793228939,0.009185090922534082,True,uncertainty
143,intermediate,18,python-aptitude-test-questions,3,medium,Python,True,intermediate,0.9765386721685682,0.013292707868275636,0.9765386721685682,0.010168619963156284,True,uncertainty
143,intermediate,19,python-questions-answers-global-local-variables-2,4,medium,Python,True,intermediate,0.9764845075902079,0.009777116926746357,0.9764845075902079,0.01373837548304573,True,uncertainty
143,intermediate,20,python-questions-answers-bitwise-1,8,easy,Python,False,intermediate,0.5229145327987341,0.47697402999056654,0.5229145327987341,0.00011143721069937292,True,uncertainty
284,advanced,1,tricky-discrete-mathematics-questions-answers,4,hard,Discrete Mathematics,True,intermediate,0.941726182084129,0.058146052740945864,0.941726182084129,0.00012776517492514033,False,uncertainty
284,advanced,2,discrete-mathematics-questions-answers-recursion,4,easy,Discrete Mathematics,True,advanced,0.6904464335271141,6.618180735363079e-05,0.3094873846655323,0.6904464335271141,True,uncertainty
284,advanced,3,discrete-mathematics-questions-answers-experienced,1,easy,Discrete Mathematics,True,advanced,0.9933946875670995,4.323687350478933e-08,0.00660526919602711,0.9933946875670995,True,uncertainty
284,advanced,4,discrete-mathematics-questions-answers-types-algorithms,7,hard,Discrete Mathematics,True,advanced,0.9917661496158405,4.3724646727229854e-08,0.008233806659512649,0.9917661496158405,True,uncertainty
284,advanced,5,discrete-mathematics-questions-answers-quiz,4,hard,Discrete Mathematics,False,advanced,0.8581106743704132,1.7594025661638912e-05,0.14187173160392524,0.8581106743704132,True,uncertainty
284,advanced,6,discrete-mathematics-problems,1,hard,Discrete Mathematics,True,advanced,0.813274881378245,4.049312019001374e-05,0.1866846255015651,0.813274881378245,True,uncertainty
284,advanced,7,discrete-mathematics-questions-answers-recursion,7,hard,Discrete Mathematics,True,advanced,0.9397962541838173,3.756473678869778e-06,0.06019998934250382,0.9397962541838173,True,uncertainty
284,advanced,8,discrete-mathematics-questions-answers-pigeonhole-principle,1,hard,Discrete Mathematics,True,advanced,0.7961928335520541,4.130950203343817e-05,0.2037658569459125,0.7961928335520541,True,uncertainty
284,advanced,9,discrete-mathematics-questions-answers-combinations,10,hard,Discrete Mathematics,True,advanced,0.7336188696137846,6.330095009461693e-05,0.26631782943612076,0.7336188696137846,True,uncertainty
284,advanced,10,discrete-mathematics-multiple-choice-questions-answers,10,hard,Discrete Mathematics,False,advanced,0.6865397645499182,0.00012114762217507854,0.3133390878279067,0.6865397645499182,True,uncertainty
284,advanced,11,discrete-mathematics-questions-answers-nested-quantifiers,3,hard,Discrete Mathematics,False,advanced,0.6999743508028654,0.00011564633507484092,0.29991000286205977,0.6999743508028654,True,uncertainty
284,advanced,12,discrete-mathematics-questions-answers-subgroups,3,hard,Discrete Mathematics,True,advanced,0.8637216752729939,1.9961470216958087e-05,0.136258363256789,0.8637216752729939,True,uncertainty
284,advanced,13,discrete-mathematics-questions-answers-venn-diagram,3,medium,Discrete Mathematics,True,advanced,0.9483268524222206,9.89428045473318e-07,0.05167215814973396,0.9483268524222206,True,uncertainty
284,advanced,14,discrete-mathematics-questions-answers-closure-relations,1,medium,Discrete Mathematics,True,advanced,0.9605138468465448,5.654972603040102e-07,0.039485587656194844,0.9605138468465448,True,uncertainty
284,advanced,15,discrete-mathematics-mcqs-sequences-summations,10,easy,Discrete Mathematics,True,advanced,0.9735580888386348,2.2453562319341598e-07,0.026441686625741957,0.9735580888386348,True,uncertainty
284,advanced,16,discrete-mathematics-questions-answers-logic-bit-operations,9,medium,Discrete Mathematics,True,advanced,0.9672076293068448,2.572992856416611e-07,0.03279211339386966,0.9672076293068448,True,uncertainty
284,advanced,17,discrete-mathematics-questions-answers-mcqs,5,easy,Discrete Mathematics,True,advanced,0.980477571829415,8.383023714586804e-08,0.019522344340347806,0.980477571829415,True,uncertainty
284,advanced,18,discrete-mathematics-questions-answers-group-theory,4,medium,Discrete Mathematics,True,advanced,0.981589508876289,6.27870037646718e-08,0.01841042833670723,0.981589508876289,True,uncertainty
284,advanced,19,discrete-mathematics-questions-answers-division-objects,5,medium,Discrete Mathematics,True,advanced,0.9840069431817833,4.2462604249572237e-08,0.015993014355612307,0.9840069431817833,True,uncertainty
284,advanced,20,discrete-mathematics-questions-answers-mcqs,1,medium,Discrete Mathematics,True,advanced,0.9860653255716232,2.880205544875165e-08,0.013934645626321284,0.9860653255716232,True,uncertainty
47,beginner,1,operating-system-mcqs-file-system-allocation-methods-3,9,medium,Operating Systems,True,beginner,0.5775872636121634,0.5775872636121634,0.42241063895447295,2.0974333636465144e-06,True,uncertainty
47,beginner,2,operating-system-mcqs-semaphores-1,2,easy,Operating Systems,False,beginner,0.9958598156915397,0.9958598156915397,0.004140183362191415,9.462689618169858e-10,True,uncertainty
47,beginner,3,operating-system-questions-answers,10,hard,Operating Systems,False,beginner,0.9999561465970733,0.9999561465970733,4.3853402916141845e-05,1.0529473933934334e-14,True,uncertainty
47,beginner,4,operating-system-question-answers-multimedia-systems,9,medium,Operating Systems,False,beginner,0.9990643762535658,0.9990643762535658,0.0009356237329683012,1.346591848374664e-11,True,uncertainty
47,beginner,5,operating-system-mcqs-disk-scheduling-1,5,medium,Operating Systems,False,beginner,0.9998750016494089,0.9998750016494089,0.00012499835044081775,1.5028028773052937e-13,True,uncertainty
47,beginner,6,operating-system-mcqs-memory-management-paging-2,5,medium,Operating Systems,False,beginner,0.9997303877879803,0.9997303877879803,0.0002696122116683967,3.513248669696067e-13,True,uncertainty
47,beginner,7,operating-system-questions-answers,39,medium,Operating Systems,True,beginner,0.9996797475249345,0.9996797475249345,0.0003202524744736858,5.917295446126991e-13,True,uncertainty
47,beginner,8,operating-system-mcqs-virtual-memory-demand-paging,13,medium,Operating Systems,False,beginner,0.999678414642044,0.999678414642044,0.0003215853570636168,8.923054344294812e-13,True,uncertainty
47,beginner,9,operating-system-questions-answers,21,medium,Operating Systems,False,beginner,0.9996572324390312,0.9996572324390312,0.0003427675599935299,9.75253096979406e-13,True,uncertainty
47,beginner,10,operating-system-questions-answers-rtos,5,medium,Operating Systems,False,beginner,0.9997392412261736,0.9997392412261736,0.0002607587734065936,4.1979533804922836e-13,True,uncertainty
47,beginner,11,operating-system-questions-answers-distributed-synchronization,4,medium,Operating Systems,False,beginner,0.9997761831048187,0.9997761831048187,0.0002238168948905762,2.9067752534472885e-13,True,uncertainty
47,beginner,12,operating-system-mcqs-process-structures,1,medium,Operating Systems,False,beginner,0.999366334628356,0.999366334628356,0.0006336653687444777,2.8996200639670752e-12,True,uncertainty
47,beginner,13,operating-system-mcqs-application-io-interface-2,7,easy,Operating Systems,False,beginner,0.9984052716672419,0.9984052716672419,0.001594728312431663,2.0326321247803025e-11,True,uncertainty
47,beginner,14,operating-system-mcqs-deadlock-detection,10,hard,Operating Systems,False,beginner,0.9989052031355402,0.9989052031355402,0.0010947968560889214,8.37085002731434e-12,True,uncertainty
47,beginner,15,operating-system-mcqs-process-scheduling-queue,6,hard,Operating Systems,False,beginner,0.9995297379695057,0.9995297379695057,0.0004702620291814169,1.3126790245614285e-12,True,uncertainty
47,beginner,16,distributed-operating-system-mcqs-network-structure-topology,1,easy,Operating Systems,False,beginner,0.9989124334299795,0.9989124334299795,0.001087566562475228,7.545392928183453e-12,True,uncertainty
47,beginner,17,operating-system-mcqs-threads-ult-klt,6,hard,Operating Systems,False,beginner,0.9984697731281494,0.9984697731281494,0.0015302268568115561,1.503894016680594e-11,True,uncertainty
47,beginner,18,operating-system-mcqs-file-system-interface-protection,8,easy,Operating Systems,True,beginner,0.9914843894421692,0.9914843894421692,0.00851560903082113,1.5270095368493535e-09,True,uncertainty
47,beginner,19,operating-system-mcqs-kernel-io-subsystems,2,easy,Operating Systems,True,beginner,0.9793759680125925,0.9793759680125925,0.02062402052244521,1.1464962315962948e-08,True,uncertainty
47,beginner,20,operating-system-questions-answers,23,easy,Operating Systems,False,beginner,0.972236672673634,0.972236672673634,0.02776330501564711,2.2310718870126417e-08,True,uncertainty
252,advanced,1,java-mcqs-collection-algorithms,2,medium,Java,True,intermediate,0.9203665562399411,0.07963193018931186,0.9203665562399411,1.5135707469882833e-06,False,uncertainty
252,advanced,2,javascript-mcqs-blobs,8,hard,Java,True,intermediate,0.9803149207923949,5.2795252088913036e-05,0.9803149207923949,0.019632283955516246,False,uncertainty
252,advanced,3,java-mcqs-event-handling-basics,5,hard,Java,True,intermediate,0.9899585097666347,8.385414357476663e-05,0.9899585097666347,0.009957636089790637,False,uncertainty
252,advanced,4,advanced-java-questions-answers-debugging-eclipse,7,hard,Java,True,intermediate,0.9981954804407812,0.0014232150212815891,0.9981954804407812,0.0003813045379372526,False,uncertainty
252,advanced,5,javascript-problems,7,medium,Java,False,intermediate,0.9951262206543331,0.0006606331239361689,0.9951262206543331,0.004213146221730698,False,uncertainty
252,advanced,6,javascript-mcqs-pattern-matching-regular-expressions,15,hard,Java,True,intermediate,0.9903419283981418,0.0002433044263203914,0.9903419283981418,0.009414767175537825,False,uncertainty
252,advanced,7,java-questions-answers-experienced,6,hard,Java,True,intermediate,0.9950236864154051,0.0003493750436371018,0.9950236864154051,0.004626938540957821,False,uncertainty
252,advanced,8,java-questions-answers-experienced,1,hard,Java,False,intermediate,0.9916849596334906,0.00027705591454226186,0.9916849596334906,0.008037984451967177,False,uncertainty
252,advanced,9,java-mcqs-exception-types,2,hard,Java,False,intermediate,0.9594209944101582,8.294820153626239e-05,0.9594209944101582,0.04049605738830556,False,uncertainty
252,advanced,10,java-mcqs-stringbuffer-methods,5,hard,Java,False,intermediate,0.9609104028652456,0.00011604925936271917,0.9609104028652456,0.03897354787539172,False,uncertainty
252,advanced,11,java-mcqs-wildcards,5,hard,Java,False,intermediate,0.9520244665797313,0.00011429130867857366,0.9520244665797313,0.04786124211159014,False,uncertainty
252,advanced,12,javascript-mcqs-closures,6,hard,Java,True,intermediate,0.9486521138321333,0.00011534009170294464,0.9486521138321333,0.0512325460761637,False,uncertainty
252,advanced,13,java-mcqs-event-handling-basics,1,medium,Java,True,intermediate,0.9265902594684795,6.654751747588541e-05,0.9265902594684795,0.07334319301404464,False,uncertainty
252,advanced,14,java-mcqs-java-util-vectors-stacks,3,easy,Java,True,intermediate,0.9489872136406096,0.0006269925160802179,0.9489872136406096,0.050385793843310225,False,uncertainty
252,advanced,15,java-mcqs-integer-floating-data-types,2,medium,Java,True,intermediate,0.9192240760741611,0.00032108844332097176,0.9192240760741611,0.08045483548251793,False,uncertainty
252,advanced,16,javascript-mcqs-html-dom,1,medium,Java,True,intermediate,0.8233704645807858,0.00010985009196336382,0.8233704645807858,0.17651968532725099,False,uncertainty
252,advanced,17,java-questions-answers-heap-garbage-collection,6,medium,Java,False,intermediate,0.8631726513152144,0.0002785903307929952,0.8631726513152144,0.13654875835399258,False,uncertainty
252,advanced,18,java-mcqs-double-float-wrappers,5,easy,Java,True,intermediate,0.7866181536796278,0.00014463203272543657,0.7866181536796278,0.21323721428764672,False,uncertainty
252,advanced,19,java-questions-answers-file-directory,5,easy,Java,False,intermediate,0.8681688763845213,0.00020728265067192718,0.8681688763845213,0.13162384096480675,False,uncertainty
252,advanced,20,javascript-mcqs-window-object,5,medium,Java,True,intermediate,0.8342353190183307,0.00013239728011527584,0.8342353190183307,0.16563228370155406,False,uncertainty
168,intermediate,1,operating-system-mcqs-protection-revocation-access-rights,7,medium,Operating Systems,True,beginner,0.6888087317516395,0.6888087317516395,0.31119041945668513,8.487916754488132e-07,False,uncertainty
168,intermediate,2,operating-system-mcqs-process-rpc,8,hard,Operating Systems,False,beginner,0.6358017797977761,0.6358017797977761,0.3641964339368544,1.7862653694596388e-06,False,uncertainty
168,intermediate,3,operating-system-questions-answers-io-subsystem,10,medium,Operating Systems,False,beginner,0.8798030196251162,0.8798030196251162,0.12019683453705077,1.4583783301579792e-07,False,uncertainty
168,intermediate,4,distributed-operating-system-mcqs-file-system-1,7,medium,Operating Systems,False,beginner,0.7775103518475373,0.7775103518475373,0.2224889982907076,6.498617551619907e-07,False,uncertainty
168,intermediate,5,operating-system-mcqs-multimedia-system-CPU-disk-scheduling,7,medium,Operating Systems,True,beginner,0.717007182687232,0.717007182687232,0.2829917014343869,1.1158783810388676e-06,False,uncertainty
168,intermediate,6,operating-system-questions-answers-rtos,5,medium,Operating Systems,False,intermediate,0.5294501381661015,0.470542721934611,0.5294501381661015,7.139899287524334e-06,True,uncertainty
168,intermediate,7,operating-system-mcqs-cpu-scheduling-algorithms-1,11,medium,Operating Systems,False,intermediate,0.8428641853282013,0.1570658200346641,0.8428641853282013,6.999463713469392e-05,True,uncertainty
168,intermediate,8,operating-system-mcqs-multi-threading-models,8,medium,Operating Systems,False,intermediate,0.8185949013501669,0.18135036624562056,0.8185949013501669,5.473240421259355e-05,True,uncertainty
168,intermediate,9,operating-system-mcqs-network-file-system-2,9,medium,Operating Systems,False,intermediate,0.9151533530118386,0.08468021053335079,0.9151533530118386,0.0001664364548106446,True,uncertainty
168,intermediate,10,operating-system-questions-answers-process-synchronization,10,medium,Operating Systems,False,intermediate,0.9767647062698301,0.022428430603260656,0.9767647062698301,0.0008068631269091229,True,uncertainty
168,intermediate,11,operating-system-mcqs-virtual-memory-demand-paging,13,medium,Operating Systems,False,intermediate,0.9766332433222179,0.0225648240538616,0.9766332433222179,0.000801932623920409,True,uncertainty
168,intermediate,12,distributed-operating-system-mcqs-file-system-1,2,hard,Operating Systems,False,intermediate,0.9541446628601924,0.04549108621636169,0.9541446628601924,0.00036425092344583785,True,uncertainty
168,intermediate,13,operating-system-mcqs-protection-revocation-access-rights,1,hard,Operating Systems,True,intermediate,0.9698889064682976,0.028276749408478928,0.9698889064682976,0.001834344123223342,True,uncertainty
168,intermediate,14,operating-system-mcqs-memory-management-segmentation,7,hard,Operating Systems,False,intermediate,0.914203401919722,0.08531739269014528,0.914203401919722,0.0004792053901325568,True,uncertainty
168,intermediate,15,operating-system-mcqs-security-user-authentication,5,hard,Operating Systems,False,intermediate,0.9091573174803336,0.09046104433043128,0.9091573174803336,0.0003816381892352111,True,uncertainty
168,intermediate,16,operating-system-questions-answers,10,hard,Operating Systems,False,intermediate,0.9481335187583969,0.05119440828646916,0.9481335187583969,0.0006720729551339988,True,uncertainty
168,intermediate,17,operating-system-mcqs-mass-storage-RAID-1,11,easy,Operating Systems,True,intermediate,0.6714357633561565,0.32808808615505897,0.6714357633561565,0.0004761504887845212,True,uncertainty
168,intermediate,18,operating-system-mcqs-kernel-io-subsystems,10,hard,Operating Systems,False,beginner,0.5062601464520988,0.5062601464520988,0.4935728425813526,0.00016701096654865637,False,uncertainty
168,intermediate,19,operating-system-mcqs-multi-threading-models,4,hard,Operating Systems,False,beginner,0.5653623362230842,0.5653623362230842,0.43453455902485477,0.00010310475206112722,False,uncertainty
168,intermediate,20,distributed-operating-system-mcqs-robustness,2,easy,Operating Systems,True,intermediate,0.6499135254048403,0.34961820566247553,0.6499135254048403,0.00046826893268435427,True,uncertainty
291,advanced,1,automata-theory-questions-answers-yacc-parser-generator,5,easy,Automata Theory,True,advanced,0.998964515955202,4.1147958696058806e-08,0.0010354428968393041,0.998964515955202,True,uncertainty
291,advanced,2,automata-theory-questions-answers-deterministic-pda,8,hard,Automata Theory,True,advanced,0.998307953244207,1.1975372979323407e-07,0.0016919270020632963,0.998307953244207,True,uncertainty
291,advanced,3,automata-theory-assessment-questions-answers,8,medium,Automata Theory,False,advanced,0.9928229394925836,2.0689125611381057e-07,0.007176853616160173,0.9928229394925836,True,uncertainty
291,advanced,4,automata-theory-questions-answers-dfa-processing-strings,3,hard,Automata Theory,True,advanced,0.9748354775321543,3.2288035285968465e-06,0.02516129366431724,0.9748354775321543,True,uncertainty
291,advanced,5,automata-theory-questions-answers-lexical-analysis,8,hard,Automata Theory,False,advanced,0.8808929059627555,1.7767571188325463e-05,0.11908932646605631,0.8808929059627555,True,uncertainty
291,advanced,6,automata-theory-questions-answers-dfa-processing-strings,7,hard,Automata Theory,True,advanced,0.7933666593296389,8.112643475756972e-05,0.20655221423560358,0.7933666593296389,True,uncertainty
291,advanced,7,automata-theory-questions-answers-aptitude-test,9,hard,Automata Theory,False,advanced,0.76931348277831,5.082280459631794e-05,0.23063569441709358,0.76931348277831,True,uncertainty
291,advanced,8,automata-theory-questions-answers-mealy-machine-1,1,hard,Automata Theory,True,advanced,0.5546949836944075,0.0002985422006063282,0.4450064741049862,0.5546949836944075,True,uncertainty
291,advanced,9,automata-theory-interview-questions-answers-experienced,7,hard,Automata Theory,True,advanced,0.5548812724120853,0.00034519303222668794,0.44477353455568786,0.5548812724120853,True,uncertainty
291,advanced,10,automata-theory-questions-answers-dpda-ambiguous-grammars,7,hard,Automata Theory,False,intermediate,0.6917466294499119,0.0009325413631774207,0.6917466294499119,0.3073208291869107,False,uncertainty
291,advanced,11,automata-theory-questions-answers-cfl-substitution-theorem,1,hard,Automata Theory,True,intermediate,0.7326954441131067,0.0014036708938003329,0.7326954441131067,0.26590088499309283,False,uncertainty
291,advanced,12,automata-theory-questions-answers-sentential-forms,10,hard,Automata Theory,True,intermediate,0.7964421966568629,0.002183397908096217,0.7964421966568629,0.20137440543504093,False,uncertainty
291,advanced,13,automata-theory-assessment-questions-answers,6,medium,Automata Theory,True,advanced,0.5512508320389066,0.00041495942272966985,0.44833420853836375,0.5512508320389066,True,uncertainty
291,advanced,14,automata-theory-questions-answers-lexical-analysis,1,easy,Automata Theory,False,intermediate,0.7482229317316953,0.0010534023425728945,0.7482229317316953,0.2507236659257319,False,uncertainty
291,advanced,15,automata-theory-questions-answers-the-language-dfa,1,easy,Automata Theory,True,advanced,0.5699800918496889,0.00024644626949668364,0.42977346188081444,0.5699800918496889,True,uncertainty
291,advanced,16,automata-theory-questions-answers-experienced,3,medium,Automata Theory,False,intermediate,0.5270316801751627,0.0003053194498995221,0.5270316801751627,0.47266300037493786,False,uncertainty
291,advanced,17,automata-theory-questions-answers-regular-expression-unix,1,medium,Automata Theory,False,advanced,0.5097306027751611,0.00019360336297206726,0.4900757938618668,0.5097306027751611,True,uncertainty
291,advanced,18,automata-theory-questions-answers-mcqs,7,easy,Automata Theory,False,intermediate,0.5283710338163371,0.0001472029711312592,0.5283710338163371,0.4714817632125316,False,uncertainty
291,advanced,19,automata-theory-questions-answers-simulation-turing-machine,7,medium,Automata Theory,False,intermediate,0.556504348039908,0.0001400447151363828,0.556504348039908,0.44335560724495554,False,uncertainty
291,advanced,20,automata-theory-questions-answers-ambiguous-grammar,2,medium,Automata Theory,True,advanced,0.7008498107072949,3.866583279981909e-05,0.2991115234599052,0.7008498107072949,True,uncertainty
287,advanced,1,advanced-java-questions-answers-design-patterns,6,medium,Java,False,advanced,0.9540129230036011,1.3054747485846237e-05,0.04597402224891298,0.9540129230036011,True,uncertainty
287,advanced,2,javascript-mcqs-scripted-http,6,medium,Java,False,advanced,0.8611806582572289,9.877890328419837e-05,0.13872056283948694,0.8611806582572289,True,uncertainty
287,advanced,3,java-mcqs-system-class-advance,3,easy,Java,False,advanced,0.7625297782738686,0.0007384597401575394,0.23673176198597368,0.7625297782738686,True,uncertainty
287,advanced,4,java-questions-answers-online-quiz,7,hard,Java,True,advanced,0.990819704616412,4.008746063172116e-07,0.009179894508981679,0.990819704616412,True,uncertainty
287,advanced,5,java-questions-answers-data-type-enums,7,hard,Java,False,advanced,0.7788746729139929,0.00010864991440890925,0.22101667717159817,0.7788746729139929,True,uncertainty
287,advanced,6,javascript-mcqs-web-workers,3,hard,Java,True,advanced,0.7800936651332626,7.975755790712039e-05,0.21982657730883035,0.7800936651332626,True,uncertainty
287,advanced,7,javascript-mcqs-scripted-media,13,hard,Java,False,advanced,0.5672872067913629,0.0003687733425390691,0.43234401986609805,0.5672872067913629,True,uncertainty
287,advanced,8,java-questions-answers-java8-features,1,hard,Java,False,intermediate,0.5813051464547512,0.0008929773807203668,0.5813051464547512,0.4178018761645284,False,uncertainty
287,advanced,9,hadoop-questions-answers-java-interface,8,hard,Java,True,intermediate,0.8621021047638074,0.0034504564081828206,0.8621021047638074,0.1344474388280098,False,uncertainty
287,advanced,10,javascript-mcqs-closures,10,hard,Java,False,intermediate,0.9444839693133734,0.010348555462834226,0.9444839693133734,0.045167475223792344,False,uncertainty
287,advanced,11,javascript-mcqs-error-handling-i,3,hard,Java,False,intermediate,0.9563938732770068,0.01641453848668453,0.9563938732770068,0.027191588236308784,False,uncertainty
287,advanced,12,javascript-questions-answers-entrance-exams,2,hard,Java,False,intermediate,0.9489345524487278,0.012353418591377395,0.9489345524487278,0.038712028959894854,False,uncertainty
287,advanced,13,javascript-mcqs-types-values-variables,10,hard,Java,False,intermediate,0.955082754486819,0.01567080895457814,0.955082754486819,0.029246436558602873,False,uncertainty
287,advanced,14,java-mcqs-core-java-api-packages,5,easy,Java,False,intermediate,0.9336240932965214,0.008252653304376998,0.9336240932965214,0.058123253399101515,False,uncertainty
287,advanced,15,javascript-questions-answers-experienced,6,medium,Java,False,intermediate,0.9003525598289641,0.00516814889777095,0.9003525598289641,0.09447929127326488,False,uncertainty
287,advanced,16,java-mcqs-java-lang-object-math-class,4,easy,Java,True,advanced,0.5253381923828756,0.0005186390760105182,0.4741431685411139,0.5253381923828756,True,uncertainty
287,advanced,17,javascript-interview-questions-answers,4,medium,Java,False,advanced,0.6455591721584927,0.0002875800315961409,0.3541532478099112,0.6455591721584927,True,uncertainty
287,advanced,18,javascript-mcqs-webpagetest,1,easy,Java,False,advanced,0.6816455672371265,0.0001844677978089676,0.3181699649650645,0.6816455672371265,True,uncertainty
287,advanced,19,javascript-mcqs-html-api,4,medium,Java,False,advanced,0.7559774826494573,0.0001024933588321093,0.2439200239917105,0.7559774826494573,True,uncertainty
287,advanced,20,java-mcqs-core-java-api-packages,3,medium,Java,False,advanced,0.728362228083223,0.00012031572684688459,0.2715174561899301,0.728362228083223,True,uncertainty
152,intermediate,1,automata-theory-interview-questions-answers,10,hard,Automata Theory,False,beginner,0.9502058361416341,0.9502058361416341,0.0497941617349945,2.123371295090149e-09,False,uncertainty
152,intermediate,2,automata-theory-questions-answers-pumping-lemma-regular-language,6,medium,Automata Theory,True,intermediate,0.9940102781274718,0.004237197342063436,0.9940102781274718,0.0017525245304648369,True,uncertainty
152,intermediate,3,automata-theory-assessment-questions-answers,6,medium,Automata Theory,True,intermediate,0.9867718043347069,0.001206694295585205,0.9867718043347069,0.012021501369707841,True,uncertainty
152,intermediate,4,automata-theory-interview-questions-answers-experienced,7,hard,Automata Theory,True,intermediate,0.9744738874610425,0.001904963429021665,0.9744738874610425,0.023621149109935836,True,uncertainty
152,intermediate,5,automata-theory-questions-answers-moore-machine,6,hard,Automata Theory,True,intermediate,0.9220579965760728,0.07745659145373571,0.9220579965760728,0.00048541197019162625,True,uncertainty
152,intermediate,6,automata-theory-questions-answers-simulation-turing-machine,10,medium,Automata Theory,True,intermediate,0.9561613770774615,0.04244578069993467,0.9561613770774615,0.0013928422226038692,True,uncertainty
152,intermediate,7,automata-theory-questions-answers-non-deterministic-finite-automata-introduction,5,medium,Automata Theory,True,intermediate,0.9805902078212342,0.014610221425808177,0.9805902078212342,0.004799570752957597,True,uncertainty
152,intermediate,8,automata-theory-questions-answers-experienced,3,medium,Automata Theory,True,intermediate,0.974659415345425,0.022545226056777196,0.974659415345425,0.0027953585977978893,True,uncertainty
152,intermediate,9,automata-theory-questions-answers-regular-languages-dpda,3,medium,Automata Theory,False,intermediate,0.9641764728855714,0.033925607810215065,0.9641764728855714,0.0018979193042135826,True,uncertainty
152,intermediate,10,automata-theory-questions-answers-freshers,4,medium,Automata Theory,True,intermediate,0.9588185265366641,0.04003513347205995,0.9588185265366641,0.0011463399912759432,True,uncertainty
152,intermediate,11,automata-theory-questions-answers-eliminating-epsilon-productions,6,medium,Automata Theory,False,intermediate,0.949586878646024,0.04981797610330547,0.949586878646024,0.000595145250670666,True,uncertainty
152,intermediate,12,automata-theory-questions-answers-pda-acceptance-empty-stack,5,medium,Automata Theory,False,intermediate,0.9740550048326508,0.024969581131517232,0.9740550048326508,0.0009754140358319718,True,uncertainty
152,intermediate,13,automata-theory-questions-answers-mealy-machine,4,medium,Automata Theory,True,intermediate,0.9797608714163298,0.018596693281473353,0.9797608714163298,0.0016424353021968897,True,uncertainty
152,intermediate,14,automata-theory-questions-answers-mealy-machine-1,9,easy,Automata Theory,False,intermediate,0.5025266014132325,0.4974553713693322,0.5025266014132325,1.802721743531097e-05,True,uncertainty
152,intermediate,15,automata-theory-questions-bank,1,easy,Automata Theory,True,intermediate,0.7704869694266158,0.22922535482451598,0.7704869694266158,0.0002876757488683172,True,uncertainty
152,intermediate,16,automata-theory-questions-answers-context-free-grammar-derivations-definitions,8,easy,Automata Theory,False,intermediate,0.8712028977227697,0.1283693318142495,0.8712028977227697,0.0004277704629807198,True,uncertainty
152,intermediate,17,automata-theory-questions-answers-freshers,3,hard,Automata Theory,True,intermediate,0.8134149357000209,0.1862628608120255,0.8134149357000209,0.0003222034879536009,True,uncertainty
152,intermediate,18,automata-theory-questions-and-answers-regular-language-expression-1,1,easy,Automata Theory,False,intermediate,0.8493745439627628,0.15028870336328345,0.8493745439627628,0.00033675267395374985,True,uncertainty
152,intermediate,19,automata-theory-questions-answers-the-diagonalization-languages,8,easy,Automata Theory,True,intermediate,0.9319318428210182,0.06658407048846568,0.9319318428210182,0.0014840866905160661,True,uncertainty
152,intermediate,20,automata-theory-questions-answers-experienced,8,hard,Automata Theory,False,intermediate,0.8540682775957964,0.14562427062766525,0.8540682775957964,0.0003074517765384255,True,uncertainty
137,intermediate,1,discrete-mathematics-questions-answers-logical-equivalences,6,hard,Discrete Mathematics,True,intermediate,0.9582783217809754,0.04151969815864182,0.9582783217809754,0.0002019800603828027,True,uncertainty
137,intermediate,2,discrete-mathematics-questions-answers-mcqs,5,easy,Discrete Mathematics,True,intermediate,0.7165815161859462,0.0006168860241624064,0.7165815161859462,0.28280159778989145,True,uncertainty
137,intermediate,3,discrete-mathematics-questions-answers-generating-functions,10,hard,Discrete Mathematics,False,intermediate,0.9032561142835625,0.007852423862826833,0.9032561142835625,0.08889146185361063,True,uncertainty
137,intermediate,4,discrete-mathematics-questions-answers-set-types,7,hard,Discrete Mathematics,True,intermediate,0.9459900126638369,0.0344540590822471,0.9459900126638369,0.01955592825391609,True,uncertainty
137,intermediate,5,discrete-mathematics-basic-questions-answers,7,medium,Discrete Mathematics,True,intermediate,0.9573632978952664,0.00535528360399742,0.9573632978952664,0.037281418500736206,True,uncertainty
137,intermediate,6,discrete-mathematics-questions-answers-quiz,4,hard,Discrete Mathematics,False,intermediate,0.9683666513124616,0.015113562906715502,0.9683666513124616,0.016519785780822867,True,uncertainty
137,intermediate,7,discrete-mathematics-interview-questions-answers-experienced,5,hard,Discrete Mathematics,False,intermediate,0.9664240962950882,0.020982531199056038,0.9664240962950882,0.01259337250585581,True,uncertainty
137,intermediate,8,discrete-mathematics-questions-answers-circular-permutations,4,medium,Discrete Mathematics,False,intermediate,0.9590258081851813,0.03555314708634251,0.9590258081851813,0.0054210447284760025,True,uncertainty
137,intermediate,9,discrete-mathematics-questions-answers-tree-traversal,9,medium,Discrete Mathematics,True,intermediate,0.969125225326504,0.01133628510123538,0.969125225326504,0.0195384895722606,True,uncertainty
137,intermediate,10,discrete-mathematics-questions-answers-logic-bit-operations,10,hard,Discrete Mathematics,False,intermediate,0.9533575530138905,0.04165221476332672,0.9533575530138905,0.004990232222782914,True,uncertainty
137,intermediate,11,discrete-mathematics-questions-answers-generating-functions,3,medium,Discrete Mathematics,True,intermediate,0.971169582042225,0.015057609229783418,0.971169582042225,0.013772808727991507,True,uncertainty
137,intermediate,12,discrete-mathematics-questions-answers-online-test,5,medium,Discrete Mathematics,True,intermediate,0.9705555720743867,0.007530670386866202,0.9705555720743867,0.021913757538747004,True,uncertainty
137,intermediate,13,discrete-mathematics-questions-answers-interconversion-gates,7,hard,Discrete Mathematics,False,intermediate,0.9458942319896092,0.05105714330714735,0.9458942319896092,0.0030486247032433093,True,uncertainty
137,intermediate,14,discrete-mathematics-questions-answers-graphs-properties,8,medium,Discrete Mathematics,True,intermediate,0.9030019517812355,0.09590645825695206,0.9030019517812355,0.0010915899618125333,True,uncertainty
137,intermediate,15,tricky-discrete-mathematics-questions-answers,7,medium,Discrete Mathematics,True,intermediate,0.9516691100211748,0.04612035885314251,0.9516691100211748,0.002210531125682552,True,uncertainty
137,intermediate,16,discrete-mathematics-questions-answers-closure-relations,1,medium,Discrete Mathematics,False,intermediate,0.9083289047668218,0.09040300367875347,0.9083289047668218,0.0012680915544247865,True,uncertainty
137,intermediate,17,discrete-mathematics-questions-answers-multiplication-theorem-probability,2,medium,Discrete Mathematics,True,intermediate,0.947075691670281,0.05063048574465848,0.947075691670281,0.00229382258506053,True,uncertainty
137,intermediate,18,discrete-mathematics-questions-answers-group-axioms,4,medium,Discrete Mathematics,False,intermediate,0.961532625140145,0.03386465894861543,0.961532625140145,0.0046027159112396795,True,uncertainty
137,intermediate,19,discrete-mathematics-questions-answers-cryptography-decryption,10,hard,Discrete Mathematics,True,intermediate,0.9387388530733908,0.05877690569477746,0.9387388530733908,0.0024842412318317932,True,uncertainty
137,intermediate,20,discrete-mathematics-questions-answers-prime-numbers,1,easy,Discrete Mathematics,True,intermediate,0.957573357087281,0.039474740115804256,0.957573357087281,0.0029519027969148143,True,uncertainty
33,beginner,1,python-questions-answers-regular-expressions-1,5,medium,Python,False,beginner,0.9999998892487303,0.9999998892487303,1.107512695951248e-07,2.987073328995722e-20,True,uncertainty
33,beginner,2,python-questions-answers-sets-2,7,hard,Python,True,beginner,0.9999865780378154,0.9999865780378154,1.3421962183331107e-05,1.0268441596998603e-15,True,uncertainty
33,beginner,3,python-questions-answers-lists-6,10,hard,Python,True,beginner,0.9999966808378634,0.9999966808378634,3.3191621366260698e-06,3.217259612053395e-17,True,uncertainty
33,beginner,4,python-questions-answers-bitwise-2,7,medium,Python,True,beginner,0.9997734505511584,0.9997734505511584,0.0002265494484521859,3.894448603941097e-13,True,uncertainty
33,beginner,5,python-online-test,2,medium,Python,False,beginner,0.9989784967532,0.9989784967532,0.0010215032356389242,1.1160977994650855e-11,True,uncertainty
33,beginner,6,advanced-python-interview-questions-answers,6,medium,Python,False,beginner,0.999513081433586,0.999513081433586,0.00048691856482915673,1.5848574729817513e-12,True,uncertainty
33,beginner,7,python-test,2,medium,Python,True,beginner,0.999523540146058,0.999523540146058,0.00047645985207671917,1.865248032201539e-12,True,uncertainty
33,beginner,8,python-questions-answers-sys-module,5,medium,Python,False,beginner,0.998978901574978,0.998978901574978,0.00102109841195132,1.3070654008952254e-11,True,uncertainty
33,beginner,9,1000-python-questions-answers,29,medium,Python,False,beginner,0.9956548283203569,0.9956548283203569,0.004345171417794886,2.6184813132351304e-10,True,uncertainty
33,beginner,10,python-questions-answers-global-local-variables-2,1,medium,Python,False,beginner,0.9906713140427632,0.9906713140427632,0.009328684628466182,1.32877036182466e-09,True,uncertainty
33,beginner,11,basic-python-questions-answers,1,medium,Python,False,beginner,0.9734841294840021,0.9734841294840021,0.026515858877531127,1.1638466673406763e-08,True,uncertainty
33,beginner,12,python-written-test-questions-answers,2,medium,Python,True,beginner,0.963009542623178,0.963009542623178,0.03699042989861576,2.747820618591378e-08,True,uncertainty
33,beginner,13,python-questions-answers-modules,10,hard,Python,False,beginner,0.9773604674966163,0.9773604674966163,0.02263952779660644,4.706777294949442e-09,True,uncertainty
33,beginner,14,python-questions-answers-inheritance-1,7,easy,Python,True,beginner,0.9979503114825997,0.9979503114825997,0.002049688209090136,3.0831006957656407e-10,True,uncertainty
33,beginner,15,python-questions-answers-built-in-functions-3,2,hard,Python,False,beginner,0.9991044554172565,0.9991044554172565,0.0008955445459602862,3.678328603374736e-11,True,uncertainty
33,beginner,16,python-questions-answers-turtle-module-3,3,hard,Python,False,beginner,0.9994626015111092,0.9994626015111092,0.0005373984794674498,9.42337254508549e-12,True,uncertainty
33,beginner,17,python-questions-answers-encapsulation,1,easy,Python,False,beginner,0.9993839627930055,0.9993839627930055,0.0006160372021527055,4.841846784327195e-12,True,uncertainty
33,beginner,18,python-mcqs-lists-1,5,easy,Python,False,beginner,0.9992526851459969,0.9992526851459969,0.000747314848275591,5.727549121425739e-12,True,uncertainty
33,beginner,19,1000-python-questions-answers,35,hard,Python,False,beginner,0.9993877466896466,0.9993877466896466,0.000612253307339765,3.013560124419092e-12,True,uncertainty
33,beginner,20,python-exam-questions-answers,5,easy,Python,False,beginner,0.9986312132422218,0.9986312132422218,0.0013687867436309549,1.4147335431404144e-11,True,uncertainty
95,beginner,1,data-structure-questions-answers-bubble-sort,3,medium,Data Structures,True,beginner,0.9998506540092211,0.9998506540092211,0.0001493459907629135,1.5947230216310363e-14,True,uncertainty
95,beginner,2,1000-data-structure-questions-answers,9,hard,Data Structures,True,beginner,0.9994515761514572,0.9994515761514572,0.0005484238481724686,3.704165938347302e-13,True,uncertainty
95,beginner,3,data-structure-questions-answers-generating-partitions,7,easy,Data Structures,True,beginner,0.9996106410100787,0.9996106410100787,0.0003893589874633199,2.4579783860553996e-12,True,uncertainty
95,beginner,4,data-structure-questions-answers-edit-distance-problem,1,medium,Data Structures,False,beginner,0.9999830142508761,0.9999830142508761,1.6985749120957138e-05,2.9881774854379705e-15,True,uncertainty
95,beginner,5,data-structure-questions-answers-binary-trees-array,10,medium,Data Structures,True,beginner,0.9996082505568799,0.9996082505568799,0.00039174944054420105,2.576149746976145e-12,True,uncertainty
95,beginner,6,data-structure-questions-answers-preorder-traversal,7,medium,Data Structures,True,beginner,0.999328001040366,0.999328001040366,0.0006719989504816067,9.152296470122323e-12,True,uncertainty
95,beginner,7,data-structure-questions-answers-weight-balanced-tree,4,medium,Data Structures,True,beginner,0.9982927316112444,0.9982927316112444,0.0017072683254899868,6.326551936238167e-11,True,uncertainty
95,beginner,8,data-structure-questions-answers-double-ended-queue,8,medium,Data Structures,True,beginner,0.9982241500529184,0.9982241500529184,0.001775849901608768,4.547298036563744e-11,True,uncertainty
95,beginner,9,data-structure-questions-answers-longest-palindromic-subsequence,1,medium,Data Structures,False,beginner,0.9988064916407458,0.9988064916407458,0.0011935083288599922,3.039427808258207e-11,True,uncertainty
95,beginner,10,data-structure-questions-answers-incidence-matrix-graph-structured-stack,5,medium,Data Structures,True,beginner,0.9966921692363876,0.9966921692363876,0.0033078304301132153,3.334991817917394e-10,True,uncertainty
95,beginner,11,data-structure-questions-answers-longest-common-subsequence,3,medium,Data Structures,False,beginner,0.9972478901128149,0.9972478901128149,0.0027521096450934227,2.4209178554218146e-10,True,uncertainty
95,beginner,12,data-structure-questions-answers-graph,13,medium,Data Structures,False,beginner,0.9949406745604651,0.9949406745604651,0.005059324558805719,8.807291511879987e-10,True,uncertainty
95,beginner,13,data-structure-questions-answers-circular-linked-lists,10,hard,Data Structures,False,beginner,0.9959363537693736,0.9959363537693736,0.0040636460542872975,1.7633905786431316e-10,True,uncertainty
95,beginner,14,data-structure-questions-answers-assembly-line-scheduling,7,hard,Data Structures,True,beginner,0.9994263612617601,0.9994263612617601,0.0005736387336773822,4.562614434029222e-12,True,uncertainty
95,beginner,15,data-structure-questions-answers-power-number-recursion-logn-time,1,hard,Data Structures,False,beginner,0.9996507804947199,0.9996507804947199,0.00034921950409160847,1.188714656246278e-12,True,uncertainty
95,beginner,16,data-structure-questions-answers-generating-partitions,6,hard,Data Structures,False,beginner,0.999773614065064,0.999773614065064,0.0002263859345618266,3.7398534249300277e-13,True,uncertainty
95,beginner,17,java-questions-answers-data-structures-hashmap,6,easy,Data Structures,True,beginner,0.9995790813074658,0.9995790813074658,0.00042091869115064176,1.383592157097385e-12,True,uncertainty
95,beginner,18,data-structure-questions-answers-binary-search-tree,7,easy,Data Structures,False,beginner,0.9995235230017179,0.9995235230017179,0.00047647699717276296,1.1092458983754031e-12,True,uncertainty
95,beginner,19,data-structure-questions-answers-directed-acyclic-graph,7,hard,Data Structures,True,beginner,0.9998190662070437,0.9998190662070437,0.0001809337927906191,1.6562989095912774e-13,True,uncertainty
95,beginner,20,data-structure-questions-answers-pancake-sort,6,hard,Data Structures,True,beginner,0.9997997838012921,0.9997997838012921,0.00020021619847841832,2.2951247012022394e-13,True,uncertainty
174,intermediate,1,data-structure-questions-answers-binary-trees-array,10,medium,Data Structures,True,intermediate,0.9846941946349067,0.014123577985384477,0.9846941946349067,0.0011822273797088753,True,uncertainty
174,intermediate,2,data-structure-questions-answers-stack-operations,5,medium,Data Structures,True,intermediate,0.9788656122089462,0.0013091019729235067,0.9788656122089462,0.01982528581813023,True,uncertainty
174,intermediate,3,data-structure-questions-answers-graph,4,easy,Data Structures,True,intermediate,0.665865209624273,0.0005736673861988526,0.665865209624273,0.33356112298952817,True,uncertainty
174,intermediate,4,data-structure-questions-answers-kadanes-algorithm,2,hard,Data Structures,False,intermediate,0.5386339835910725,9.968746544203365e-05,0.5386339835910725,0.4612663289434855,True,uncertainty
174,intermediate,5,data-structure-questions-answers-bit-array,6,hard,Data Structures,False,intermediate,0.5733826611530961,0.00013183326508980407,0.5733826611530961,0.4264855055818141,True,uncertainty
174,intermediate,6,data-structure-questions-answers-assembly-line-scheduling,2,hard,Data Structures,False,intermediate,0.7551382217540253,0.0005019051039278013,0.7551382217540253,0.2443598731420468,True,uncertainty
174,intermediate,7,data-structure-questions-answers-single-linked-lists,5,hard,Data Structures,False,intermediate,0.8978133905761059,0.001449411070229365,0.8978133905761059,0.10073719835366474,True,uncertainty
174,intermediate,8,data-structure-questions-answers-circular-linked-lists,10,hard,Data Structures,False,intermediate,0.9556874898572553,0.0030771314704616448,0.9556874898572553,0.041235378672283184,True,uncertainty
174,intermediate,9,data-structure-questions-answers-directed-acyclic-graph,7,hard,Data Structures,False,intermediate,0.9745938740469002,0.020928758697810343,0.9745938740469002,0.004477367255289523,True,uncertainty
174,intermediate,10,data-structure-questions-answers-0-1-knapsack-problem,2,medium,Data Structures,False,intermediate,0.9722606032612164,0.024881500182728063,0.9722606032612164,0.0028578965560555726,True,uncertainty
174,intermediate,11,data-structure-questions-answers-undirected-graph,4,medium,Data Structures,False,intermediate,0.9470838113398721,0.05194721812747984,0.9470838113398721,0.0009689705326481707,True,uncertainty
174,intermediate,12,data-structure-questions-answers-heap,7,medium,Data Structures,True,intermediate,0.9442376011236889,0.054500469818871064,0.9442376011236889,0.0012619290574399336,True,uncertainty
174,intermediate,13,data-structure-questions-answers-hash-tables,8,medium,Data Structures,False,intermediate,0.9536463124487432,0.044763128119391905,0.9536463124487432,0.0015905594318650345,True,uncertainty
174,intermediate,14,data-structure-questions-answers-longest-increasing-subsequence,2,medium,Data Structures,False,intermediate,0.9443670477886604,0.054579644825416274,0.9443670477886604,0.0010533073859232817,True,uncertainty
174,intermediate,15,data-structure-interview-questions-answers-freshers,2,medium,Data Structures,True,intermediate,0.9686708521331348,0.029073062639207517,0.9686708521331348,0.0022560852276578046,True,uncertainty
174,intermediate,16,data-structure-questions-answers-skip-list,8,medium,Data Structures,True,intermediate,0.9289490406278913,0.07041319609528651,0.9289490406278913,0.0006377632768222289,True,uncertainty
174,intermediate,17,data-structure-questions-answers-fibonacci-search,8,medium,Data Structures,True,intermediate,0.9107062534102902,0.0888779039626314,0.9107062534102902,0.0004158426270783992,True,uncertainty
174,intermediate,18,data-structure-questions-answers-balanced-partition,10,easy,Data Structures,False,intermediate,0.809941547698145,0.18999690324595275,0.809941547698145,6.154905590235043e-05,True,uncertainty
174,intermediate,19,data-structure-questions-answers-longest-palindromic-subsequence,4,easy,Data Structures,True,intermediate,0.9225391627610088,0.07718259813503561,0.9225391627610088,0.0002782391039554934,True,uncertainty
174,intermediate,20,data-structure-questions-answers-pancake-sort,3,hard,Data Structures,False,intermediate,0.9217231944691552,0.07798058227238419,0.9217231944691552,0.0002962232584606784,True,uncertainty
229,advanced,1,automata-theory-questions-answers-reversal-homomorphism-inverse-homomorphism,7,medium,Automata Theory,False,advanced,0.97170722217574,3.948867639555928e-08,0.02829273833558372,0.97170722217574,True,uncertainty
229,advanced,2,automata-theory-questions-answers-sentential-forms,10,hard,Automata Theory,True,advanced,0.9984749199221763,8.495073434719611e-10,0.0015250792283162966,0.9984749199221763,True,uncertainty
229,advanced,3,automata-theory-questions-answers-ambiguous-grammar,4,medium,Automata Theory,False,advanced,0.9993628267508236,1.2311498124455445e-10,0.0006371731260614051,0.9993628267508236,True,uncertainty
229,advanced,4,automata-theory-questions-answers-aptitude-test,9,hard,Automata Theory,True,advanced,0.9993217669903056,2.6249983530166384e-10,0.0006782327471943349,0.9993217669903056,True,uncertainty
229,advanced,5,automata-theory-questions-answers-the-language-dfa,6,hard,Automata Theory,True,advanced,0.9875152242035699,8.328024725906558e-08,0.012484692516182875,0.9875152242035699,True,uncertainty
229,advanced,6,automata-theory-questions-answers-the-language-nfa,10,hard,Automata Theory,True,advanced,0.9645007841965387,7.856422845573386e-07,0.03549843016117672,0.9645007841965387,True,uncertainty
229,advanced,7,automata-theory-questions-answers-operators-regular-expression,4,hard,Automata Theory,True,advanced,0.9677538892449372,6.959923246575414e-07,0.03224541476273812,0.9677538892449372,True,uncertainty
229,advanced,8,automata-theory-questions-answers-simulation-turing-machine,4,hard,Automata Theory,True,advanced,0.9800575480258126,3.0878376407271893e-07,0.019942143190423357,0.9800575480258126,True,uncertainty
229,advanced,9,automata-theory-questions-answers-yacc-parser-generator,6,hard,Automata Theory,False,advanced,0.9543545309998264,1.169909634294993e-06,0.04564429909053939,0.9543545309998264,True,uncertainty
229,advanced,10,automata-theory-questions-answers-sentential-forms,9,hard,Automata Theory,True,advanced,0.8190379369911723,1.6614923166554726e-05,0.18094544808566104,0.8190379369911723,True,uncertainty
229,advanced,11,automata-theory-questions-answers-converting-regular-expressions-automata,9,hard,Automata Theory,True,advanced,0.9085341491279015,4.3527936829697475e-06,0.09146149807841557,0.9085341491279015,True,uncertainty
229,advanced,12,automata-theory-questions-answers-online-quiz,1,hard,Automata Theory,True,advanced,0.8803808995949547,7.166877601359806e-06,0.11961193352744386,0.8803808995949547,True,uncertainty
229,advanced,13,automata-theory-questions-answers-mcqs,7,easy,Automata Theory,True,advanced,0.8395986011742342,0.00011128034095606848,0.1602901184848097,0.8395986011742342,True,uncertainty
229,advanced,14,automata-theory-questions-answers-quiz,12,medium,Automata Theory,False,advanced,0.8307570716503166,0.00013701748200804965,0.1691059108676752,0.8307570716503166,True,uncertainty
229,advanced,15,automata-theory-questions-answers-polynomial-space-turing-machine,4,easy,Automata Theory,True,advanced,0.9195433318351038,3.243666219578024e-05,0.08042423150270045,0.9195433318351038,True,uncertainty
229,advanced,16,automata-theory-questions-answers-test,11,easy,Automata Theory,True,advanced,0.9472266805650795,1.435553458334943e-05,0.052758963900337276,0.9472266805650795,True,uncertainty
229,advanced,17,automata-theory-questions-answers-yacc-parser-generator,3,medium,Automata Theory,True,advanced,0.9734744436911127,4.397316864276127e-06,0.02652115899202304,0.9734744436911127,True,uncertainty
229,advanced,18,automata-theory-questions-answers-experienced,5,easy,Automata Theory,True,advanced,0.9844713050348893,1.4802753809606837e-06,0.015527214689729637,0.9844713050348893,True,uncertainty
229,advanced,19,automata-theory-questions-answers-dfa-regular-expressions,10,medium,Automata Theory,True,advanced,0.9875407044909267,1.0160699010914902e-06,0.012458279439172363,0.9875407044909267,True,uncertainty
229,advanced,20,automata-theory-mcqs-finite-automata,9,easy,Automata Theory,True,advanced,0.9891341655603952,6.596786129225219e-07,0.010865174760991895,0.9891341655603952,True,uncertainty
101,intermediate,1,operating-system-mcqs-memory-management-swapping-2,5,easy,Operating Systems,True,advanced,0.9198988710132374,2.1991812233879635e-05,0.08007913717452858,0.9198988710132374,False,uncertainty
101,intermediate,2,operating-system-mcqs-deadlock-avoidance,10,hard,Operating Systems,True,intermediate,0.6785340116195071,0.32054168029126706,0.6785340116195071,0.0009243080892258809,True,uncertainty
101,intermediate,3,operating-system-mcqs-file-system-allocation-methods-2,10,easy,Operating Systems,False,intermediate,0.8939964389116122,0.027844918928662435,0.8939964389116122,0.07815864215972536,True,uncertainty
101,intermediate,4,operating-system-mcqs-deadlock-recovery,2,hard,Operating Systems,False,beginner,0.5066788245995635,0.5066788245995635,0.49309630545428895,0.00022486994614755556,False,uncertainty
101,intermediate,5,distributed-operating-system-mcqs-file-system-1,7,medium,Operating Systems,True,intermediate,0.8956693226374105,0.10290970547281408,0.8956693226374105,0.0014209718897753125,True,uncertainty
101,intermediate,6,operating-system-mcqs-multimedia-system-network-management,1,medium,Operating Systems,False,intermediate,0.5648353836503724,0.43502706032007515,0.5648353836503724,0.00013755602955235858,True,uncertainty
101,intermediate,7,operating-system-mcqs-memory-management-paging-2,5,medium,Operating Systems,False,intermediate,0.5054147198859632,0.4944994920205996,0.5054147198859632,8.57880934372007e-05,True,uncertainty
101,intermediate,8,operating-system-questions-answers-file-system-concepts,1,medium,Operating Systems,False,intermediate,0.6975251547372833,0.3022605508862471,0.6975251547372833,0.00021429437646956051,True,uncertainty
101,intermediate,9,operating-system-mcqs-file-system-interface-access-methods-1,6,medium,Operating Systems,False,intermediate,0.7339298876309772,0.2657973147330677,0.7339298876309772,0.000272797635955087,True,uncertainty
101,intermediate,10,distributed-operating-system-mcqs-file-system-2,2,medium,Operating Systems,False,intermediate,0.733339788250724,0.26638903948352666,0.733339788250724,0.00027117226574927114,True,uncertainty
101,intermediate,11,operating-system-mcqs-memory-management-swapping-1,2,medium,Operating Systems,False,intermediate,0.8854103965426899,0.1135359065224986,0.8854103965426899,0.0010536969348115403,True,uncertainty
101,intermediate,12,operating-system-mcqs-process-structures,1,medium,Operating Systems,False,intermediate,0.923966198924361,0.0744651920173042,0.923966198924361,0.0015686090583347549,True,uncertainty
101,intermediate,13,operating-system-mcqs-memory-management-segmentation,8,medium,Operating Systems,False,intermediate,0.9414869783537743,0.05629625412997247,0.9414869783537743,0.0022167675162533393,True,uncertainty
101,intermediate,14,operating-system-mcqs-virtual-memory-demand-paging,13,medium,Operating Systems,False,intermediate,0.9153690035832738,0.08338238881492469,0.9153690035832738,0.0012486076018015547,True,uncertainty
101,intermediate,15,operating-system-mcqs-atomic-transactions,8,hard,Operating Systems,False,intermediate,0.8082022838684654,0.19154932995464663,0.8082022838684654,0.0002483861768879677,True,uncertainty
101,intermediate,16,operating-system-mcqs-deadlock-detection,1,hard,Operating Systems,False,intermediate,0.8099556102853744,0.18982514987089497,0.8099556102853744,0.0002192398437305797,True,uncertainty
101,intermediate,17,operating-system-mcqs-memory-management-swapping-2,13,easy,Operating Systems,True,intermediate,0.9559851331892296,0.03954084990991787,0.9559851331892296,0.004474016900852449,True,uncertainty
101,intermediate,18,operating-system-mcqs-multimedia-system-compression-1,6,easy,Operating Systems,True,intermediate,0.9671337495851827,0.02528340093913428,0.9671337495851827,0.007582849475682938,True,uncertainty
101,intermediate,19,operating-system-mcqs-virtual-memory-page-replacement-algorithms-1,2,hard,Operating Systems,False,intermediate,0.9408590781847938,0.05600656121037666,0.9408590781847938,0.0031343606048295754,True,uncertainty
101,intermediate,20,operating-system-mcqs-virtual-memory-page-replacement-algorithms-2,10,hard,Operating Systems,False,intermediate,0.8835048723031304,0.1154628147772028,0.8835048723031304,0.001032312919666857,True,uncertainty
237,advanced,1,data-structure-questions-answers-queue-using-stacks,2,hard,Data Structures,False,intermediate,0.7643490990956374,0.23531929047363231,0.7643490990956374,0.00033161043073021357,False,uncertainty
237,advanced,2,java-questions-answers-data-structures-set,7,easy,Data Structures,True,intermediate,0.7707149161195398,0.003020280736493404,0.7707149161195398,0.22626480314396677,False,uncertainty
237,advanced,3,data-structure-questions-answers-edit-distance-problem,1,medium,Data Structures,True,advanced,0.7384236615180675,3.4625135528860556e-05,0.2615417133464037,0.7384236615180675,True,uncertainty
237,advanced,4,data-structure-questions-answers-dynamic-array,14,hard,Data Structures,True,advanced,0.8698020578386294,1.5529381149573027e-05,0.13018241278022114,0.8698020578386294,True,uncertainty
237,advanced,5,data-structure-questions-answers-binary-search-tree,1,hard,Data Structures,False,advanced,0.8318792808623586,2.823670577584152e-05,0.16809248243186556,0.8318792808623586,True,uncertainty
237,advanced,6,data-structure-questions-answers-search-element-array-recursion-1,6,hard,Data Structures,False,intermediate,0.5583623960569232,0.0004734114342044395,0.5583623960569232,0.4411641925088724,False,uncertainty
237,advanced,7,data-structure-questions-answers-stack-array,6,hard,Data Structures,True,advanced,0.6446469696546613,0.0001791658037792773,0.3551738645415594,0.6446469696546613,True,uncertainty
237,advanced,8,data-structure-questions-answers-priority-queue,3,hard,Data Structures,True,intermediate,0.5031182491116066,0.00047150321014804617,0.5031182491116066,0.49641024767824543,False,uncertainty
237,advanced,9,data-structure-questions-answers-binary-search-iterative,7,hard,Data Structures,True,intermediate,0.6485945155104872,0.0010227746304878914,0.6485945155104872,0.3503827098590248,False,uncertainty
237,advanced,10,data-structure-questions-answers-pancake-sort,6,hard,Data Structures,False,advanced,0.5095744650550585,0.0005021515186114099,0.48992338342633,0.5095744650550585,True,uncertainty
237,advanced,11,data-structure-questions-answers-aptitude-test,4,hard,Data Structures,False,advanced,0.54083423759591,0.00036389426245064403,0.4588018681416394,0.54083423759591,True,uncertainty
237,advanced,12,data-structure-questions-answers-weight-balanced-tree,7,hard,Data Structures,True,advanced,0.5438934424537004,0.00032823790256865474,0.45577831964373094,0.5438934424537004,True,uncertainty
237,advanced,13,data-structure-questions-answers-power-number-recursion-logn-time,5,easy,Data Structures,True,advanced,0.735033500659865,8.211496470175574e-05,0.2648843843754334,0.735033500659865,True,uncertainty
237,advanced,14,data-structure-questions-answers-fibonacci-search,8,medium,Data Structures,True,advanced,0.7468502282154703,6.914816822017386e-05,0.25308062361630934,0.7468502282154703,True,uncertainty
237,advanced,15,data-structure-assessment-questions-answers,3,medium,Data Structures,True,advanced,0.8148909707234682,3.158938876626422e-05,0.1850774398877655,0.8148909707234682,True,uncertainty
237,advanced,16,data-structure-questions-answers-heap,7,medium,Data Structures,True,advanced,0.8425563937569129,1.8799028196296613e-05,0.15742480721489086,0.8425563937569129,True,uncertainty
237,advanced,17,disjoint-set-data-structure-multiple-choice-questions-answers-mcqs,7,easy,Data Structures,True,advanced,0.8903467054575745,8.16159295642351e-06,0.10964513294946913,0.8903467054575745,True,uncertainty
237,advanced,18,data-structure-questions-answers-evaluation-infix-expression-not-parenthesized,3,easy,Data Structures,True,advanced,0.9129241007995185,4.342919366413687e-06,0.08707155628111506,0.9129241007995185,True,uncertainty
237,advanced,19,data-structure-questions-answers-heap,5,easy,Data Structures,True,advanced,0.9438886194041771,1.676121213184608e-06,0.05610970447460978,0.9438886194041771,True,uncertainty
237,advanced,20,data-structure-interview-questions-answers-freshers,3,easy,Data Structures,True,advanced,0.9680393028882405,5.306569229742348e-07,0.03196016645483671,0.9680393028882405,True,uncertainty
201,advanced,1,operating-system-questions-answers-distributed-synchronization,1,easy,Operating Systems,True,advanced,0.9997621498309848,5.675845409206571e-10,0.00023784960143056444,0.9997621498309848,True,uncertainty
201,advanced,2,operating-system-mcqs-memory-management-segmentation,8,medium,Operating Systems,True,advanced,0.9991462216013485,1.8405038185402356e-09,0.0008537765581477854,0.9991462216013485,True,uncertainty
201,advanced,3,distributed-operating-system-mcqs-file-system-1,10,hard,Operating Systems,True,advanced,0.9973930004627481,1.656239325390683e-08,0.0026069829748586212,0.9973930004627481,True,uncertainty
201,advanced,4,operating-system-mcqs-protection-revocation-access-rights,1,hard,Operating Systems,True,advanced,0.9961902336294595,5.0810453749527827e-08,0.00380971556008696,0.9961902336294595,True,uncertainty
201,advanced,5,operating-system-mcqs-file-system-allocation-methods-2,4,hard,Operating Systems,True,advanced,0.9931151994782751,1.258297511399745e-07,0.006884674691973559,0.9931151994782751,True,uncertainty
201,advanced,6,operating-system-mcqs-deadlock-recovery,2,hard,Operating Systems,True,advanced,0.9552441021451435,2.6610470417765385e-06,0.044753236807814664,0.9552441021451435,True,uncertainty
201,advanced,7,operating-system-questions-answers-cpu-scheduling,10,hard,Operating Systems,True,advanced,0.8243664560542631,3.4097546528262996e-05,0.1755994463992087,0.8243664560542631,True,uncertainty
201,advanced,8,operating-system-mcqs-threads-ult-klt,12,hard,Operating Systems,True,advanced,0.7650893113276651,5.3634075898577206e-05,0.2348570545964363,0.7650893113276651,True,uncertainty
201,advanced,9,operating-system-mcqs-memory-management-segmentation,11,hard,Operating Systems,True,advanced,0.6264605152085831,0.00013364618912489195,0.37340583860229204,0.6264605152085831,True,uncertainty
201,advanced,10,operating-system-mcqs-deadlock-prevention,13,hard,Operating Systems,True,advanced,0.6776134585197353,8.553914871070978e-05,0.32230100233155395,0.6776134585197353,True,uncertainty
201,advanced,11,operating-system-mcqs-virtual-memory-page-replacement-algorithms-2,10,hard,Operating Systems,True,advanced,0.7399192441473403,4.6918732087286504e-05,0.26003383712057254,0.7399192441473403,True,uncertainty
201,advanced,12,operating-system-questions-answers,24,hard,Operating Systems,True,advanced,0.7988840468709849,2.2566793663374496e-05,0.20109338633535165,0.7988840468709849,True,uncertainty
201,advanced,13,operating-system-questions-answers-linux,8,easy,Operating Systems,True,advanced,0.8887444405797349,6.102275479036519e-06,0.11124945714478596,0.8887444405797349,True,uncertainty
201,advanced,14,operating-system-mcqs-memory-management-swapping-2,5,easy,Operating Systems,True,advanced,0.9465002508216839,1.1767934539659883e-06,0.05349857238486217,0.9465002508216839,True,uncertainty
201,advanced,15,realtime-operating-system-mcqs-1,3,easy,Operating Systems,True,advanced,0.9662176868887706,4.4671975134221673e-07,0.03378186639147791,0.9662176868887706,True,uncertainty
201,advanced,16,operating-system-questions-answers-distributed-synchronization,4,medium,Operating Systems,True,advanced,0.9786080806557551,1.6386652644315448e-07,0.021391755477718464,0.9786080806557551,True,uncertainty
201,advanced,17,operating-system-mcqs-mass-storage-RAID-1,8,medium,Operating Systems,True,advanced,0.9829590856824866,9.790981064904841e-08,0.01704081640770272,0.9829590856824866,True,uncertainty
201,advanced,18,operating-system-mcqs-process-scheduling-queue,8,medium,Operating Systems,True,advanced,0.9783632574874574,1.303932180278925e-07,0.021636612119324414,0.9783632574874574,True,uncertainty
201,advanced,19,operating-system-mcqs-file-system-allocation-methods-2,10,easy,Operating Systems,True,advanced,0.9868113082816703,4.708380301295852e-08,0.013188644634526526,0.9868113082816703,True,uncertainty
201,advanced,20,distributed-operating-system-mcqs-file-system-2,2,medium,Operating Systems,True,advanced,0.991680112040991,1.7891292849222794e-08,0.008319870067716123,0.991680112040991,True,uncertainty
96,beginner,1,data-structure-questions-answers-free-list,7,hard,Data Structures,False,beginner,0.9999842880998417,0.9999842880998417,1.5711900156478787e-05,1.6694326952825058e-15,True,uncertainty
96,beginner,2,data-structure-questions-answers-double-ended-queue,8,medium,Data Structures,False,beginner,0.9780597299944968,0.9780597299944968,0.021940266799426542,3.206076607206411e-09,True,uncertainty
96,beginner,3,data-structure-questions-answers-generating-partitions,6,hard,Data Structures,False,beginner,0.998151945362194,0.998151945362194,0.0018480546264159248,1.1390014193191312e-11,True,uncertainty
96,beginner,4,data-structure-questions-answers-propositional-directed-acyclic-word-graph,5,medium,Data Structures,False,beginner,0.9987488962794766,0.9987488962794766,0.0012511037145739627,5.9493414500164376e-12,True,uncertainty
96,beginner,5,data-structure-questions-answers-binary-tree-properties,7,medium,Data Structures,True,beginner,0.9950897690949608,0.9950897690949608,0.004910230781275646,1.2376348813379803e-10,True,uncertainty
96,beginner,6,data-structure-questions-answers-heap,6,medium,Data Structures,False,beginner,0.9926357919623948,0.9926357919623948,0.007364207793069524,2.4453575360543943e-10,True,uncertainty
96,beginner,7,data-structure-questions-answers-preorder-traversal,1,medium,Data Structures,True,beginner,0.9888953867565276,0.9888953867565276,0.011104612682290814,5.611817320483719e-10,True,uncertainty
96,beginner,8,data-structure-questions-answers-edit-distance-problem,1,medium,Data Structures,False,beginner,0.9889530010794679,0.9889530010794679,0.011046998395607108,5.249248814137722e-10,True,uncertainty
96,beginner,9,data-structure-questions-answers-incidence-matrix-graph-structured-stack,5,medium,Data Structures,False,beginner,0.9749001696522119,0.9749001696522119,0.025099827334022426,3.0137656867778652e-09,True,uncertainty
96,beginner,10,data-structure-questions-answers-circular-linked-lists,4,medium,Data Structures,False,beginner,0.9639987736125867,0.9639987736125867,0.03600121976016603,6.627247205277754e-09,True,uncertainty
96,beginner,11,data-structure-questions-answers-longest-palindromic-subsequence,1,medium,Data Structures,False,beginner,0.9417644510507821,0.9417644510507821,0.05823553055070664,1.839851124701454e-08,True,uncertainty
96,beginner,12,data-structure-questions-answers-matrix-chain-multiplication,1,medium,Data Structures,False,beginner,0.8865162371248674,0.8865162371248674,0.11348368154532948,8.132980318201637e-08,True,uncertainty
96,beginner,13,data-structure-questions-answers-uniform-binary-search,2,hard,Data Structures,False,beginner,0.9205692684631936,0.9205692684631936,0.07943069633600013,3.5200806201647016e-08,True,uncertainty
96,beginner,14,data-structure-questions-answers-aptitude-test,4,hard,Data Structures,False,beginner,0.9803476142569651,0.9803476142569651,0.0196523841381852,1.6048496962737619e-09,True,uncertainty
96,beginner,15,data-structure-questions-answers-longest-palindromic-subsequence,3,hard,Data Structures,False,beginner,0.9782615049281508,0.9782615049281508,0.021738493172404304,1.8994449019742085e-09,True,uncertainty
96,beginner,16,data-structure-questions-answers-recursion,4,easy,Data Structures,False,beginner,0.9997084228915717,0.9997084228915717,0.0002915771080658079,3.625588385505127e-13,True,uncertainty
96,beginner,17,data-structure-questions-answers-longest-palindromic-subsequence,4,easy,Data Structures,True,beginner,0.9979158633037024,0.9979158633037024,0.002084136602877702,9.341976568344752e-11,True,uncertainty
96,beginner,18,disjoint-set-data-structure-multiple-choice-questions-answers-mcqs,7,easy,Data Structures,False,beginner,0.9970369339132319,0.9970369339132319,0.002963065915933926,1.7083418720434772e-10,True,uncertainty
96,beginner,19,data-structure-questions-answers-longest-common-subsequence,2,easy,Data Structures,True,beginner,0.993335871952517,0.993335871952517,0.006664126824127578,1.2233554312890616e-09,True,uncertainty
96,beginner,20,data-structure-questions-answers-free-list,2,easy,Data Structures,True,beginner,0.9880373598396787,0.9880373598396787,0.011962635743575032,4.416746385829959e-09,True,uncertainty
260,advanced,1,data-structure-questions-answers-queue-linked-list,10,hard,Data Structures,True,intermediate,0.8187434752415651,0.18108929895256082,0.8187434752415651,0.00016722580587408704,False,uncertainty
260,advanced,2,data-structure-questions-answers-circular-linked-lists,4,medium,Data Structures,False,advanced,0.8244527516251202,1.1630867366263413e-05,0.1755356175075136,0.8244527516251202,True,uncertainty
260,advanced,3,data-structure-questions-answers-towers-hanoi,5,easy,Data Structures,False,advanced,0.9620908723582687,2.5917070248316108e-06,0.03790653593470647,0.9620908723582687,True,uncertainty
260,advanced,4,data-structure-questions-answers-coin-change-problem,2,hard,Data Structures,False,intermediate,0.5216691857554194,0.00016498753010766969,0.5216691857554194,0.47816582671447294,False,uncertainty
260,advanced,5,1000-data-structure-questions-answers,16,hard,Data Structures,True,intermediate,0.6039987647216899,0.00034624804293251253,0.6039987647216899,0.39565498723537773,False,uncertainty
260,advanced,6,data-structure-questions-answers-binomial-fibonacci-heap,4,hard,Data Structures,False,intermediate,0.9090565359465631,0.0032660914026146517,0.9090565359465631,0.08767737265082223,False,uncertainty
260,advanced,7,data-structure-questions-answers-xor-linked-list,6,hard,Data Structures,False,intermediate,0.9226221817319293,0.0030448312916154666,0.9226221817319293,0.07433298697645514,False,uncertainty
260,advanced,8,data-structure-questions-answers-bit-array,6,hard,Data Structures,True,intermediate,0.9684287414801395,0.02297172218432365,0.9684287414801395,0.008599536335536813,False,uncertainty
260,advanced,9,data-structure-questions-answers-longest-common-subsequence,3,medium,Data Structures,False,intermediate,0.9690426283929181,0.012306425013693717,0.9690426283929181,0.01865094659338808,False,uncertainty
260,advanced,10,data-structure-assessment-questions-answers,1,hard,Data Structures,False,intermediate,0.9726932937225545,0.014689428206707392,0.9726932937225545,0.012617278070737982,False,uncertainty
260,advanced,11,data-structure-questions-answers-preorder-traversal,7,medium,Data Structures,True,intermediate,0.8980739775163229,0.002317108455997629,0.8980739775163229,0.09960891402767959,False,uncertainty
260,advanced,12,data-structure-questions-answers-string-reversal-recursion,2,hard,Data Structures,True,intermediate,0.9188729580614197,0.0025413171117951872,0.9188729580614197,0.07858572482678519,False,uncertainty
260,advanced,13,data-structure-questions-answers-stack-array,6,hard,Data Structures,True,intermediate,0.8631637922636757,0.0013856885536201954,0.8631637922636757,0.13545051918270418,False,uncertainty
260,advanced,14,data-structure-questions-answers-binary-search-iterative,7,hard,Data Structures,True,intermediate,0.8943460573800059,0.001776573887754115,0.8943460573800059,0.10387736873224003,False,uncertainty
260,advanced,15,data-structure-questions-answers-graph,6,easy,Data Structures,True,advanced,0.5755356565558069,0.00018287834071479983,0.42428146510347836,0.5755356565558069,True,uncertainty
260,advanced,16,data-structure-interview-questions-answers-freshers,5,easy,Data Structures,True,advanced,0.7576178382071415,4.678970116658221e-05,0.24233537209169195,0.7576178382071415,True,uncertainty
260,advanced,17,data-structure-questions-answers-longest-palindromic-subsequence,4,easy,Data Structures,True,advanced,0.8650867017608088,1.4112669754860728e-05,0.13489918556943625,0.8650867017608088,True,uncertainty
260,advanced,18,data-structure-questions-answers-graph,4,easy,Data Structures,True,advanced,0.9272440218588602,4.156411132877572e-06,0.07275182173000676,0.9272440218588602,True,uncertainty
260,advanced,19,data-structure-questions-answers-longest-common-subsequence,2,easy,Data Structures,False,advanced,0.8965287460368139,1.4411874073826212e-05,0.10345684208911228,0.8965287460368139,True,uncertainty
260,advanced,20,data-structure-questions-answers-fibonacci-search,8,medium,Data Structures,True,advanced,0.9206789021633113,8.520394706269438e-06,0.07931257744198267,0.9206789021633113,True,uncertainty
220,advanced,1,java-questions-answers-random-number,9,easy,Java,True,advanced,0.9941043159352895,4.859844989512065e-09,0.005895679204865445,0.9941043159352895,True,uncertainty
220,advanced,2,java-mcqs-type-interface,4,medium,Java,False,advanced,0.670409630656818,0.00011800468787513919,0.32947236465530677,0.670409630656818,True,uncertainty
220,advanced,3,javascript-questions-answers-mcqs,7,easy,Java,True,advanced,0.5526619843909021,6.253742640833842e-05,0.4472754781826897,0.5526619843909021,True,uncertainty
220,advanced,4,java-questions-answers-experienced,1,hard,Java,False,advanced,0.9366041748410945,7.938346056153878e-07,0.06339503132429973,0.9366041748410945,True,uncertainty
220,advanced,5,java-mcqs-packages,8,hard,Java,True,advanced,0.7028245702130451,2.40923715763066e-05,0.29715133741537847,0.7028245702130451,True,uncertainty
220,advanced,6,java-mcqs-class-fundamental-declaring-objects,6,hard,Java,False,advanced,0.6149996134340595,7.269970409340454e-05,0.38492768686184714,0.6149996134340595,True,uncertainty
220,advanced,7,java-questions-answers-data-type-enums,3,hard,Java,True,intermediate,0.7271557592073074,0.0003889577776467055,0.7271557592073074,0.27245528301504607,False,uncertainty
220,advanced,8,advanced-java-questions-answers-jdbc,10,hard,Java,False,intermediate,0.5335566668263864,0.00016948522375309245,0.5335566668263864,0.46627384794986054,False,uncertainty
220,advanced,9,advanced-java-questions-answers-debugging-eclipse,7,hard,Java,True,intermediate,0.6381361921936931,0.0002367657575345785,0.6381361921936931,0.36162704204877233,False,uncertainty
220,advanced,10,java-mcqs-exception-types,4,hard,Java,True,intermediate,0.8395292326797648,0.0005337397779489252,0.8395292326797648,0.15993702754228628,False,uncertainty
220,advanced,11,java-questions-answers-freshers-experienced,7,hard,Java,True,intermediate,0.8672090113234667,0.0005335552376456489,0.8672090113234667,0.13225743343888763,False,uncertainty
220,advanced,12,javascript-mcqs-types-values-variables,10,hard,Java,True,intermediate,0.9606096295636927,0.0014365978236530992,0.9606096295636927,0.03795377261265438,False,uncertainty
220,advanced,13,java-questions-answers-test,4,hard,Java,True,intermediate,0.9791513235272401,0.0022251172890963692,0.9791513235272401,0.018623559183663645,False,uncertainty
220,advanced,14,java-mcqs-string-comparision,5,medium,Java,True,intermediate,0.9290620419186346,0.000598648637939853,0.9290620419186346,0.07033930944342545,False,uncertainty
220,advanced,15,javascript-mcqs-client-side-storage,8,easy,Java,True,intermediate,0.8651623052337085,0.00023579071813679514,0.8651623052337085,0.13460190404815475,False,uncertainty
220,advanced,16,javascript-mcqs-browser-parsing-rendering-i,4,easy,Java,True,intermediate,0.75218285996251,9.059827309352115e-05,0.75218285996251,0.24772654176439654,False,uncertainty
220,advanced,17,java-mcqs-java-lang-introduction,4,easy,Java,True,intermediate,0.6348471602812691,3.8579986870256844e-05,0.6348471602812691,0.3651142597318607,False,uncertainty
220,advanced,18,java-mcqs-constructors-garbage-collection,2,medium,Java,False,intermediate,0.7159530613473648,0.0001600450595615869,0.7159530613473648,0.2838868935930737,False,uncertainty
220,advanced,19,advanced-java-questions-answers-web-application,1,easy,Java,True,intermediate,0.5963875135748868,7.307969731591733e-05,0.5963875135748868,0.40353940672779726,False,uncertainty
220,advanced,20,java-mcqs-collection-algorithms,2,medium,Java,False,intermediate,0.5191305142450039,5.6647240553577723e-05,0.5191305142450039,0.48081283851444245,False,uncertainty
80,beginner,1,automata-theory-questions-answers-simulation-turing-machine,4,hard,Automata Theory,False,beginner,0.9986244456254633,0.9986244456254633,0.001375554373901559,6.351185466382325e-13,True,uncertainty
80,beginner,2,automata-theory-questions-answers-intersection-regular-languages,5,hard,Automata Theory,False,beginner,0.9999985969298248,0.9999985969298248,1.403070175118056e-06,1.1552540283673618e-19,True,uncertainty
80,beginner,3,automata-theory-questions-answers-operators-regular-expression,9,easy,Automata Theory,False,beginner,0.9999822872087136,0.9999822872087136,1.7712791286115796e-05,1.1129652430209312e-16,True,uncertainty
80,beginner,4,automata-theory-questions-answers-eliminating-epsilon-productions,6,medium,Automata Theory,False,beginner,0.9993572560347754,0.9993572560347754,0.000642743965205791,1.868857112171181e-14,True,uncertainty
80,beginner,5,automata-theory-interview-questions-answers,4,medium,Automata Theory,True,beginner,0.9998772555887904,0.9998772555887904,0.00012274441120691752,2.700383136188629e-15,True,uncertainty
80,beginner,6,automata-theory-questions-answers-dfa-regular-expressions,6,medium,Automata Theory,True,beginner,0.9997361554857306,0.9997361554857306,0.0002638445142208052,4.868554954063246e-14,True,uncertainty
80,beginner,7,automata-theory-questions-answers-yacc-parser-generator,3,medium,Automata Theory,False,beginner,0.9997661282695564,0.9997661282695564,0.00023387173041057322,3.3087702724719336e-14,True,uncertainty
80,beginner,8,automata-theory-questions-answers-eliminating-unit-productions,5,medium,Automata Theory,False,beginner,0.9997996495181911,0.9997996495181911,0.0002003504817842906,2.456903868492925e-14,True,uncertainty
80,beginner,9,automata-theory-questions-answers-sentential-forms,1,medium,Automata Theory,True,beginner,0.9995363703526464,0.9995363703526464,0.000463629647115156,2.384539604675315e-13,True,uncertainty
80,beginner,10,automata-theory-questions-answers-dfa-regular-expressions,10,medium,Automata Theory,False,beginner,0.9987863060947572,0.9987863060947572,0.0012136939039021138,1.3406797614975938e-12,True,uncertainty
80,beginner,11,automata-theory-questions-answers-the-language-dfa,9,medium,Automata Theory,True,beginner,0.9981589141610719,0.9981589141610719,0.0018410858342411396,4.686839089491298e-12,True,uncertainty
80,beginner,12,automata-theory-questions-answers-yacc-parser-generator,10,medium,Automata Theory,True,beginner,0.9980034706979865,0.9980034706979865,0.0019965292948983158,7.115183408901009e-12,True,uncertainty
80,beginner,13,automata-theory-questions-answers-ambiguous-grammar,4,medium,Automata Theory,True,beginner,0.9985239378331596,0.9985239378331596,0.0014760621624046889,4.435680142393e-12,True,uncertainty
80,beginner,14,automata-theory-questions-answers-mealy-machine,7,hard,Automata Theory,False,beginner,0.9996144316492481,0.9996144316492481,0.00038556835047950363,2.7225899352298847e-13,True,uncertainty
80,beginner,15,automata-theory-questions-answers-dpda-context-free-languages,10,easy,Automata Theory,False,beginner,0.99905322525563,0.99905322525563,0.000946774742875237,1.4947608244019002e-12,True,uncertainty
80,beginner,16,automata-theory-questions-answers-chomsky-normal-form,4,easy,Automata Theory,True,beginner,0.9961869885116422,0.9961869885116422,0.003813011427433121,6.09247964477826e-11,True,uncertainty
80,beginner,17,automata-theory-questions-answers-cfl-substitution-theorem,1,hard,Automata Theory,False,beginner,0.9984246964985798,0.9984246964985798,0.001575303492821794,8.598371908292638e-12,True,uncertainty
80,beginner,18,automata-theory-questions-answers-operators-regular-expression,4,hard,Automata Theory,False,beginner,0.9991956558355574,0.9991956558355574,0.0008043441625716137,1.8710939510605798e-12,True,uncertainty
80,beginner,19,automata-theory-questions-answers-extended-transition-function,5,easy,Automata Theory,False,beginner,0.9983075074835138,0.9983075074835138,0.0016924925098888875,6.597341737124282e-12,True,uncertainty
80,beginner,20,automata-theory-mcqs-finite-automata,9,easy,Automata Theory,True,beginner,0.9953522934516483,0.9953522934516483,0.004647706438441355,1.0991027859329636e-10,True,uncertainty
34,beginner,1,discrete-mathematics-questions-answers-closure-relations,4,medium,Discrete Mathematics,True,beginner,0.9999911944571854,0.9999911944571854,8.80554281469671e-06,3.7772752066231135e-18,True,uncertainty
34,beginner,2,discrete-mathematics-questions-answers-mcqs,1,medium,Discrete Mathematics,False,beginner,0.9993570180094427,0.9993570180094427,0.000642981988830821,1.7267150241942688e-12,True,uncertainty
34,beginner,3,discrete-mathematics-questions-answers-nested-quantifiers,8,hard,Discrete Mathematics,True,beginner,0.9998206561262745,0.9998206561262745,0.00017934387368565433,3.990199349728321e-14,True,uncertainty
34,beginner,4,discrete-mathematics-questions-answers-modular-exponentiation,10,medium,Discrete Mathematics,False,beginner,0.9985709966978566,0.9985709966978566,0.0014290032892375622,1.290586422894561e-11,True,uncertainty
34,beginner,5,discrete-mathematics-questions-answers-group-theory,4,medium,Discrete Mathematics,False,beginner,0.9924765782079483,0.9924765782079483,0.00752342115254371,6.39508025628422e-10,True,uncertainty
34,beginner,6,discrete-mathematics-questions-answers-campus-interviews,3,medium,Discrete Mathematics,False,beginner,0.9952232724935479,0.9952232724935479,0.004776727342469325,1.6398266782898305e-10,True,uncertainty
34,beginner,7,tricky-discrete-mathematics-questions-answers,7,medium,Discrete Mathematics,True,beginner,0.992784299626118,0.992784299626118,0.007215700050812357,3.2306950051634185e-10,True,uncertainty
34,beginner,8,discrete-mathematics-questions-answers-circular-permutations,4,medium,Discrete Mathematics,False,beginner,0.9945099258763003,0.9945099258763003,0.0054900738385970475,2.8510283071818997e-10,True,uncertainty
34,beginner,9,discrete-mathematics-questions-answers-inference,3,medium,Discrete Mathematics,False,beginner,0.993681172480963,0.993681172480963,0.006318827078308222,4.407289223449922e-10,True,uncertainty
34,beginner,10,discrete-mathematics-questions-answers-ciphers,6,medium,Discrete Mathematics,False,beginner,0.9874533002506078,0.9874533002506078,0.012546697322210075,2.4271821535818895e-09,True,uncertainty
34,beginner,11,discrete-mathematics-questions-answers-fundamental-principle-counting,5,medium,Discrete Mathematics,False,beginner,0.9856133946534469,0.9856133946534469,0.014386601888402633,3.458150516770815e-09,True,uncertainty
34,beginner,12,discrete-mathematics-questions-answers-boolean-functions,9,easy,Discrete Mathematics,False,beginner,0.9995434453551233,0.9995434453551233,0.0004565546403729999,4.503624996383314e-12,True,uncertainty
34,beginner,13,discrete-mathematics-problems,1,hard,Discrete Mathematics,False,beginner,0.9997330203645509,0.9997330203645509,0.00026697963496390386,4.852823782083067e-13,True,uncertainty
34,beginner,14,discrete-mathematics-questions-answers-matrices-types,2,easy,Discrete Mathematics,True,beginner,0.9971137594061305,0.9971137594061305,0.002886240397661515,1.9620790867210616e-10,True,uncertainty
34,beginner,15,discrete-mathematics-questions-answers-cryptography-encryption,5,hard,Discrete Mathematics,True,beginner,0.998330083973838,0.998330083973838,0.0016699159604743284,6.568757737512648e-11,True,uncertainty
34,beginner,16,discrete-mathematics-questions-answers-cryptography-decryption,5,easy,Discrete Mathematics,True,beginner,0.9957102612378012,0.9957102612378012,0.004289738278882414,4.833164500254229e-10,True,uncertainty
34,beginner,17,discrete-mathematics-question-papers,10,easy,Discrete Mathematics,True,beginner,0.98922766702885,0.98922766702885,0.010772329882444628,3.088705256532701e-09,True,uncertainty
34,beginner,18,discrete-mathematics-questions-answers-probability-distribution,3,hard,Discrete Mathematics,False,beginner,0.9963213258745115,0.9963213258745115,0.0036786737893618185,3.361266287459676e-10,True,uncertainty
34,beginner,19,discrete-mathematics-questions-answers-equivalence-classes-partitions,10,hard,Discrete Mathematics,False,beginner,0.9960961260135854,0.9960961260135854,0.0039038736750399055,3.1137481502562345e-10,True,uncertainty
34,beginner,20,discrete-mathematics-mcqs-sets,8,easy,Discrete Mathematics,False,beginner,0.9942871046845564,0.9942871046845564,0.005712894749789086,5.656546084985091e-10,True,uncertainty
282,advanced,1,discrete-mathematics-questions-answers-harmonic-sequences,6,easy,Discrete Mathematics,True,advanced,0.9964991153944016,1.2651856385301272e-08,0.0035008719537419513,0.9964991153944016,True,uncertainty
282,advanced,2,discrete-mathematics-problems,1,hard,Discrete Mathematics,True,intermediate,0.6946565496529937,0.0005491714480838696,0.6946565496529937,0.30479427889892247,False,uncertainty
282,advanced,3,discrete-mathematics-questions-answers-set-types,6,hard,Discrete Mathematics,False,advanced,0.5122955994780881,0.0006302990450401954,0.4870741014768717,0.5122955994780881,True,uncertainty
282,advanced,4,discrete-mathematics-mcqs-complexity-algorithms,10,hard,Discrete Mathematics,False,intermediate,0.5608109260433806,0.0012332645480067355,0.5608109260433806,0.43795580940861273,False,uncertainty
282,advanced,5,discrete-mathematics-questions-answers-aptitude-test,8,hard,Discrete Mathematics,False,intermediate,0.925259731498465,0.02409868796419335,0.925259731498465,0.050641580537341746,False,uncertainty
282,advanced,6,discrete-mathematics-interview-questions-answers,8,hard,Discrete Mathematics,False,intermediate,0.9240432200151278,0.04396514670835027,0.9240432200151278,0.0319916332765218,False,uncertainty
282,advanced,7,discrete-mathematics-questions-answers-online-test,5,medium,Discrete Mathematics,True,intermediate,0.764445749532948,0.0015832285348391334,0.764445749532948,0.2339710219322128,False,uncertainty
282,advanced,8,discrete-mathematics-questions-answers-nested-quantifiers,8,hard,Discrete Mathematics,False,intermediate,0.806877595740432,0.002543111883475771,0.806877595740432,0.1905792923760922,False,uncertainty
282,advanced,9,discrete-mathematics-questions-answers-logical-equivalences,6,hard,Discrete Mathematics,True,intermediate,0.910919993185238,0.005952561671236078,0.910919993185238,0.08312744514352599,False,uncertainty
282,advanced,10,discrete-mathematics-questions-answers-propositions,9,hard,Discrete Mathematics,False,intermediate,0.919411098584259,0.0062382513846524,0.919411098584259,0.07435065003108865,False,uncertainty
282,advanced,11,discrete-mathematics-mcqs-algorithms,10,hard,Discrete Mathematics,False,intermediate,0.8293242757425149,0.0026302010727282605,0.8293242757425149,0.16804552318475685,False,uncertainty
282,advanced,12,discrete-mathematics-questions-answers-aptitude-test,10,hard,Discrete Mathematics,False,intermediate,0.7342796952102413,0.0013315352852513553,0.7342796952102413,0.26438876950450735,False,uncertainty
282,advanced,13,discrete-mathematics-questions-bank,8,easy,Discrete Mathematics,True,advanced,0.5061305235551207,0.00032409365682516036,0.49354538278805404,0.5061305235551207,True,uncertainty
282,advanced,14,discrete-mathematics-questions-answers-recursion,4,easy,Discrete Mathematics,True,advanced,0.641411837918148,0.00012097961261013052,0.3584671824692419,0.641411837918148,True,uncertainty
282,advanced,15,discrete-mathematics-problems,6,easy,Discrete Mathematics,False,advanced,0.5565763380996216,0.0001835461758156947,0.44324011572456273,0.5565763380996216,True,uncertainty
282,advanced,16,discrete-mathematics-questions-answers-aptitude-test,7,easy,Discrete Mathematics,True,advanced,0.7384738536292442,4.539488418052504e-05,0.26148075148657524,0.7384738536292442,True,uncertainty
282,advanced,17,discrete-mathematics-questions-answers-floor-ceiling-function,1,easy,Discrete Mathematics,True,advanced,0.8327137595844089,1.4896641751907174e-05,0.16727134377383937,0.8327137595844089,True,uncertainty
282,advanced,18,discrete-mathematics-mcqs-functions,3,easy,Discrete Mathematics,True,advanced,0.8694141495381584,6.89656029668475e-06,0.1305789539015448,0.8694141495381584,True,uncertainty
282,advanced,19,discrete-mathematics-questions-answers-experienced,9,easy,Discrete Mathematics,True,advanced,0.9134780893974432,2.603183773273552e-06,0.08651930741878339,0.9134780893974432,True,uncertainty
282,advanced,20,discrete-mathematics-questions-answers-graph-matrices,7,easy,Discrete Mathematics,True,advanced,0.9506335699504338,7.262638765971398e-07,0.049365703785689406,0.9506335699504338,True,uncertainty
221,advanced,1,python-questions-answers-formatting-2,2,hard,Python,False,advanced,0.9999258113789515,2.3713905141657478e-11,7.418859733447235e-05,0.9999258113789515,True,uncertainty
221,advanced,2,python-questions-answers-global-local-variables-2,1,medium,Python,True,advanced,0.9519091594256658,6.075963444483994e-07,0.04809023297798989,0.9519091594256658,True,uncertainty
221,advanced,3,python-mcqs-core-datatypes,2,medium,Python,True,advanced,0.9342460362566278,8.330020032934179e-07,0.06575313074136886,0.9342460362566278,True,uncertainty
221,advanced,4,python-questions-answers-boolean,9,hard,Python,True,advanced,0.679741000415376,5.2817317527924485e-05,0.3202061822670962,0.679741000415376,True,uncertainty
221,advanced,5,python-mcqs-files-1,4,hard,Python,False,intermediate,0.6870469709754641,0.0003435079050602188,0.6870469709754641,0.31260952111947576,False,uncertainty
221,advanced,6,python-questions-answers-built-in-functions-3,2,hard,Python,False,intermediate,0.5455933931626509,0.00013274480981591145,0.5455933931626509,0.4542738620275333,False,uncertainty
221,advanced,7,python-questions-answers-exception-handling-2,1,hard,Python,False,intermediate,0.7424557312859682,0.0002971475047957549,0.7424557312859682,0.25724712120923604,False,uncertainty
221,advanced,8,python-questions-answers-list-comprehension,10,hard,Python,True,intermediate,0.6972477485753675,0.0002829702195553844,0.6972477485753675,0.3024692812050771,False,uncertainty
221,advanced,9,python-questions-answers-inheritance-1,4,hard,Python,True,intermediate,0.6290401699948757,0.00022169187278696847,0.6290401699948757,0.37073813813233725,False,uncertainty
221,advanced,10,python-questions-answers-formatting-2,3,hard,Python,False,intermediate,0.7176137748192893,0.00032461324072724073,0.7176137748192893,0.28206161193998347,False,uncertainty
221,advanced,11,python-questions-answers-lists-6,1,hard,Python,True,intermediate,0.7991262246229427,0.0006005903953453355,0.7991262246229427,0.20027318498171187,False,uncertainty
221,advanced,12,python-questions-answers-turtle-module-3,3,hard,Python,False,intermediate,0.843886659786091,0.0007756610477288706,0.843886659786091,0.1553376791661802,False,uncertainty
221,advanced,13,python-questions-answers-regular-expressions-1,2,easy,Python,True,intermediate,0.8590429148785277,0.008066323246349781,0.8590429148785277,0.1328907618751226,False,uncertainty
221,advanced,14,python-questions-answers-shallow-copy-deep-copy,3,medium,Python,True,intermediate,0.8451757800229086,0.006057409863272534,0.8451757800229086,0.1487668101138188,False,uncertainty
221,advanced,15,python-scripting-interview-questions-answers,7,easy,Python,False,intermediate,0.9404171704144395,0.01035528496218853,0.9404171704144395,0.04922754462337196,False,uncertainty
221,advanced,16,python-questions-answers-list-comprehension-2,6,easy,Python,True,intermediate,0.8245858531739446,0.003413540705035221,0.8245858531739446,0.17200060612102014,False,uncertainty
221,advanced,17,1000-python-questions-answers,29,medium,Python,True,intermediate,0.7939126857656447,0.0025418634984129954,0.7939126857656447,0.20354545073594246,False,uncertainty
221,advanced,18,python-questions-answers-freshers,1,medium,Python,False,intermediate,0.7871457689980049,0.002499969987923609,0.7871457689980049,0.21035426101407143,False,uncertainty
221,advanced,19,python-questions-answers-encapsulation,1,easy,Python,True,intermediate,0.5594813965405939,0.000771589495607531,0.5594813965405939,0.4397470139637985,False,uncertainty
221,advanced,20,python-questions-answers-precedence-associativity-1,10,easy,Python,True,advanced,0.5950007834259111,0.00031064160008693995,0.4046885749740019,0.5950007834259111,True,uncertainty
72,beginner,1,discrete-mathematics-questions-answers-generating-functions,3,medium,Discrete Mathematics,True,beginner,0.9991608671279089,0.9991608671279089,0.0008391328719869285,1.0427121898695549e-13,True,uncertainty
72,beginner,2,discrete-mathematics-mcqs-integers-algorithms,9,easy,Discrete Mathematics,True,beginner,0.9959392757247781,0.9959392757247781,0.004060724223683526,5.1538348201327864e-11,True,uncertainty
72,beginner,3,discrete-mathematics-questions-answers-minimization-boolean-functions,7,hard,Discrete Mathematics,True,beginner,0.9759835551297039,0.9759835551297039,0.024016441295357887,3.57493814866583e-09,True,uncertainty
72,beginner,4,discrete-mathematics-questions-answers-division-objects,3,medium,Discrete Mathematics,False,beginner,0.9839446756788829,0.9839446756788829,0.0160553180990056,6.222111420210124e-09,True,uncertainty
72,beginner,5,tricky-discrete-mathematics-questions-answers,7,medium,Discrete Mathematics,False,beginner,0.9912499635959787,0.9912499635959787,0.008750033654571622,2.749449837269057e-09,True,uncertainty
72,beginner,6,discrete-mathematics-questions-answers-mcqs,1,medium,Discrete Mathematics,False,beginner,0.9982994932230798,0.9982994932230798,0.001700506686305702,9.061454919370218e-11,True,uncertainty
72,beginner,7,discrete-mathematics-questions-answers-aptitude-test,4,medium,Discrete Mathematics,False,beginner,0.9963947966114707,0.9963947966114707,0.003605202807724869,5.808044779658763e-10,True,uncertainty
72,beginner,8,discrete-mathematics-questions-answers-logic-bit-operations,4,medium,Discrete Mathematics,False,beginner,0.983571309380986,0.983571309380986,0.01642867120904702,1.940996692383743e-08,True,uncertainty
72,beginner,9,discrete-mathematics-questions-answers-harmonic-sequences,9,medium,Discrete Mathematics,False,beginner,0.9594278136164958,0.9594278136164958,0.040572027399278114,1.589842260633822e-07,True,uncertainty
72,beginner,10,discrete-mathematics-questions-answers-permutation-groups,8,medium,Discrete Mathematics,True,beginner,0.9575292759672277,0.9575292759672277,0.042470546423014614,1.776097577273385e-07,True,uncertainty
72,beginner,11,discrete-mathematics-questions-answers-geometric-sequences,7,medium,Discrete Mathematics,False,beginner,0.9670638630604886,0.9670638630604886,0.03293601001318291,1.2692632838403612e-07,True,uncertainty
72,beginner,12,discrete-mathematics-mcqs-applications-number-theory,9,medium,Discrete Mathematics,False,beginner,0.9662970566381671,0.9662970566381671,0.0337028230691267,1.2029270618678145e-07,True,uncertainty
72,beginner,13,discrete-mathematics-mcqs-growth-functions,6,hard,Discrete Mathematics,False,beginner,0.982261728301928,0.982261728301928,0.017738261486065086,1.0212006916097141e-08,True,uncertainty
72,beginner,14,discrete-mathematics-questions-answers-experienced,9,easy,Discrete Mathematics,False,beginner,0.9846948945126948,0.9846948945126948,0.015305101992697611,3.4946075306874088e-09,True,uncertainty
72,beginner,15,discrete-mathematics-questions-answers-matrices-types,2,easy,Discrete Mathematics,True,beginner,0.9526511357780275,0.9526511357780275,0.04734881098371626,5.323825640402274e-08,True,uncertainty
72,beginner,16,discrete-mathematics-questions-answers-graph-matrices,7,easy,Discrete Mathematics,True,beginner,0.8919451226768649,0.8919451226768649,0.10805453869589046,3.386272448694127e-07,True,uncertainty
72,beginner,17,discrete-mathematics-questions-answers-probability-distribution,2,hard,Discrete Mathematics,False,beginner,0.9613431374188889,0.9613431374188889,0.03865683138460355,3.119650770240185e-08,True,uncertainty
72,beginner,18,discrete-mathematics-interview-questions-answers-experienced,5,hard,Discrete Mathematics,False,beginner,0.9784156025413371,0.9784156025413371,0.02158438943329276,8.025370163849207e-09,True,uncertainty
72,beginner,19,discrete-mathematics-questions-answers-harmonic-sequences,6,easy,Discrete Mathematics,True,beginner,0.9500869374220446,0.9500869374220446,0.049913015474418294,4.710353708890907e-08,True,uncertainty
72,beginner,20,discrete-mathematics-questions-answers-experienced,4,hard,Discrete Mathematics,False,beginner,0.9796044800835839,0.9796044800835839,0.020395513394855954,6.521560196627349e-09,True,uncertainty
27,beginner,1,automata-theory-mcqs-finite-automata,9,easy,Automata Theory,True,intermediate,0.8518530660609049,0.04718908216829548,0.8518530660609049,0.10095785177079955,False,uncertainty
27,beginner,2,automata-theory-questions-answers-yacc-parser-generator,5,easy,Automata Theory,True,intermediate,0.8043233303531393,0.02524918861221421,0.8043233303531393,0.1704274810346464,False,uncertainty
27,beginner,3,automata-theory-questions-answers-cfl-substitution-theorem,2,easy,Automata Theory,False,intermediate,0.918752114836226,0.06118773562065012,0.918752114836226,0.02006014954312399,False,uncertainty
27,beginner,4,automata-theory-questions-answers-eliminating-epsilon-productions,8,medium,Automata Theory,False,intermediate,0.6699618545076527,0.329906578324309,0.6699618545076527,0.00013156716803829915,False,uncertainty
27,beginner,5,automata-theory-mcqs-finite-automata,13,medium,Automata Theory,False,beginner,0.5469776766762141,0.5469776766762141,0.45300610365198296,1.6219671802959113e-05,True,uncertainty
27,beginner,6,automata-theory-questions-answers-lexical-analysis,4,medium,Automata Theory,False,beginner,0.8673058398621183,0.8673058398621183,0.13269371064450886,4.494933728811214e-07,True,uncertainty
27,beginner,7,automata-theory-questions-answers-equivalence-one-tape-multitape-turing-machine,10,medium,Automata Theory,False,beginner,0.8575871045789328,0.8575871045789328,0.14241253450268054,3.6091838651006974e-07,True,uncertainty
27,beginner,8,automata-theory-questions-answers-class-rp-zpp,6,medium,Automata Theory,False,intermediate,0.6483807514762611,0.3516037377686763,0.6483807514762611,1.5510755062650037e-05,False,uncertainty
27,beginner,9,automata-theory-assessment-questions-answers,9,medium,Automata Theory,False,beginner,0.5478826194260542,0.5478826194260542,0.45211391250757516,3.468066370637278e-06,True,uncertainty
27,beginner,10,automata-theory-questions-answers-non-deterministic-finite-automata-introduction,5,medium,Automata Theory,False,beginner,0.8285736358291018,0.8285736358291018,0.17142616447166154,1.9969923667953483e-07,True,uncertainty
27,beginner,11,automata-theory-questions-answers-dfa-regular-expressions,10,medium,Automata Theory,False,beginner,0.7096992343124718,0.7096992343124718,0.29030014250404285,6.231834854112406e-07,True,uncertainty
27,beginner,12,automata-theory-questions-answers-pda-acceptance-empty-stack,5,medium,Automata Theory,False,beginner,0.9120857662051425,0.9120857662051425,0.08791420802106334,2.5773794335683674e-08,True,uncertainty
27,beginner,13,automata-theory-questions-answers-deterministic-pda,5,medium,Automata Theory,False,beginner,0.9417830477739584,0.9417830477739584,0.058216943265484176,8.960557491644833e-09,True,uncertainty
27,beginner,14,automata-theory-questions-answers-mealy-machine,9,easy,Automata Theory,True,beginner,0.8607092490039627,0.8607092490039627,0.13929055974214694,1.9125389038808455e-07,True,uncertainty
27,beginner,15,automata-theory-questions-answers-experienced,14,hard,Automata Theory,False,intermediate,0.7503830280573701,0.24961037787309662,0.7503830280573701,6.594069533293449e-06,False,uncertainty
27,beginner,16,automata-theory-questions-answers-campus-interviews,4,hard,Automata Theory,False,intermediate,0.652172987609104,0.34782317250659966,0.652172987609104,3.83988429625597e-06,False,uncertainty
27,beginner,17,automata-theory-questions-answers-mcqs,1,hard,Automata Theory,False,intermediate,0.5665507470317809,0.43344740139803783,0.5665507470317809,1.8515701813224209e-06,False,uncertainty
27,beginner,18,automata-theory-questions-answers-lexical-analysis,1,easy,Automata Theory,True,intermediate,0.6347763165096977,0.3652196035778346,0.6347763165096977,4.079912467843945e-06,False,uncertainty
27,beginner,19,automata-theory-questions-answers-deterministic-pda,8,hard,Automata Theory,False,intermediate,0.5736900961475151,0.42630722898870066,0.5736900961475151,2.6748637842550864e-06,False,uncertainty
27,beginner,20,automata-theory-mcqs-finite-automata,2,easy,Automata Theory,True,intermediate,0.7033234317346025,0.29666969422382006,0.7033234317346025,6.8740415774463916e-06,False,uncertainty
40,beginner,1,javascript-mcqs-window-object,5,medium,Java,False,beginner,0.9999954843058639,0.9999954843058639,4.5156941351319875e-06,8.172805232393506e-16,True,uncertainty
40,beginner,2,java-mcqs-java-lang-introduction,4,easy,Java,False,beginner,0.9999615151159439,0.9999615151159439,3.848488372991538e-05,3.2606779944753724e-13,True,uncertainty
40,beginner,3,javascript-questions-answers-entrance-exams,2,hard,Java,False,beginner,0.9996257016411907,0.9996257016411907,0.00037429835060373367,8.205792048051302e-12,True,uncertainty
40,beginner,4,javascript-questions-answers-freshers,1,medium,Java,True,beginner,0.9984455040943924,0.9984455040943924,0.0015544958608307079,4.477703864174307e-11,True,uncertainty
40,beginner,5,javascript-problems,7,medium,Java,False,beginner,0.9989158315009405,0.9989158315009405,0.0010841684705839739,2.8475323497375863e-11,True,uncertainty
40,beginner,6,java-mcqs-character-extraction,1,medium,Java,True,beginner,0.9991228489633052,0.9991228489633052,0.0008771510304261124,6.268729709567776e-12,True,uncertainty
40,beginner,7,java-questions-answers-entrance-exams,1,medium,Java,False,beginner,0.9996987876286149,0.9996987876286149,0.0003012123705135058,8.715039669898293e-13,True,uncertainty
40,beginner,8,javascript-mcqs-getting-started-R-I,6,medium,Java,False,beginner,0.9997057196290331,0.9997057196290331,0.0002942803698704438,1.0962940178870205e-12,True,uncertainty
40,beginner,9,java-mcqs-integer-floating-data-types,2,medium,Java,False,beginner,0.9997896616963733,0.9997896616963733,0.00021033830305456234,5.720584823625644e-13,True,uncertainty
40,beginner,10,java-mcqs-seraching-modifying-string,2,medium,Java,True,beginner,0.9984109819776334,0.9984109819776334,0.0015890179934934104,2.887305582995889e-11,True,uncertainty
40,beginner,11,java-questions-answers-heap-garbage-collection,6,medium,Java,False,beginner,0.9990461918866098,0.9990461918866098,0.0009538081012324341,1.215775532109609e-11,True,uncertainty
40,beginner,12,java-mcqs-componentevent-containerevent-focusevent-class,1,medium,Java,False,beginner,0.9992771611494795,0.9992771611494795,0.0007228388433332103,7.187269516088455e-12,True,uncertainty
40,beginner,13,javascript-mcqs-closures,10,hard,Java,False,beginner,0.9998264098623515,0.9998264098623515,0.00017359013729624593,3.5228631700460347e-13,True,uncertainty
40,beginner,14,java-mcqs-event-listeners-interfaces,4,easy,Java,True,beginner,0.9990655501100189,0.9990655501100189,0.0009344498691590659,2.0822076362110157e-11,True,uncertainty
40,beginner,15,javascript-mcqs-comparison-javascript-frameworks-I,8,easy,Java,True,beginner,0.9980114198133859,0.9980114198133859,0.001988580096618637,8.999543852705712e-11,True,uncertainty
40,beginner,16,java-questions-answers-java8-features,1,hard,Java,False,beginner,0.9983696579518048,0.9983696579518048,0.00163034196801361,8.01816423978592e-11,True,uncertainty
40,beginner,17,java-questions-answers-aptitude-test,3,easy,Java,False,beginner,0.9973420682308277,0.9973420682308277,0.0026579315889498118,1.8022254079421257e-10,True,uncertainty
40,beginner,18,java-questions-answers-freshers-experienced,6,easy,Java,False,beginner,0.9970725535347283,0.9970725535347283,0.0029274462829397096,1.8233191335703805e-10,True,uncertainty
40,beginner,19,javascript-mcqs-web-workers,2,hard,Java,True,beginner,0.9983328694306328,0.9983328694306328,0.0016671304880750933,8.129205450075877e-11,True,uncertainty
40,beginner,20,javascript-mcqs-pattern-matching-regular-expressions,15,hard,Java,False,beginner,0.9989019690378981,0.9989019690378981,0.0010980309192660043,4.283585981132544e-11,True,uncertainty
223,advanced,1,discrete-mathematics-questions-answers-logic-circuits,3,medium,Discrete Mathematics,True,intermediate,0.7316365255528055,2.118097013665133e-05,0.7316365255528055,0.2683422934770579,False,uncertainty
223,advanced,2,discrete-mathematics-questions-answers-campus-interviews,8,hard,Discrete Mathematics,True,advanced,0.8135370483439589,8.842854667743127e-07,0.1864620673705743,0.8135370483439589,True,uncertainty
223,advanced,3,discrete-mathematics-questions-answers-ciphers,9,easy,Discrete Mathematics,True,advanced,0.987654867238036,4.797524662559845e-08,0.0123450847867174,0.987654867238036,True,uncertainty
223,advanced,4,discrete-mathematics-questions-answers-types-algorithms,7,hard,Discrete Mathematics,True,advanced,0.5678335430143463,4.22099153351568e-05,0.4321242470703185,0.5678335430143463,True,uncertainty
223,advanced,5,discrete-mathematics-questions-answers-subgroups,3,hard,Discrete Mathematics,True,advanced,0.626914197795935,2.6588033928339888e-05,0.37305921417013665,0.626914197795935,True,uncertainty
223,advanced,6,discrete-mathematics-questions-answers-minimization-boolean-functions,7,hard,Discrete Mathematics,True,advanced,0.7782510008560959,9.958147543759996e-06,0.2217390409963603,0.7782510008560959,True,uncertainty
223,advanced,7,discrete-mathematics-questions-answers-nested-quantifiers,8,hard,Discrete Mathematics,False,advanced,0.615372486658943,6.824418741921737e-05,0.38455926915363786,0.615372486658943,True,uncertainty
223,advanced,8,discrete-mathematics-questions-answers-hasse-diagrams,4,hard,Discrete Mathematics,True,advanced,0.6892534644633865,3.0167384358936555e-05,0.3107163681522545,0.6892534644633865,True,uncertainty
223,advanced,9,discrete-mathematics-questions-answers-spanning-trees,4,hard,Discrete Mathematics,False,advanced,0.8076999969434208,1.3091664715373926e-05,0.19228691139186385,0.8076999969434208,True,uncertainty
223,advanced,10,discrete-mathematics-questions-answers-quiz,5,hard,Discrete Mathematics,False,advanced,0.5500403312484794,0.00010066480158236499,0.4498590039499382,0.5500403312484794,True,uncertainty
223,advanced,11,discrete-mathematics-questions-answers-pigeonhole-principle,1,hard,Discrete Mathematics,False,advanced,0.757555527299313,2.5158493293209166e-05,0.24241931420739396,0.757555527299313,True,uncertainty
223,advanced,12,discrete-mathematics-questions-answers-propositions,6,hard,Discrete Mathematics,False,advanced,0.8198343426146102,1.4469680293391342e-05,0.18015118770509644,0.8198343426146102,True,uncertainty
223,advanced,13,discrete-mathematics-problems,6,easy,Discrete Mathematics,True,advanced,0.9355302222122852,1.945801954802864e-06,0.0644678319857601,0.9355302222122852,True,uncertainty
223,advanced,14,discrete-mathematics-mcqs-functions,3,easy,Discrete Mathematics,False,advanced,0.8734134510883744,5.255890857412579e-06,0.1265812930207682,0.8734134510883744,True,uncertainty
223,advanced,15,discrete-mathematics-mcqs-integers-division,3,medium,Discrete Mathematics,True,advanced,0.88102415359412,4.116618233115804e-06,0.11897172978764683,0.88102415359412,True,uncertainty
223,advanced,16,discrete-mathematics-questions-answers-properties-tree,3,medium,Discrete Mathematics,False,advanced,0.7913167128497952,1.3299667135164238e-05,0.20866998748306959,0.7913167128497952,True,uncertainty
223,advanced,17,discrete-mathematics-mcqs-applications-number-theory,9,medium,Discrete Mathematics,True,advanced,0.8420740582870492,6.991549282952401e-06,0.15791895016366778,0.8420740582870492,True,uncertainty
223,advanced,18,discrete-mathematics-questions-answers-inference,3,medium,Discrete Mathematics,True,advanced,0.8538032842849168,5.254404367047277e-06,0.14619146131071617,0.8538032842849168,True,uncertainty
223,advanced,19,discrete-mathematics-questions-answers-harmonic-sequences,9,medium,Discrete Mathematics,False,advanced,0.7597776272081981,1.8192299364683767e-05,0.24020418049243716,0.7597776272081981,True,uncertainty
223,advanced,20,discrete-mathematics-questions-answers-prime-numbers,1,easy,Discrete Mathematics,True,advanced,0.8466118873234917,6.382844431595819e-06,0.1533817298320767,0.8466118873234917,True,uncertainty
11,beginner,1,python-mcqs-core-datatypes,3,medium,Python,True,beginner,0.9698081785202456,0.9698081785202456,0.03019179989196777,2.1587786773186258e-08,True,uncertainty
11,beginner,2,python-questions-answers-formatting-2,3,hard,Python,False,beginner,0.733097696104135,0.733097696104135,0.26690101071982913,1.2931760357756225e-06,True,uncertainty
11,beginner,3,python-questions-answers-dictionary-4,8,easy,Python,False,beginner,0.9465941348902631,0.9465941348902631,0.053405763528892196,1.0158084460174645e-07,True,uncertainty
11,beginner,4,python-programming-questions-answers,3,medium,Python,False,beginner,0.998325175469487,0.998325175469487,0.0016748245018644542,2.8648571442005235e-11,True,uncertainty
11,beginner,5,python-questions-answers-list-comprehension-2,4,medium,Python,False,beginner,0.9988911964413192,0.9988911964413192,0.001108803549177127,9.503577388623951e-12,True,uncertainty
11,beginner,6,python-questions-answers-freshers,1,medium,Python,False,beginner,0.9979189609878244,0.9979189609878244,0.002081038970702265,4.147338774771693e-11,True,uncertainty
11,beginner,7,python-questions-answers-sys-module,10,medium,Python,False,beginner,0.9981795322688595,0.9981795322688595,0.0018204677043841837,2.675645112143706e-11,True,uncertainty
11,beginner,8,python-questions-answers-bitwise-1,6,medium,Python,False,beginner,0.9866561162342559,0.9866561162342559,0.013343882458636878,1.30710724035635e-09,True,uncertainty
11,beginner,9,python-online-test,5,medium,Python,False,beginner,0.9798677698163685,0.9798677698163685,0.020132227195716407,2.987915132910956e-09,True,uncertainty
11,beginner,10,advanced-python-interview-questions-answers,6,medium,Python,False,beginner,0.9674449062147747,0.9674449062147747,0.03255508648025179,7.304973581901983e-09,True,uncertainty
11,beginner,11,python-multiple-choice-questions-answers,7,medium,Python,True,beginner,0.9361126422482214,0.9361126422482214,0.06388729495097323,6.28008053641681e-08,True,uncertainty
11,beginner,12,python-questions-answers-sys-module,5,medium,Python,False,beginner,0.9501843154928294,0.9501843154928294,0.04981564660270036,3.790447011492473e-08,True,uncertainty
11,beginner,13,1000-python-questions-answers,33,easy,Python,False,beginner,0.9268960331946298,0.9268960331946298,0.07310388216822866,8.463714150726813e-08,True,uncertainty
11,beginner,14,python-questions-answers-built-in-functions-3,2,hard,Python,False,beginner,0.9491757394051898,0.9491757394051898,0.0508242278315283,3.2763281829667747e-08,True,uncertainty
11,beginner,15,python-developer-interview-questions-answers,2,easy,Python,False,beginner,0.8726661843199586,0.8726661843199586,0.12733356922207967,2.4645796171648554e-07,True,uncertainty
11,beginner,16,python-questions-answers-built-in-functions-2,3,easy,Python,True,beginner,0.7385144852984116,0.7385144852984116,0.26148224326465186,3.271436936511623e-06,True,uncertainty
11,beginner,17,python-questions-answers-classes-objects-2,13,easy,Python,True,beginner,0.5937022454792817,0.5937022454792817,0.40628429291217455,1.3461608543798978e-05,True,uncertainty
11,beginner,18,python-questions-answers-list-comprehension,10,hard,Python,False,beginner,0.7959189244865653,0.7959189244865653,0.20407844082791302,2.634685521637208e-06,True,uncertainty
11,beginner,19,python-questions-answers-lists-6,2,hard,Python,False,beginner,0.8722739327060853,0.8722739327060853,0.12772527749812995,7.897957846824409e-07,True,uncertainty
11,beginner,20,python-mcqs-strings-1,5,easy,Python,False,beginner,0.7511069285773715,0.7511069285773715,0.2488897693704602,3.302052168324763e-06,True,uncertainty
155,intermediate,1,operating-system-mcqs-virtual-memory-demand-paging,12,easy,Operating Systems,True,advanced,0.7026522052391839,0.0002906695059196907,0.29705712525489625,0.7026522052391839,False,uncertainty
155,intermediate,2,distributed-operating-system-mcqs-file-system-1,2,hard,Operating Systems,False,beginner,0.9813796972671867,0.9813796972671867,0.01862022582153969,7.691127355706071e-08,False,uncertainty
155,intermediate,3,operating-system-mcqs-multimedia-system-compression-1,1,medium,Operating Systems,False,intermediate,0.6966054176033595,0.30303063268819497,0.6966054176033595,0.000363949708445554,True,uncertainty
155,intermediate,4,operating-system-mcqs-file-system-recovery,1,medium,Operating Systems,True,intermediate,0.8376956357862652,0.16160104818098764,0.8376956357862652,0.0007033160327471885,True,uncertainty
155,intermediate,5,operating-system-mcqs-security-user-authentication,10,medium,Operating Systems,True,intermediate,0.8342428343441942,0.16514101959681635,0.8342428343441942,0.0006161460589894106,True,uncertainty
155,intermediate,6,operating-system-mcqs-file-system-interface-access-methods-1,6,medium,Operating Systems,False,intermediate,0.6573790161521339,0.3423164930240393,0.6573790161521339,0.0003044908238267585,True,uncertainty
155,intermediate,7,operating-system-mcqs-deadlock-detection,3,medium,Operating Systems,False,intermediate,0.8634211344901077,0.13502358928752348,0.8634211344901077,0.0015552762223687868,True,uncertainty
155,intermediate,8,operating-system-mcqs-file-system-interface-access-methods-2,9,medium,Operating Systems,False,intermediate,0.8577673603153421,0.1408008333763636,0.8577673603153421,0.001431806308294387,True,uncertainty
155,intermediate,9,operating-system-questions-answers-distributed-synchronization,7,medium,Operating Systems,False,intermediate,0.876694421624575,0.1215494534186115,0.876694421624575,0.001756124956813537,True,uncertainty
155,intermediate,10,operating-system-questions-answers-processes,5,medium,Operating Systems,False,intermediate,0.8752300912652067,0.12314016916101761,0.8752300912652067,0.0016297395737757201,True,uncertainty
155,intermediate,11,operating-system-mcqs-multimedia-system-CPU-disk-scheduling,7,medium,Operating Systems,True,intermediate,0.947781133242158,0.04474551666152175,0.947781133242158,0.007473350096320199,True,uncertainty
155,intermediate,12,operating-system-questions-answers-distributed-synchronization,4,medium,Operating Systems,False,intermediate,0.9393883961053134,0.05482518924038208,0.9393883961053134,0.005786414654304471,True,uncertainty
155,intermediate,13,operating-system-mcqs-security-user-authentication,8,hard,Operating Systems,False,intermediate,0.8472445922059678,0.15130894117501814,0.8472445922059678,0.001446466619014162,True,uncertainty
155,intermediate,14,operating-system-mcqs-semaphores-1,11,hard,Operating Systems,False,intermediate,0.8134447601898822,0.18542739528527258,0.8134447601898822,0.0011278445248451645,True,uncertainty
155,intermediate,15,distributed-operating-system-mcqs-network-structure-topology,5,easy,Operating Systems,False,intermediate,0.7449240028694033,0.2548109106173644,0.7449240028694033,0.00026508651323232886,True,uncertainty
155,intermediate,16,operating-system-mcqs-file-system-interface-access-methods-2,8,easy,Operating Systems,True,intermediate,0.9063125638663405,0.09179603743514214,0.9063125638663405,0.0018913986985172153,True,uncertainty
155,intermediate,17,operating-system-questions-answers,31,easy,Operating Systems,False,intermediate,0.8917484273947865,0.10699724824748363,0.8917484273947865,0.0012543243577298004,True,uncertainty
155,intermediate,18,operating-system-questions-answers-file-system-implementation,6,easy,Operating Systems,True,intermediate,0.9377766498989252,0.05919020186488352,0.9377766498989252,0.003033148236191421,True,uncertainty
155,intermediate,19,operating-system-mcqs-process-scheduling-queue,6,hard,Operating Systems,True,intermediate,0.9326682952087149,0.06324410484053768,0.9326682952087149,0.004087599950747315,True,uncertainty
155,intermediate,20,operating-system-mcqs-semaphores-1,13,hard,Operating Systems,True,intermediate,0.8516479585857877,0.1467880231516912,0.8516479585857877,0.00156401826252112,True,uncertainty
292,advanced,1,discrete-mathematics-questions-answers-ciphers,9,easy,Discrete Mathematics,False,advanced,0.999902012051192,1.901775548428732e-09,9.79860470324542e-05,0.999902012051192,True,uncertainty
292,advanced,2,discrete-mathematics-questions-answers-harmonic-sequences,9,medium,Discrete Mathematics,False,advanced,0.990863183487106,1.6001271880943886e-06,0.009135216385705996,0.990863183487106,True,uncertainty
292,advanced,3,discrete-mathematics-questions-answers-logic-circuits,3,medium,Discrete Mathematics,True,advanced,0.9931178683190871,1.7015442193314557e-07,0.006881961526490984,0.9931178683190871,True,uncertainty
292,advanced,4,discrete-mathematics-questions-answers-campus-interviews,8,hard,Discrete Mathematics,False,advanced,0.9980392119532713,6.278150106328202e-09,0.0019607817685786334,0.9980392119532713,True,uncertainty
292,advanced,5,discrete-mathematics-questions-answers-probability-distribution,2,hard,Discrete Mathematics,False,advanced,0.9705671052296264,1.1570627134289661e-06,0.029431737707660076,0.9705671052296264,True,uncertainty
292,advanced,6,discrete-mathematics-questions-answers-addition-theorem-probability,1,hard,Discrete Mathematics,False,advanced,0.9128551071270479,1.1143196822709093e-05,0.08713374967612944,0.9128551071270479,True,uncertainty
292,advanced,7,discrete-mathematics-questions-answers-spanning-trees,4,hard,Discrete Mathematics,False,intermediate,0.5065196704977295,0.0005001869131975183,0.5065196704977295,0.49298014258907297,False,uncertainty
292,advanced,8,discrete-mathematics-questions-answers-interconversion-gates,7,hard,Discrete Mathematics,False,intermediate,0.6855897416177992,0.0012820818501511919,0.6855897416177992,0.31312817653204966,False,uncertainty
292,advanced,9,discrete-mathematics-questions-answers-nested-quantifiers,3,hard,Discrete Mathematics,False,intermediate,0.7412840081128215,0.001661904689160043,0.7412840081128215,0.2570540871980185,False,uncertainty
292,advanced,10,discrete-mathematics-questions-answers-quiz,4,hard,Discrete Mathematics,False,intermediate,0.8662441917594932,0.003362585079735463,0.8662441917594932,0.13039322316077132,False,uncertainty
292,advanced,11,discrete-mathematics-questions-answers-logic-circuits,1,hard,Discrete Mathematics,False,intermediate,0.9228538821254653,0.006082683983114462,0.9228538821254653,0.07106343389142031,False,uncertainty
292,advanced,12,discrete-mathematics-questions-answers-types-relations,1,hard,Discrete Mathematics,True,intermediate,0.8529240782872671,0.003509135795375604,0.8529240782872671,0.14356678591735733,False,uncertainty
292,advanced,13,discrete-mathematics-questions-answers-propositions,6,hard,Discrete Mathematics,False,intermediate,0.9417584926788816,0.011879451042884953,0.9417584926788816,0.046362056278233504,False,uncertainty
292,advanced,14,discrete-mathematics-questions-answers-geometric-sequences,7,medium,Discrete Mathematics,True,intermediate,0.9233249988130614,0.005628765710241336,0.9233249988130614,0.07104623547669722,False,uncertainty
292,advanced,15,discrete-mathematics-questions-answers-inverse-matrices,2,easy,Discrete Mathematics,True,intermediate,0.513558760162,0.000532562019226567,0.513558760162,0.48590867781877345,False,uncertainty
292,advanced,16,discrete-mathematics-questions-answers-boolean-functions,9,easy,Discrete Mathematics,False,intermediate,0.559591834230987,0.000623264521798486,0.559591834230987,0.43978490124721453,False,uncertainty
292,advanced,17,discrete-mathematics-problems,9,medium,Discrete Mathematics,True,advanced,0.5829614616309715,0.000233607620995773,0.41680493074803276,0.5829614616309715,True,uncertainty
292,advanced,18,discrete-mathematics-written-test-questions-answers,4,easy,Discrete Mathematics,True,advanced,0.7998925314115266,4.355427269850337e-05,0.20006391431577478,0.7998925314115266,True,uncertainty
292,advanced,19,discrete-mathematics-mcqs-growth-functions,10,medium,Discrete Mathematics,False,advanced,0.7453150373949022,8.326777300549054e-05,0.25460169483209216,0.7453150373949022,True,uncertainty
292,advanced,20,discrete-mathematics-questions-answers-cosets,9,easy,Discrete Mathematics,True,advanced,0.8535755219371314,2.419920463326589e-05,0.1464002788582354,0.8535755219371314,True,uncertainty
116,intermediate,1,python-multiple-choice-questions-answers,7,medium,Python,False,advanced,0.9568351618148679,2.528694430500609e-06,0.04316230949070161,0.9568351618148679,False,uncertainty
116,intermediate,2,python-questions-answers-sets-5,2,easy,Python,False,advanced,0.8502035886412128,6.778381171456205e-05,0.14972862754707272,0.8502035886412128,False,uncertainty
116,intermediate,3,python-multiple-choice-questions-answers,5,hard,Python,False,intermediate,0.9740326121283573,0.01691099254172337,0.9740326121283573,0.009056395329919276,True,uncertainty
116,intermediate,4,python-questions-answers-freshers,1,medium,Python,False,intermediate,0.9372122190291746,0.00566056708504623,0.9372122190291746,0.05712721388577917,True,uncertainty
116,intermediate,5,python-questions-answers-built-in-functions-3,2,hard,Python,False,intermediate,0.967135667354224,0.012632066949373251,0.967135667354224,0.02023226569640282,True,uncertainty
116,intermediate,6,python-questions-answers-sets-1,8,hard,Python,False,intermediate,0.9313744030759445,0.06723425824773942,0.9313744030759445,0.0013913386763160095,True,uncertainty
116,intermediate,7,python-quiz,5,medium,Python,False,intermediate,0.9570705008999629,0.04049701656615767,0.9570705008999629,0.002432482533879322,True,uncertainty
116,intermediate,8,python-questions-answers-regular-expressions-1,5,medium,Python,False,intermediate,0.9319949661958608,0.0666685511248838,0.9319949661958608,0.0013364826792554507,True,uncertainty
116,intermediate,9,python-questions-answers-precedence-associativity-2,7,medium,Python,False,intermediate,0.9386071250765472,0.05999138933531841,0.9386071250765472,0.0014014855881343642,True,uncertainty
116,intermediate,10,python-questions-answers-sys-module,6,medium,Python,False,intermediate,0.9218232064412643,0.07728177174473504,0.9218232064412643,0.0008950218140006943,True,uncertainty
116,intermediate,11,python-questions-answers-sys-module,10,medium,Python,False,intermediate,0.933513676472146,0.06545890613414153,0.933513676472146,0.0010274173937125496,True,uncertainty
116,intermediate,12,python-programming-questions-answers,3,medium,Python,True,intermediate,0.9544760881900504,0.04211981106313113,0.9544760881900504,0.003404100746818396,True,uncertainty
116,intermediate,13,python-programming-interview-questions-answers,4,medium,Python,False,intermediate,0.9642674811684664,0.030505568938356268,0.9642674811684664,0.0052269498931772455,True,uncertainty
116,intermediate,14,python-online-test,2,medium,Python,False,intermediate,0.9732993306353747,0.01480865742298308,0.9732993306353747,0.011892011941642182,True,uncertainty
116,intermediate,15,python-scripting-interview-questions-answers,8,easy,Python,False,intermediate,0.9735471847107564,0.0106590440088806,0.9735471847107564,0.015793771280362915,True,uncertainty
116,intermediate,16,python-questions-answers-lists-6,10,hard,Python,True,intermediate,0.9563214815183202,0.009179263637975547,0.9563214815183202,0.034499254843704315,True,uncertainty
116,intermediate,17,python-questions-answers-list-comprehension,2,hard,Python,False,intermediate,0.9666240623439543,0.018013464059248273,0.9666240623439543,0.015362473596797318,True,uncertainty
116,intermediate,18,python-puzzles,4,easy,Python,False,intermediate,0.9655048182578875,0.012350987524273561,0.9655048182578875,0.022144194217839034,True,uncertainty
116,intermediate,19,python-questions-answers-inheritance-1,4,hard,Python,False,intermediate,0.969939545140215,0.01610927410355879,0.969939545140215,0.013951180756226202,True,uncertainty
116,intermediate,20,python-mcqs-basic-operators,2,easy,Python,False,intermediate,0.9679487551168486,0.009733146489314984,0.9679487551168486,0.022318098393836413,True,uncertainty
43,beginner,1,data-structure-questions-answers-incidence-matrix-graph-structured-stack,11,easy,Data Structures,True,beginner,0.999270240304249,0.999270240304249,0.0007297596630260722,3.272483629204821e-11,True,uncertainty
43,beginner,2,data-structure-questions-answers-longest-common-subsequence,3,medium,Data Structures,False,beginner,0.9993606654998244,0.9993606654998244,0.0006393344769888952,2.3186566459317695e-11,True,uncertainty
43,beginner,3,data-structure-questions-answers-evaluation-infix-expression-not-parenthesized,7,easy,Data Structures,True,beginner,0.9871732483556137,0.9871732483556137,0.012826740917759155,1.0726627175829186e-08,True,uncertainty
43,beginner,4,data-structure-questions-answers-queue-linked-list,3,medium,Data Structures,True,beginner,0.9959452536185402,0.9959452536185402,0.004054745674429061,7.070308173354939e-10,True,uncertainty
43,beginner,5,data-structure-questions-answers-direct-addressing-tables,2,medium,Data Structures,False,beginner,0.9992502708994744,0.9992502708994744,0.0007497290761455873,2.4380271903998325e-11,True,uncertainty
43,beginner,6,data-structure-questions-answers-skip-list,8,medium,Data Structures,True,beginner,0.9996385481828917,0.9996385481828917,0.0003614518101102726,6.9980505670710885e-12,True,uncertainty
43,beginner,7,data-structure-questions-answers-0-1-knapsack-problem,2,medium,Data Structures,False,beginner,0.9998095564147813,0.9998095564147813,0.00019044358342609028,1.7926851733748138e-12,True,uncertainty
43,beginner,8,java-questions-answers-data-structures-list,9,medium,Data Structures,False,beginner,0.9999209699315631,0.9999209699315631,7.903006819810894e-05,2.3894184489878564e-13,True,uncertainty
43,beginner,9,data-structure-questions-answers-longest-increasing-subsequence,2,medium,Data Structures,False,beginner,0.9999407733722583,0.9999407733722583,5.922662762552838e-05,1.161477191679946e-13,True,uncertainty
43,beginner,10,data-structure-questions-answers-power-number-recursion-logn-time,8,medium,Data Structures,False,beginner,0.9999720983684359,0.9999720983684359,2.7901631544155753e-05,1.9970162328887122e-14,True,uncertainty
43,beginner,11,data-structure-questions-answers-xor-linked-list,1,medium,Data Structures,False,beginner,0.999917178008526,0.999917178008526,8.282199128129083e-05,1.9276885395789703e-13,True,uncertainty
43,beginner,12,data-structure-questions-answers-non-recursive-depth-first-search,9,medium,Data Structures,False,beginner,0.9998877165381461,0.9998877165381461,0.00011228346153235397,3.215761897634056e-13,True,uncertainty
43,beginner,13,1000-data-structure-questions-answers,9,hard,Data Structures,False,beginner,0.9983242555533431,0.9983242555533431,0.0016757444231533729,2.350344088267131e-11,True,uncertainty
43,beginner,14,data-structure-questions-answers-dynamic-array,12,hard,Data Structures,False,beginner,0.9995678775579,0.9995678775579,0.0004321224409223675,1.1777305607654754e-12,True,uncertainty
43,beginner,15,data-structure-questions-answers-graph,4,easy,Data Structures,True,beginner,0.999063004087038,0.999063004087038,0.0009369959039123829,9.049698745919692e-12,True,uncertainty
43,beginner,16,data-structure-questions-answers-fibonacci-recursion,12,hard,Data Structures,False,beginner,0.998886912076853,0.998886912076853,0.0011130879101658847,1.2981208038826833e-11,True,uncertainty
43,beginner,17,data-structure-questions-answers-xor-linked-list,6,hard,Data Structures,False,beginner,0.9992631825378915,0.9992631825378915,0.0007368174570163793,5.092062724154267e-12,True,uncertainty
43,beginner,18,data-structure-questions-answers-binary-heap,5,hard,Data Structures,False,beginner,0.9996824484556346,0.9996824484556346,0.00031755154361268043,7.526592412565349e-13,True,uncertainty
43,beginner,19,data-structure-questions-answers-longest-increasing-subsequence,7,hard,Data Structures,False,beginner,0.9997067694971041,0.9997067694971041,0.00029323050229807305,5.977635389685542e-13,True,uncertainty
43,beginner,20,data-structure-questions-answers-pancake-sort,3,hard,Data Structures,False,beginner,0.999772872457669,0.999772872457669,0.00022712754202350261,3.075591671366205e-13,True,uncertainty
123,intermediate,1,data-structure-questions-answers-dynamic-array,10,easy,Data Structures,True,advanced,0.603979506148943,0.0004760873678421611,0.3955444064832148,0.603979506148943,False,uncertainty
123,intermediate,2,java-questions-answers-data-structures-set,6,hard,Data Structures,False,intermediate,0.9450689307507869,0.02117582755562206,0.9450689307507869,0.03375524169359093,True,uncertainty
123,intermediate,3,data-structure-interview-questions-answers-freshers,3,easy,Data Structures,False,intermediate,0.9049973588160682,0.007194640406595522,0.9049973588160682,0.08780800077733622,True,uncertainty
123,intermediate,4,data-structure-questions-answers-recursion,14,hard,Data Structures,True,intermediate,0.9317429571109154,0.040003532688247835,0.9317429571109154,0.028253510200836742,True,uncertainty
123,intermediate,5,data-structure-questions-answers-stack-operations,5,medium,Data Structures,True,intermediate,0.9617216378760469,0.023597244426465012,0.9617216378760469,0.01468111769748807,True,uncertainty
123,intermediate,6,data-structure-questions-answers-matrix-chain-multiplication,1,medium,Data Structures,True,intermediate,0.92930191897607,0.06643684888753879,0.92930191897607,0.004261232136391375,True,uncertainty
123,intermediate,7,data-structure-questions-answers-weight-balanced-tree,4,medium,Data Structures,False,intermediate,0.934995358906881,0.0595267230195828,0.934995358906881,0.005477918073536237,True,uncertainty
123,intermediate,8,data-structure-questions-answers-longest-common-subsequence,3,medium,Data Structures,True,intermediate,0.9450286416074177,0.049346946064868676,0.9450286416074177,0.005624412327713674,True,uncertainty
123,intermediate,9,data-structure-questions-answers-edit-distance-problem,3,medium,Data Structures,True,intermediate,0.9137900417837604,0.0837607118574744,0.9137900417837604,0.0024492463587650662,True,uncertainty
123,intermediate,10,data-structure-questions-answers-heap,7,medium,Data Structures,True,intermediate,0.907169029236643,0.09103467128493303,0.907169029236643,0.0017962994784240292,True,uncertainty
123,intermediate,11,data-structure-questions-answers-parallel-array,2,medium,Data Structures,True,intermediate,0.8975669288805468,0.10108230360885065,0.8975669288805468,0.001350767510602603,True,uncertainty
123,intermediate,12,data-structure-questions-answers-incidence-matrix-graph-structured-stack,7,medium,Data Structures,True,intermediate,0.9379043344164232,0.059956682314747385,0.9379043344164232,0.002138983268829502,True,uncertainty
123,intermediate,13,data-structure-questions-answers-threaded-binary-tree,6,medium,Data Structures,False,intermediate,0.882873139354009,0.11568999574302892,0.882873139354009,0.0014368649029621718,True,uncertainty
123,intermediate,14,data-structure-questions-answers-propositional-directed-acyclic-word-graph,5,medium,Data Structures,True,intermediate,0.8541951109418678,0.1447488780450011,0.8541951109418678,0.0010560110131310938,True,uncertainty
123,intermediate,15,data-structure-interview-questions-answers-freshers,8,hard,Data Structures,False,intermediate,0.6580431130121649,0.3417904251320836,0.6580431130121649,0.00016646185575149375,True,uncertainty
123,intermediate,16,java-questions-answers-data-structures-hashmap,8,easy,Data Structures,True,intermediate,0.876285555250554,0.1224142129021374,0.876285555250554,0.0013002318473086974,True,uncertainty
123,intermediate,17,data-structure-questions-answers-binomial-fibonacci-heap,8,easy,Data Structures,False,intermediate,0.9013874110904649,0.09717613320275773,0.9013874110904649,0.0014364557067772475,True,uncertainty
123,intermediate,18,data-structure-interview-questions-answers,8,easy,Data Structures,False,intermediate,0.9319025170170848,0.06625728870966154,0.9319025170170848,0.0018401942732535323,True,uncertainty
123,intermediate,19,data-structure-questions-answers-fibonacci-recursion,12,hard,Data Structures,True,intermediate,0.9490534524388168,0.046807510530021065,0.9490534524388168,0.004139037031162131,True,uncertainty
123,intermediate,20,data-structure-questions-answers-matrix-chain-multiplication,7,hard,Data Structures,False,intermediate,0.9106408495682355,0.08776273003721542,0.9106408495682355,0.00159642039454893,True,uncertainty
251,advanced,1,data-structure-questions-answers-power-number-recursion-logn-time,1,hard,Data Structures,False,intermediate,0.9061686812126634,0.0035248034192436675,0.9061686812126634,0.09030651536809294,False,uncertainty
251,advanced,2,java-questions-answers-data-structures-list,6,medium,Data Structures,True,advanced,0.7902829724675142,4.015039746477001e-06,0.20971301249273946,0.7902829724675142,True,uncertainty
251,advanced,3,data-structure-questions-answers-heap,6,medium,Data Structures,True,advanced,0.9953982523326139,1.9801647984996943e-09,0.004601745687221194,0.9953982523326139,True,uncertainty
251,advanced,4,data-structure-questions-answers-weight-balanced-tree,7,hard,Data Structures,True,advanced,0.9315442817698603,5.195777284812948e-07,0.06845519865241131,0.9315442817698603,True,uncertainty
251,advanced,5,data-structure-questions-answers-dynamic-array,14,hard,Data Structures,False,advanced,0.9503938944822119,3.0123733288384206e-07,0.0496058042804551,0.9503938944822119,True,uncertainty
251,advanced,6,data-structure-questions-answers-edit-distance-problem,8,hard,Data Structures,False,advanced,0.743072803017371,1.019856986637303e-05,0.25691699841276266,0.743072803017371,True,uncertainty
251,advanced,7,data-structure-questions-answers-binary-trees-linked-lists,8,hard,Data Structures,False,advanced,0.5542348030940494,3.134315914481638e-05,0.44573385374680585,0.5542348030940494,True,uncertainty
251,advanced,8,data-structure-questions-answers-stack-array,6,hard,Data Structures,False,intermediate,0.5149984678295313,3.535040990615201e-05,0.5149984678295313,0.48496618176056255,False,uncertainty
251,advanced,9,data-structure-questions-answers-non-recursive-depth-first-search,4,hard,Data Structures,True,advanced,0.5014235835806474,4.31673902725217e-05,0.49853324902908003,0.5014235835806474,True,uncertainty
251,advanced,10,data-structure-questions-answers-pancake-sort,10,hard,Data Structures,False,advanced,0.6777627047184211,1.572014068865213e-05,0.3222215751408902,0.6777627047184211,True,uncertainty
251,advanced,11,data-structure-questions-answers-counting-boolean-parenthesizations,1,hard,Data Structures,False,advanced,0.6560619056990314,1.664810405831803e-05,0.34392144619691023,0.6560619056990314,True,uncertainty
251,advanced,12,data-structure-questions-answers-fibonacci-recursion,12,hard,Data Structures,False,intermediate,0.7003534854262429,9.382603754905621e-05,0.7003534854262429,0.29955268853620803,False,uncertainty
251,advanced,13,java-questions-answers-data-structures-hashmap,6,easy,Data Structures,True,intermediate,0.6382930853446424,0.0006117996842454573,0.6382930853446424,0.36109511497111213,False,uncertainty
251,advanced,14,data-structure-questions-answers-binary-trees-array,2,medium,Data Structures,False,intermediate,0.7619793108094356,0.0010276248715690717,0.7619793108094356,0.23699306431899536,False,uncertainty
251,advanced,15,data-structure-questions-answers-evaluation-infix-expression-not-parenthesized,7,easy,Data Structures,True,intermediate,0.6274235645852536,0.0004547206252450894,0.6274235645852536,0.37212171478950123,False,uncertainty
251,advanced,16,data-structure-questions-answers-incidence-matrix-graph-structured-stack,7,medium,Data Structures,False,intermediate,0.6111814542610612,0.0003944840434465661,0.6111814542610612,0.38842406169549226,False,uncertainty
251,advanced,17,data-structure-questions-answers-longest-palindromic-subsequence,4,easy,Data Structures,True,advanced,0.5003862585665957,0.00020687279287764747,0.4994068686405267,0.5003862585665957,True,uncertainty
251,advanced,18,data-structure-questions-answers-incidence-matrix-graph-structured-stack,2,easy,Data Structures,True,advanced,0.5793068835387776,0.0001101927513852679,0.42058292370983713,0.5793068835387776,True,uncertainty
251,advanced,19,data-structure-questions-answers-bit-array,9,medium,Data Structures,True,advanced,0.6804074077754808,5.5152208364436216e-05,0.31953744001615475,0.6804074077754808,True,uncertainty
251,advanced,20,data-structure-questions-answers-skip-list,8,medium,Data Structures,True,advanced,0.779214314983375,2.3300322152593597e-05,0.2207623846944724,0.779214314983375,True,uncertainty
271,advanced,1,java-mcqs-double-float-wrappers,5,easy,Java,True,advanced,0.9596315270280793,1.607756079207634e-07,0.04036831219631271,0.9596315270280793,True,uncertainty
271,advanced,2,java-questions-answers-experienced,6,hard,Java,True,advanced,0.8878902287668067,1.2960043828521503e-06,0.11210847522881037,0.8878902287668067,True,uncertainty
271,advanced,3,java-mcqs-try-and-catch,2,hard,Java,True,advanced,0.5870174778659024,1.7174820606697155e-05,0.41296534731349094,0.5870174778659024,True,uncertainty
271,advanced,4,java-mcqs-remote-method-invocation,1,hard,Java,True,intermediate,0.5994220282946691,4.9788387135228075e-05,0.5994220282946691,0.40052818331819573,False,uncertainty
271,advanced,5,javascript-mcqs-scripted-media,13,hard,Java,True,intermediate,0.8513383716593472,0.00019740592942319232,0.8513383716593472,0.14846422241122953,False,uncertainty
271,advanced,6,javascript-mcqs-window-object,11,hard,Java,True,intermediate,0.9240651122941544,0.0003500594502252546,0.9240651122941544,0.07558482825562031,False,uncertainty
271,advanced,7,java-interview-questions-answers,5,hard,Java,True,intermediate,0.8952116057278089,0.00021886591124727615,0.8952116057278089,0.1045695283609438,False,uncertainty
271,advanced,8,java-mcqs-exception-types,4,hard,Java,False,intermediate,0.8692038874774433,0.0005164920760015073,0.8692038874774433,0.13027962044655514,False,uncertainty
271,advanced,9,javascript-mcqs-scripting-documents,6,hard,Java,False,intermediate,0.8557431620830581,0.0006458789229958463,0.8557431620830581,0.14361095899394608,False,uncertainty
271,advanced,10,java-questions-answers-campus-interviews,2,hard,Java,False,intermediate,0.8749629000006915,0.0009220377825925306,0.8749629000006915,0.1241150622167159,False,uncertainty
271,advanced,11,advanced-java-questions-answers-debugging-eclipse,2,hard,Java,False,intermediate,0.8232402422825914,0.0007597927483856074,0.8232402422825914,0.17599996496902298,False,uncertainty
271,advanced,12,java-mcqs-remote-method-invocation,4,medium,Java,True,advanced,0.6098525599710979,2.2351858715632672e-05,0.3901250881701865,0.6098525599710979,True,uncertainty
271,advanced,13,java-mcqs-character-extraction,1,medium,Java,True,advanced,0.5341701319255596,2.742200527461808e-05,0.46580244606916577,0.5341701319255596,True,uncertainty
271,advanced,14,java-mcqs-interfaces,3,easy,Java,True,advanced,0.6560298629809065,1.0725647840156896e-05,0.34395941137125324,0.6560298629809065,True,uncertainty
271,advanced,15,java-mcqs-command-line-arguments,3,easy,Java,False,advanced,0.5493858829939647,2.1373414964840112e-05,0.4505927435910703,0.5493858829939647,True,uncertainty
271,advanced,16,java-mcqs-constructors-garbage-collection,1,easy,Java,True,advanced,0.6917454243503002,7.907614597063245e-06,0.30824666803510287,0.6917454243503002,True,uncertainty
271,advanced,17,java-mcqs-http-response-urlconnection-class,5,medium,Java,True,advanced,0.7179086422818881,5.231948719471378e-06,0.2820861257693924,0.7179086422818881,True,uncertainty
271,advanced,18,java-mcqs-event-handling-basics,8,easy,Java,True,advanced,0.7663184155842141,2.9652140289861887e-06,0.23367861920175687,0.7663184155842141,True,uncertainty
271,advanced,19,java-questions-answers-entrance-exams,1,medium,Java,False,advanced,0.6329255586325927,1.1453770402483107e-05,0.3670629875970048,0.6329255586325927,True,uncertainty
271,advanced,20,java-mcqs-system-class-advance,3,easy,Java,False,advanced,0.6998456585468685,6.4126715263701024e-06,0.300147928781605,0.6998456585468685,True,uncertainty
71,beginner,1,javascript-mcqs-window-object,11,hard,Java,False,beginner,0.9999999995245288,0.9999999995245288,4.754713210432592e-10,9.053157375368694e-25,True,uncertainty
71,beginner,2,java-basic-questions-answers,5,hard,Java,True,beginner,0.9999996123430814,0.9999996123430814,3.876569185520619e-07,6.908631948432357e-20,True,uncertainty
71,beginner,3,java-interview-questions-answers,5,hard,Java,True,beginner,0.9999957640767375,0.9999957640767375,4.23592326249967e-06,3.75116788409634e-18,True,uncertainty
71,beginner,4,tough-java-questions-answers,9,medium,Java,False,beginner,0.9998929928362078,0.9998929928362078,0.0001070071637900456,2.18310214162861e-15,True,uncertainty
71,beginner,5,javascript-mcqs-webpagetest,2,medium,Java,False,beginner,0.9978310630937915,0.9978310630937915,0.002168936903111832,3.096495758507895e-12,True,uncertainty
71,beginner,6,advanced-java-questions-answers-design-patterns,1,medium,Java,False,beginner,0.9945747220465888,0.9945747220465888,0.005425277915814417,3.759658247117199e-11,True,uncertainty
71,beginner,7,java-mcqs-java-util-bitset-date-class,1,medium,Java,False,beginner,0.9829205998578258,0.9829205998578258,0.017079399482721237,6.594529236993594e-10,True,uncertainty
71,beginner,8,javascript-mcqs-html-api,7,medium,Java,False,beginner,0.955522304716578,0.955522304716578,0.044477687169544484,8.113877342373319e-09,True,uncertainty
71,beginner,9,javascript-mcqs-html-dom,1,medium,Java,False,beginner,0.9794064428886727,0.9794064428886727,0.020593555271085164,1.840242173143538e-09,True,uncertainty
71,beginner,10,java-mcqs-url-class,5,medium,Java,False,beginner,0.9803033998033871,0.9803033998033871,0.019696597843527633,2.353085331186315e-09,True,uncertainty
71,beginner,11,advanced-java-questions-answers-servlet,9,medium,Java,False,beginner,0.986182679178353,0.986182679178353,0.013817319633576878,1.1880701583233408e-09,True,uncertainty
71,beginner,12,java-mcqs-remote-method-invocation,4,medium,Java,False,beginner,0.9634716465653911,0.9634716465653911,0.03652834254571893,1.0888890018742303e-08,True,uncertainty
71,beginner,13,java-mcqs-seraching-modifying-string,2,medium,Java,False,beginner,0.9078894242015526,0.9078894242015526,0.09211048717035991,8.862808740638541e-08,True,uncertainty
71,beginner,14,java-questions-answers-freshers-experienced,7,hard,Java,True,beginner,0.9728512001375217,0.9728512001375217,0.027148790795547627,9.066930774659116e-09,True,uncertainty
71,beginner,15,java-questions-answers-online-quiz,2,easy,Java,True,beginner,0.9977214848461226,0.9977214848461226,0.0022785148327592515,3.211181164242124e-10,True,uncertainty
71,beginner,16,javascript-mcqs-error-handling-i,3,hard,Java,False,beginner,0.9984873618584504,0.9984873618584504,0.0015126380031297737,1.3841984070490477e-10,True,uncertainty
71,beginner,17,java-mcqs-java-lang-void-process-system-class,6,easy,Java,False,beginner,0.9982188041675725,0.9982188041675725,0.0017811957485135623,8.391401664208913e-11,True,uncertainty
71,beginner,18,java-mcqs-event-handling-basics,8,easy,Java,True,beginner,0.9952766232649064,0.9952766232649064,0.004723376125735722,6.093579441476227e-10,True,uncertainty
71,beginner,19,javascript-mcqs-pattern-matching-regular-expressions,15,hard,Java,True,beginner,0.9958757770117983,0.9958757770117983,0.004124222620707392,3.674941949638082e-10,True,uncertainty
71,beginner,20,java-questions-answers-data-type-enums,3,hard,Java,False,beginner,0.9955996029841381,0.9955996029841381,0.0044003965778709846,4.3799097733890814e-10,True,uncertainty
190,intermediate,1,operating-system-questions-answers-rtos,5,medium,Operating Systems,True,intermediate,0.9816679774306403,0.017234547184973113,0.9816679774306403,0.0010974753843866441,True,uncertainty
190,intermediate,2,operating-system-mcqs-threads-ult-klt,12,hard,Operating Systems,False,intermediate,0.9545291835695406,0.04505332205124537,0.9545291835695406,0.0004174943792139467,True,uncertainty
190,intermediate,3,operating-system-mcqs-file-system-allocation-methods-1,6,medium,Operating Systems,False,intermediate,0.5128752232135252,0.48711688764980754,0.5128752232135252,7.889136667291547e-06,True,uncertainty
190,intermediate,4,operating-system-questions-answers-file-system-concepts,1,medium,Operating Systems,False,beginner,0.7737957627271876,0.7737957627271876,0.22620325289737128,9.843754410625293e-07,False,uncertainty
190,intermediate,5,operating-system-mcqs-protection-revocation-access-rights,7,medium,Operating Systems,True,intermediate,0.5056817983595078,0.4943100143305945,0.5056817983595078,8.187309897797051e-06,True,uncertainty
190,intermediate,6,operating-system-mcqs-disk-scheduling-1,5,medium,Operating Systems,False,intermediate,0.7718579865181596,0.22809687714317214,0.7718579865181596,4.513633866827827e-05,True,uncertainty
190,intermediate,7,operating-system-mcqs-file-system-allocation-methods-3,9,medium,Operating Systems,True,intermediate,0.8323786109816838,0.16755443439203999,0.8323786109816838,6.695462627635979e-05,True,uncertainty
190,intermediate,8,operating-system-mcqs-deadlock-prevention,11,medium,Operating Systems,True,intermediate,0.8166838367904334,0.18327592156934094,0.8166838367904334,4.024164022559347e-05,True,uncertainty
190,intermediate,9,operating-system-questions-answers-distributed-synchronization,4,medium,Operating Systems,False,intermediate,0.8199207663625315,0.18002586268401258,0.8199207663625315,5.337095345601845e-05,True,uncertainty
190,intermediate,10,operating-system-questions-answers-processes,5,medium,Operating Systems,True,intermediate,0.913761995743892,0.08608828802316183,0.913761995743892,0.00014971623294612267,True,uncertainty
190,intermediate,11,operating-system-question-answers-multimedia-systems,9,medium,Operating Systems,False,intermediate,0.9106833118692651,0.08915999904003431,0.9106833118692651,0.0001566890907006097,True,uncertainty
190,intermediate,12,operating-system-mcqs-deadlock-detection,1,hard,Operating Systems,False,intermediate,0.937779055175488,0.06192727294997926,0.937779055175488,0.0002936718745327386,True,uncertainty
190,intermediate,13,operating-system-mcqs-file-system-allocation-methods-3,10,hard,Operating Systems,False,intermediate,0.9106421215297629,0.08918080439760388,0.9106421215297629,0.0001770740726331849,True,uncertainty
190,intermediate,14,operating-system-mcqs-multi-threading-models,4,hard,Operating Systems,False,intermediate,0.8603032237126654,0.1396021323708245,0.8603032237126654,9.464391651000884e-05,True,uncertainty
190,intermediate,15,operating-system-mcqs-semaphores-1,2,easy,Operating Systems,False,beginner,0.8842250332639655,0.8842250332639655,0.11577464087576829,3.258602661108273e-07,False,uncertainty
190,intermediate,16,operating-system-mcqs-process-rpc,8,hard,Operating Systems,False,beginner,0.8811950584192187,0.8811950584192187,0.11880461476557697,3.268152043716133e-07,False,uncertainty
190,intermediate,17,operating-system-questions-answers,23,easy,Operating Systems,True,beginner,0.5000619124750058,0.5000619124750058,0.49989641547752217,4.16720474720754e-05,False,uncertainty
190,intermediate,18,operating-system-questions-answers-threads,9,easy,Operating Systems,False,intermediate,0.5619691209222464,0.4379789432344348,0.5619691209222464,5.1935843318732626e-05,True,uncertainty
190,intermediate,19,operating-system-questions-answers-linux,7,hard,Operating Systems,False,intermediate,0.5345670549709172,0.4653902271521271,0.5345670549709172,4.2717876955699794e-05,True,uncertainty
190,intermediate,20,operating-system-mcqs-semaphores-2,4,easy,Operating Systems,True,intermediate,0.7981051076424793,0.2015425244526565,0.7981051076424793,0.0003523679048642148,True,uncertainty
118,intermediate,1,python-questions-answers-modules,5,hard,Python,False,beginner,0.990069589276268,0.990069589276268,0.009930407074564454,3.6491677000681305e-09,False,uncertainty
118,intermediate,2,python-questions-answers-bitwise-1,8,easy,Python,True,intermediate,0.8875419465593236,0.09992700078576125,0.8875419465593236,0.012531052654915,True,uncertainty
118,intermediate,3,1000-python-questions-answers,21,easy,Python,True,intermediate,0.9042814286568484,0.01837299245132279,0.9042814286568484,0.0773455788918289,True,uncertainty
118,intermediate,4,python-questions-answers-matrix-list-comprehension,7,hard,Python,False,intermediate,0.9297905384051123,0.04575737883684878,0.9297905384051123,0.02445208275803899,True,uncertainty
118,intermediate,5,python-multiple-choice-questions-answers,7,medium,Python,False,intermediate,0.9637445508024333,0.029464990164836134,0.9637445508024333,0.006790459032730565,True,uncertainty
118,intermediate,6,python-questions-answers-advanced-formatting,7,medium,Python,False,intermediate,0.9286124356288499,0.06876690429403358,0.9286124356288499,0.002620660077116586,True,uncertainty
118,intermediate,7,python-questions-answers-global-local-variables-2,1,medium,Python,False,intermediate,0.946932351970481,0.04958262893612363,0.946932351970481,0.0034850190933953685,True,uncertainty
118,intermediate,8,python-questions-answers-freshers,1,medium,Python,False,intermediate,0.9303604700928835,0.06768852063611656,0.9303604700928835,0.0019510092709999361,True,uncertainty
118,intermediate,9,python-questions-answers-turtle-module-3,12,medium,Python,False,intermediate,0.9634832758402653,0.03202899505831741,0.9634832758402653,0.004487729101417295,True,uncertainty
118,intermediate,10,1000-python-questions-answers,29,medium,Python,False,intermediate,0.9740781505026455,0.017751038162414,0.9740781505026455,0.008170811334940476,True,uncertainty
118,intermediate,11,python-questions-answers-lists-6,8,medium,Python,True,intermediate,0.9637482654680449,0.028458740513576428,0.9637482654680449,0.007792994018378598,True,uncertainty
118,intermediate,12,python-online-test,2,medium,Python,False,intermediate,0.9704134289289674,0.01583131220104325,0.9704134289289674,0.01375525886998918,True,uncertainty
118,intermediate,13,python-questions-answers-global-local-variables-1,5,medium,Python,True,intermediate,0.9671467323271483,0.011625165816580612,0.9671467323271483,0.021228101856271085,True,uncertainty
118,intermediate,14,python-questions-answers-lists-7,7,hard,Python,False,intermediate,0.9611345889244733,0.03224264135035667,0.9611345889244733,0.006622769725169982,True,uncertainty
118,intermediate,15,python-questions-answers-formatting-1,1,medium,Python,True,intermediate,0.9436084442599731,0.05252188765517643,0.9436084442599731,0.0038696680848504215,True,uncertainty
118,intermediate,16,python-questions-answers-boolean,8,hard,Python,False,intermediate,0.9383386672032217,0.058403392228276806,0.9383386672032217,0.0032579405685015596,True,uncertainty
118,intermediate,17,1000-python-questions-answers,10,easy,Python,True,intermediate,0.9547611756757695,0.039976263892560156,0.9547611756757695,0.005262560431670292,True,uncertainty
118,intermediate,18,python-questions-answers-sets-1,11,hard,Python,False,intermediate,0.9399603928849394,0.05632047142130479,0.9399603928849394,0.003719135693755705,True,uncertainty
118,intermediate,19,python-questions-answers-classes-objects-2,7,easy,Python,False,intermediate,0.9405802301879493,0.057229019724183226,0.9405802301879493,0.002190750087867401,True,uncertainty
118,intermediate,20,python-developer-interview-questions-answers,9,easy,Python,True,intermediate,0.9598553033644218,0.035356778315446244,0.9598553033644218,0.004787918320132034,True,uncertainty
22,beginner,1,data-structure-questions-answers-binary-trees-array,2,medium,Data Structures,False,intermediate,0.9330960473036247,0.005354889339441382,0.9330960473036247,0.06154906335693392,False,uncertainty
22,beginner,2,1000-data-structure-questions-answers,23,hard,Data Structures,False,beginner,0.5805102120818014,0.5805102120818014,0.4194851847964994,4.603121699070632e-06,True,uncertainty
22,beginner,3,data-structure-questions-answers-search-element-array-recursion-1,6,hard,Data Structures,False,beginner,0.983148290101238,0.983148290101238,0.016851708244742705,1.6540192186971296e-09,True,uncertainty
22,beginner,4,data-structure-questions-answers-undirected-graph,4,medium,Data Structures,False,beginner,0.9667333213189967,0.9667333213189967,0.03326666877412348,9.906879699560422e-09,True,uncertainty
22,beginner,5,data-structure-questions-answers-binary-search-iterative,4,medium,Data Structures,False,beginner,0.873143060780812,0.873143060780812,0.12685676163370374,1.7758548423115687e-07,True,uncertainty
22,beginner,6,data-structure-assessment-questions-answers,3,medium,Data Structures,False,beginner,0.9595346573896422,0.9595346573896422,0.04046533356933826,9.041019584426356e-09,True,uncertainty
22,beginner,7,data-structure-questions-answers-incidence-matrix-graph-structured-stack,7,medium,Data Structures,False,beginner,0.9455857202560739,0.9455857202560739,0.05441426324811667,1.6495809375779642e-08,True,uncertainty
22,beginner,8,data-structure-questions-answers-search-element-array-recursion-1,1,medium,Data Structures,False,beginner,0.9439934406053234,0.9439934406053234,0.05600654223414365,1.7160532892298474e-08,True,uncertainty
22,beginner,9,data-structure-questions-answers-factorial-recursion,10,medium,Data Structures,True,beginner,0.8640611910568461,0.8640611910568461,0.1359386162252574,1.9271789649536058e-07,True,uncertainty
22,beginner,10,data-structure-questions-answers-hash-tables,8,medium,Data Structures,False,beginner,0.7716483955097317,0.7716483955097317,0.22835079707812417,8.074121439596927e-07,True,uncertainty
22,beginner,11,data-structure-questions-answers-longest-common-subsequence,3,medium,Data Structures,True,beginner,0.7980719227631342,0.7980719227631342,0.201927512746852,5.644900139172863e-07,True,uncertainty
22,beginner,12,data-structure-questions-answers-binary-search-iterative,9,medium,Data Structures,False,beginner,0.7603948368218548,0.7603948368218548,0.23960438331806894,7.798600762863281e-07,True,uncertainty
22,beginner,13,data-structure-questions-answers-binary-trees-linked-lists,8,hard,Data Structures,False,beginner,0.9174414847725704,0.9174414847725704,0.08255845367893326,6.154849647284339e-08,True,uncertainty
22,beginner,14,data-structure-questions-answers-single-linked-lists,5,hard,Data Structures,False,beginner,0.8746073014614223,0.8746073014614223,0.12539254755204934,1.5098652823825238e-07,True,uncertainty
22,beginner,15,data-structure-questions-answers-binary-search-iterative,2,easy,Data Structures,True,beginner,0.9747966137452617,0.9747966137452617,0.02520333206775008,5.41869881014426e-08,True,uncertainty
22,beginner,16,data-structure-questions-answers-xor-linked-list,6,hard,Data Structures,False,beginner,0.9860588204750707,0.9860588204750707,0.013941163642132461,1.5882796774090687e-08,True,uncertainty
22,beginner,17,data-structure-questions-answers-binary-search-tree,7,easy,Data Structures,True,beginner,0.9719998649068955,0.9719998649068955,0.02800006774065975,6.735244475387268e-08,True,uncertainty
22,beginner,18,data-structure-questions-answers-heap,2,easy,Data Structures,True,beginner,0.9685612198180201,0.9685612198180201,0.03143870264551286,7.75364671041611e-08,True,uncertainty
22,beginner,19,data-structure-questions-answers-matrix,2,hard,Data Structures,False,beginner,0.9892817746892197,0.9892817746892197,0.010718216244505814,9.066274412188038e-09,True,uncertainty
22,beginner,20,data-structure-questions-answers-dynamic-array,10,easy,Data Structures,True,beginner,0.9812553890068474,0.9812553890068474,0.018744581277790592,2.9715362143293577e-08,True,uncertainty
189,intermediate,1,python-questions-answers-freshers,1,medium,Python,False,intermediate,0.95097613374741,0.04373407613804691,0.95097613374741,0.005289790114543107,True,uncertainty
189,intermediate,2,python-questions-answers-sets-4,1,medium,Python,False,intermediate,0.9651180673406325,0.024127390732069584,0.9651180673406325,0.010754541927297927,True,uncertainty
189,intermediate,3,1000-python-questions-answers,35,hard,Python,False,advanced,0.6969455938584065,2.3027103718537195e-05,0.30303137903787486,0.6969455938584065,False,uncertainty
189,intermediate,4,python-questions-answers-formatting-2,3,hard,Python,False,advanced,0.613718056441422,3.113590862821338e-05,0.3862508076499499,0.613718056441422,False,uncertainty
189,intermediate,5,python-questions-answers-boolean,9,hard,Python,False,intermediate,0.8175886569266562,0.00035143784505510805,0.8175886569266562,0.18205990522828874,True,uncertainty
189,intermediate,6,python-questions-answers-built-in-functions-2,5,hard,Python,False,intermediate,0.9704667946050455,0.003010636842091651,0.9704667946050455,0.026522568552862932,True,uncertainty
189,intermediate,7,python-questions-answers-formatting-2,2,hard,Python,False,intermediate,0.9609099473744591,0.03784253551390785,0.9609099473744591,0.0012475171116330713,True,uncertainty
189,intermediate,8,python-aptitude-test-questions,3,medium,Python,True,intermediate,0.977121264133697,0.014780131719500333,0.977121264133697,0.008098604146802671,True,uncertainty
189,intermediate,9,python-questions-campus-interview,7,medium,Python,False,intermediate,0.9751266475108529,0.019388959203602597,0.9751266475108529,0.005484393285544626,True,uncertainty
189,intermediate,10,python-questions-answers-advanced-formatting,7,medium,Python,False,intermediate,0.9683380846014285,0.02892163972791939,0.9683380846014285,0.002740275670652131,True,uncertainty
189,intermediate,11,python-questions-answers-shallow-copy-deep-copy,3,medium,Python,False,intermediate,0.9818547863198802,0.010141030809042955,0.9818547863198802,0.008004182871076907,True,uncertainty
189,intermediate,12,python-questions-answers-turtle-module-3,1,medium,Python,False,intermediate,0.9840459630757316,0.008815138519541956,0.9840459630757316,0.007138898404726542,True,uncertainty
189,intermediate,13,python-online-test,2,medium,Python,True,intermediate,0.979395068040909,0.006032648939011239,0.979395068040909,0.014572283020079735,True,uncertainty
189,intermediate,14,python-questions-answers-polymorphism,5,hard,Python,False,intermediate,0.9835072914302007,0.008101579529815143,0.9835072914302007,0.008391129039984175,True,uncertainty
189,intermediate,15,python-questions-answers-datetime-module-1,3,hard,Python,False,intermediate,0.9833707753876564,0.011156744056429845,0.9833707753876564,0.005472480555913762,True,uncertainty
189,intermediate,16,python-questions-answers-sys-module,10,medium,Python,False,intermediate,0.984455074060481,0.007689400586274514,0.984455074060481,0.007855525353244503,True,uncertainty
189,intermediate,17,python-questions-answers-polymorphism,1,hard,Python,False,intermediate,0.9845909033650612,0.009878593967665718,0.9845909033650612,0.005530502667273217,True,uncertainty
189,intermediate,18,python-mcqs-core-datatypes,2,medium,Python,False,intermediate,0.9823726374796646,0.014347480710065773,0.9823726374796646,0.003279881810269611,True,uncertainty
189,intermediate,19,python-mcqs-basic-operators,1,easy,Python,True,intermediate,0.8529561377857969,0.14428028533010315,0.8529561377857969,0.0027635768840999953,True,uncertainty
189,intermediate,20,python-technical-interview-questions-answers,10,easy,Python,False,intermediate,0.7605563398768743,0.23893145075684155,0.7605563398768743,0.0005122093662842328,True,uncertainty
286,advanced,1,data-structure-questions-answers-free-list,2,easy,Data Structures,True,advanced,0.9627338929048803,4.613955887182241e-06,0.0372614931392325,0.9627338929048803,True,uncertainty
286,advanced,2,data-structure-questions-answers-reverse-word-stack,3,easy,Data Structures,False,advanced,0.9574862833127954,1.2370233153856468e-05,0.042501346454050716,0.9574862833127954,True,uncertainty
286,advanced,3,data-structure-questions-answers-assembly-line-scheduling,2,hard,Data Structures,True,advanced,0.9935920014208409,3.220262836236823e-07,0.006407676552875355,0.9935920014208409,True,uncertainty
286,advanced,4,data-structure-questions-answers-matrix,2,hard,Data Structures,False,advanced,0.8044475986195203,0.0001347212399102058,0.19541768014056934,0.8044475986195203,True,uncertainty
286,advanced,5,data-structure-questions-answers-uniform-binary-search,2,hard,Data Structures,True,advanced,0.6562512156521658,0.0005172666286658411,0.34323151771916843,0.6562512156521658,True,uncertainty
286,advanced,6,data-structure-questions-answers-generating-partitions,4,hard,Data Structures,False,intermediate,0.540416317148739,0.0012029082802538355,0.540416317148739,0.45838077457100723,False,uncertainty
286,advanced,7,data-structure-questions-answers-pancake-sort,10,hard,Data Structures,False,intermediate,0.7846332512034899,0.0037993573265238784,0.7846332512034899,0.21156739146998613,False,uncertainty
286,advanced,8,data-structure-questions-answers-binary-heap,5,hard,Data Structures,False,intermediate,0.8472578262531424,0.004174728125349256,0.8472578262531424,0.14856744562150836,False,uncertainty
286,advanced,9,data-structure-questions-answers-splay-tree,9,hard,Data Structures,True,intermediate,0.7262980270757547,0.0022471875677348113,0.7262980270757547,0.27145478535651035,False,uncertainty
286,advanced,10,data-structure-questions-answers-edit-distance-problem,8,hard,Data Structures,False,intermediate,0.7738859223287595,0.002821936855133775,0.7738859223287595,0.22329214081610663,False,uncertainty
286,advanced,11,data-structure-questions-answers-binary-search-iterative,7,hard,Data Structures,False,intermediate,0.7615871583004171,0.002347258193677022,0.7615871583004171,0.23606558350590592,False,uncertainty
286,advanced,12,data-structure-questions-answers-binary-tree-properties,10,hard,Data Structures,False,intermediate,0.8631358219005607,0.004242489114522919,0.8631358219005607,0.13262168898491639,False,uncertainty
286,advanced,13,data-structure-questions-answers-circular-linked-lists,4,medium,Data Structures,False,intermediate,0.9338993494630042,0.0019926010764478998,0.9338993494630042,0.06410804946054795,False,uncertainty
286,advanced,14,data-structure-questions-answers-reverse-word-stack,4,medium,Data Structures,True,intermediate,0.7327311392787023,0.0004933425022078498,0.7327311392787023,0.26677551821908996,False,uncertainty
286,advanced,15,data-structure-questions-answers-stack-using-queues,4,easy,Data Structures,True,intermediate,0.5125357846905643,0.0001708506688491334,0.5125357846905643,0.48729336464058665,False,uncertainty
286,advanced,16,data-structure-questions-answers-matrix-chain-multiplication,1,medium,Data Structures,True,advanced,0.585315404153847,9.419245644553821e-05,0.4145904033897075,0.585315404153847,True,uncertainty
286,advanced,17,1000-data-structure-questions-answers,22,easy,Data Structures,True,advanced,0.723075279915767,3.665281363484664e-05,0.2768880672705982,0.723075279915767,True,uncertainty
286,advanced,18,data-structure-questions-answers-counting-boolean-parenthesizations,2,medium,Data Structures,False,advanced,0.6458700335668246,8.46318111272125e-05,0.3540453346220481,0.6458700335668246,True,uncertainty
286,advanced,19,data-structure-assessment-questions-answers,4,easy,Data Structures,True,advanced,0.7539382476144239,3.773162384303205e-05,0.24602402076173302,0.7539382476144239,True,uncertainty
286,advanced,20,data-structure-questions-answers-fibonacci-search,8,medium,Data Structures,True,advanced,0.7776460804559125,2.782679568613581e-05,0.22232609274840118,0.7776460804559125,True,uncertainty
274,advanced,1,data-structure-questions-answers-undirected-graph,4,medium,Data Structures,True,intermediate,0.8711079928152227,0.12883457379918561,0.8711079928152227,5.7433385591694056e-05,False,uncertainty
274,advanced,2,data-structure-multiple-choice-questions-answers,5,hard,Data Structures,True,intermediate,0.988795410672178,0.003984255029359074,0.988795410672178,0.007220334298462831,False,uncertainty
274,advanced,3,data-structure-assessment-questions-answers,4,easy,Data Structures,True,advanced,0.5768981454253251,0.00021599707909320779,0.4228858574955817,0.5768981454253251,True,uncertainty
274,advanced,4,data-structure-questions-answers-pancake-sort,6,hard,Data Structures,False,advanced,0.681250613029704,4.313092872664371e-05,0.3187062560415693,0.681250613029704,True,uncertainty
274,advanced,5,data-structure-questions-answers-power-number-recursion-logn-time,1,hard,Data Structures,False,intermediate,0.784703116524255,0.0005432053151342091,0.784703116524255,0.21475367816061086,False,uncertainty
274,advanced,6,data-structure-questions-answers-binary-search-iterative,7,hard,Data Structures,False,intermediate,0.6004249287177027,0.0002450427938233028,0.6004249287177027,0.39933002848847404,False,uncertainty
274,advanced,7,1000-data-structure-questions-answers,16,hard,Data Structures,False,advanced,0.645550609482751,5.5773121711634657e-05,0.3543936173955374,0.645550609482751,True,uncertainty
274,advanced,8,data-structure-questions-answers-circular-linked-lists,10,hard,Data Structures,True,advanced,0.7596850702406962,3.7973594153223e-05,0.24027695616515055,0.7596850702406962,True,uncertainty
274,advanced,9,data-structure-questions-answers-binary-search-tree,1,hard,Data Structures,True,advanced,0.760256531777889,3.9258705598131426e-05,0.23970420951651275,0.760256531777889,True,uncertainty
274,advanced,10,data-structure-questions-answers-priority-queue,3,hard,Data Structures,False,advanced,0.6665807159329951,7.531332188208236e-05,0.33334397074512284,0.6665807159329951,True,uncertainty
274,advanced,11,data-structure-questions-answers-assembly-line-scheduling,8,hard,Data Structures,False,advanced,0.5152762395591832,0.00016993611466579542,0.4845538243261509,0.5152762395591832,True,uncertainty
274,advanced,12,data-structure-questions-answers-pancake-sort,8,hard,Data Structures,False,intermediate,0.5053434486735088,0.00017223735590850338,0.5053434486735088,0.4944843139705826,False,uncertainty
274,advanced,13,data-structure-questions-answers-matrix,6,easy,Data Structures,True,advanced,0.7005727326806439,5.033643418426613e-05,0.29937693088517175,0.7005727326806439,True,uncertainty
274,advanced,14,data-structure-questions-answers-longest-palindromic-subsequence,1,medium,Data Structures,True,advanced,0.7811324835179084,2.435445855303646e-05,0.2188431620235385,0.7811324835179084,True,uncertainty
274,advanced,15,data-structure-questions-answers-0-1-knapsack-problem,2,medium,Data Structures,True,advanced,0.773571296498769,2.3476841569216285e-05,0.2264052266596618,0.773571296498769,True,uncertainty
274,advanced,16,data-structure-questions-answers-fibonacci-search,6,easy,Data Structures,True,advanced,0.8577084716610757,7.699073410475839e-06,0.14228382926551383,0.8577084716610757,True,uncertainty
274,advanced,17,data-structure-questions-answers-heap,7,medium,Data Structures,True,advanced,0.8450788761999241,8.09300756248106e-06,0.1549130307925134,0.8450788761999241,True,uncertainty
274,advanced,18,data-structure-questions-answers-incidence-matrix-graph-structured-stack,11,easy,Data Structures,True,advanced,0.9087399901927534,2.47102562911127e-06,0.0912575387816175,0.9087399901927534,True,uncertainty
274,advanced,19,data-structure-questions-answers-xor-linked-list,1,medium,Data Structures,True,advanced,0.9090913066332257,2.1877899181655603e-06,0.09090650557685608,0.9090913066332257,True,uncertainty
274,advanced,20,data-structure-questions-answers-breadth-first-search,8,medium,Data Structures,True,advanced,0.9134429161088353,1.7386242888159752e-06,0.08655534526687599,0.9134429161088353,True,uncertainty
97,beginner,1,discrete-mathematics-mcqs-growth-functions,6,hard,Discrete Mathematics,False,beginner,0.9999982477897904,0.9999982477897904,1.7522102096255148e-06,8.00483359484075e-17,True,uncertainty
97,beginner,2,discrete-mathematics-questions-answers-burnside-theorem,2,hard,Discrete Mathematics,False,beginner,0.9998475191685251,0.9998475191685251,0.0001524808297845873,1.690297963873651e-12,True,uncertainty
97,beginner,3,discrete-mathematics-questions-answers-aptitude-test,10,hard,Discrete Mathematics,False,beginner,0.9998987496565955,0.9998987496565955,0.00010125034277159513,6.330732663281492e-13,True,uncertainty
97,beginner,4,discrete-mathematics-questions-answers-circular-permutations,4,medium,Discrete Mathematics,True,beginner,0.9482585573074765,0.9482585573074765,0.05174139376443192,4.892809163000578e-08,True,uncertainty
97,beginner,5,discrete-mathematics-questions-answers-pigeonhole-principle,2,medium,Discrete Mathematics,False,beginner,0.9405412121671181,0.9405412121671181,0.05945871712640368,7.070647807528905e-08,True,uncertainty
97,beginner,6,discrete-mathematics-questions-answers-recurrence-relation,9,medium,Discrete Mathematics,False,beginner,0.9502906619946151,0.9502906619946151,0.04970929650424466,4.1501140292555446e-08,True,uncertainty
97,beginner,7,discrete-mathematics-questions-answers-recurrence-relation,1,medium,Discrete Mathematics,False,beginner,0.9637934455346757,0.9637934455346757,0.03620653297180363,2.1493520798976642e-08,True,uncertainty
97,beginner,8,discrete-mathematics-questions-answers-inference,3,medium,Discrete Mathematics,True,beginner,0.9237721452796048,0.9237721452796048,0.07622773498156404,1.1973883104191938e-07,True,uncertainty
97,beginner,9,discrete-mathematics-questions-answers-ciphers,6,medium,Discrete Mathematics,False,beginner,0.935162297939347,0.935162297939347,0.06483760479202325,9.726862970100633e-08,True,uncertainty
97,beginner,10,discrete-mathematics-puzzles,6,medium,Discrete Mathematics,False,beginner,0.9058026800624532,0.9058026800624532,0.09419706780985612,2.5212769067109754e-07,True,uncertainty
97,beginner,11,discrete-mathematics-questions-answers-aptitude-test,4,medium,Discrete Mathematics,True,beginner,0.9567584195226528,0.9567584195226528,0.043241546674276654,3.3803070559130754e-08,True,uncertainty
97,beginner,12,discrete-mathematics-basic-questions-answers,7,medium,Discrete Mathematics,True,beginner,0.9366455817286237,0.9366455817286237,0.0633543607450612,5.752631510575426e-08,True,uncertainty
97,beginner,13,discrete-mathematics-questions-answers-multiplication-theorem-probability,2,medium,Discrete Mathematics,True,beginner,0.9460816740137544,0.9460816740137544,0.05391829626969793,2.9716547502364715e-08,True,uncertainty
97,beginner,14,discrete-mathematics-written-test-questions-answers,4,easy,Discrete Mathematics,True,beginner,0.9936854215071229,0.9936854215071229,0.006314576109183958,2.3836932979945423e-09,True,uncertainty
97,beginner,15,discrete-mathematics-questions-answers-experienced,9,easy,Discrete Mathematics,False,beginner,0.997328096364401,0.997328096364401,0.0026719033759387157,2.5966033260724567e-10,True,uncertainty
97,beginner,16,discrete-mathematics-puzzles,2,easy,Discrete Mathematics,True,beginner,0.9890313781172261,0.9890313781172261,0.010968616070556889,5.8122169611051775e-09,True,uncertainty
97,beginner,17,discrete-mathematics-questions-answers-test,6,hard,Discrete Mathematics,False,beginner,0.9976976753820721,0.9976976753820721,0.002302324383540832,2.343871603431584e-10,True,uncertainty
97,beginner,18,discrete-mathematics-questions-answers-terms-binomial-expansion,9,easy,Discrete Mathematics,False,beginner,0.9965877689175977,0.9965877689175977,0.003412230651190073,4.312123267142781e-10,True,uncertainty
97,beginner,19,discrete-mathematics-questions-answers-logic-circuits,7,easy,Discrete Mathematics,False,beginner,0.9922822984770148,0.9922822984770148,0.0077176994110379395,2.111947376280406e-09,True,uncertainty
97,beginner,20,discrete-mathematics-questions-answers-boolean-algebra,10,easy,Discrete Mathematics,False,beginner,0.9875521747353566,0.9875521747353566,0.012447819642232662,5.622410700354783e-09,True,uncertainty
169,intermediate,1,disjoint-set-data-structure-multiple-choice-questions-answers-mcqs,7,easy,Data Structures,False,advanced,0.8266372616448024,0.00035091137222424484,0.17301182698297324,0.8266372616448024,False,uncertainty
169,intermediate,2,data-structure-questions-answers-assembly-line-scheduling,2,hard,Data Structures,False,beginner,0.556865190116188,0.556865190116188,0.443025951765604,0.0001088581182081011,False,uncertainty
169,intermediate,3,data-structure-questions-answers-undirected-graph,4,medium,Data Structures,False,intermediate,0.9511316633392544,0.04670599421396189,0.9511316633392544,0.002162342446783824,True,uncertainty
169,intermediate,4,data-structure-questions-answers-binary-trees-array,10,medium,Data Structures,False,intermediate,0.9771915453776766,0.018259196681754204,0.9771915453776766,0.004549257940569169,True,uncertainty
169,intermediate,5,data-structure-questions-answers-matrix-chain-multiplication,1,medium,Data Structures,True,intermediate,0.9750209044682783,0.019979945092665506,0.9750209044682783,0.00499915043905624,True,uncertainty
169,intermediate,6,data-structure-questions-answers-skip-list,8,medium,Data Structures,False,intermediate,0.9605559453264387,0.0361722314356135,0.9605559453264387,0.0032718232379477896,True,uncertainty
169,intermediate,7,data-structure-questions-answers-longest-palindromic-subsequence,1,medium,Data Structures,False,intermediate,0.9563355580858076,0.041031726964185555,0.9563355580858076,0.0026327149500068262,True,uncertainty
169,intermediate,8,data-structure-questions-answers-sparse-array,1,medium,Data Structures,True,intermediate,0.9028969623838787,0.09614228002355965,0.9028969623838787,0.0009607575925615743,True,uncertainty
169,intermediate,9,data-structure-questions-answers-matrix,8,medium,Data Structures,True,intermediate,0.9595173153448698,0.03772717114891352,0.9595173153448698,0.0027555135062165745,True,uncertainty
169,intermediate,10,data-structure-questions-answers-graph,13,medium,Data Structures,True,intermediate,0.9361017768675947,0.06263454247330888,0.9361017768675947,0.0012636806590964496,True,uncertainty
169,intermediate,11,data-structure-questions-answers-preorder-traversal,7,medium,Data Structures,False,intermediate,0.8328965120367678,0.16669571747501397,0.8328965120367678,0.0004077704882182351,True,uncertainty
169,intermediate,12,java-questions-answers-data-structures-list,6,medium,Data Structures,False,intermediate,0.9309966154051568,0.06772663244558329,0.9309966154051568,0.0012767521492599502,True,uncertainty
169,intermediate,13,1000-data-structure-questions-answers,16,hard,Data Structures,False,intermediate,0.9327620092859663,0.06600417840322088,0.9327620092859663,0.001233812310812815,True,uncertainty
169,intermediate,14,data-structure-interview-questions-answers-freshers,8,hard,Data Structures,False,intermediate,0.9089086554214566,0.09030912935332751,0.9089086554214566,0.0007822152252159735,True,uncertainty
169,intermediate,15,data-structure-questions-answers-queue-linked-list,10,hard,Data Structures,True,intermediate,0.837973740612981,0.1613589929698883,0.837973740612981,0.0006672664171307886,True,uncertainty
169,intermediate,16,data-structure-questions-answers-matrix,2,hard,Data Structures,True,intermediate,0.8338654672431216,0.16542998203598058,0.8338654672431216,0.0007045507208977718,True,uncertainty
169,intermediate,17,data-structure-questions-answers-graph-coloring-edge-coloring,3,easy,Data Structures,False,intermediate,0.8886734498653053,0.10977370087414491,0.8886734498653053,0.001552849260549909,True,uncertainty
169,intermediate,18,data-structure-questions-answers-graph,5,easy,Data Structures,False,intermediate,0.937338538636959,0.05897825825522989,0.937338538636959,0.0036832031078111137,True,uncertainty
169,intermediate,19,data-structure-questions-answers-stack-array,8,hard,Data Structures,False,intermediate,0.9242463821437827,0.07354239523924172,0.9242463821437827,0.0022112226169754582,True,uncertainty
169,intermediate,20,data-structure-questions-answers-dynamic-array,10,easy,Data Structures,False,intermediate,0.9401022489034645,0.05711676053536232,0.9401022489034645,0.0027809905611731345,True,uncertainty
36,beginner,1,java-mcqs-collection-algorithms,3,easy,Java,True,advanced,0.6630741194032935,9.946579094454114e-06,0.3369159340176121,0.6630741194032935,False,uncertainty
36,beginner,2,java-questions-answers-entrance-exams,1,medium,Java,False,beginner,0.8754366953658571,0.8754366953658571,0.12456214368280301,1.160951339913385e-06,True,uncertainty
36,beginner,3,javascript-mcqs-node-operations-I,10,medium,Java,True,beginner,0.8301223023551687,0.8301223023551687,0.16987710594889693,5.916959343888385e-07,True,uncertainty
36,beginner,4,javascript-questions-answers-experienced,6,medium,Java,True,beginner,0.82798954586661,0.82798954586661,0.17201012683917757,3.272942124378259e-07,True,uncertainty
36,beginner,5,java-mcqs-componentevent-containerevent-focusevent-class,4,medium,Java,False,beginner,0.9120340699136231,0.9120340699136231,0.08796570168331165,2.28403065212262e-07,True,uncertainty
36,beginner,6,java-questions-answers-heap-garbage-collection,6,medium,Java,True,beginner,0.9299535781717382,0.9299535781717382,0.0700463386371321,8.319112994165972e-08,True,uncertainty
36,beginner,7,java-mcqs-integer-floating-data-types,2,medium,Java,False,beginner,0.9493277484168778,0.9493277484168778,0.05067217279688315,7.878623901514203e-08,True,uncertainty
36,beginner,8,java-mcqs-reading-console-input,3,medium,Java,False,beginner,0.9613974947901004,0.9613974947901004,0.03860243801903585,6.719086362714695e-08,True,uncertainty
36,beginner,9,java-mcqs-seraching-modifying-string,2,medium,Java,True,beginner,0.9586932962545586,0.9586932962545586,0.04130665030250025,5.344294115005633e-08,True,uncertainty
36,beginner,10,java-mcqs-http-response-urlconnection-class,5,medium,Java,False,beginner,0.9447919731392311,0.9447919731392311,0.05520787738568503,1.494750839657285e-07,True,uncertainty
36,beginner,11,javascript-questions-answers-freshers,1,medium,Java,False,beginner,0.9694023313488125,0.9694023313488125,0.030597616410675925,5.224051147141924e-08,True,uncertainty
36,beginner,12,java-mcqs-event-handling-basics,5,hard,Java,False,beginner,0.8760815083234909,0.8760815083234909,0.12391816745381677,3.2422269238425946e-07,True,uncertainty
36,beginner,13,advanced-java-questions-answers-debugging-eclipse,2,hard,Java,False,beginner,0.8945188149229265,0.8945188149229265,0.10548092387836062,2.611987130171082e-07,True,uncertainty
36,beginner,14,javascript-mcqs-pattern-matching-regular-expressions,15,hard,Java,False,beginner,0.9387403880389716,0.9387403880389716,0.06125952378901121,8.817201714297633e-08,True,uncertainty
36,beginner,15,javascript-mcqs-types-values-variables,10,hard,Java,False,beginner,0.9602194864172869,0.9602194864172869,0.039780476363921145,3.721879211285805e-08,True,uncertainty
36,beginner,16,java-mcqs-networking-basics,5,easy,Java,True,beginner,0.9056620052634364,0.9056620052634364,0.09433774245320392,2.5228335960657225e-07,True,uncertainty
36,beginner,17,javascript-mcqs-scripted-media,13,hard,Java,False,beginner,0.9638678603615067,0.9638678603615067,0.03613210319720654,3.644128665187625e-08,True,uncertainty
36,beginner,18,javascript-mcqs-blobs,8,hard,Java,False,beginner,0.9867895301446546,0.9867895301446546,0.013210465325097192,4.530248145851912e-09,True,uncertainty
36,beginner,19,java-mcqs-recursion,6,hard,Java,False,beginner,0.9935316481401993,0.9935316481401993,0.006468350879073478,9.807271404005217e-10,True,uncertainty
36,beginner,20,javascript-mcqs-error-handling-i,3,hard,Java,True,beginner,0.9905181094246456,0.9905181094246456,0.009481887799664423,2.77568986921916e-09,True,uncertainty
195,intermediate,1,data-structure-questions-answers-reverse-word-stack,4,medium,Data Structures,False,intermediate,0.9425274894136985,0.006328403986521351,0.9425274894136985,0.05114410659978009,True,uncertainty
195,intermediate,2,data-structure-questions-answers-longest-palindromic-subsequence,4,easy,Data Structures,False,intermediate,0.9450584812058771,0.03487243398713561,0.9450584812058771,0.020069084806987287,True,uncertainty
195,intermediate,3,data-structure-questions-answers-pancake-sort,10,hard,Data Structures,True,intermediate,0.6502930282788333,0.3494707891160845,0.6502930282788333,0.00023618260508227038,True,uncertainty
195,intermediate,4,java-questions-answers-data-structures-list,9,medium,Data Structures,False,intermediate,0.786196506091245,0.2123838341323774,0.786196506091245,0.0014196597763775482,True,uncertainty
195,intermediate,5,data-structure-questions-answers-0-1-knapsack-problem,2,medium,Data Structures,True,intermediate,0.9291157732367312,0.06350702776678205,0.9291157732367312,0.007377198996486717,True,uncertainty
195,intermediate,6,data-structure-questions-answers-counting-boolean-parenthesizations,2,medium,Data Structures,True,intermediate,0.9498857168369924,0.044470593242151704,0.9498857168369924,0.005643689920855971,True,uncertainty
195,intermediate,7,data-structure-questions-answers-propositional-directed-acyclic-word-graph,5,medium,Data Structures,False,intermediate,0.937505361806374,0.05740213311771278,0.937505361806374,0.005092505075913255,True,uncertainty
195,intermediate,8,data-structure-questions-answers-preorder-traversal,1,medium,Data Structures,False,intermediate,0.8676643011648291,0.13074688878140076,0.8676643011648291,0.0015888100537701886,True,uncertainty
195,intermediate,9,data-structure-questions-answers-binary-search-iterative,9,medium,Data Structures,False,intermediate,0.8922079223521889,0.10577633331991067,0.8922079223521889,0.0020157443279004593,True,uncertainty
195,intermediate,10,data-structure-questions-answers-edit-distance-problem,3,medium,Data Structures,True,intermediate,0.6659444397677521,0.3336959665136804,0.6659444397677521,0.00035959371856761547,True,uncertainty
195,intermediate,11,data-structure-assessment-questions-answers,3,medium,Data Structures,False,intermediate,0.6443508492526347,0.3553215052488164,0.6443508492526347,0.0003276454985487703,True,uncertainty
195,intermediate,12,data-structure-questions-answers-longest-increasing-subsequence,2,medium,Data Structures,True,intermediate,0.6656078598889852,0.33400334261844417,0.6656078598889852,0.00038879749257066413,True,uncertainty
195,intermediate,13,data-structure-questions-answers-generating-partitions,4,hard,Data Structures,False,beginner,0.6430060174887754,0.6430060174887754,0.35697769848289657,1.6284028328185574e-05,False,uncertainty
195,intermediate,14,data-structure-questions-answers-reverse-word-stack,5,easy,Data Structures,True,intermediate,0.7930448788088791,0.20621048161659597,0.7930448788088791,0.0007446395745248832,True,uncertainty
195,intermediate,15,data-structure-questions-answers-pancake-sort,6,hard,Data Structures,False,intermediate,0.6903301404345924,0.3094219814325097,0.6903301404345924,0.0002478781328978046,True,uncertainty
195,intermediate,16,1000-data-structure-questions-answers,23,hard,Data Structures,False,intermediate,0.5771679393909218,0.42274538095624287,0.5771679393909218,8.667965283530021e-05,True,uncertainty
195,intermediate,17,data-structure-questions-answers-stack-operations,4,easy,Data Structures,False,intermediate,0.7210595131722122,0.27878480589251803,0.7210595131722122,0.0001556809352698128,True,uncertainty
195,intermediate,18,data-structure-questions-answers-stack-using-queues,4,easy,Data Structures,True,intermediate,0.8936987904416062,0.1051992767816238,0.8936987904416062,0.0011019327767700469,True,uncertainty
195,intermediate,19,data-structure-questions-answers-rod-cutting,9,easy,Data Structures,False,intermediate,0.8906800300064026,0.10836642790130793,0.8906800300064026,0.0009535420922895483,True,uncertainty
195,intermediate,20,data-structure-questions-answers-balanced-partition,10,easy,Data Structures,False,intermediate,0.9177792384263099,0.08120816347409383,0.9177792384263099,0.0010125980995962299,True,uncertainty
6,beginner,1,data-structure-questions-answers-binomial-fibonacci-heap,4,hard,Data Structures,False,beginner,0.9999977423902051,0.9999977423902051,2.2576097949489614e-06,2.1479692146811833e-17,True,uncertainty
6,beginner,2,data-structure-questions-answers-breadth-first-search,8,medium,Data Structures,True,beginner,0.9988966812922339,0.9988966812922339,0.0011033187065819265,1.1842030374841318e-12,True,uncertainty
6,beginner,3,data-structure-questions-answers-stack-using-queues,1,easy,Data Structures,False,beginner,0.9969240072293603,0.9969240072293603,0.0030759926951838272,7.54560330823167e-11,True,uncertainty
6,beginner,4,data-structure-questions-answers-longest-palindromic-subsequence,1,medium,Data Structures,True,beginner,0.9991108088045795,0.9991108088045795,0.0008891911931028002,2.3177028338767665e-12,True,uncertainty
6,beginner,5,data-structure-questions-answers-parallel-array,2,medium,Data Structures,False,beginner,0.9988610208241778,0.9988610208241778,0.001138979171751012,4.071262028235126e-12,True,uncertainty
6,beginner,6,data-structure-questions-answers-binary-search-iterative,4,medium,Data Structures,True,beginner,0.9965405095318315,0.9965405095318315,0.0034594904028475235,6.532098387033214e-11,True,uncertainty
6,beginner,7,data-structure-questions-answers-direct-addressing-tables,2,medium,Data Structures,False,beginner,0.998540404913385,0.998540404913385,0.0014595950761598627,1.0455318343676872e-11,True,uncertainty
6,beginner,8,data-structure-questions-answers-avl-tree,5,medium,Data Structures,False,beginner,0.996648198672749,0.996648198672749,0.003351801272519435,5.4731511756192717e-11,True,uncertainty
6,beginner,9,data-structure-questions-answers-sparse-array,1,medium,Data Structures,False,beginner,0.9986785586433277,0.9986785586433277,0.0013214413497962569,6.875983632176298e-12,True,uncertainty
6,beginner,10,data-structure-questions-answers-heap,7,medium,Data Structures,False,beginner,0.9971403920843956,0.9971403920843956,0.002859607879871851,3.5732349315751e-11,True,uncertainty
6,beginner,11,data-structure-questions-answers-propositional-directed-acyclic-word-graph,5,medium,Data Structures,True,beginner,0.9988408669097426,0.9988408669097426,0.0011591330842713335,5.9860266153731934e-12,True,uncertainty
6,beginner,12,data-structure-questions-answers-binary-search-iterative,9,medium,Data Structures,True,beginner,0.9984856998334747,0.9984856998334747,0.0015143001560312616,1.0494196295514674e-11,True,uncertainty
6,beginner,13,data-structure-questions-answers-non-recursive-depth-first-search,4,hard,Data Structures,False,beginner,0.999430346972501,0.999430346972501,0.0005696530259394414,1.5596079852641658e-12,True,uncertainty
6,beginner,14,data-structure-questions-answers-generating-partitions,7,easy,Data Structures,False,beginner,0.9986644570687083,0.9986644570687083,0.001335542922801995,8.489800413264679e-12,True,uncertainty
6,beginner,15,data-structure-questions-answers-propositional-directed-acyclic-word-graph,2,easy,Data Structures,True,beginner,0.9939132499842322,0.9939132499842322,0.006086749635850259,3.7991769471214615e-10,True,uncertainty
6,beginner,16,data-structure-interview-questions-answers-freshers,3,easy,Data Structures,True,beginner,0.9814259085284601,0.9814259085284601,0.018574086074729046,5.396810916791455e-09,True,uncertainty
6,beginner,17,1000-data-structure-questions-answers,22,easy,Data Structures,True,beginner,0.9703123139994868,0.9703123139994868,0.02968767026754967,1.5732963410315535e-08,True,uncertainty
6,beginner,18,data-structure-questions-answers-edit-distance-problem,8,hard,Data Structures,False,beginner,0.9905661643087303,0.9905661643087303,0.009433834139735116,1.5515346381181446e-09,True,uncertainty
6,beginner,19,data-structure-questions-answers-coin-change-problem,2,hard,Data Structures,False,beginner,0.9941743122224035,0.9941743122224035,0.005825687261037605,5.165589117156138e-10,True,uncertainty
6,beginner,20,data-structure-questions-answers-recursion,4,easy,Data Structures,False,beginner,0.9870118248754058,0.9870118248754058,0.01298817265898244,2.4656117156651856e-09,True,uncertainty
7,beginner,1,automata-theory-questions-answers-test,11,easy,Automata Theory,True,beginner,0.7056906226983715,0.7056906226983715,0.2939885019450185,0.0003208753566100366,True,uncertainty
7,beginner,2,automata-theory-questions-answers-lexical-analysis,4,medium,Automata Theory,False,beginner,0.9965653653272247,0.9965653653272247,0.0034346342792400523,3.935350583476611e-10,True,uncertainty
7,beginner,3,automata-theory-questions-answers-cfl-substitution-theorem,2,easy,Automata Theory,True,beginner,0.9861962634367533,0.9861962634367533,0.013803722483551724,1.4079694964074927e-08,True,uncertainty
7,beginner,4,automata-theory-questions-answers-deterministic-pda,5,medium,Automata Theory,False,beginner,0.9691309478097001,0.9691309478097001,0.030869022153975724,3.0036324230984074e-08,True,uncertainty
7,beginner,5,automata-theory-questions-answers-sentential-forms,1,medium,Automata Theory,True,beginner,0.997463335921321,0.997463335921321,0.002536663812191278,2.664876281127917e-10,True,uncertainty
7,beginner,6,automata-theory-questions-answers-the-language-nfa,3,medium,Automata Theory,False,beginner,0.9662015543812216,0.9662015543812216,0.033798392176382926,5.34423955484667e-08,True,uncertainty
7,beginner,7,automata-theory-questions-answers-dfa-regular-expressions,10,medium,Automata Theory,False,beginner,0.9249435526701191,0.9249435526701191,0.07505624598537028,2.0134451072740943e-07,True,uncertainty
7,beginner,8,automata-theory-questions-answers-reversal-homomorphism-inverse-homomorphism,7,medium,Automata Theory,False,beginner,0.8859684719303859,0.8859684719303859,0.11403116952059045,3.5854902356513863e-07,True,uncertainty
7,beginner,9,automata-theory-questions-answers-operators-regular-expression,2,medium,Automata Theory,False,beginner,0.924221841901181,0.924221841901181,0.07577805049807133,1.0760074778510889e-07,True,uncertainty
7,beginner,10,automata-theory-questions-answers-cfl-closure-properties,5,medium,Automata Theory,False,beginner,0.9693070069668083,0.9693070069668083,0.030692984206955355,8.826236359260366e-09,True,uncertainty
7,beginner,11,automata-theory-questions-answers-regular-expression-unix,1,medium,Automata Theory,False,beginner,0.9726855355468514,0.9726855355468514,0.02731445881107994,5.642068568663025e-09,True,uncertainty
7,beginner,12,automata-theory-questions-answers-freshers,4,medium,Automata Theory,True,beginner,0.9641820826550285,0.9641820826550285,0.03581789253694932,2.480802211447729e-08,True,uncertainty
7,beginner,13,automata-theory-questions-answers-dfa-processing-strings,3,hard,Automata Theory,False,beginner,0.6138809648347556,0.6138809648347556,0.3861175826255525,1.4525396917873982e-06,True,uncertainty
7,beginner,14,automata-theory-mcqs-finite-automata,3,easy,Automata Theory,True,intermediate,0.5892627983384542,0.41072961041912165,0.5892627983384542,7.591242424227198e-06,False,uncertainty
7,beginner,15,automata-theory-questions-answers-freshers,5,easy,Automata Theory,False,intermediate,0.5361750762594747,0.4638217718606457,0.5361750762594747,3.1518798796893093e-06,False,uncertainty
7,beginner,16,automata-theory-questions-answers-campus-interviews,4,hard,Automata Theory,False,beginner,0.5504497108584299,0.5504497108584299,0.44954874358418234,1.5455573877816426e-06,True,uncertainty
7,beginner,17,automata-theory-questions-answers-regular-languages-dpda,6,hard,Automata Theory,False,beginner,0.6701308099359042,0.6701308099359042,0.3298686676774054,5.223866903450828e-07,True,uncertainty
7,beginner,18,automata-theory-questions-answers-the-language-dfa,8,easy,Automata Theory,False,beginner,0.5897152063344165,0.5897152063344165,0.4102841829088662,6.107567172147156e-07,True,uncertainty
7,beginner,19,automata-theory-questions-answers-multistack-machines-counter-machines,8,hard,Automata Theory,False,beginner,0.7308077385810687,0.7308077385810687,0.2691920936708653,1.6774806577338552e-07,True,uncertainty
7,beginner,20,automata-theory-questions-answers-operators-regular-expression,4,hard,Automata Theory,True,beginner,0.8222631126228782,0.8222631126228782,0.17773675496764188,1.3240947994875443e-07,True,uncertainty
100,intermediate,1,python-questions-answers-datetime-module-2,2,hard,Python,True,beginner,0.8177422016725548,0.8177422016725548,0.18225009551025875,7.702817186345768e-06,False,uncertainty
100,intermediate,2,python-questions-answers-function-4,5,hard,Python,False,intermediate,0.8916881665029143,0.10603234558570267,0.8916881665029143,0.0022794879113831007,True,uncertainty
100,intermediate,3,python-questions-answers-modules,13,hard,Python,True,intermediate,0.838454848227227,0.16023700735890356,0.838454848227227,0.0013081444138693936,True,uncertainty
100,intermediate,4,python-questions-answers-list-comprehension-2,3,medium,Python,False,intermediate,0.9649376950559017,0.03329131406063188,0.9649376950559017,0.001770990883466564,True,uncertainty
100,intermediate,5,python-programming-interview-questions-answers,5,medium,Python,True,intermediate,0.9787665135839418,0.008514213093974822,0.9787665135839418,0.01271927332208328,True,uncertainty
100,intermediate,6,python-questions-answers-matrix-list-comprehension,7,hard,Python,True,intermediate,0.9408323551045308,0.05774741093469948,0.9408323551045308,0.0014202339607697683,True,uncertainty
100,intermediate,7,python-questions-answers-built-in-functions-2,8,medium,Python,False,intermediate,0.9520178678030634,0.046091777164238554,0.9520178678030634,0.001890355032698036,True,uncertainty
100,intermediate,8,python-quiz,4,medium,Python,True,intermediate,0.9724604202563741,0.022117282582118803,0.9724604202563741,0.005422297161506993,True,uncertainty
100,intermediate,9,python-questions-answers-turtle-module-2,7,medium,Python,False,intermediate,0.9775990473111432,0.013618338662118857,0.9775990473111432,0.008782614026737889,True,uncertainty
100,intermediate,10,python-questions-answers-bitwise-2,7,medium,Python,False,intermediate,0.9711404482638062,0.005487868977798324,0.9711404482638062,0.023371682758395535,True,uncertainty
100,intermediate,11,python-questions-answers-inheritance-1,4,hard,Python,True,intermediate,0.9726309609307853,0.021684135536179875,0.9726309609307853,0.005684903533034868,True,uncertainty
100,intermediate,12,python-mcqs-core-datatypes,3,medium,Python,False,intermediate,0.9682498012957793,0.028342119304914096,0.9682498012957793,0.003408079399306622,True,uncertainty
100,intermediate,13,python-aptitude-test-questions,3,medium,Python,False,intermediate,0.9780345993599102,0.015891306271234945,0.9780345993599102,0.006074094368854898,True,uncertainty
100,intermediate,14,1000-python-questions-answers,29,medium,Python,False,intermediate,0.9802892499332193,0.012384826309644416,0.9802892499332193,0.007325923757136302,True,uncertainty
100,intermediate,15,python-questions-answers-sys-module,6,medium,Python,False,intermediate,0.980323343721117,0.013756472951241728,0.980323343721117,0.005920183327641295,True,uncertainty
100,intermediate,16,python-questions-answers-built-in-functions-2,6,easy,Python,False,intermediate,0.6638791819218274,0.3359840316983449,0.6638791819218274,0.0001367863798276262,True,uncertainty
100,intermediate,17,python-questions-answers-recursion,2,easy,Python,True,intermediate,0.8730890657696571,0.12449308747752834,0.8730890657696571,0.0024178467528145576,True,uncertainty
100,intermediate,18,python-questions-answers-precedence-associativity-1,10,easy,Python,True,intermediate,0.9257000315911819,0.06710911534528834,0.9257000315911819,0.007190853063529698,True,uncertainty
100,intermediate,19,1000-python-questions-answers,23,easy,Python,True,intermediate,0.9479381281203461,0.034222468472950865,0.9479381281203461,0.01783940340670298,True,uncertainty
100,intermediate,20,1000-python-questions-answers,32,easy,Python,True,intermediate,0.9478214188263705,0.024509117438307394,0.9478214188263705,0.02766946373532213,True,uncertainty
214,advanced,1,data-structure-questions-answers-circular-linked-lists,4,medium,Data Structures,True,advanced,0.9845363611461746,3.526355734515861e-08,0.015463603590268127,0.9845363611461746,True,uncertainty
214,advanced,2,data-structure-questions-answers-binomial-fibonacci-heap,8,easy,Data Structures,False,advanced,0.7132609974065112,9.430695328233529e-05,0.2866446956402066,0.7132609974065112,True,uncertainty
214,advanced,3,data-structure-assessment-questions-answers,4,easy,Data Structures,True,advanced,0.6603164789398481,0.00015538618846383282,0.339528134871688,0.6603164789398481,True,uncertainty
214,advanced,4,data-structure-questions-answers-freshers,5,hard,Data Structures,False,advanced,0.9610608647058222,7.29347074754634e-07,0.038938405947102954,0.9610608647058222,True,uncertainty
214,advanced,5,data-structure-questions-answers-pancake-sort,8,hard,Data Structures,False,advanced,0.6119001464839972,8.016786040225292e-05,0.38801968565560063,0.6119001464839972,True,uncertainty
214,advanced,6,data-structure-questions-answers-fibonacci-recursion,12,hard,Data Structures,False,advanced,0.7278608743190842,3.433103510390125e-05,0.27210479464581194,0.7278608743190842,True,uncertainty
214,advanced,7,data-structure-questions-answers-weight-balanced-tree,7,hard,Data Structures,False,advanced,0.7367225395844821,3.062873227615947e-05,0.26324683168324164,0.7367225395844821,True,uncertainty
214,advanced,8,data-structure-questions-answers-free-list,7,hard,Data Structures,True,advanced,0.7491268514120945,4.173435468778538e-05,0.2508314142332178,0.7491268514120945,True,uncertainty
214,advanced,9,data-structure-questions-answers-priority-queue,3,hard,Data Structures,True,advanced,0.5936397004903656,0.00013663628137912872,0.4062236632282553,0.5936397004903656,True,uncertainty
214,advanced,10,data-structure-questions-answers-dynamic-array,12,hard,Data Structures,False,advanced,0.5062756887785043,0.00020068181252840523,0.4935236294089674,0.5062756887785043,True,uncertainty
214,advanced,11,1000-data-structure-questions-answers,16,hard,Data Structures,False,intermediate,0.6623914767214398,0.00043991210928074687,0.6623914767214398,0.3371686111692795,False,uncertainty
214,advanced,12,data-structure-questions-answers-edit-distance-problem,8,hard,Data Structures,False,advanced,0.6094398594152503,9.050465526416254e-05,0.3904696359294855,0.6094398594152503,True,uncertainty
214,advanced,13,data-structure-questions-answers-coin-change-problem,2,hard,Data Structures,False,advanced,0.5025489604253475,0.00015583857881336708,0.4972952009958392,0.5025489604253475,True,uncertainty
214,advanced,14,data-structure-questions-answers-reverse-word-stack,5,easy,Data Structures,False,intermediate,0.5162317909654746,0.00013058747914809394,0.5162317909654746,0.48363762155537743,False,uncertainty
214,advanced,15,data-structure-questions-answers-undirected-graph,4,medium,Data Structures,True,advanced,0.6430349691115242,6.0254327020680056e-05,0.35690477656145514,0.6430349691115242,True,uncertainty
214,advanced,16,data-structure-questions-answers-reverse-word-stack,6,medium,Data Structures,True,advanced,0.6278387547823349,5.6556503764021734e-05,0.3721046887139011,0.6278387547823349,True,uncertainty
214,advanced,17,data-structure-questions-answers-heap,6,medium,Data Structures,True,advanced,0.5790207393091696,6.83875721341125e-05,0.4209108731186962,0.5790207393091696,True,uncertainty
214,advanced,18,1000-data-structure-questions-answers,21,medium,Data Structures,True,advanced,0.5777084470086978,5.648010050428057e-05,0.42223507289079787,0.5777084470086978,True,uncertainty
214,advanced,19,data-structure-questions-answers-weak-heap,7,easy,Data Structures,True,advanced,0.7436392029712642,2.0159769346037687e-05,0.25634063725938977,0.7436392029712642,True,uncertainty
214,advanced,20,data-structure-interview-questions-answers-freshers,3,easy,Data Structures,True,advanced,0.8646592341842174,5.473630319009766e-06,0.13533529218546367,0.8646592341842174,True,uncertainty
32,beginner,1,data-structure-questions-answers-power-number-recursion-logn-time,1,hard,Data Structures,True,beginner,0.9999359421930375,0.9999359421930375,6.405780695034838e-05,1.2196657422416915e-14,True,uncertainty
32,beginner,2,data-structure-questions-answers-graph,4,easy,Data Structures,True,beginner,0.5873771827337076,0.5873771827337076,0.41250383579683886,0.0001189814694534869,True,uncertainty
32,beginner,3,data-structure-questions-answers-reverse-word-stack,6,medium,Data Structures,True,beginner,0.9446927192902378,0.9446927192902378,0.0553071026344168,1.780753453864262e-07,True,uncertainty
32,beginner,4,data-structure-questions-answers-binary-trees-array,10,medium,Data Structures,False,beginner,0.9569858713462331,0.9569858713462331,0.04301391798183788,2.1067192896830755e-07,True,uncertainty
32,beginner,5,data-structure-questions-answers-kadanes-algorithm,1,medium,Data Structures,True,beginner,0.8610800671375215,0.8610800671375215,0.13891719684869325,2.7360137851315146e-06,True,uncertainty
32,beginner,6,data-structure-questions-answers-binary-search-iterative,4,medium,Data Structures,False,beginner,0.7331263556574408,0.7331263556574408,0.2668639780895532,9.666253005992945e-06,True,uncertainty
32,beginner,7,java-questions-answers-data-structures-list,9,medium,Data Structures,False,beginner,0.9012430221673815,0.9012430221673815,0.09875606308986011,9.147427584303426e-07,True,uncertainty
32,beginner,8,java-questions-answers-data-structures-set,9,medium,Data Structures,False,beginner,0.9886080181795156,0.9886080181795156,0.011391974178174601,7.642309779568484e-09,True,uncertainty
32,beginner,9,data-structure-questions-answers-incidence-matrix-graph-structured-stack,5,medium,Data Structures,False,beginner,0.9939862689857322,0.9939862689857322,0.006013729172376988,1.8418907339331413e-09,True,uncertainty
32,beginner,10,data-structure-questions-answers-preorder-traversal,1,medium,Data Structures,True,beginner,0.9789694077009674,0.9789694077009674,0.0210305551749044,3.71241281259498e-08,True,uncertainty
32,beginner,11,data-structure-questions-answers-longest-increasing-subsequence,2,medium,Data Structures,False,beginner,0.9801872908687659,0.9801872908687659,0.019812674562920962,3.456831299142279e-08,True,uncertainty
32,beginner,12,data-structure-questions-answers-hash-tables,8,medium,Data Structures,False,beginner,0.9730493008253389,0.9730493008253389,0.026950625759547295,7.341511379942477e-08,True,uncertainty
32,beginner,13,data-structure-questions-answers-graph-coloring-edge-coloring,3,easy,Data Structures,True,beginner,0.9302352202947843,0.9302352202947843,0.06976421847480527,5.612304103190488e-07,True,uncertainty
32,beginner,14,data-structure-questions-answers-reverse-word-stack,3,easy,Data Structures,True,beginner,0.8775751392742279,0.8775751392742279,0.12242331258465876,1.5481411133888917e-06,True,uncertainty
32,beginner,15,data-structure-questions-answers-assembly-line-scheduling,2,hard,Data Structures,False,beginner,0.9661497969255123,0.9661497969255123,0.03385016807960668,3.499488105845557e-08,True,uncertainty
32,beginner,16,data-structure-questions-answers-towers-hanoi,5,easy,Data Structures,True,beginner,0.9404326134665442,0.9404326134665442,0.05956730064522127,8.588823454798894e-08,True,uncertainty
32,beginner,17,data-structure-questions-answers-generating-partitions,7,easy,Data Structures,True,beginner,0.8831318155599323,0.8831318155599323,0.1168678432405423,3.4119952543348233e-07,True,uncertainty
32,beginner,18,data-structure-questions-answers-matrix,6,easy,Data Structures,False,beginner,0.902648721314743,0.902648721314743,0.09735109132670966,1.8735854732302539e-07,True,uncertainty
32,beginner,19,data-structure-questions-answers-balanced-partition,2,hard,Data Structures,False,beginner,0.9520437927312485,0.9520437927312485,0.047956181831608345,2.5437143247377273e-08,True,uncertainty
32,beginner,20,data-structure-questions-answers-freshers,5,hard,Data Structures,False,beginner,0.9650976068633133,0.9650976068633133,0.034902382338358205,1.0798328646414003e-08,True,uncertainty
154,intermediate,1,data-structure-questions-answers-binary-search-tree,1,hard,Data Structures,True,intermediate,0.9663068253806171,0.003771487016771855,0.9663068253806171,0.02992168760261101,True,uncertainty
154,intermediate,2,data-structure-questions-answers-fibonacci-recursion,12,hard,Data Structures,True,intermediate,0.8401938130816189,0.0006912996216436381,0.8401938130816189,0.15911488729673748,True,uncertainty
154,intermediate,3,data-structure-questions-answers-generating-partitions,6,hard,Data Structures,True,intermediate,0.9293828918465786,0.0014652575225199348,0.9293828918465786,0.06915185063090132,True,uncertainty
154,intermediate,4,data-structure-questions-answers-freshers,5,hard,Data Structures,False,intermediate,0.9801920387924828,0.008792828192129998,0.9801920387924828,0.011015133015387145,True,uncertainty
154,intermediate,5,data-structure-questions-answers-free-list,7,hard,Data Structures,True,intermediate,0.9768521383455088,0.005604866302137015,0.9768521383455088,0.01754299535235424,True,uncertainty
154,intermediate,6,data-structure-questions-answers-weight-balanced-tree,7,hard,Data Structures,True,intermediate,0.9812370815256499,0.012433914266503306,0.9812370815256499,0.006329004207846854,True,uncertainty
154,intermediate,7,data-structure-questions-answers-edit-distance-problem,3,medium,Data Structures,True,intermediate,0.9820196430218554,0.0018635739386866966,0.9820196430218554,0.01611678303945794,True,uncertainty
154,intermediate,8,data-structure-questions-answers-string-reversal-recursion,2,hard,Data Structures,True,intermediate,0.9902490905336202,0.003393794774547158,0.9902490905336202,0.006357114691832716,True,uncertainty
154,intermediate,9,data-structure-questions-answers-assembly-line-scheduling,7,hard,Data Structures,True,intermediate,0.9906071237729388,0.0068203631393948414,0.9906071237729388,0.002572513087666314,True,uncertainty
154,intermediate,10,data-structure-interview-questions-answers-freshers,2,medium,Data Structures,False,intermediate,0.9844255153515171,0.014028083668856883,0.9844255153515171,0.0015464009796259646,True,uncertainty
154,intermediate,11,data-structure-questions-answers-sparse-array,1,medium,Data Structures,True,intermediate,0.9898045341948424,0.005094568735113109,0.9898045341948424,0.005100897070044494,True,uncertainty
154,intermediate,12,data-structure-questions-answers-red-black-tree,2,hard,Data Structures,False,intermediate,0.9906912686086419,0.004793080709383467,0.9906912686086419,0.004515650681974571,True,uncertainty
154,intermediate,13,data-structure-questions-answers-graph,13,medium,Data Structures,True,intermediate,0.9841503349330342,0.0017737158060500311,0.9841503349330342,0.014075949260915883,True,uncertainty
154,intermediate,14,data-structure-questions-answers-counting-boolean-parenthesizations,1,hard,Data Structures,False,intermediate,0.9907898893367922,0.003966898047838844,0.9907898893367922,0.005243212615369014,True,uncertainty
154,intermediate,15,data-structure-questions-answers-double-ended-queue,8,medium,Data Structures,True,intermediate,0.9900491599961926,0.003114676315480771,0.9900491599961926,0.006836163688326639,True,uncertainty
154,intermediate,16,data-structure-questions-answers-binary-search-iterative,2,easy,Data Structures,True,intermediate,0.9597310321391823,0.03651291686923021,0.9597310321391823,0.0037560509915873525,True,uncertainty
154,intermediate,17,data-structure-questions-answers-incidence-matrix-graph-structured-stack,5,medium,Data Structures,True,intermediate,0.9720443152644571,0.02132324913660472,0.9720443152644571,0.00663243559893815,True,uncertainty
154,intermediate,18,data-structure-questions-answers-xor-linked-list,1,medium,Data Structures,False,intermediate,0.9636486900134034,0.03164637945183193,0.9636486900134034,0.004704930534764622,True,uncertainty
154,intermediate,19,data-structure-questions-answers-preorder-traversal,1,medium,Data Structures,True,intermediate,0.9714566303274651,0.021187384904342108,0.9714566303274651,0.007355984768192823,True,uncertainty
154,intermediate,20,data-structure-questions-answers-direct-addressing-tables,6,medium,Data Structures,True,intermediate,0.9750787167786977,0.012973297721010564,0.9750787167786977,0.011947985500291658,True,uncertainty
196,intermediate,1,discrete-mathematics-questions-answers-geometric-sequences,7,medium,Discrete Mathematics,False,intermediate,0.6286183063144148,0.0028330705695466243,0.6286183063144148,0.3685486231160386,True,uncertainty
196,intermediate,2,discrete-mathematics-questions-answers-aptitude-test,4,medium,Discrete Mathematics,True,intermediate,0.9647891509115373,0.002805432811393859,0.9647891509115373,0.03240541627706881,True,uncertainty
196,intermediate,3,discrete-mathematics-questions-answers-inference,2,hard,Discrete Mathematics,False,intermediate,0.8696764787972517,0.13019975322027713,0.8696764787972517,0.0001237679824711429,True,uncertainty
196,intermediate,4,discrete-mathematics-questions-answers-diagraph,4,medium,Discrete Mathematics,True,intermediate,0.9869000816298306,0.0038429461022153563,0.9869000816298306,0.00925697226795414,True,uncertainty
196,intermediate,5,discrete-mathematics-questions-answers-subgroups,3,hard,Discrete Mathematics,False,intermediate,0.9502100372119657,0.04910077706041823,0.9502100372119657,0.0006891857276159579,True,uncertainty
196,intermediate,6,discrete-mathematics-questions-answers-generating-functions,4,medium,Discrete Mathematics,True,intermediate,0.9639998411424422,0.035655362215046664,0.9639998411424422,0.00034479664251110706,True,uncertainty
196,intermediate,7,discrete-mathematics-question-papers,6,medium,Discrete Mathematics,True,intermediate,0.9925642172652168,0.002691119445815472,0.9925642172652168,0.004744663288967778,True,uncertainty
196,intermediate,8,discrete-mathematics-questions-answers-hasse-diagrams,4,hard,Discrete Mathematics,False,intermediate,0.9863208177844006,0.011777730907965533,0.9863208177844006,0.0019014513076338673,True,uncertainty
196,intermediate,9,discrete-mathematics-questions-answers-geometric-sequences,9,medium,Discrete Mathematics,False,intermediate,0.981036772802866,0.0018541113094559555,0.981036772802866,0.017109115887678064,True,uncertainty
196,intermediate,10,discrete-mathematics-questions-answers-modular-exponentiation,3,hard,Discrete Mathematics,False,intermediate,0.989802233989339,0.004012929898877455,0.989802233989339,0.006184836111783633,True,uncertainty
196,intermediate,11,discrete-mathematics-questions-answers-nested-quantifiers,8,hard,Discrete Mathematics,False,intermediate,0.9862254971108745,0.002703083518251562,0.9862254971108745,0.011071419370873982,True,uncertainty
196,intermediate,12,discrete-mathematics-questions-answers-cryptography-decryption,10,hard,Discrete Mathematics,False,intermediate,0.9885276219165102,0.00785758482809556,0.9885276219165102,0.0036147932553940803,True,uncertainty
196,intermediate,13,discrete-mathematics-questions-answers-campus-interviews,3,medium,Discrete Mathematics,True,intermediate,0.9864153510748731,0.0032748016101303004,0.9864153510748731,0.010309847314996502,True,uncertainty
196,intermediate,14,discrete-mathematics-objective-questions-answers,3,hard,Discrete Mathematics,True,intermediate,0.9746366483443706,0.0019655781687825864,0.9746366483443706,0.023397773486846806,True,uncertainty
196,intermediate,15,discrete-mathematics-questions-answers-probability-distribution,2,hard,Discrete Mathematics,False,intermediate,0.9778687640382672,0.0029504510266445297,0.9778687640382672,0.019180784935088332,True,uncertainty
196,intermediate,16,discrete-mathematics-questions-answers-closure-associativity,6,hard,Discrete Mathematics,False,intermediate,0.9859911715263258,0.00521683406945141,0.9859911715263258,0.008791994404222795,True,uncertainty
196,intermediate,17,discrete-mathematics-questions-answers-nested-quantifiers,3,hard,Discrete Mathematics,False,intermediate,0.9866463985422093,0.006196291320958752,0.9866463985422093,0.007157310136831829,True,uncertainty
196,intermediate,18,discrete-mathematics-questions-answers-multiplication-theorem-probability,3,easy,Discrete Mathematics,True,intermediate,0.9415033342301703,0.0501890503833336,0.9415033342301703,0.0083076153864962,True,uncertainty
196,intermediate,19,tricky-discrete-mathematics-questions-answers,7,medium,Discrete Mathematics,False,intermediate,0.9362374886118798,0.055850243395068284,0.9362374886118798,0.007912267993051869,True,uncertainty
196,intermediate,20,discrete-mathematics-questions-answers-tree-traversal,9,medium,Discrete Mathematics,False,intermediate,0.9387840158044047,0.053619572082445915,0.9387840158044047,0.007596412113149297,True,uncertainty
167,intermediate,1,automata-theory-questions-answers-pda-acceptance-empty-stack,5,medium,Automata Theory,True,intermediate,0.8929082629915531,0.10639203729877307,0.8929082629915531,0.0006996997096739127,True,uncertainty
167,intermediate,2,automata-theory-questions-answers-reversal-homomorphism-inverse-homomorphism,4,easy,Automata Theory,True,intermediate,0.6715786541846461,0.32711391393081013,0.6715786541846461,0.0013074318845436755,True,uncertainty
167,intermediate,3,automata-theory-interview-questions-answers,7,hard,Automata Theory,False,intermediate,0.8197392475183176,0.17995349726395332,0.8197392475183176,0.0003072552177291533,True,uncertainty
167,intermediate,4,automata-theory-questions-answers-dfa-regular-expressions,6,medium,Automata Theory,False,intermediate,0.8951857390727203,0.10448937782954879,0.8951857390727203,0.0003248830977309588,True,uncertainty
167,intermediate,5,automata-theory-questions-answers-mealy-machine,3,medium,Automata Theory,False,intermediate,0.9620354523746889,0.03737241592118116,0.9620354523746889,0.0005921317041298471,True,uncertainty
167,intermediate,6,automata-theory-questions-answers-simpler-notations,2,medium,Automata Theory,False,intermediate,0.9459278850606044,0.053906412852835615,0.9459278850606044,0.00016570208655987515,True,uncertainty
167,intermediate,7,automata-theory-questions-answers-cfl-substitution-theorem,8,medium,Automata Theory,True,intermediate,0.959934142731923,0.039553635083917446,0.959934142731923,0.0005122221841594325,True,uncertainty
167,intermediate,8,automata-theory-questions-answers-multitape-turing-machine,10,medium,Automata Theory,True,intermediate,0.9036015918304573,0.09617099199880674,0.9036015918304573,0.00022741617073589133,True,uncertainty
167,intermediate,9,automata-theory-questions-answers-reversal-homomorphism-inverse-homomorphism,7,medium,Automata Theory,True,intermediate,0.9416691002949066,0.057771405890304724,0.9416691002949066,0.0005594938147888149,True,uncertainty
167,intermediate,10,automata-theory-questions-answers-dfa-processing-strings,1,medium,Automata Theory,True,intermediate,0.9716591602053921,0.026556606377941622,0.9716591602053921,0.0017842334166662409,True,uncertainty
167,intermediate,11,automata-theory-questions-answers-dfa-regular-expressions,10,medium,Automata Theory,False,intermediate,0.9511123044493127,0.047969763786253936,0.9511123044493127,0.0009179317644334627,True,uncertainty
167,intermediate,12,automata-theory-interview-questions-answers,3,medium,Automata Theory,True,intermediate,0.9639960273707879,0.034463071247007704,0.9639960273707879,0.0015409013822043495,True,uncertainty
167,intermediate,13,automata-theory-questions-answers-dpda-context-free-languages,10,easy,Automata Theory,True,intermediate,0.9768969238187984,0.01999982890049357,0.9768969238187984,0.0031032472807078766,True,uncertainty
167,intermediate,14,automata-theory-questions-answers-dfa-processing-strings,7,hard,Automata Theory,False,intermediate,0.9608067440955632,0.03777032974671439,0.9608067440955632,0.0014229261577223082,True,uncertainty
167,intermediate,15,automata-theory-assessment-questions-answers,3,easy,Automata Theory,True,intermediate,0.9753951369826509,0.02152753376266356,0.9753951369826509,0.003077329254685509,True,uncertainty
167,intermediate,16,automata-theory-questions-answers-chomsky-normal-form,10,easy,Automata Theory,True,intermediate,0.979955866212206,0.016059984940233064,0.979955866212206,0.003984148847560939,True,uncertainty
167,intermediate,17,automata-theory-questions-answers-freshers,5,easy,Automata Theory,True,intermediate,0.9829054074819101,0.00955556516836363,0.9829054074819101,0.007539027349726103,True,uncertainty
167,intermediate,18,automata-theory-questions-answers-operators-regular-expression,4,hard,Automata Theory,False,intermediate,0.9675217205016313,0.03024900562856254,0.9675217205016313,0.002229273869806091,True,uncertainty
167,intermediate,19,automata-theory-questions-answers-simulation-turing-machine,5,hard,Automata Theory,False,intermediate,0.9495805910801334,0.04946319961954416,0.9495805910801334,0.0009562093003224047,True,uncertainty
167,intermediate,20,automata-theory-questions-answers-dpda-ambiguous-grammars,9,easy,Automata Theory,True,intermediate,0.9703743297661517,0.027186910313373624,0.9703743297661517,0.002438759920474625,True,uncertainty
4,beginner,1,java-questions-answers-data-structures-list,6,medium,Data Structures,False,beginner,0.92920267806767,0.92920267806767,0.0707970120221888,3.099101412180088e-07,True,uncertainty
4,beginner,2,1000-data-structure-questions-answers,9,hard,Data Structures,False,beginner,0.9982182917905713,0.9982182917905713,0.001781708198250819,1.1177985187848263e-11,True,uncertainty
4,beginner,3,data-structure-questions-answers-bit-array,6,hard,Data Structures,False,beginner,0.9998388884963552,0.9998388884963552,0.00016111150359722173,4.7661440156123495e-14,True,uncertainty
4,beginner,4,data-structure-questions-answers-bit-array,9,medium,Data Structures,True,beginner,0.9928193622647407,0.9928193622647407,0.00718063750490458,2.3035470635818358e-10,True,uncertainty
4,beginner,5,data-structure-questions-answers-matrix,8,medium,Data Structures,False,beginner,0.9886937340762313,0.9886937340762313,0.0113062652872506,6.365180401477045e-10,True,uncertainty
4,beginner,6,data-structure-questions-answers-double-ended-queue,8,medium,Data Structures,True,beginner,0.9945906591879178,0.9945906591879178,0.0054093407215858895,9.049628350366479e-11,True,uncertainty
4,beginner,7,data-structure-questions-answers-factorial-recursion,10,medium,Data Structures,True,beginner,0.9805246657586856,0.9805246657586856,0.019475332964194507,1.2771199328426293e-09,True,uncertainty
4,beginner,8,data-structure-questions-answers-reverse-word-stack,4,medium,Data Structures,False,beginner,0.9749760371575763,0.9749760371575763,0.025023959319668655,3.5227549583862424e-09,True,uncertainty
4,beginner,9,data-structure-questions-answers-binary-trees-array,2,medium,Data Structures,False,beginner,0.9580074500129027,0.9580074500129027,0.041992539766899144,1.022019822734374e-08,True,uncertainty
4,beginner,10,data-structure-questions-answers-preorder-traversal,1,medium,Data Structures,False,beginner,0.9247182904587763,0.9247182904587763,0.07528167360075733,3.5940466235669506e-08,True,uncertainty
4,beginner,11,data-structure-questions-answers-bubble-sort,3,medium,Data Structures,True,beginner,0.9407435632979422,0.9407435632979422,0.05925641344441563,2.3257642169137e-08,True,uncertainty
4,beginner,12,data-structure-questions-answers-search-element-array-recursion-1,1,medium,Data Structures,False,beginner,0.9198771945970632,0.9198771945970632,0.08012276094598322,4.445695354227754e-08,True,uncertainty
4,beginner,13,java-questions-answers-data-structures-list,7,easy,Data Structures,True,beginner,0.9882968503787666,0.9882968503787666,0.01170314210613092,7.515102662194289e-09,True,uncertainty
4,beginner,14,data-structure-questions-answers-campus-interviews,6,hard,Data Structures,False,beginner,0.9913918601299565,0.9913918601299565,0.00860813533315673,4.536886688016036e-09,True,uncertainty
4,beginner,15,data-structure-questions-answers-string-reversal-recursion,2,hard,Data Structures,False,beginner,0.9982166060315019,0.9982166060315019,0.0017833938182685416,1.5022970777638588e-10,True,uncertainty
4,beginner,16,data-structure-questions-answers-weight-balanced-tree,7,hard,Data Structures,False,beginner,0.9992931980781004,0.9992931980781004,0.000706801901777467,2.0122383277494477e-11,True,uncertainty
4,beginner,17,data-structure-questions-answers-longest-increasing-subsequence,3,easy,Data Structures,True,beginner,0.9983289930915787,0.9983289930915787,0.0016710067724607807,1.3596032871091009e-10,True,uncertainty
4,beginner,18,data-structure-questions-answers-stack-using-queues,1,easy,Data Structures,False,beginner,0.9987686390127666,0.9987686390127666,0.0012313609424517793,4.478149691095059e-11,True,uncertainty
4,beginner,19,data-structure-questions-answers-fibonacci-recursion,12,hard,Data Structures,False,beginner,0.9988731138532441,0.9988731138532441,0.0011268861113499615,3.5405819832601716e-11,True,uncertainty
4,beginner,20,data-structure-questions-answers-balanced-partition,10,easy,Data Structures,False,beginner,0.9986183644775369,0.9986183644775369,0.0013816354821636779,4.029935503663648e-11,True,uncertainty
61,beginner,1,discrete-mathematics-questions-answers-modular-exponentiation,8,easy,Discrete Mathematics,False,intermediate,0.5621725001853378,0.02330334369006493,0.5621725001853378,0.4145241561245972,False,uncertainty
61,beginner,2,discrete-mathematics-puzzles,2,easy,Discrete Mathematics,True,advanced,0.6107834276300271,0.0008739376564865708,0.38834263471348635,0.6107834276300271,False,uncertainty
61,beginner,3,discrete-mathematics-questions-answers-experienced,9,easy,Discrete Mathematics,False,intermediate,0.6798713425649832,0.009205336116048018,0.6798713425649832,0.3109233213189688,False,uncertainty
61,beginner,4,discrete-mathematics-questions-answers-set-types,7,hard,Discrete Mathematics,False,beginner,0.7257209972872483,0.7257209972872483,0.2741636387334934,0.00011536397925825619,True,uncertainty
61,beginner,5,discrete-mathematics-questions-answers-pigeonhole-principle,2,medium,Discrete Mathematics,False,beginner,0.7061681107778761,0.7061681107778761,0.29380806906276097,2.3820159362997132e-05,True,uncertainty
61,beginner,6,discrete-mathematics-questions-answers-set-types,2,medium,Discrete Mathematics,False,beginner,0.6641382796422161,0.6641382796422161,0.3358221643280817,3.955602970229335e-05,True,uncertainty
61,beginner,7,discrete-mathematics-questions-answers-recurrence-relation,9,medium,Discrete Mathematics,False,beginner,0.5667055524000039,0.5667055524000039,0.4332176690082399,7.677859175629248e-05,True,uncertainty
61,beginner,8,discrete-mathematics-problems,5,medium,Discrete Mathematics,False,beginner,0.7472963615456095,0.7472963615456095,0.2526959305358816,7.707918508925288e-06,True,uncertainty
61,beginner,9,discrete-mathematics-basic-questions-answers,7,medium,Discrete Mathematics,True,beginner,0.6711897861158136,0.6711897861158136,0.3287952787477773,1.493513640915382e-05,True,uncertainty
61,beginner,10,discrete-mathematics-objective-questions-answers,9,medium,Discrete Mathematics,False,beginner,0.7722721403558399,0.7722721403558399,0.22772130530925938,6.554334900604624e-06,True,uncertainty
61,beginner,11,discrete-mathematics-mcqs-growth-functions,10,medium,Discrete Mathematics,False,beginner,0.912966113974216,0.912966113974216,0.08703319830894606,6.877168378650912e-07,True,uncertainty
61,beginner,12,discrete-mathematics-questions-answers-group-axioms,4,medium,Discrete Mathematics,False,beginner,0.8821706010353044,0.8821706010353044,0.11782803138374635,1.3675809491653286e-06,True,uncertainty
61,beginner,13,discrete-mathematics-questions-answers-ciphers,6,medium,Discrete Mathematics,False,beginner,0.8802607071171984,0.8802607071171984,0.11973790519584855,1.3876869531572162e-06,True,uncertainty
61,beginner,14,discrete-mathematics-questions-answers-prime-implicants-essentials,5,medium,Discrete Mathematics,False,beginner,0.9359837015885901,0.9359837015885901,0.06401594490091135,3.5351049862030007e-07,True,uncertainty
61,beginner,15,discrete-mathematics-questions-answers-modular-exponentiation,3,hard,Discrete Mathematics,False,beginner,0.9797931224103058,0.9797931224103058,0.020206850372890946,2.7216803270305513e-08,True,uncertainty
61,beginner,16,discrete-mathematics-questions-answers-floor-ceiling-function,1,easy,Discrete Mathematics,False,beginner,0.9619361612988765,0.9619361612988765,0.038063749799388515,8.890173491734519e-08,True,uncertainty
61,beginner,17,discrete-mathematics-questions-answers-recursion,4,easy,Discrete Mathematics,True,beginner,0.9076012819540225,0.9076012819540225,0.09239778120229172,9.368436856310582e-07,True,uncertainty
61,beginner,18,discrete-mathematics-mcqs-integers-algorithms,8,easy,Discrete Mathematics,True,beginner,0.8259143637789533,0.8259143637789533,0.1740821595992688,3.4766217778620983e-06,True,uncertainty
61,beginner,19,discrete-mathematics-questions-answers-campus-interviews,10,easy,Discrete Mathematics,True,beginner,0.7201471318992898,0.7201471318992898,0.27984331983544775,9.548265262537658e-06,True,uncertainty
61,beginner,20,discrete-mathematics-questions-answers-recursion,7,hard,Discrete Mathematics,False,beginner,0.8987161619871363,0.8987161619871363,0.10128272714564258,1.1108672212241722e-06,True,uncertainty
202,advanced,1,operating-system-mcqs-memory-management-segmentation,8,medium,Operating Systems,True,intermediate,0.9679798174071911,0.001148782760529465,0.9679798174071911,0.030871399832279482,False,entropy
202,advanced,2,operating-system-questions-answers,23,easy,Operating Systems,True,advanced,0.7374965937763411,7.224049921636185e-05,0.2624311657244426,0.7374965937763411,True,entropy
202,advanced,3,operating-system-mcqs-memory-management-swapping-2,5,easy,Operating Systems,True,advanced,0.9247085772816438,5.723797017760632e-06,0.07528569892133842,0.9247085772816438,True,entropy
202,advanced,4,operating-system-mcqs-cpu-scheduling-benefits,7,hard,Operating Systems,True,advanced,0.9950499555044954,5.349285053629138e-08,0.004949991002654249,0.9950499555044954,True,entropy
202,advanced,5,operating-system-mcqs-cpu-scheduling-algorithms-1,9,medium,Operating Systems,True,advanced,0.9989502242692575,2.627409391201624e-09,0.0010497731033330307,0.9989502242692575,True,entropy
202,advanced,6,operating-system-questions-answers-rtos,5,medium,Operating Systems,True,advanced,0.9992735709811477,1.326084638880495e-09,0.0007264276927676908,0.9992735709811477,True,entropy
202,advanced,7,operating-system-question-answers-multimedia-systems,9,medium,Operating Systems,True,advanced,0.9989135851759152,2.517863361288329e-09,0.0010864123062214017,0.9989135851759152,True,entropy
202,advanced,8,operating-system-mcqs-multimedia-system-network-management,1,medium,Operating Systems,False,advanced,0.9985124494585256,7.4091483645423634e-09,0.0014875431323260818,0.9985124494585256,True,entropy
202,advanced,9,operating-system-questions-answers-distributed-synchronization,7,medium,Operating Systems,True,advanced,0.9966144609387821,3.342098790447094e-08,0.003385505640230016,0.9966144609387821,True,entropy
202,advanced,10,operating-system-mcqs-process-structures,10,medium,Operating Systems,True,advanced,0.9985276723567761,7.110801043816539e-09,0.0014723205324227691,0.9985276723567761,True,entropy
202,advanced,11,operating-system-questions-answers-file-system-concepts,5,medium,Operating Systems,True,advanced,0.9988906758317561,3.866405752716123e-09,0.0011093203018383076,0.9988906758317561,True,entropy
202,advanced,12,distributed-operating-system-mcqs-file-system-2,2,medium,Operating Systems,True,advanced,0.9989909268599271,2.9547203732731546e-09,0.0010090701853524501,0.9989909268599271,True,entropy
202,advanced,13,operating-system-questions-answers,8,medium,Operating Systems,True,advanced,0.998776651594372,3.817822006803059e-09,0.001223344587806044,0.998776651594372,True,entropy
202,advanced,14,operating-system-mcqs-file-system-allocation-methods-2,3,easy,Operating Systems,True,advanced,0.998995246627735,2.2931107968901686e-09,0.001004751079154115,0.998995246627735,True,entropy
202,advanced,15,operating-system-questions-answers-distributed-file-system,6,easy,Operating Systems,True,advanced,0.9992798271321214,1.1063973363794222e-09,0.0007201717614811824,0.9992798271321214,True,entropy
202,advanced,16,operating-system-mcqs-network-file-system-2,4,easy,Operating Systems,True,advanced,0.9995003320627005,5.169867665531423e-10,0.0004996674203128576,0.9995003320627005,True,entropy
202,advanced,17,operating-system-mcqs-application-io-interface-2,7,easy,Operating Systems,True,advanced,0.9996496699093733,2.3994900711749613e-10,0.0003503298506777098,0.9996496699093733,True,entropy
202,advanced,18,operating-system-mcqs-memory-management-paging-1,11,easy,Operating Systems,True,advanced,0.9997129258152851,1.3608737612669636e-10,0.0002870740486274536,0.9997129258152851,True,entropy
202,advanced,19,operating-system-mcqs-disk-management,1,easy,Operating Systems,False,advanced,0.999523672839138,7.867954763510442e-10,0.00047632637406666404,0.999523672839138,True,entropy
202,advanced,20,operating-system-mcqs-kernel-io-subsystems,2,easy,Operating Systems,True,advanced,0.9997305190112508,2.7307727792203895e-10,0.0002694807156720643,0.9997305190112508,True,entropy
263,advanced,1,automata-theory-questions-answers-lexical-analysis,4,medium,Automata Theory,False,advanced,0.9999831438325306,5.869903734614367e-14,1.6856167410666763e-05,0.9999831438325306,True,entropy
263,advanced,2,automata-theory-questions-answers-mealy-machine,3,medium,Automata Theory,False,advanced,0.9979720488206657,3.1632250662056556e-10,0.0020279508630117737,0.9979720488206657,True,entropy
263,advanced,3,automata-theory-questions-answers-experienced,5,easy,Automata Theory,True,advanced,0.980857844507509,3.90204818575164e-07,0.019141765287672488,0.980857844507509,True,entropy
263,advanced,4,automata-theory-questions-answers-experienced,8,hard,Automata Theory,False,advanced,0.9827582463562432,6.835464172291248e-08,0.017241685289115086,0.9827582463562432,True,entropy
263,advanced,5,automata-theory-questions-answers-class-rp-zpp,8,hard,Automata Theory,True,advanced,0.9967974136917769,1.3543851647048509e-08,0.003202572764371571,0.9967974136917769,True,entropy
263,advanced,6,automata-theory-questions-answers-regular-expression-introduction,8,medium,Automata Theory,True,advanced,0.9985804132732591,4.870705086095165e-09,0.0014195818560356638,0.9985804132732591,True,entropy
263,advanced,7,automata-theory-questions-answers-freshers,4,medium,Automata Theory,True,advanced,0.998310900702332,9.006221387265044e-09,0.0016890902914466037,0.998310900702332,True,entropy
263,advanced,8,automata-theory-questions-answers-polynomial-space-turing-machine,3,medium,Automata Theory,False,advanced,0.9946573317325417,5.64890275454511e-08,0.005342611778430775,0.9946573317325417,True,entropy
263,advanced,9,automata-theory-questions-answers-operators-regular-expression,2,medium,Automata Theory,False,advanced,0.9952380353397888,3.1967764340669766e-08,0.0047619326924468845,0.9952380353397888,True,entropy
263,advanced,10,automata-theory-questions-answers-simpler-notations,2,medium,Automata Theory,True,advanced,0.9954310894810877,4.1354152538045773e-08,0.004568869164759716,0.9954310894810877,True,entropy
263,advanced,11,automata-theory-questions-answers-mealy-machine,4,medium,Automata Theory,False,advanced,0.9927093723555225,8.273132819031532e-08,0.007290544913149237,0.9927093723555225,True,entropy
263,advanced,12,automata-theory-questions-answers-eliminating-unit-productions,5,medium,Automata Theory,False,advanced,0.9891522864283419,1.4047717280875935e-07,0.010847573094485197,0.9891522864283419,True,entropy
263,advanced,13,automata-theory-assessment-questions-answers,9,medium,Automata Theory,True,advanced,0.9947423694559984,4.536369184418357e-08,0.005257585180309758,0.9947423694559984,True,entropy
263,advanced,14,automata-theory-questions-answers-algebric-laws-finding-patterns-derivatives,4,hard,Automata Theory,True,advanced,0.996239753779882,3.568029011016458e-08,0.0037602105398278577,0.996239753779882,True,entropy
263,advanced,15,automata-theory-questions-answers-non-deterministic-turing-machines,1,hard,Automata Theory,False,advanced,0.9886045505770434,2.0587281351860772e-07,0.011395243550142974,0.9886045505770434,True,entropy
263,advanced,16,automata-theory-questions-answers-moore-machine,6,hard,Automata Theory,False,advanced,0.9602915102983863,1.4124075530972188e-06,0.039707077294060575,0.9602915102983863,True,entropy
263,advanced,17,automata-theory-questions-answers-sentential-forms,10,hard,Automata Theory,False,advanced,0.9097545888809816,4.951122965237381e-06,0.09024045999605304,0.9097545888809816,True,entropy
263,advanced,18,automata-theory-interview-questions-answers-experienced,7,hard,Automata Theory,False,advanced,0.8551342930981083,1.023116887435361e-05,0.14485547573301719,0.8551342930981083,True,entropy
263,advanced,19,automata-theory-questions-answers-simulation-turing-machine,4,hard,Automata Theory,True,advanced,0.9179740615635097,5.246940762425534e-06,0.08202069149572785,0.9179740615635097,True,entropy
263,advanced,20,automata-theory-questions-answers-sentential-forms,9,hard,Automata Theory,False,advanced,0.8687701070202314,1.1420820978359274e-05,0.13121847215879034,0.8687701070202314,True,entropy
131,intermediate,1,discrete-mathematics-questions-answers-permutation-groups,3,easy,Discrete Mathematics,True,advanced,0.9983612581606848,3.21200382028696e-09,0.001638738627311495,0.9983612581606848,False,entropy
131,intermediate,2,discrete-mathematics-questions-answers-mean-variance-random-variables,2,hard,Discrete Mathematics,True,advanced,0.9674893366739409,8.658977353441949e-07,0.03250979742832367,0.9674893366739409,False,entropy
131,intermediate,3,discrete-mathematics-mcqs-growth-functions,6,hard,Discrete Mathematics,True,intermediate,0.7066103527995131,0.0005287419335698682,0.7066103527995131,0.2928609052669171,True,entropy
131,intermediate,4,discrete-mathematics-questions-answers-ciphers,6,medium,Discrete Mathematics,False,intermediate,0.9606679651049355,0.0071427805700461575,0.9606679651049355,0.032189254325018415,True,entropy
131,intermediate,5,discrete-mathematics-mcqs-sequences-summations,10,easy,Discrete Mathematics,True,intermediate,0.9273845804785686,0.002428930985055846,0.9273845804785686,0.07018648853637553,True,entropy
131,intermediate,6,discrete-mathematics-questions-answers-harmonic-sequences,6,easy,Discrete Mathematics,True,intermediate,0.8237606489548462,0.0005370078040527534,0.8237606489548462,0.1757023432411011,True,entropy
131,intermediate,7,discrete-mathematics-questions-answers-pigeonhole-principle,1,hard,Discrete Mathematics,False,intermediate,0.8077837531385631,0.0004792281179648148,0.8077837531385631,0.19173701874347218,True,entropy
131,intermediate,8,discrete-mathematics-questions-answers-cryptography-encryption,10,easy,Discrete Mathematics,True,intermediate,0.712735716270252,0.00017473240737293894,0.712735716270252,0.287089551322375,True,entropy
131,intermediate,9,discrete-mathematics-mcqs-sets,2,medium,Discrete Mathematics,True,intermediate,0.8172528836501152,0.0003649557612422127,0.8172528836501152,0.18238216058864262,True,entropy
131,intermediate,10,discrete-mathematics-questions-answers-diagraph,5,easy,Discrete Mathematics,True,intermediate,0.6416560540133665,0.00011570575560269446,0.6416560540133665,0.3582282402310308,True,entropy
131,intermediate,11,discrete-mathematics-mcqs-sequences-summations,7,medium,Discrete Mathematics,False,intermediate,0.8161370707348417,0.0005082376103767943,0.8161370707348417,0.18335469165478158,True,entropy
131,intermediate,12,discrete-mathematics-questions-answers-boolean-algebra,10,easy,Discrete Mathematics,True,intermediate,0.6322967564500358,0.0001680791501659204,0.6322967564500358,0.3675351643997983,True,entropy
131,intermediate,13,discrete-mathematics-mcqs-integers-algorithms,9,easy,Discrete Mathematics,False,intermediate,0.5332669744087072,0.00010434897271209086,0.5332669744087072,0.4666286766185807,True,entropy
131,intermediate,14,discrete-mathematics-questions-answers-generating-functions,3,medium,Discrete Mathematics,True,advanced,0.5446921925223288,7.046135274468318e-05,0.45523734612492645,0.5446921925223288,False,entropy
131,intermediate,15,discrete-mathematics-questions-answers-group-axioms,4,medium,Discrete Mathematics,False,advanced,0.5435736339350943,8.365736302552043e-05,0.45634270870188015,0.5435736339350943,False,entropy
131,intermediate,16,discrete-mathematics-questions-answers-venn-diagram,3,medium,Discrete Mathematics,False,advanced,0.5187761525174563,0.00011254081260887264,0.48111130666993474,0.5187761525174563,False,entropy
131,intermediate,17,discrete-mathematics-questions-answers-inverse-matrices,8,medium,Discrete Mathematics,False,advanced,0.6164690091705324,6.615229452878782e-05,0.3834648385349386,0.6164690091705324,False,entropy
131,intermediate,18,discrete-mathematics-puzzles,6,medium,Discrete Mathematics,False,intermediate,0.5565879998748978,0.00016280726286653762,0.5565879998748978,0.4432491928622358,True,entropy
131,intermediate,19,discrete-mathematics-questions-answers-multiplication-theorem-probability,10,hard,Discrete Mathematics,False,intermediate,0.7701233070116357,0.0004121025606881709,0.7701233070116357,0.22946459042767614,True,entropy
131,intermediate,20,discrete-mathematics-questions-answers-cosets,5,easy,Discrete Mathematics,True,intermediate,0.5230015583713484,0.00013163113276694086,0.5230015583713484,0.4768668104958847,True,entropy
191,intermediate,1,data-structure-questions-answers-heap,5,easy,Data Structures,False,advanced,0.83532152737668,0.00031722043348758394,0.16436125218983239,0.83532152737668,False,entropy
191,intermediate,2,data-structure-questions-answers-power-number-recursion-logn-time,8,medium,Data Structures,True,intermediate,0.9327561256305567,0.06442109336164903,0.9327561256305567,0.0028227810077943436,True,entropy
191,intermediate,3,data-structure-questions-answers-incidence-matrix-graph-structured-stack,7,medium,Data Structures,False,intermediate,0.9612629488843419,0.02235377842032912,0.9612629488843419,0.01638327269532883,True,entropy
191,intermediate,4,data-structure-questions-answers-avl-tree,5,medium,Data Structures,False,intermediate,0.7762627456546339,0.22314162682597022,0.7762627456546339,0.0005956275193958998,True,entropy
191,intermediate,5,java-questions-answers-data-structures-list,7,easy,Data Structures,True,intermediate,0.8965499120525731,0.09942484858772006,0.8965499120525731,0.0040252393597068415,True,entropy
191,intermediate,6,data-structure-questions-answers-fibonacci-search,8,medium,Data Structures,True,intermediate,0.7966769601316255,0.2018249915212611,0.7966769601316255,0.0014980483471134455,True,entropy
191,intermediate,7,data-structure-questions-answers-bubble-sort,3,medium,Data Structures,False,intermediate,0.8181883449103371,0.1797021662664227,0.8181883449103371,0.0021094888232402777,True,entropy
191,intermediate,8,data-structure-questions-answers-stack-operations,5,medium,Data Structures,True,intermediate,0.7469457419174307,0.2521780847077688,0.7469457419174307,0.000876173374800544,True,entropy
191,intermediate,9,data-structure-questions-answers-sparse-array,1,medium,Data Structures,True,intermediate,0.6523473700636978,0.3472626702836246,0.6523473700636978,0.00038995965267751154,True,entropy
191,intermediate,10,data-structure-questions-answers-graph,11,hard,Data Structures,False,intermediate,0.8592045646733267,0.14018384505207773,0.8592045646733267,0.0006115902745955833,True,entropy
191,intermediate,11,data-structure-multiple-choice-questions-answers,5,hard,Data Structures,True,intermediate,0.9108773326287843,0.0858752385219597,0.9108773326287843,0.0032474288492558762,True,entropy
191,intermediate,12,data-structure-questions-answers-longest-common-subsequence,3,medium,Data Structures,False,intermediate,0.9120345480979112,0.08478440768831025,0.9120345480979112,0.0031810442137785557,True,entropy
191,intermediate,13,data-structure-questions-answers-graph,13,medium,Data Structures,False,intermediate,0.95407865749772,0.037636059950186304,0.95407865749772,0.008285282552093678,True,entropy
191,intermediate,14,data-structure-questions-answers-reverse-word-stack,6,medium,Data Structures,True,intermediate,0.9525057226008509,0.03903747542151837,0.9525057226008509,0.008456801977630806,True,entropy
191,intermediate,15,1000-data-structure-questions-answers,9,hard,Data Structures,False,intermediate,0.9351075682785268,0.06130597374934382,0.9351075682785268,0.003586457972129448,True,entropy
191,intermediate,16,data-structure-questions-answers-stack-array,8,hard,Data Structures,False,intermediate,0.8830911686504158,0.1157090764167483,0.8830911686504158,0.0011997549328358616,True,entropy
191,intermediate,17,data-structure-questions-answers-free-list,7,hard,Data Structures,False,intermediate,0.8450730364636888,0.15428023621980197,0.8450730364636888,0.0006467273165091279,True,entropy
191,intermediate,18,data-structure-questions-answers-directed-acyclic-graph,7,hard,Data Structures,False,intermediate,0.755558293603357,0.2441822789437869,0.755558293603357,0.0002594274528560166,True,entropy
191,intermediate,19,data-structure-questions-answers-dynamic-array,14,hard,Data Structures,True,intermediate,0.6576973324946901,0.34210821664284047,0.6576973324946901,0.00019445086246946042,True,entropy
191,intermediate,20,data-structure-questions-answers-edit-distance-problem,8,hard,Data Structures,True,beginner,0.5361405324216901,0.5361405324216901,0.4638117623461928,4.7705232117084916e-05,False,entropy
143,intermediate,1,python-questions-answers-sets-2,7,hard,Python,False,advanced,0.9693663015776939,1.2731705868716864e-06,0.030632425251719296,0.9693663015776939,False,entropy
143,intermediate,2,python-developer-interview-questions-answers,2,easy,Python,False,advanced,0.9098449622525385,2.42651282007351e-05,0.0901307726192607,0.9098449622525385,False,entropy
143,intermediate,3,python-questions-answers-bitwise-2,8,hard,Python,False,intermediate,0.8932182335834694,0.00865927568056495,0.8932182335834694,0.09812249073596575,True,entropy
143,intermediate,4,1000-python-questions-answers,29,medium,Python,False,intermediate,0.9699459798414889,0.015371322472978023,0.9699459798414889,0.014682697685533187,True,entropy
143,intermediate,5,python-questions-answers-formatting-2,2,hard,Python,True,intermediate,0.8906380906430854,0.1058877403928642,0.8906380906430854,0.0034741689640503046,True,entropy
143,intermediate,6,python-aptitude-test-questions,3,medium,Python,True,intermediate,0.8752461202016457,0.12177491320742868,0.8752461202016457,0.0029789665909256994,True,entropy
143,intermediate,7,python-questions-answers-modules,5,hard,Python,False,intermediate,0.7011759686790122,0.298222773363437,0.7011759686790122,0.0006012579575507547,True,entropy
143,intermediate,8,1000-python-questions-answers,7,easy,Python,False,intermediate,0.9104215396427997,0.08587159177320755,0.9104215396427997,0.0037068685839927937,True,entropy
143,intermediate,9,python-interview-questions-answers,4,hard,Python,False,intermediate,0.8536307049852822,0.1449830640493071,0.8536307049852822,0.0013862309654107362,True,entropy
143,intermediate,10,1000-python-questions-answers,10,easy,Python,False,intermediate,0.9210389548656567,0.07623776631678977,0.9210389548656567,0.0027232788175536055,True,entropy
143,intermediate,11,1000-python-questions-answers,13,easy,Python,True,intermediate,0.9545340216341361,0.024303816170387692,0.9545340216341361,0.02116216219547606,True,entropy
143,intermediate,12,python-questions-answers-built-in-functions-2,8,medium,Python,False,intermediate,0.9517836658348211,0.03632695019956456,0.9517836658348211,0.011889383965614364,True,entropy
143,intermediate,13,python-programming-interview-questions-answers,5,medium,Python,True,intermediate,0.9344721827748771,0.05789969253254789,0.9344721827748771,0.00762812469257512,True,entropy
143,intermediate,14,python-technical-interview-questions-answers,10,easy,Python,True,intermediate,0.9490533241824258,0.03684233996471079,0.9490533241824258,0.014104335852863423,True,entropy
143,intermediate,15,python-quiz,4,medium,Python,True,intermediate,0.9511477017059842,0.020298752956044403,0.9511477017059842,0.028553545337971484,True,entropy
143,intermediate,16,python-questions-answers-global-local-variables-2,4,medium,Python,True,intermediate,0.9414805501561326,0.014582011154856515,0.9414805501561326,0.04393743868901072,True,entropy
143,intermediate,17,python-questions-answers-list-comprehension-2,3,medium,Python,True,intermediate,0.9431667097073272,0.014336881101837942,0.9431667097073272,0.04249640919083479,True,entropy
143,intermediate,18,python-programming-interview-questions-answers,4,medium,Python,False,intermediate,0.9430471798787512,0.02261324423404155,0.9430471798787512,0.0343395758872072,True,entropy
143,intermediate,19,python-questions-answers-advanced-formatting,7,medium,Python,True,intermediate,0.9395912510686216,0.019382121171507623,0.9395912510686216,0.04102662775987082,True,entropy
143,intermediate,20,python-questions-answers-regular-expressions-3,3,medium,Python,True,intermediate,0.9353992088763102,0.016574684404540973,0.9353992088763102,0.048026106719148746,True,entropy
284,advanced,1,discrete-mathematics-questions-answers-recursion,4,easy,Discrete Mathematics,True,advanced,0.9964816068643907,1.2766413850594965e-08,0.0035183803691954487,0.9964816068643907,True,entropy
284,advanced,2,discrete-mathematics-questions-answers-subgroups,3,hard,Discrete Mathematics,True,advanced,0.99999364581589,1.7174560761409842e-13,6.3541839384511315e-06,0.99999364581589,True,entropy
284,advanced,3,discrete-mathematics-questions-answers-venn-diagram,3,medium,Discrete Mathematics,True,advanced,0.9999646428101707,1.2275235938735806e-12,3.5357188601841224e-05,0.9999646428101707,True,entropy
284,advanced,4,discrete-mathematics-mcqs-sets,2,medium,Discrete Mathematics,False,advanced,0.9999861735101073,7.068122760931221e-13,1.3826489186030106e-05,0.9999861735101073,True,entropy
284,advanced,5,discrete-mathematics-mcqs-sequences-summations,7,medium,Discrete Mathematics,True,advanced,0.9999823586197464,9.223568413446154e-13,1.7641379331379336e-05,0.9999823586197464,True,entropy
284,advanced,6,discrete-mathematics-questions-answers-closure-relations,1,medium,Discrete Mathematics,True,advanced,0.9999603309325127,2.9165034366464743e-12,3.966906457089834e-05,0.9999603309325127,True,entropy
284,advanced,7,discrete-mathematics-questions-answers-division-objects,5,medium,Discrete Mathematics,True,advanced,0.9999426586158057,4.997434115196561e-12,5.7341379196857554e-05,0.9999426586158057,True,entropy
284,advanced,8,discrete-mathematics-questions-answers-set-types,2,medium,Discrete Mathematics,True,advanced,0.9999370205335381,5.486835816044398e-12,6.297946097510391e-05,0.9999370205335381,True,entropy
284,advanced,9,discrete-mathematics-questions-answers-mcqs,1,medium,Discrete Mathematics,True,advanced,0.9999265243510307,6.242095344646064e-12,7.347564272723193e-05,0.9999265243510307,True,entropy
284,advanced,10,discrete-mathematics-questions-answers-logic-bit-operations,9,medium,Discrete Mathematics,True,advanced,0.99988082088873,1.3127870437298677e-11,0.00011917909814213478,0.99988082088873,True,entropy
284,advanced,11,discrete-mathematics-questions-answers-graphs-properties,8,medium,Discrete Mathematics,True,advanced,0.9996143863898919,1.0238882655746911e-10,0.0003856135077193944,0.9996143863898919,True,entropy
284,advanced,12,discrete-mathematics-questions-answers-group-theory,4,medium,Discrete Mathematics,True,advanced,0.9995997839908242,9.411105976267488e-11,0.00040021591506498065,0.9995997839908242,True,entropy
284,advanced,13,discrete-mathematics-questions-answers-pigeonhole-principle,1,hard,Discrete Mathematics,True,advanced,0.9987046329036604,7.373838562555111e-10,0.0012953663589558863,0.9987046329036604,True,entropy
284,advanced,14,discrete-mathematics-questions-answers-quiz,4,hard,Discrete Mathematics,False,advanced,0.9901606865717514,5.080624123261008e-08,0.009839262622007405,0.9901606865717514,True,entropy
284,advanced,15,discrete-mathematics-questions-answers-types-algorithms,7,hard,Discrete Mathematics,True,advanced,0.9938729693425767,2.21828148482255e-08,0.0061270084746084695,0.9938729693425767,True,entropy
284,advanced,16,discrete-mathematics-questions-answers-nested-quantifiers,3,hard,Discrete Mathematics,False,advanced,0.9904512929119611,4.864056349766978e-08,0.00954865844747564,0.9904512929119611,True,entropy
284,advanced,17,discrete-mathematics-multiple-choice-questions-answers,10,hard,Discrete Mathematics,False,advanced,0.9871767229466437,7.91474586352625e-08,0.012823197905897659,0.9871767229466437,True,entropy
284,advanced,18,discrete-mathematics-questions-answers-combinations,10,hard,Discrete Mathematics,True,advanced,0.9887667349036031,6.887193711459638e-08,0.01123319622445975,0.9887667349036031,True,entropy
284,advanced,19,discrete-mathematics-problems,1,hard,Discrete Mathematics,True,advanced,0.9841498316133361,1.2741004596757096e-07,0.015850040976617998,0.9841498316133361,True,entropy
284,advanced,20,tricky-discrete-mathematics-questions-answers,4,hard,Discrete Mathematics,True,advanced,0.9729477681389134,3.3240249619752733e-07,0.027051899458590364,0.9729477681389134,True,entropy
47,beginner,1,operating-system-mcqs-atomic-transactions,8,hard,Operating Systems,False,intermediate,0.9492693523136992,0.020851141342298225,0.9492693523136992,0.029879506344002455,False,entropy
47,beginner,2,operating-system-mcqs-application-io-interface-2,7,easy,Operating Systems,False,intermediate,0.8731687064919604,0.1174273808186473,0.8731687064919604,0.009403912689392226,False,entropy
47,beginner,3,operating-system-questions-answers-file-system-implementation,6,easy,Operating Systems,True,intermediate,0.9344778137259273,0.026029325265516438,0.9344778137259273,0.039492861008556354,False,entropy
47,beginner,4,operating-system-mcqs-process-structures,1,medium,Operating Systems,False,intermediate,0.9687897695908033,0.01613216428731625,0.9687897695908033,0.015078066121880406,False,entropy
47,beginner,5,operating-system-mcqs-mass-storage-RAID-2,11,easy,Operating Systems,False,intermediate,0.9152902067205039,0.08312780000742234,0.9152902067205039,0.0015819932720738095,False,entropy
47,beginner,6,operating-system-mcqs-kernel-io-subsystems,5,easy,Operating Systems,False,intermediate,0.9516083264020125,0.045268598139695845,0.9516083264020125,0.003123075458291621,False,entropy
47,beginner,7,operating-system-mcqs-multimedia-system-compression-1,9,easy,Operating Systems,False,intermediate,0.9451191742184696,0.05256140769961139,0.9451191742184696,0.0023194180819190347,False,entropy
47,beginner,8,operating-system-mcqs-file-system-interface-protection,8,easy,Operating Systems,True,intermediate,0.9714798278316814,0.017091555567821774,0.9714798278316814,0.011428616600496811,False,entropy
47,beginner,9,operating-system-mcqs-semaphores-1,2,easy,Operating Systems,False,intermediate,0.951592335818834,0.04472280025931281,0.951592335818834,0.0036848639218532426,False,entropy
47,beginner,10,distributed-operating-system-mcqs-network-structure-topology,1,easy,Operating Systems,False,intermediate,0.9611979358513338,0.034823078939641955,0.9611979358513338,0.0039789852090241,False,entropy
47,beginner,11,operating-system-questions-answers,23,easy,Operating Systems,False,intermediate,0.9740190568820017,0.018158068655130418,0.9740190568820017,0.007822874462867821,False,entropy
47,beginner,12,operating-system-mcqs-kernel-io-subsystems,2,easy,Operating Systems,True,intermediate,0.9723907126529221,0.010879858678363228,0.9723907126529221,0.016729428668714727,False,entropy
47,beginner,13,operating-system-questions-answers,39,medium,Operating Systems,True,intermediate,0.9717536390155805,0.01363347863945195,0.9717536390155805,0.014612882344967586,False,entropy
47,beginner,14,operating-system-questions-answers-rtos,5,medium,Operating Systems,False,intermediate,0.9401136166038221,0.05697781482020467,0.9401136166038221,0.002908568575973357,False,entropy
47,beginner,15,operating-system-mcqs-virtual-memory-demand-paging,13,medium,Operating Systems,False,intermediate,0.8912535824785338,0.10763371613438295,0.8912535824785338,0.0011127013870832008,False,entropy
47,beginner,16,operating-system-mcqs-cpu-scheduling-benefits,6,hard,Operating Systems,False,intermediate,0.7786464429037223,0.2209754670978271,0.7786464429037223,0.00037808999845057766,False,entropy
47,beginner,17,operating-system-questions-answers,45,hard,Operating Systems,False,intermediate,0.7147723659464276,0.28500545880928824,0.7147723659464276,0.00022217524428428005,False,entropy
47,beginner,18,operating-system-mcqs-deadlock-detection,10,hard,Operating Systems,False,intermediate,0.5650812099568754,0.4348439844968315,0.5650812099568754,7.480554629314303e-05,False,entropy
47,beginner,19,operating-system-questions-answers-process-synchronization,3,hard,Operating Systems,False,beginner,0.6847496516018937,0.6847496516018937,0.3152383928610114,1.1955537094909878e-05,True,entropy
47,beginner,20,operating-system-mcqs-file-system-allocation-methods-3,9,medium,Operating Systems,True,beginner,0.5713317081867371,0.5713317081867371,0.42862559176612375,4.270004713925406e-05,True,entropy
252,advanced,1,javascript-mcqs-pattern-matching-regular-expressions,15,hard,Java,True,intermediate,0.5981046189331772,5.91432765675948e-06,0.5981046189331772,0.40188946673916587,False,entropy
252,advanced,2,javascript-mcqs-image-map,1,medium,Java,True,advanced,0.9942900471711644,2.0921382129887366e-10,0.005709952619621836,0.9942900471711644,True,entropy
252,advanced,3,javascript-mcqs-blobs,8,hard,Java,True,advanced,0.9667566877275177,4.643291306866143e-09,0.033243307629191074,0.9667566877275177,True,entropy
252,advanced,4,java-questions-answers-experienced,1,hard,Java,False,advanced,0.9856227524435266,3.72726554408146e-09,0.014377243829207756,0.9856227524435266,True,entropy
252,advanced,5,java-mcqs-wildcards,5,hard,Java,False,advanced,0.9789273838251478,1.3236419960269481e-08,0.021072602938432255,0.9789273838251478,True,entropy
252,advanced,6,javascript-mcqs-closures,6,hard,Java,True,advanced,0.9096961271903239,1.5870665324717375e-07,0.09030371410302286,0.9096961271903239,True,entropy
252,advanced,7,java-questions-answers-experienced,6,hard,Java,True,advanced,0.6959295994212082,1.4399307304193968e-06,0.3040689606480612,0.6959295994212082,True,entropy
252,advanced,8,java-mcqs-exception-types,2,hard,Java,False,advanced,0.8957905978588281,2.61702753715864e-07,0.10420914043841824,0.8957905978588281,True,entropy
252,advanced,9,advanced-java-questions-answers-debugging-eclipse,7,hard,Java,True,advanced,0.5193678644600238,5.7788517838524344e-06,0.4806263566881924,0.5193678644600238,True,entropy
252,advanced,10,javascript-mcqs-browser-parsing-rendering-i,10,easy,Java,True,intermediate,0.6224049134003404,7.313102543681231e-05,0.6224049134003404,0.3775219555742227,False,entropy
252,advanced,11,java-questions-answers-file-directory,5,easy,Java,False,intermediate,0.7756146382831667,0.00014189622690452365,0.7756146382831667,0.22424346548992877,False,entropy
252,advanced,12,java-mcqs-java-util-maps,6,medium,Java,False,intermediate,0.8611047431321556,0.00023812583885493888,0.8611047431321556,0.13865713102898958,False,entropy
252,advanced,13,java-mcqs-event-handling-basics,5,hard,Java,True,intermediate,0.8933593192900837,0.0002866009029904752,0.8933593192900837,0.10635407980692578,False,entropy
252,advanced,14,java-mcqs-stringbuffer-methods,5,hard,Java,False,intermediate,0.940578929831507,0.0005974370588798788,0.940578929831507,0.05882363310961316,False,entropy
252,advanced,15,javascript-problems,7,medium,Java,False,intermediate,0.9365110466070131,0.0006208737711530985,0.9365110466070131,0.06286807962183373,False,entropy
252,advanced,16,javascript-mcqs-asynchronous-io-with-rhino,4,easy,Java,True,intermediate,0.7776144701560953,0.00016837337626312188,0.7776144701560953,0.22221715646764162,False,entropy
252,advanced,17,java-mcqs-networking-basics,5,easy,Java,True,intermediate,0.7069148755331306,9.826800459014848e-05,0.7069148755331306,0.2929868564622793,False,entropy
252,advanced,18,javascript-questions-answers,2,easy,Java,True,intermediate,0.6621326968090894,5.635755781772886e-05,0.6621326968090894,0.33781094563309305,False,entropy
252,advanced,19,java-mcqs-double-float-wrappers,5,easy,Java,True,intermediate,0.5933747932891683,3.280414733418161e-05,0.5933747932891683,0.40659240256349755,False,entropy
252,advanced,20,javascript-mcqs-scripting-documents,5,easy,Java,True,advanced,0.5461484336882891,1.3462416351077383e-05,0.4538381038953597,0.5461484336882891,True,entropy
168,intermediate,1,operating-system-mcqs-memory-management-swapping-2,5,easy,Operating Systems,True,advanced,0.8941495724283993,3.719620207613778e-05,0.10581323136952452,0.8941495724283993,False,entropy
168,intermediate,2,operating-system-mcqs-mass-storage-RAID-1,11,easy,Operating Systems,True,advanced,0.8750520291602993,4.615312583865159e-05,0.12490181771386195,0.8750520291602993,False,entropy
168,intermediate,3,operating-system-mcqs-multimedia-system-compression-1,6,easy,Operating Systems,True,advanced,0.9861376395954515,7.182775965490344e-07,0.01386164212695199,0.9861376395954515,False,entropy
168,intermediate,4,operating-system-mcqs-virtual-memory-demand-paging,14,hard,Operating Systems,False,advanced,0.9790955728704879,7.097644324939686e-07,0.020903717365079774,0.9790955728704879,False,entropy
168,intermediate,5,operating-system-mcqs-memory-management-segmentation,7,hard,Operating Systems,False,intermediate,0.8098020479787943,0.003134619885847772,0.8098020479787943,0.18706333213535795,True,entropy
168,intermediate,6,operating-system-questions-answers-io-subsystem,10,medium,Operating Systems,False,intermediate,0.972274364050109,0.016786243504434598,0.972274364050109,0.010939392445456398,True,entropy
168,intermediate,7,operating-system-mcqs-process-control-block,3,easy,Operating Systems,True,intermediate,0.9424127363346494,0.00345915199428626,0.9424127363346494,0.05412811167106425,True,entropy
168,intermediate,8,distributed-operating-system-mcqs-robustness,2,easy,Operating Systems,True,intermediate,0.9105901280373171,0.001486693804144022,0.9105901280373171,0.08792317815853896,True,entropy
168,intermediate,9,operating-system-mcqs-kernel-io-subsystems,5,easy,Operating Systems,True,intermediate,0.8233387709135517,0.000559661805933043,0.8233387709135517,0.17610156728051532,True,entropy
168,intermediate,10,operating-system-mcqs-file-system-interface-protection,8,easy,Operating Systems,True,intermediate,0.8098549569828731,0.0002813743975396301,0.8098549569828731,0.1898636686195872,True,entropy
168,intermediate,11,operating-system-questions-answers-file-system-concepts,7,easy,Operating Systems,True,intermediate,0.7442442033211681,0.00016305657171232534,0.7442442033211681,0.2555927401071195,True,entropy
168,intermediate,12,operating-system-mcqs-multimedia-system-CPU-disk-scheduling,9,easy,Operating Systems,True,intermediate,0.775900754803225,0.00013943285209743047,0.775900754803225,0.22395981234467768,True,entropy
168,intermediate,13,operating-system-mcqs-mass-storage-RAID-1,2,easy,Operating Systems,True,intermediate,0.7398106083645234,0.00010130703891915903,0.7398106083645234,0.2600880845965574,True,entropy
168,intermediate,14,operating-system-mcqs-cpu-scheduling-algorithms-1,11,medium,Operating Systems,False,intermediate,0.7196008230403521,0.00020243253154227442,0.7196008230403521,0.2801967444281056,True,entropy
168,intermediate,15,operating-system-mcqs-security-user-authentication,5,hard,Operating Systems,False,intermediate,0.818830935312071,0.0003838815311821166,0.818830935312071,0.18078518315674683,True,entropy
168,intermediate,16,distributed-operating-system-mcqs-file-system-1,2,hard,Operating Systems,False,intermediate,0.9173683699719857,0.0010124077224925453,0.9173683699719857,0.08161922230552178,True,entropy
168,intermediate,17,operating-system-mcqs-kernel-io-subsystems,10,hard,Operating Systems,False,intermediate,0.9699422563110643,0.0029675694408828296,0.9699422563110643,0.027090174248052774,True,entropy
168,intermediate,18,operating-system-mcqs-protection-revocation-access-rights,1,hard,Operating Systems,True,intermediate,0.9473467184381035,0.0028646302827834602,0.9473467184381035,0.04978865127911307,True,entropy
168,intermediate,19,operating-system-mcqs-process-rpc,8,hard,Operating Systems,False,intermediate,0.9730480931723057,0.00696473307932064,0.9730480931723057,0.019987173748373787,True,entropy
168,intermediate,20,operating-system-mcqs-multi-threading-models,4,hard,Operating Systems,False,intermediate,0.9763017528893302,0.010564112388284941,0.9763017528893302,0.013134134722385019,True,entropy
291,advanced,1,automata-theory-multiple-choice-questions-answers,7,medium,Automata Theory,False,advanced,0.937344931341769,1.7058377819105837e-07,0.06265489807445279,0.937344931341769,True,entropy
291,advanced,2,automata-theory-questions-answers-quiz,3,easy,Automata Theory,True,advanced,0.9506793893848026,3.312175443187184e-06,0.0493172984397542,0.9506793893848026,True,entropy
291,advanced,3,automata-theory-questions-answers-lexical-analysis,4,medium,Automata Theory,False,advanced,0.9355479311213863,3.8072126998162045e-06,0.06444826166591379,0.9355479311213863,True,entropy
291,advanced,4,automata-theory-questions-answers-cfl-substitution-theorem,1,hard,Automata Theory,True,advanced,0.9964871178389696,6.38842388825813e-08,0.0035128182767915936,0.9964871178389696,True,entropy
291,advanced,5,automata-theory-questions-answers-regular-expression-unix,1,medium,Automata Theory,False,advanced,0.9985490681529202,7.873867723667205e-09,0.0014509239732120361,0.9985490681529202,True,entropy
291,advanced,6,automata-theory-questions-answers-aplications-dfa,3,medium,Automata Theory,True,advanced,0.999218463898239,4.1331689101185784e-09,0.0007815319685919936,0.999218463898239,True,entropy
291,advanced,7,automata-theory-assessment-questions-answers,6,medium,Automata Theory,True,advanced,0.9994020903246198,3.2430972277751645e-09,0.0005979064322829017,0.9994020903246198,True,entropy
291,advanced,8,automata-theory-assessment-questions-answers,8,medium,Automata Theory,False,advanced,0.9986229523973441,1.0438695360594195e-08,0.001377037163960529,0.9986229523973441,True,entropy
291,advanced,9,automata-theory-questions-answers-experienced,3,medium,Automata Theory,False,advanced,0.9984069151675047,9.817616339801278e-09,0.001593075014878937,0.9984069151675047,True,entropy
291,advanced,10,automata-theory-questions-answers-ambiguous-grammar,2,medium,Automata Theory,True,advanced,0.999506150342032,1.5650252488302298e-09,0.0004938480929427085,0.999506150342032,True,entropy
291,advanced,11,automata-theory-questions-answers-non-deterministic-finite-automata-introduction,5,medium,Automata Theory,True,advanced,0.9995097455730951,1.804355495894097e-09,0.000490252622549267,0.9995097455730951,True,entropy
291,advanced,12,automata-theory-questions-answers-simulation-turing-machine,7,medium,Automata Theory,False,advanced,0.9993099343530083,3.2095068210816316e-09,0.0006900624374848905,0.9993099343530083,True,entropy
291,advanced,13,automata-theory-questions-answers-sentential-forms,10,hard,Automata Theory,True,advanced,0.9986677392036168,1.2388966681248046e-08,0.0013322484074165114,0.9986677392036168,True,entropy
291,advanced,14,automata-theory-questions-answers-dfa-processing-strings,7,hard,Automata Theory,True,advanced,0.9977974122915115,3.3220144730469265e-08,0.0022025544883435325,0.9977974122915115,True,entropy
291,advanced,15,automata-theory-questions-answers-dpda-ambiguous-grammars,7,hard,Automata Theory,False,advanced,0.9899269239136573,3.4480046424029484e-07,0.010072731285878319,0.9899269239136573,True,entropy
291,advanced,16,automata-theory-interview-questions-answers-experienced,7,hard,Automata Theory,True,advanced,0.9903819217216858,3.731010062362274e-07,0.00961770517730786,0.9903819217216858,True,entropy
291,advanced,17,automata-theory-questions-answers-mealy-machine-1,1,hard,Automata Theory,True,advanced,0.984624876438409,9.631133182279977e-07,0.015374160448272839,0.984624876438409,True,entropy
291,advanced,18,automata-theory-questions-answers-dfa-processing-strings,3,hard,Automata Theory,True,advanced,0.9813701100051647,1.4876963515416326e-06,0.01862840229848386,0.9813701100051647,True,entropy
291,advanced,19,automata-theory-questions-answers-deterministic-pda,8,hard,Automata Theory,True,advanced,0.9796798130652187,1.7724905988933133e-06,0.020318414444182385,0.9796798130652187,True,entropy
291,advanced,20,automata-theory-questions-answers-aptitude-test,9,hard,Automata Theory,False,advanced,0.9742654449896656,2.9236977762822674e-06,0.025731631312558182,0.9742654449896656,True,entropy
287,advanced,1,javascript-mcqs-validation,2,medium,Java,False,advanced,0.9999996448489303,7.533216982856007e-15,3.5515106209237295e-07,0.9999996448489303,True,entropy
287,advanced,2,advanced-java-questions-answers-debugging-eclipse,6,easy,Java,True,advanced,0.9959578636307506,2.911727316435976e-08,0.004042107251976406,0.9959578636307506,True,entropy
287,advanced,3,java-mcqs-core-java-api-packages,3,medium,Java,False,advanced,0.9909610177167384,4.776277169635043e-07,0.009038504655544575,0.9909610177167384,True,entropy
287,advanced,4,javascript-mcqs-closures,10,hard,Java,False,advanced,0.9878714456878613,4.7320403423593854e-07,0.01212808110810445,0.9878714456878613,True,entropy
287,advanced,5,java-questions-answers-data-type-enums,7,hard,Java,False,advanced,0.9375237264178223,1.2279385483502604e-05,0.0624639941966942,0.9375237264178223,True,entropy
287,advanced,6,javascript-mcqs-types-values-variables,10,hard,Java,False,advanced,0.8729229590109909,5.376425377258213e-05,0.12702327673523658,0.8729229590109909,True,entropy
287,advanced,7,java-mcqs-reading-console-input,3,medium,Java,False,advanced,0.9632325579006507,5.018713716432417e-06,0.0367624233856328,0.9632325579006507,True,entropy
287,advanced,8,hadoop-questions-answers-java-interface,8,hard,Java,True,advanced,0.8368743093707707,7.009129020848604e-05,0.16305559933902075,0.8368743093707707,True,entropy
287,advanced,9,java-questions-answers-serialization,7,medium,Java,False,advanced,0.9571233863061632,6.280388764959447e-06,0.042870333305071805,0.9571233863061632,True,entropy
287,advanced,10,java-mcqs-remote-method-invocation,6,medium,Java,False,advanced,0.9584223480032463,5.563778787875764e-06,0.04157208821796585,0.9584223480032463,True,entropy
287,advanced,11,javascript-interview-questions-answers,4,medium,Java,False,advanced,0.9816261745695222,1.2308817888588075e-06,0.01837259454868903,0.9816261745695222,True,entropy
287,advanced,12,advanced-java-questions-answers-design-patterns,6,medium,Java,False,advanced,0.9777243608414984,1.7040308750516563e-06,0.022273935127626494,0.9777243608414984,True,entropy
287,advanced,13,javascript-mcqs-scripted-http,6,medium,Java,False,advanced,0.9730738326917872,2.536440070694567e-06,0.02692363086814203,0.9730738326917872,True,entropy
287,advanced,14,javascript-mcqs-html-api,4,medium,Java,False,advanced,0.9839983011523525,1.0580301320322805e-06,0.01600064081751536,0.9839983011523525,True,entropy
287,advanced,15,javascript-questions-answers-experienced,6,medium,Java,False,advanced,0.988005193210796,6.204130371514351e-07,0.011994186376166753,0.988005193210796,True,entropy
287,advanced,16,javascript-mcqs-error-handling-i,3,hard,Java,False,advanced,0.9697041227337257,2.880378173251549e-06,0.030292996888101064,0.9697041227337257,True,entropy
287,advanced,17,java-questions-answers-online-quiz,7,hard,Java,True,advanced,0.9892201076186538,5.666514042229965e-07,0.010779325729942002,0.9892201076186538,True,entropy
287,advanced,18,javascript-mcqs-scripted-media,13,hard,Java,False,advanced,0.9848726021012599,1.2030271798419772e-06,0.015126194871560323,0.9848726021012599,True,entropy
287,advanced,19,javascript-mcqs-web-workers,3,hard,Java,True,advanced,0.9851400521971919,1.0223716406938542e-06,0.014858925431167434,0.9851400521971919,True,entropy
287,advanced,20,javascript-questions-answers-entrance-exams,2,hard,Java,False,advanced,0.9829687871025007,1.3397730010764533e-06,0.017029873124498208,0.9829687871025007,True,entropy
152,intermediate,1,automata-theory-questions-answers-experienced,8,hard,Automata Theory,False,beginner,0.9999216913960549,0.9999216913960549,7.83086039439418e-05,1.0219657908260507e-15,False,entropy
152,intermediate,2,automata-theory-questions-answers-multitape-turing-machine,8,easy,Automata Theory,True,beginner,0.9137704188602096,0.9137704188602096,0.08622905053834606,5.30601444345693e-07,False,entropy
152,intermediate,3,automata-theory-questions-answers-regular-languages-dpda,8,hard,Automata Theory,False,beginner,0.9327733982914604,0.9327733982914604,0.06722641177920476,1.8992933466879075e-07,False,entropy
152,intermediate,4,automata-theory-questions-answers-pumping-lemma-regular-language,6,medium,Automata Theory,True,intermediate,0.8190990120588338,0.1806919574289008,0.8190990120588338,0.00020903051226538522,True,entropy
152,intermediate,5,automata-theory-questions-answers-simulation-turing-machine,5,hard,Automata Theory,False,beginner,0.7248893277640794,0.7248893277640794,0.27510807150509187,2.6007308286830706e-06,False,entropy
152,intermediate,6,automata-theory-questions-answers-freshers,3,hard,Automata Theory,True,beginner,0.8553927550757665,0.8553927550757665,0.14460587031982353,1.3746044099684468e-06,False,entropy
152,intermediate,7,automata-theory-questions-answers-moore-machine,6,hard,Automata Theory,True,beginner,0.9780606397852536,0.9780606397852536,0.021939324820956053,3.539379039228955e-08,False,entropy
152,intermediate,8,automata-theory-questions-answers-mealy-machine-1,9,easy,Automata Theory,False,beginner,0.9188720972941408,0.9188720972941408,0.08112758647549322,3.162303660344586e-07,False,entropy
152,intermediate,9,automata-theory-questions-answers-freshers,4,medium,Automata Theory,True,beginner,0.9119009027476336,0.9119009027476336,0.08809864040919511,4.5684317129642386e-07,False,entropy
152,intermediate,10,automata-theory-assessment-questions-answers,6,medium,Automata Theory,True,beginner,0.838511975671744,0.838511975671744,0.16148650913423818,1.5151940178358933e-06,False,entropy
152,intermediate,11,automata-theory-questions-answers-regular-languages-dpda,3,medium,Automata Theory,False,beginner,0.8516691246113103,0.8516691246113103,0.14832990537834512,9.700103445296502e-07,False,entropy
152,intermediate,12,automata-theory-questions-answers-simulation-turing-machine,10,medium,Automata Theory,True,beginner,0.8047779386539254,0.8047779386539254,0.19521999923864825,2.062107426321167e-06,False,entropy
152,intermediate,13,automata-theory-questions-answers-pda-acceptance-empty-stack,5,medium,Automata Theory,False,beginner,0.7106954033170011,0.7106954033170011,0.2893003480332416,4.24864975722032e-06,False,entropy
152,intermediate,14,automata-theory-questions-answers-experienced,5,easy,Automata Theory,True,intermediate,0.5513623082490106,0.4486024991116109,0.5513623082490106,3.519263937858486e-05,True,entropy
152,intermediate,15,automata-theory-questions-answers-dfa-processing-strings,7,hard,Automata Theory,False,intermediate,0.5410811583800322,0.458893903662979,0.5410811583800322,2.4937956988790918e-05,True,entropy
152,intermediate,16,automata-theory-interview-questions-answers-experienced,7,hard,Automata Theory,True,intermediate,0.5780049301154869,0.42194180070664977,0.5780049301154869,5.326917786339833e-05,True,entropy
152,intermediate,17,automata-theory-questions-answers-online-quiz,1,hard,Automata Theory,False,intermediate,0.5170323082641894,0.4829394812665078,0.5170323082641894,2.821046930269042e-05,True,entropy
152,intermediate,18,automata-theory-interview-questions-answers-experienced,8,hard,Automata Theory,True,beginner,0.5292143595883451,0.5292143595883451,0.4707583050411525,2.7335370502358328e-05,False,entropy
152,intermediate,19,automata-theory-interview-questions-answers,10,hard,Automata Theory,False,beginner,0.6128240784203427,0.6128240784203427,0.3871635963022702,1.2325277387184658e-05,False,entropy
152,intermediate,20,automata-theory-questions-answers-the-language-dfa,1,easy,Automata Theory,True,intermediate,0.5411324462508919,0.45881864537469724,0.5411324462508919,4.8908374410939616e-05,True,entropy
137,intermediate,1,tricky-discrete-mathematics-questions-answers,7,medium,Discrete Mathematics,True,advanced,0.585483114425596,4.0585043926524644e-06,0.4145128270700114,0.585483114425596,False,entropy
137,intermediate,2,discrete-mathematics-questions-answers-generating-functions,3,medium,Discrete Mathematics,True,advanced,0.7175189745319065,1.5599669460407686e-06,0.2824794655011474,0.7175189745319065,False,entropy
137,intermediate,3,discrete-mathematics-questions-answers-tree-traversal,9,medium,Discrete Mathematics,True,advanced,0.5447773752393632,4.1625890031425546e-06,0.4552184621716337,0.5447773752393632,False,entropy
137,intermediate,4,discrete-mathematics-questions-answers-cryptography-decryption,10,hard,Discrete Mathematics,True,intermediate,0.5128192601503007,1.115165517119151e-05,0.5128192601503007,0.48716958819452827,True,entropy
137,intermediate,5,discrete-mathematics-questions-answers-circular-permutations,4,medium,Discrete Mathematics,False,intermediate,0.5102619503976235,2.797952706517582e-05,0.5102619503976235,0.4897100700753114,True,entropy
137,intermediate,6,discrete-mathematics-questions-answers-closure-relations,1,medium,Discrete Mathematics,False,intermediate,0.7567792792441554,0.00016845216256850958,0.7567792792441554,0.24305226859327606,True,entropy
137,intermediate,7,discrete-mathematics-questions-answers-prime-numbers,1,easy,Discrete Mathematics,True,intermediate,0.8008912039381528,0.0015256277423214212,0.8008912039381528,0.19758316831952574,True,entropy
137,intermediate,8,discrete-mathematics-questions-answers-prime-numbers,8,easy,Discrete Mathematics,False,intermediate,0.9217671549460504,0.0021002653786406497,0.9217671549460504,0.07613257967530884,True,entropy
137,intermediate,9,discrete-mathematics-interview-questions-answers-experienced,5,hard,Discrete Mathematics,False,intermediate,0.9825966998479487,0.005892436297941394,0.9825966998479487,0.011510863854109918,True,entropy
137,intermediate,10,discrete-mathematics-questions-answers-multiplication-theorem-probability,2,medium,Discrete Mathematics,True,intermediate,0.9759014478666479,0.0029948381395258398,0.9759014478666479,0.021103713993826233,True,entropy
137,intermediate,11,discrete-mathematics-questions-answers-online-test,5,medium,Discrete Mathematics,True,intermediate,0.9693156070431862,0.0018499174941832188,0.9693156070431862,0.028834475462630543,True,entropy
137,intermediate,12,discrete-mathematics-questions-answers-group-axioms,4,medium,Discrete Mathematics,False,intermediate,0.9596297984405955,0.0017057641894732767,0.9596297984405955,0.03866443736993116,True,entropy
137,intermediate,13,discrete-mathematics-basic-questions-answers,7,medium,Discrete Mathematics,True,intermediate,0.9656047034972413,0.0017441706887045653,0.9656047034972413,0.0326511258140542,True,entropy
137,intermediate,14,discrete-mathematics-questions-answers-graphs-properties,8,medium,Discrete Mathematics,True,intermediate,0.9859753608326833,0.004690257340148554,0.9859753608326833,0.00933438182716816,True,entropy
137,intermediate,15,discrete-mathematics-questions-answers-set-types,7,hard,Discrete Mathematics,True,intermediate,0.9857399181577485,0.0062712224396631235,0.9857399181577485,0.007988859402588401,True,entropy
137,intermediate,16,discrete-mathematics-questions-answers-quiz,4,hard,Discrete Mathematics,False,intermediate,0.983109229161924,0.01250066896288578,0.983109229161924,0.004390101875190282,True,entropy
137,intermediate,17,discrete-mathematics-questions-answers-generating-functions,10,hard,Discrete Mathematics,False,intermediate,0.9823697545992064,0.014435049038392538,0.9823697545992064,0.003195196362401121,True,entropy
137,intermediate,18,discrete-mathematics-questions-answers-logic-bit-operations,10,hard,Discrete Mathematics,False,intermediate,0.970997287548189,0.027708628421357132,0.970997287548189,0.0012940840304538897,True,entropy
137,intermediate,19,discrete-mathematics-questions-answers-interconversion-gates,7,hard,Discrete Mathematics,False,intermediate,0.9157135348417111,0.08397861360841383,0.9157135348417111,0.00030785154987496375,True,entropy
137,intermediate,20,discrete-mathematics-questions-answers-subgroups,3,hard,Discrete Mathematics,True,intermediate,0.9046109283040425,0.09502822173275516,0.9046109283040425,0.0003608499632023133,True,entropy
33,beginner,1,python-interview-questions-answers-experienced,9,easy,Python,False,intermediate,0.6782831295841337,0.009915747833412343,0.6782831295841337,0.31180112258245396,False,entropy
33,beginner,2,python-questions-answers-inheritance-1,12,hard,Python,False,beginner,0.9993332507813272,0.9993332507813272,0.0006667491912439875,2.7428896006079343e-11,True,entropy
33,beginner,3,python-questions-answers-datetime-module-2,2,hard,Python,False,beginner,0.9980811016354483,0.9980811016354483,0.0019188980881995842,2.763521894470589e-10,True,entropy
33,beginner,4,1000-python-questions-answers,35,hard,Python,False,beginner,0.9994808003494636,0.9994808003494636,0.0005191996365196443,1.401680393562939e-11,True,entropy
33,beginner,5,python-questions-answers-turtle-module-3,3,hard,Python,False,beginner,0.9999219506037237,0.9999219506037237,7.804939605755575e-05,2.187983581609104e-13,True,entropy
33,beginner,6,python-interview-questions-answers,4,hard,Python,False,beginner,0.9999357840123262,0.9999357840123262,6.421598751733084e-05,1.5651516923648786e-13,True,entropy
33,beginner,7,python-questions-answers-sets-2,7,hard,Python,True,beginner,0.999967483889043,0.999967483889043,3.251611088159369e-05,7.539227365561136e-14,True,entropy
33,beginner,8,python-mcqs-files-1,4,hard,Python,False,beginner,0.9999216726577214,0.9999216726577214,7.83273418310518e-05,4.4751320501409625e-13,True,entropy
33,beginner,9,python-questions-answers-built-in-functions-3,2,hard,Python,False,beginner,0.9999744061883074,0.9999744061883074,2.559381165737358e-05,3.53958700194846e-14,True,entropy
33,beginner,10,python-questions-answers-lists-6,10,hard,Python,True,beginner,0.9999896610778686,0.9999896610778686,1.033892212564875e-05,5.724048159917267e-15,True,entropy
33,beginner,11,python-questions-answers-modules,10,hard,Python,False,beginner,0.9999910292840763,0.9999910292840763,8.97071591960599e-06,4.105171745005512e-15,True,entropy
33,beginner,12,python-questions-answers-encapsulation,1,easy,Python,False,beginner,0.9999605945728135,0.9999605945728135,3.940542709704351e-05,8.942711193286115e-14,True,entropy
33,beginner,13,python-mcqs-lists-1,5,easy,Python,False,beginner,0.9999143378951301,0.9999143378951301,8.566210444280513e-05,4.270680074457943e-13,True,entropy
33,beginner,14,1000-python-questions-answers,21,easy,Python,False,beginner,0.9997675635781398,0.9997675635781398,0.00023243641867339758,3.1867716919041018e-12,True,entropy
33,beginner,15,python-mcqs-basic-operators,7,easy,Python,False,beginner,0.9990875601878093,0.9990875601878093,0.0009124397554655322,5.6725112506211564e-11,True,entropy
33,beginner,16,python-questions-answers-list-comprehension-2,6,easy,Python,False,beginner,0.9981392977705738,0.9981392977705738,0.0018607019649150563,2.6451108274953585e-10,True,entropy
33,beginner,17,python-mcqs-basic-operators,2,easy,Python,False,beginner,0.9963135168227005,0.9963135168227005,0.0036864820855571625,1.091742339297803e-09,True,entropy
33,beginner,18,python-mcqs-strings-1,5,easy,Python,False,beginner,0.9945263652656623,0.9945263652656623,0.005473632681322907,2.053014843620079e-09,True,entropy
33,beginner,19,python-exam-questions-answers,5,easy,Python,False,beginner,0.9880559028874047,0.9880559028874047,0.01194408651893454,1.05936606783598e-08,True,entropy
33,beginner,20,python-questions-answers-inheritance-1,7,easy,Python,True,beginner,0.9772264509361857,0.9772264509361857,0.022773470076288486,7.898752597791837e-08,True,entropy
95,beginner,1,data-structure-questions-answers-preorder-traversal,7,medium,Data Structures,True,beginner,0.9994149487496773,0.9994149487496773,0.0005850512499812899,3.415558824269411e-13,True,entropy
95,beginner,2,data-structure-questions-answers-edit-distance-problem,1,medium,Data Structures,False,beginner,0.9999987290512903,0.9999987290512903,1.2709487096342866e-06,1.5629178098406544e-18,True,entropy
95,beginner,3,data-structure-questions-answers-incidence-matrix-graph-structured-stack,5,medium,Data Structures,True,beginner,0.9998777274958681,0.9998777274958681,0.0001222725041059431,2.593121296925744e-14,True,entropy
95,beginner,4,data-structure-questions-answers-threaded-binary-tree,2,easy,Data Structures,False,beginner,0.9998868448788965,0.9998868448788965,0.00011315512106701829,3.633948222058406e-14,True,entropy
95,beginner,5,data-structure-questions-answers-weight-balanced-tree,4,medium,Data Structures,True,beginner,0.9998344947158818,0.9998344947158818,0.0001655052840298722,8.828704715371287e-14,True,entropy
95,beginner,6,data-structure-questions-answers-bubble-sort,3,medium,Data Structures,True,beginner,0.9999097310348055,0.9999097310348055,9.026896516692937e-05,2.75486427641326e-14,True,entropy
95,beginner,7,data-structure-questions-answers-longest-palindromic-subsequence,1,medium,Data Structures,False,beginner,0.9999547093966595,0.9999547093966595,4.529060333247545e-05,8.088196383083657e-15,True,entropy
95,beginner,8,data-structure-questions-answers-double-ended-queue,8,medium,Data Structures,True,beginner,0.9999541140932096,0.9999541140932096,4.588590677835726e-05,1.1966541955971268e-14,True,entropy
95,beginner,9,data-structure-questions-answers-longest-common-subsequence,3,medium,Data Structures,False,beginner,0.9999699692783569,0.9999699692783569,3.003072163795905e-05,4.996473146386784e-15,True,entropy
95,beginner,10,data-structure-questions-answers-graph,13,medium,Data Structures,False,beginner,0.9999453728378535,0.9999453728378535,5.462716212803163e-05,1.8340300481558426e-14,True,entropy
95,beginner,11,data-structure-questions-answers-binary-trees-array,10,medium,Data Structures,True,beginner,0.9998715681453395,0.9998715681453395,0.00012843185454800436,1.1262870390917086e-13,True,entropy
95,beginner,12,data-structure-questions-answers-towers-hanoi,5,easy,Data Structures,True,beginner,0.9989487344132963,0.9989487344132963,0.0010512655670989097,1.9604744130080007e-11,True,entropy
95,beginner,13,data-structure-questions-answers-evaluation-infix-expression-not-parenthesized,7,easy,Data Structures,False,beginner,0.9991710206882118,0.9991710206882118,0.000828979300685504,1.1102500482947219e-11,True,entropy
95,beginner,14,data-structure-questions-answers-generating-partitions,7,easy,Data Structures,True,beginner,0.9989049021647258,0.9989049021647258,0.0010950978121645615,2.310953278170188e-11,True,entropy
95,beginner,15,data-structure-questions-answers-fibonacci-search,6,easy,Data Structures,True,beginner,0.9973583703692289,0.9973583703692289,0.002641629471958653,1.5881250425824588e-10,True,entropy
95,beginner,16,data-structure-questions-answers-binary-search-tree,7,easy,Data Structures,False,beginner,0.9970312204520166,0.9970312204520166,0.002968779347029092,2.0095413045762838e-10,True,entropy
95,beginner,17,data-structure-questions-answers-balanced-partition,10,easy,Data Structures,True,beginner,0.9902948311301545,0.9902948311301545,0.009705166124625922,2.745219558022388e-09,True,entropy
95,beginner,18,data-structure-questions-answers-evaluation-infix-expression-not-parenthesized,3,easy,Data Structures,True,beginner,0.9860962172594943,0.9860962172594943,0.013903777453493204,5.2870125428039384e-09,True,entropy
95,beginner,19,data-structure-questions-answers-stack-using-queues,2,easy,Data Structures,False,beginner,0.9838803200395999,0.9838803200395999,0.016119671849545714,8.110854280827712e-09,True,entropy
95,beginner,20,java-questions-answers-data-structures-hashmap,6,easy,Data Structures,True,beginner,0.9811872920432367,0.9811872920432367,0.018812696209460487,1.1747302932517525e-08,True,entropy
174,intermediate,1,data-structure-questions-answers-kadanes-algorithm,2,hard,Data Structures,False,intermediate,0.9658035163118771,0.012399910255401927,0.9658035163118771,0.02179657343272095,True,entropy
174,intermediate,2,data-structure-questions-answers-single-linked-lists,5,hard,Data Structures,False,intermediate,0.9485276829605503,0.04780455655984296,0.9485276829605503,0.003667760479606811,True,entropy
174,intermediate,3,data-structure-questions-answers-bit-array,6,hard,Data Structures,False,intermediate,0.9653059654987464,0.010180569464121152,0.9653059654987464,0.02451346503713253,True,entropy
174,intermediate,4,data-structure-questions-answers-towers-hanoi,5,easy,Data Structures,True,intermediate,0.91036780718774,0.02416699975756414,0.91036780718774,0.0654651930546959,True,entropy
174,intermediate,5,data-structure-questions-answers-evaluation-infix-expression-not-parenthesized,7,easy,Data Structures,True,intermediate,0.8158537516987326,0.007023114873885014,0.8158537516987326,0.1771231334273824,True,entropy
174,intermediate,6,data-structure-questions-answers-skip-list,8,medium,Data Structures,True,intermediate,0.9559236753765558,0.030634978925777913,0.9559236753765558,0.013441345697666389,True,entropy
174,intermediate,7,data-structure-interview-questions-answers-freshers,3,easy,Data Structures,True,intermediate,0.9509012911653548,0.0102532104763423,0.9509012911653548,0.0388454983583029,True,entropy
174,intermediate,8,data-structure-questions-answers-fibonacci-search,8,medium,Data Structures,True,intermediate,0.9600365033315084,0.021705058820061414,0.9600365033315084,0.018258437848430294,True,entropy
174,intermediate,9,data-structure-questions-answers-graph,4,easy,Data Structures,True,intermediate,0.9118255855064276,0.0044885041060145165,0.9118255855064276,0.08368591038755788,True,entropy
174,intermediate,10,data-structure-questions-answers-undirected-graph,4,medium,Data Structures,False,intermediate,0.9511719967384655,0.027500245588586842,0.9511719967384655,0.02132775767294768,True,entropy
174,intermediate,11,data-structure-questions-answers-stack-array,3,easy,Data Structures,True,intermediate,0.9369769339764771,0.011218480300997964,0.9369769339764771,0.05180458572252494,True,entropy
174,intermediate,12,data-structure-questions-answers-minimum-number-jumps,4,easy,Data Structures,False,intermediate,0.9471756371998512,0.008316146869586517,0.9471756371998512,0.044508215930562256,True,entropy
174,intermediate,13,data-structure-questions-answers-longest-palindromic-subsequence,4,easy,Data Structures,True,intermediate,0.900854420434427,0.003917072364405105,0.900854420434427,0.09522850720116796,True,entropy
174,intermediate,14,data-structure-questions-answers-balanced-partition,10,easy,Data Structures,False,intermediate,0.8940582382143824,0.003584287885148859,0.8940582382143824,0.10235747390046886,True,entropy
174,intermediate,15,java-questions-answers-data-structures-hashmap,6,easy,Data Structures,True,intermediate,0.8249893826429597,0.0019697123408463305,0.8249893826429597,0.17304090501619382,True,entropy
174,intermediate,16,data-structure-questions-answers-directed-acyclic-graph,4,easy,Data Structures,False,intermediate,0.8498885586191416,0.0020409435488641507,0.8498885586191416,0.14807049783199433,True,entropy
174,intermediate,17,data-structure-questions-answers-stack-operations,5,medium,Data Structures,True,intermediate,0.796995363002407,0.001414271287724697,0.796995363002407,0.20159036570986819,True,entropy
174,intermediate,18,data-structure-interview-questions-answers-freshers,2,medium,Data Structures,True,intermediate,0.7270060407162264,0.0009395521456907675,0.7270060407162264,0.2720544071380829,True,entropy
174,intermediate,19,data-structure-questions-answers-heap,7,medium,Data Structures,True,intermediate,0.8303952333737257,0.0017206609052515102,0.8303952333737257,0.16788410572102289,True,entropy
174,intermediate,20,data-structure-questions-answers-hash-tables,8,medium,Data Structures,False,intermediate,0.874474327211179,0.0027506584166654673,0.874474327211179,0.12277501437215561,True,entropy
229,advanced,1,automata-theory-questions-answers-polynomial-space-turing-machine,4,easy,Automata Theory,True,advanced,0.9997887384364484,2.337350034250745e-09,0.00021125922620143363,0.9997887384364484,True,entropy
229,advanced,2,automata-theory-mcqs-regular-language-expression-2,9,easy,Automata Theory,True,advanced,0.999149695359741,2.607021007893768e-08,0.0008502785700490379,0.999149695359741,True,entropy
229,advanced,3,automata-theory-questions-answers-experienced,5,easy,Automata Theory,True,advanced,0.9996523017304594,4.694313530285215e-09,0.000347693575227041,0.9996523017304594,True,entropy
229,advanced,4,automata-theory-questions-answers-the-language-nfa,10,hard,Automata Theory,True,advanced,0.9999415221510746,2.845216787770293e-10,5.847756440363908e-05,0.9999415221510746,True,entropy
229,advanced,5,automata-theory-questions-answers-regular-expression-introduction,8,medium,Automata Theory,True,advanced,0.9999918012727794,2.414308801623019e-12,8.198724806305144e-06,0.9999918012727794,True,entropy
229,advanced,6,automata-theory-questions-answers-extended-transition-function,10,easy,Automata Theory,True,advanced,0.9999920652537366,2.2605091062132306e-12,7.934744002786236e-06,0.9999920652537366,True,entropy
229,advanced,7,automata-theory-questions-answers-test,11,easy,Automata Theory,True,advanced,0.9999916940377968,2.159752553993918e-12,8.305960043446006e-06,0.9999916940377968,True,entropy
229,advanced,8,automata-theory-questions-answers-online-test,4,easy,Automata Theory,True,advanced,0.9999901783727729,1.9984665549840093e-12,9.821625228646821e-06,0.9999901783727729,True,entropy
229,advanced,9,automata-theory-mcqs-union-intersection-complement,12,easy,Automata Theory,True,advanced,0.9999914361045474,1.4137585740827845e-12,8.563894038697793e-06,0.9999914361045474,True,entropy
229,advanced,10,automata-theory-mcqs-finite-automata,3,easy,Automata Theory,True,advanced,0.9999956780096535,3.800684923186287e-13,4.3219899663859875e-06,0.9999956780096535,True,entropy
229,advanced,11,automata-theory-mcqs-finite-automata,9,easy,Automata Theory,True,advanced,0.9999958984476616,3.138454613959493e-13,4.101552024669868e-06,0.9999958984476616,True,entropy
229,advanced,12,automata-theory-questions-answers-mcqs,7,easy,Automata Theory,True,advanced,0.9999957344488104,3.0052072090398485e-13,4.265550889228893e-06,0.9999957344488104,True,entropy
229,advanced,13,automata-theory-questions-answers-quiz,12,medium,Automata Theory,False,advanced,0.9999620721465046,3.001673621079777e-11,3.792782347881626e-05,0.9999620721465046,True,entropy
229,advanced,14,automata-theory-questions-answers-yacc-parser-generator,3,medium,Automata Theory,True,advanced,0.9999713739991591,1.9046419082845682e-11,2.862598179449995e-05,0.9999713739991591,True,entropy
229,advanced,15,automata-theory-questions-answers-equivalence-one-tape-multitape-turing-machine,10,medium,Automata Theory,False,advanced,0.9999062827246381,1.257900112727663e-10,9.371714957173909e-05,0.9999062827246381,True,entropy
229,advanced,16,automata-theory-questions-answers-ambiguous-grammar,4,medium,Automata Theory,False,advanced,0.9998644629238275,1.8477921119635112e-10,0.00013553689139336468,0.9998644629238275,True,entropy
229,advanced,17,automata-theory-questions-answers-pda-acceptance-empty-stack,5,medium,Automata Theory,True,advanced,0.9999143855156689,8.757756772234083e-11,8.56143967536657e-05,0.9999143855156689,True,entropy
229,advanced,18,automata-theory-questions-answers-mealy-machine,4,medium,Automata Theory,True,advanced,0.9998537693111115,2.4443968774392816e-10,0.00014623044444900024,0.9998537693111115,True,entropy
229,advanced,19,automata-theory-interview-questions-answers,4,medium,Automata Theory,True,advanced,0.9998367767038052,2.959050367814103e-10,0.00016322300028975123,0.9998367767038052,True,entropy
229,advanced,20,automata-theory-questions-answers-reversal-homomorphism-inverse-homomorphism,7,medium,Automata Theory,False,advanced,0.9997960933614509,4.732129156301938e-10,0.00020390616533626942,0.9997960933614509,True,entropy
101,intermediate,1,operating-system-questions-answers,49,easy,Operating Systems,False,advanced,0.9993621801240284,2.7441882033473975e-08,0.0006377924340895546,0.9993621801240284,False,entropy
101,intermediate,2,operating-system-mcqs-multimedia-system-compression-1,6,easy,Operating Systems,True,advanced,0.9420342104774322,3.351216308964813e-05,0.05793227735947801,0.9420342104774322,False,entropy
101,intermediate,3,operating-system-mcqs-file-system-interface-access-methods-1,6,medium,Operating Systems,False,intermediate,0.8358553942932925,0.00783752051900892,0.8358553942932925,0.15630708518769862,True,entropy
101,intermediate,4,operating-system-mcqs-deadlock-recovery,2,hard,Operating Systems,False,intermediate,0.9523571671738502,0.016695074372902508,0.9523571671738502,0.030947758453247362,True,entropy
101,intermediate,5,distributed-operating-system-mcqs-robustness,2,easy,Operating Systems,True,intermediate,0.7149486878049314,0.001300020885137227,0.7149486878049314,0.2837512913099313,True,entropy
101,intermediate,6,operating-system-mcqs-virtual-memory-demand-paging,12,easy,Operating Systems,False,intermediate,0.6471958669762652,0.0006697592165666415,0.6471958669762652,0.3521343738071683,True,entropy
101,intermediate,7,operating-system-mcqs-memory-management-segmentation,11,hard,Operating Systems,True,advanced,0.6064501401265967,0.00035900359595788926,0.3931908562774453,0.6064501401265967,False,entropy
101,intermediate,8,operating-system-questions-answers-file-system-concepts,1,medium,Operating Systems,False,intermediate,0.5229871374525006,0.0005647685858492538,0.5229871374525006,0.47644809396165017,True,entropy
101,intermediate,9,operating-system-mcqs-process-structures,1,medium,Operating Systems,False,advanced,0.5509506935551632,0.00038888467564121484,0.44866042176919557,0.5509506935551632,False,entropy
101,intermediate,10,operating-system-mcqs-memory-management-swapping-1,2,medium,Operating Systems,False,advanced,0.764801630458723,9.875425510794955e-05,0.2350996152861692,0.764801630458723,False,entropy
101,intermediate,11,operating-system-mcqs-virtual-memory-demand-paging,13,medium,Operating Systems,False,advanced,0.5295270182027934,0.0004972278402392468,0.46997575395696733,0.5295270182027934,False,entropy
101,intermediate,12,distributed-operating-system-mcqs-file-system-1,7,medium,Operating Systems,True,advanced,0.6069049825658982,0.00040373522268741745,0.39269128221141436,0.6069049825658982,False,entropy
101,intermediate,13,operating-system-mcqs-multimedia-system-network-management,1,medium,Operating Systems,False,intermediate,0.6950425578147427,0.002301138257354028,0.6950425578147427,0.3026563039279034,True,entropy
101,intermediate,14,operating-system-mcqs-virtual-memory-page-replacement-algorithms-2,10,hard,Operating Systems,False,intermediate,0.9383117868591924,0.014378410572226738,0.9383117868591924,0.04730980256858095,True,entropy
101,intermediate,15,operating-system-questions-answers-linux,8,easy,Operating Systems,False,intermediate,0.9353902552782339,0.010140270863555555,0.9353902552782339,0.054469473858210556,True,entropy
101,intermediate,16,operating-system-mcqs-memory-management-swapping-2,5,easy,Operating Systems,True,intermediate,0.8489094820673073,0.004318991785483506,0.8489094820673073,0.14677152614720926,True,entropy
101,intermediate,17,operating-system-mcqs-process-creation,5,easy,Operating Systems,False,intermediate,0.848044088707086,0.004086561412912211,0.848044088707086,0.14786934988000178,True,entropy
101,intermediate,18,operating-system-mcqs-file-system-interface-access-methods-1,2,easy,Operating Systems,False,intermediate,0.8509804656908809,0.003839997515646793,0.8509804656908809,0.14517953679347223,True,entropy
101,intermediate,19,operating-system-mcqs-deadlock-avoidance,10,hard,Operating Systems,True,intermediate,0.8867955409274016,0.007165221884065098,0.8867955409274016,0.10603923718853334,True,entropy
101,intermediate,20,operating-system-mcqs-atomic-transactions,15,hard,Operating Systems,False,intermediate,0.9461444912007358,0.02144056214564933,0.9461444912007358,0.03241494665361483,True,entropy
237,advanced,1,data-structure-questions-answers-edit-distance-problem,1,medium,Data Structures,True,advanced,0.845830266068295,2.5234530225304215e-06,0.15416721047868243,0.845830266068295,True,entropy
237,advanced,2,data-structure-questions-answers-reverse-word-stack,8,medium,Data Structures,True,advanced,0.9228613316048621,6.099165433662466e-07,0.07713805847859465,0.9228613316048621,True,entropy
237,advanced,3,disjoint-set-data-structure-multiple-choice-questions-answers-mcqs,7,easy,Data Structures,True,advanced,0.9249489498436,4.922714328295452e-06,0.07504612744207174,0.9249489498436,True,entropy
237,advanced,4,data-structure-questions-answers-binary-search-iterative,7,hard,Data Structures,True,advanced,0.9926134649591687,1.0179633869358181e-07,0.007386433244492616,0.9926134649591687,True,entropy
237,advanced,5,data-structure-questions-answers-fibonacci-search,8,medium,Data Structures,True,advanced,0.9903648132686041,1.4665782250681232e-07,0.009635040073573353,0.9903648132686041,True,entropy
237,advanced,6,data-structure-questions-answers-binary-trees-array,2,medium,Data Structures,True,advanced,0.9960029932467913,2.8257826651639977e-08,0.003996978495382059,0.9960029932467913,True,entropy
237,advanced,7,data-structure-assessment-questions-answers,3,medium,Data Structures,True,advanced,0.9974106191526952,1.1040566631237295e-08,0.0025893698067380273,0.9974106191526952,True,entropy
237,advanced,8,data-structure-questions-answers-circular-linked-lists,4,medium,Data Structures,True,advanced,0.9888591537490339,1.215046752618837e-07,0.011140724746290916,0.9888591537490339,True,entropy
237,advanced,9,data-structure-questions-answers-sparse-array,1,medium,Data Structures,True,advanced,0.9912635531638474,6.962881100991487e-08,0.008736377207341467,0.9912635531638474,True,entropy
237,advanced,10,data-structure-questions-answers-double-ended-queue,8,medium,Data Structures,True,advanced,0.9923409957703948,4.827037272586068e-08,0.0076589559592325695,0.9923409957703948,True,entropy
237,advanced,11,data-structure-questions-answers-binary-search-iterative,4,medium,Data Structures,True,advanced,0.9953025002845952,1.753088736482465e-08,0.004697482184517479,0.9953025002845952,True,entropy
237,advanced,12,data-structure-questions-answers-heap,7,medium,Data Structures,True,advanced,0.9965457054015716,9.369309309348862e-09,0.003454285229119121,0.9965457054015716,True,entropy
237,advanced,13,data-structure-questions-answers-weight-balanced-tree,7,hard,Data Structures,True,advanced,0.9950821618983524,1.6498068592711806e-08,0.004917821603579015,0.9950821618983524,True,entropy
237,advanced,14,data-structure-questions-answers-aptitude-test,4,hard,Data Structures,False,advanced,0.9803174937694347,4.3561169635288846e-07,0.01968207061886884,0.9803174937694347,True,entropy
237,advanced,15,data-structure-questions-answers-dynamic-array,14,hard,Data Structures,True,advanced,0.9843120956712529,3.18162976675913e-07,0.015687586165770578,0.9843120956712529,True,entropy
237,advanced,16,data-structure-questions-answers-queue-using-stacks,2,hard,Data Structures,False,advanced,0.9469062570083651,2.404164564632653e-06,0.05309133882707012,0.9469062570083651,True,entropy
237,advanced,17,data-structure-questions-answers-pancake-sort,6,hard,Data Structures,False,advanced,0.944480636935823,2.148240250668849e-06,0.055517214823926436,0.944480636935823,True,entropy
237,advanced,18,data-structure-questions-answers-stack-array,6,hard,Data Structures,True,advanced,0.963447673021659,1.142086860935596e-06,0.036551184891480036,0.963447673021659,True,entropy
237,advanced,19,data-structure-questions-answers-priority-queue,3,hard,Data Structures,True,advanced,0.9469561111797987,2.3757489577386297e-06,0.05304151307124361,0.9469561111797987,True,entropy
237,advanced,20,data-structure-questions-answers-binary-search-tree,1,hard,Data Structures,False,advanced,0.9286093901032544,4.509418045860455e-06,0.0713861004786997,0.9286093901032544,True,entropy
201,advanced,1,operating-system-mcqs-mass-storage-RAID-1,8,medium,Operating Systems,True,advanced,0.9118827411050344,1.0008491467974987e-06,0.08811625804581882,0.9118827411050344,True,entropy
201,advanced,2,distributed-operating-system-mcqs-file-system-2,2,medium,Operating Systems,True,advanced,0.9972011422741616,1.670303940684016e-09,0.002798856055534546,0.9972011422741616,True,entropy
201,advanced,3,distributed-operating-system-mcqs-file-system-1,10,hard,Operating Systems,True,advanced,0.9958422184561231,4.095828298722525e-09,0.004157777448048642,0.9958422184561231,True,entropy
201,advanced,4,distributed-operating-system-mcqs-types-resource-sharing,2,medium,Operating Systems,True,advanced,0.9994999686894953,1.0925322287205346e-10,0.0005000312012514705,0.9994999686894953,True,entropy
201,advanced,5,operating-system-mcqs-cpu-scheduling-algorithms-1,11,medium,Operating Systems,True,advanced,0.9975171585740048,1.8574061042350945e-09,0.002482839568589008,0.9975171585740048,True,entropy
201,advanced,6,operating-system-questions-answers-distributed-synchronization,4,medium,Operating Systems,True,advanced,0.9985899746730661,3.9949732425925443e-10,0.001410024927436767,0.9985899746730661,True,entropy
201,advanced,7,operating-system-questions-answers,21,medium,Operating Systems,True,advanced,0.9990119172644546,1.8817113999902183e-10,0.0009880825473741316,0.9990119172644546,True,entropy
201,advanced,8,operating-system-mcqs-memory-management-segmentation,8,medium,Operating Systems,True,advanced,0.9995057790927435,5.1145883873645164e-11,0.0004942208561107117,0.9995057790927435,True,entropy
201,advanced,9,operating-system-mcqs-memory-allocation-1,5,medium,Operating Systems,False,advanced,0.9988086395005891,6.082668690521546e-10,0.0011913598911439357,0.9988086395005891,True,entropy
201,advanced,10,operating-system-mcqs-process-scheduling-queue,8,medium,Operating Systems,True,advanced,0.9980127664390684,1.3355494689723053e-09,0.001987232225382013,0.9980127664390684,True,entropy
201,advanced,11,operating-system-questions-answers,12,medium,Operating Systems,True,advanced,0.997878598849953,1.3627134337139753e-09,0.0021213997873334996,0.997878598849953,True,entropy
201,advanced,12,operating-system-mcqs-threads-ult-klt,12,hard,Operating Systems,True,advanced,0.9967747061999253,3.017144061023211e-09,0.003225290782930722,0.9967747061999253,True,entropy
201,advanced,13,operating-system-mcqs-file-system-allocation-methods-2,4,hard,Operating Systems,True,advanced,0.9961496338517977,3.748503535273256e-09,0.0038503623996987446,0.9961496338517977,True,entropy
201,advanced,14,operating-system-mcqs-deadlock-recovery,2,hard,Operating Systems,True,advanced,0.9936618448243327,8.870283502659197e-09,0.006338146305384005,0.9936618448243327,True,entropy
201,advanced,15,operating-system-mcqs-memory-management-segmentation,11,hard,Operating Systems,True,advanced,0.9887723198123767,2.3115646535191497e-08,0.01122765707197676,0.9887723198123767,True,entropy
201,advanced,16,operating-system-mcqs-virtual-memory-page-replacement-algorithms-2,10,hard,Operating Systems,True,advanced,0.9903637802192432,1.6462691208360428e-08,0.009636203318065643,0.9903637802192432,True,entropy
201,advanced,17,operating-system-questions-answers,24,hard,Operating Systems,True,advanced,0.9918444796150226,1.0684486811787194e-08,0.008155509700490678,0.9918444796150226,True,entropy
201,advanced,18,operating-system-mcqs-protection-revocation-access-rights,1,hard,Operating Systems,True,advanced,0.9900344351475923,1.3500082591638855e-08,0.009965551352325065,0.9900344351475923,True,entropy
201,advanced,19,operating-system-mcqs-deadlock-prevention,13,hard,Operating Systems,True,advanced,0.9895787374881448,1.3112946298852908e-08,0.010421249398908646,0.9895787374881448,True,entropy
201,advanced,20,operating-system-questions-answers-cpu-scheduling,10,hard,Operating Systems,True,advanced,0.9818689782590286,3.276503129249634e-08,0.018130988975940017,0.9818689782590286,True,entropy
96,beginner,1,data-structure-questions-answers-recursion,4,easy,Data Structures,False,beginner,0.9228405511159357,0.9228405511159357,0.07715191790251404,7.530981550328017e-06,True,entropy
96,beginner,2,data-structure-questions-answers-longest-palindromic-subsequence,4,easy,Data Structures,True,beginner,0.6387696162832356,0.6387696162832356,0.36107994832210316,0.00015043539466124355,True,entropy
96,beginner,3,data-structure-questions-answers-propositional-directed-acyclic-word-graph,5,medium,Data Structures,False,beginner,0.9961510650867001,0.9961510650867001,0.0038489338709059534,1.0423938072942986e-09,True,entropy
96,beginner,4,data-structure-questions-answers-binary-trees-linked-lists,4,easy,Data Structures,True,beginner,0.9839855016065285,0.9839855016065285,0.016014456889047634,4.1504423882286926e-08,True,entropy
96,beginner,5,data-structure-questions-answers-graph,6,easy,Data Structures,False,beginner,0.9293829746524942,0.9293829746524942,0.07061614206236766,8.832851382131921e-07,True,entropy
96,beginner,6,data-structure-questions-answers-generating-partitions,6,hard,Data Structures,False,beginner,0.8563786837481775,0.8563786837481775,0.14362068545383144,6.307979910556693e-07,True,entropy
96,beginner,7,data-structure-questions-answers-binary-tree-properties,7,medium,Data Structures,True,beginner,0.8174974847143653,0.8174974847143653,0.18250114441451937,1.3708711152309607e-06,True,entropy
96,beginner,8,data-structure-questions-answers-binary-search-iterative,7,hard,Data Structures,False,beginner,0.9560219525073069,0.9560219525073069,0.043977976822587674,7.067010542859201e-08,True,entropy
96,beginner,9,data-structure-questions-answers-incidence-matrix-graph-structured-stack,5,medium,Data Structures,False,beginner,0.950630059468981,0.950630059468981,0.04936986200537804,7.85256407948935e-08,True,entropy
96,beginner,10,data-structure-questions-answers-graph,5,easy,Data Structures,True,beginner,0.8595503814009564,0.8595503814009564,0.14044848351941738,1.1350796261809927e-06,True,entropy
96,beginner,11,data-structure-questions-answers-free-list,2,easy,Data Structures,True,beginner,0.7960602746294747,0.7960602746294747,0.203937154006108,2.571364417407459e-06,True,entropy
96,beginner,12,data-structure-questions-answers-longest-common-subsequence,2,easy,Data Structures,True,beginner,0.7162807526984185,0.7162807526984185,0.28371500168133656,4.245620244920253e-06,True,entropy
96,beginner,13,data-structure-questions-answers-heap,6,medium,Data Structures,False,beginner,0.8305972487431118,0.8305972487431118,0.16940124636914775,1.5048877403214935e-06,True,entropy
96,beginner,14,data-structure-questions-answers-stack-using-queues,3,easy,Data Structures,True,beginner,0.679323222737337,0.679323222737337,0.32066995599619064,6.821266472290941e-06,True,entropy
96,beginner,15,data-structure-questions-answers-assembly-line-scheduling,7,hard,Data Structures,False,beginner,0.9015619595845104,0.9015619595845104,0.09843762341527414,4.170002154829169e-07,True,entropy
96,beginner,16,disjoint-set-data-structure-multiple-choice-questions-answers-mcqs,7,easy,Data Structures,False,beginner,0.8558503291126914,0.8558503291126914,0.14414896319888518,7.07688423418157e-07,True,entropy
96,beginner,17,data-structure-questions-answers-rod-cutting,9,easy,Data Structures,True,beginner,0.799468214464706,0.799468214464706,0.20053015715997005,1.6283753239813744e-06,True,entropy
96,beginner,18,data-structure-questions-answers-preorder-traversal,1,medium,Data Structures,True,beginner,0.8045141433980473,0.8045141433980473,0.19548432864597162,1.5279559811030163e-06,True,entropy
96,beginner,19,data-structure-questions-answers-longest-palindromic-subsequence,1,medium,Data Structures,False,beginner,0.8479817607556573,0.8479817607556573,0.1520172562345203,9.830098223754162e-07,True,entropy
96,beginner,20,data-structure-questions-answers-matrix-chain-multiplication,1,medium,Data Structures,False,beginner,0.8092198673048127,0.8092198673048127,0.190778468128751,1.6645664363464336e-06,True,entropy
260,advanced,1,data-structure-questions-answers-queue-linked-list,10,hard,Data Structures,True,intermediate,0.8187434752415651,0.18108929895256082,0.8187434752415651,0.00016722580587408704,False,entropy
260,advanced,2,java-questions-answers-data-structures-list,2,easy,Data Structures,False,advanced,0.738359651707377,0.0002882073411683587,0.2613521409514544,0.738359651707377,True,entropy
260,advanced,3,data-structure-questions-answers-xor-linked-list,6,hard,Data Structures,False,advanced,0.5063536506771973,0.0007555640029145492,0.49289078531988817,0.5063536506771973,True,entropy
260,advanced,4,data-structure-questions-answers-graph,6,easy,Data Structures,True,advanced,0.9739556224720893,3.1550935057489378e-06,0.026041222434404942,0.9739556224720893,True,entropy
260,advanced,5,data-structure-questions-answers-binomial-fibonacci-heap,4,hard,Data Structures,False,advanced,0.6234227465654264,0.0005807903260425273,0.37599646310853113,0.6234227465654264,True,entropy
260,advanced,6,data-structure-questions-answers-string-reversal-recursion,2,hard,Data Structures,True,advanced,0.655846889692569,0.0005644823994902186,0.3435886279079408,0.655846889692569,True,entropy
260,advanced,7,java-questions-answers-data-structures-list,7,easy,Data Structures,True,advanced,0.9365661989089957,1.8779927368650467e-05,0.06341502116363568,0.9365661989089957,True,entropy
260,advanced,8,data-structure-questions-answers-binary-search-iterative,7,hard,Data Structures,True,advanced,0.904593764270561,5.237445641376732e-05,0.09535386127302524,0.904593764270561,True,entropy
260,advanced,9,data-structure-assessment-questions-answers,1,hard,Data Structures,False,advanced,0.8234973840562998,0.00019392992680060034,0.17630868601689959,0.8234973840562998,True,entropy
260,advanced,10,data-structure-questions-answers-coin-change-problem,2,hard,Data Structures,False,advanced,0.7105032607417405,0.0003812851420932209,0.28911545411616624,0.7105032607417405,True,entropy
260,advanced,11,data-structure-questions-answers-stack-array,6,hard,Data Structures,True,advanced,0.870511724873282,7.910621749786841e-05,0.12940916890922016,0.870511724873282,True,entropy
260,advanced,12,1000-data-structure-questions-answers,16,hard,Data Structures,True,advanced,0.8493574272229959,0.00010622901541493883,0.1505363437615892,0.8493574272229959,True,entropy
260,advanced,13,data-structure-questions-answers-bit-array,6,hard,Data Structures,True,advanced,0.5472687313098195,0.001195998688880415,0.45153527000130006,0.5472687313098195,True,entropy
260,advanced,14,data-structure-questions-answers-preorder-traversal,7,medium,Data Structures,True,advanced,0.9139182692817431,1.3304260126413524e-05,0.08606842645813047,0.9139182692817431,True,entropy
260,advanced,15,data-structure-questions-answers-number-jumps-reach-end-array-operation,8,easy,Data Structures,False,advanced,0.9173922427739546,1.3562108929236218e-05,0.08259419511711616,0.9173922427739546,True,entropy
260,advanced,16,data-structure-questions-answers-towers-hanoi,5,easy,Data Structures,False,advanced,0.9436562484740028,5.009798937801044e-06,0.056338741727059584,0.9436562484740028,True,entropy
260,advanced,17,data-structure-questions-answers-longest-common-subsequence,2,easy,Data Structures,False,advanced,0.9514435287219116,3.2574853720580455e-06,0.048553213792716314,0.9514435287219116,True,entropy
260,advanced,18,data-structure-interview-questions-answers-freshers,5,easy,Data Structures,True,advanced,0.9803669386898056,6.883783686106567e-07,0.01963237293182581,0.9803669386898056,True,entropy
260,advanced,19,data-structure-questions-answers-graph,4,easy,Data Structures,True,advanced,0.9885802020312145,2.520023597409524e-07,0.011419545966425767,0.9885802020312145,True,entropy
260,advanced,20,data-structure-questions-answers-longest-palindromic-subsequence,4,easy,Data Structures,True,advanced,0.9916004979531231,1.3520108186187942e-07,0.008399366845795104,0.9916004979531231,True,entropy
220,advanced,1,java-mcqs-constructors-garbage-collection,1,easy,Java,False,advanced,0.9999989534634005,5.853560503101556e-13,1.046536014264821e-06,0.9999989534634005,True,entropy
220,advanced,2,advanced-java-questions-answers-jdbc,10,hard,Java,False,advanced,0.9999903327207258,7.131708919095137e-12,9.66727214244507e-06,0.9999903327207258,True,entropy
220,advanced,3,java-mcqs-exception-types,4,hard,Java,True,advanced,0.9756827874229692,1.7917462826200138e-06,0.02431542083074813,0.9756827874229692,True,entropy
220,advanced,4,java-mcqs-java-lang-introduction,4,easy,Java,True,advanced,0.9984139812531855,1.012796603766808e-08,0.0015860086188485556,0.9984139812531855,True,entropy
220,advanced,5,javascript-mcqs-client-side-storage,8,easy,Java,True,advanced,0.9992188423715676,1.5999249127216791e-09,0.00078115602850757,0.9992188423715676,True,entropy
220,advanced,6,java-questions-answers-experienced,1,hard,Java,False,advanced,0.9963995755503652,3.361644475830776e-08,0.003600390833190063,0.9963995755503652,True,entropy
220,advanced,7,java-questions-answers-test,4,hard,Java,True,advanced,0.9693803770540629,1.5775120915980816e-06,0.030618045433845383,0.9693803770540629,True,entropy
220,advanced,8,java-questions-answers-data-type-enums,3,hard,Java,True,advanced,0.8942107876286406,1.575728712710249e-05,0.10577345508423212,0.8942107876286406,True,entropy
220,advanced,9,java-mcqs-java-util-bitset-date-class,1,medium,Java,True,advanced,0.9514150726590849,9.14881734307197e-07,0.04858401245918099,0.9514150726590849,True,entropy
220,advanced,10,javascript-mcqs-types-values-variables,10,hard,Java,True,advanced,0.8185042655667176,1.162922731357132e-05,0.1814841052059688,0.8185042655667176,True,entropy
220,advanced,11,java-questions-answers-data-type-enums,1,easy,Java,True,advanced,0.9203855333868873,1.8465721966493475e-06,0.07961262004091588,0.9203855333868873,True,entropy
220,advanced,12,advanced-java-questions-answers-debugging-eclipse,7,hard,Java,True,advanced,0.8803569799315184,3.275738133982292e-06,0.1196397443303478,0.8803569799315184,True,entropy
220,advanced,13,java-mcqs-class-fundamental-declaring-objects,6,hard,Java,False,advanced,0.8257963837408774,1.3986188685487597e-05,0.17418963007043717,0.8257963837408774,True,entropy
220,advanced,14,java-mcqs-packages,8,hard,Java,True,advanced,0.6771137007949185,4.124556858128411e-05,0.3228450536365002,0.6771137007949185,True,entropy
220,advanced,15,java-questions-answers-freshers-experienced,7,hard,Java,True,advanced,0.6512337823684625,4.131919025218172e-05,0.3487248984412854,0.6512337823684625,True,entropy
220,advanced,16,javascript-questions-answers-mcqs,7,easy,Java,True,advanced,0.7170287187468257,2.0860867435101613e-05,0.2829504203857391,0.7170287187468257,True,entropy
220,advanced,17,advanced-java-questions-answers-web-application,1,easy,Java,True,advanced,0.8184794731056984,6.950023450903116e-06,0.18151357687085065,0.8184794731056984,True,entropy
220,advanced,18,java-mcqs-system-class-advance,3,easy,Java,True,advanced,0.8926740932120675,2.1288577109545343e-06,0.10732377793022166,0.8926740932120675,True,entropy
220,advanced,19,javascript-mcqs-history-management,1,easy,Java,False,advanced,0.9073447553161614,2.6750708374360776e-06,0.09265256961300113,0.9073447553161614,True,entropy
220,advanced,20,javascript-mcqs-browser-parsing-rendering-i,4,easy,Java,True,advanced,0.9346850191182476,1.0890605824661756e-06,0.06531389182116988,0.9346850191182476,True,entropy
80,beginner,1,automata-theory-questions-answers-equivalence-one-tape-multitape-turing-machine,1,hard,Automata Theory,False,beginner,0.9999967032580471,0.9999967032580471,3.2967419529315324e-06,8.368004994019638e-19,True,entropy
80,beginner,2,automata-theory-questions-answers-the-language-nfa,10,hard,Automata Theory,True,beginner,0.9999999980117271,0.9999999980117271,1.98827298434061e-09,6.31803083920051e-25,True,entropy
80,beginner,3,automata-theory-interview-questions-answers-experienced,7,hard,Automata Theory,False,beginner,0.9999895087865344,0.9999895087865344,1.0491213465654392e-05,6.356804912402364e-17,True,entropy
80,beginner,4,automata-theory-questions-answers-operators-regular-expression,9,easy,Automata Theory,False,beginner,0.99999220536655,0.99999220536655,7.794633449887032e-06,1.9470757232524894e-17,True,entropy
80,beginner,5,automata-theory-questions-answers-cfl-substitution-theorem,1,hard,Automata Theory,False,beginner,0.9999984255062399,0.9999984255062399,1.5744937602255875e-06,4.543872726661851e-19,True,entropy
80,beginner,6,automata-theory-questions-answers-mealy-machine,7,hard,Automata Theory,False,beginner,0.9999995670425592,0.9999995670425592,4.329574407540385e-07,3.897867374648741e-20,True,entropy
80,beginner,7,automata-theory-questions-answers-intersection-regular-languages,5,hard,Automata Theory,False,beginner,0.9999999011844347,0.9999999011844347,9.881556530557246e-08,1.26940529171386e-21,True,entropy
80,beginner,8,automata-theory-questions-answers-the-diagonalization-languages,7,hard,Automata Theory,False,beginner,0.9999999276192774,0.9999999276192774,7.238072262790611e-08,8.750804405269868e-22,True,entropy
80,beginner,9,automata-theory-questions-answers-operators-regular-expression,4,hard,Automata Theory,False,beginner,0.9999999563837024,0.9999999563837024,4.36162974821464e-08,2.3272620504631793e-22,True,entropy
80,beginner,10,automata-theory-questions-answers-simulation-turing-machine,4,hard,Automata Theory,False,beginner,0.999999932485314,0.999999932485314,6.75146858656508e-08,4.415770441180491e-22,True,entropy
80,beginner,11,automata-theory-interview-questions-answers,10,hard,Automata Theory,False,beginner,0.9999999403648292,0.9999999403648292,5.963517078826699e-08,2.8547644349273228e-22,True,entropy
80,beginner,12,automata-theory-mcqs-regular-language-expression-2,9,easy,Automata Theory,True,beginner,0.9999987256215934,0.9999987256215934,1.2743784065435017e-06,9.963058687098443e-19,True,entropy
80,beginner,13,automata-theory-questions-answers-extended-transition-function,5,easy,Automata Theory,False,beginner,0.9999957233332518,0.9999957233332518,4.276666748172098e-06,9.920669817536527e-18,True,entropy
80,beginner,14,automata-theory-assessment-questions-answers,3,easy,Automata Theory,True,beginner,0.9999868257733564,0.9999868257733564,1.3174226643274467e-05,1.6090735833332418e-16,True,entropy
80,beginner,15,automata-theory-questions-answers-the-language-turing-machine,4,easy,Automata Theory,False,beginner,0.9999569539859361,0.9999569539859361,4.304601406200503e-05,1.679904787519924e-15,True,entropy
80,beginner,16,automata-theory-questions-answers-regular-expression-introduction,10,easy,Automata Theory,True,beginner,0.9998456889984786,0.9998456889984786,0.00015431100148687117,3.4632437571667533e-14,True,entropy
80,beginner,17,automata-theory-mcqs-finite-automata,9,easy,Automata Theory,True,beginner,0.9995899880024331,0.9995899880024331,0.0004100119971996514,3.6701010209040554e-13,True,entropy
80,beginner,18,automata-theory-questions-answers-dpda-context-free-languages,10,easy,Automata Theory,False,beginner,0.9994836267968014,0.9994836267968014,0.0005163732026806693,5.180300496125597e-13,True,entropy
80,beginner,19,automata-theory-questions-answers-chomsky-normal-form,4,easy,Automata Theory,True,beginner,0.9988553484045676,0.9988553484045676,0.0011446515916429276,3.789434724749893e-12,True,entropy
80,beginner,20,automata-theory-questions-answers-the-language-dfa,8,easy,Automata Theory,False,beginner,0.997859571634027,0.997859571634027,0.002140428353619993,1.2352997164064091e-11,True,entropy
34,beginner,1,discrete-mathematics-questions-answers-circular-permutations,4,medium,Discrete Mathematics,False,beginner,0.9999840488898173,0.9999840488898173,1.5951110170633786e-05,1.2201726962990863e-14,True,entropy
34,beginner,2,discrete-mathematics-questions-answers-modular-exponentiation,10,medium,Discrete Mathematics,False,beginner,0.999705719043773,0.999705719043773,0.00029428094829122864,7.935703150659809e-12,True,entropy
34,beginner,3,discrete-mathematics-questions-answers-boolean-functions,9,easy,Discrete Mathematics,False,beginner,0.9992704272576535,0.9992704272576535,0.0007295725439607101,1.983856831075143e-10,True,entropy
34,beginner,4,discrete-mathematics-questions-answers-ciphers,6,medium,Discrete Mathematics,False,beginner,0.9996113007377246,0.9996113007377246,0.0003886992360023364,2.6273006589792466e-11,True,entropy
34,beginner,5,discrete-mathematics-questions-answers-closure-relations,4,medium,Discrete Mathematics,True,beginner,0.9999126779548565,0.9999126779548565,8.732204453902777e-05,6.043746390309258e-13,True,entropy
34,beginner,6,discrete-mathematics-questions-answers-campus-interviews,3,medium,Discrete Mathematics,False,beginner,0.9999681158204737,0.9999681158204737,3.188417938174559e-05,1.4460547243323139e-13,True,entropy
34,beginner,7,tricky-discrete-mathematics-questions-answers,7,medium,Discrete Mathematics,True,beginner,0.9999765740320081,0.9999765740320081,2.3425967949475526e-05,4.2345671043645914e-14,True,entropy
34,beginner,8,discrete-mathematics-questions-answers-inference,3,medium,Discrete Mathematics,False,beginner,0.9999833317798856,0.9999833317798856,1.6668220090053174e-05,2.4447837394319164e-14,True,entropy
34,beginner,9,discrete-mathematics-questions-answers-fundamental-principle-counting,5,medium,Discrete Mathematics,False,beginner,0.9999855809507713,0.9999855809507713,1.4419049210849258e-05,1.7973317234569485e-14,True,entropy
34,beginner,10,discrete-mathematics-questions-answers-mcqs,1,medium,Discrete Mathematics,False,beginner,0.9999809194501204,0.9999809194501204,1.908054985287464e-05,2.6805813333477368e-14,True,entropy
34,beginner,11,discrete-mathematics-questions-answers-group-theory,4,medium,Discrete Mathematics,False,beginner,0.9999749478820185,0.9999749478820185,2.5052117933453517e-05,4.788570063414848e-14,True,entropy
34,beginner,12,discrete-mathematics-questions-answers-test,4,easy,Discrete Mathematics,True,beginner,0.9998049283802692,0.9998049283802692,0.00019507161249109918,7.2396140703411354e-12,True,entropy
34,beginner,13,discrete-mathematics-questions-answers-minimization-boolean-functions,8,easy,Discrete Mathematics,False,beginner,0.9998147901184348,0.9998147901184348,0.00018520987593715574,5.628079927144622e-12,True,entropy
34,beginner,14,discrete-mathematics-questions-answers-prime-numbers,8,easy,Discrete Mathematics,False,beginner,0.9995685235128031,0.9995685235128031,0.00043147645923652487,2.7960231041614478e-11,True,entropy
34,beginner,15,discrete-mathematics-questions-answers-number-relations,6,easy,Discrete Mathematics,False,beginner,0.9991477165631946,0.9991477165631946,0.0008522833270719618,1.0973350515841909e-10,True,entropy
34,beginner,16,discrete-mathematics-questions-answers-counting-functions,9,easy,Discrete Mathematics,False,beginner,0.9985829009889072,0.9985829009889072,0.0014170987189087425,2.921840401464655e-10,True,entropy
34,beginner,17,discrete-mathematics-question-papers,10,easy,Discrete Mathematics,True,beginner,0.9967813321500565,0.9967813321500565,0.0032186657978136913,2.052129791498508e-09,True,entropy
34,beginner,18,discrete-mathematics-mcqs-sets,8,easy,Discrete Mathematics,False,beginner,0.9962418477845096,0.9962418477845096,0.003758149311811223,2.9036791513462408e-09,True,entropy
34,beginner,19,discrete-mathematics-questions-answers-cryptography-decryption,5,easy,Discrete Mathematics,True,beginner,0.994082948544893,0.994082948544893,0.00591704406822654,7.386880537541073e-09,True,entropy
34,beginner,20,discrete-mathematics-questions-answers-matrices-types,2,easy,Discrete Mathematics,True,beginner,0.98769823434001,0.98769823434001,0.012301735508178752,3.015181117038804e-08,True,entropy
282,advanced,1,discrete-mathematics-mcqs-functions,3,easy,Discrete Mathematics,True,advanced,0.9988774108181556,1.6226074142863948e-09,0.0011225875592368935,0.9988774108181556,True,entropy
282,advanced,2,discrete-mathematics-questions-answers-set-types,6,hard,Discrete Mathematics,False,advanced,0.9985066152422221,1.1748111978599348e-08,0.001493373009666084,0.9985066152422221,True,entropy
282,advanced,3,discrete-mathematics-questions-answers-mcqs,3,medium,Discrete Mathematics,False,advanced,0.9869280246767786,3.6185771493879383e-07,0.01307161346550631,0.9869280246767786,True,entropy
282,advanced,4,discrete-mathematics-mcqs-algorithms,10,hard,Discrete Mathematics,False,advanced,0.9955481892308642,7.064754454831424e-08,0.0044517401215913325,0.9955481892308642,True,entropy
282,advanced,5,discrete-mathematics-questions-answers-derangements,3,medium,Discrete Mathematics,True,advanced,0.9952967600409639,5.8912253390170424e-08,0.004703181046782547,0.9952967600409639,True,entropy
282,advanced,6,discrete-mathematics-mcqs-complexity-algorithms,10,hard,Discrete Mathematics,False,advanced,0.9870887938482548,4.957625612402866e-07,0.012910710389184085,0.9870887938482548,True,entropy
282,advanced,7,discrete-mathematics-questions-answers-aptitude-test,8,hard,Discrete Mathematics,False,advanced,0.8674489204442498,4.879648667171015e-05,0.13250228306907852,0.8674489204442498,True,entropy
282,advanced,8,discrete-mathematics-questions-answers-nested-quantifiers,8,hard,Discrete Mathematics,False,advanced,0.814900181220446,0.00011223438166156968,0.18498758439789234,0.814900181220446,True,entropy
282,advanced,9,discrete-mathematics-problems,1,hard,Discrete Mathematics,True,advanced,0.6435416052259829,0.00048349165075525877,0.35597490312326185,0.6435416052259829,True,entropy
282,advanced,10,discrete-mathematics-interview-questions-answers,8,hard,Discrete Mathematics,False,intermediate,0.521199680825758,0.001441831378859095,0.521199680825758,0.477358487795383,False,entropy
282,advanced,11,discrete-mathematics-questions-answers-floor-ceiling-function,1,easy,Discrete Mathematics,True,advanced,0.6642137624527268,0.00034252643665691707,0.3354437111106163,0.6642137624527268,True,entropy
282,advanced,12,discrete-mathematics-questions-answers-logical-equivalences,6,hard,Discrete Mathematics,True,intermediate,0.5584045417379216,0.0010831158908335414,0.5584045417379216,0.44051234237124487,False,entropy
282,advanced,13,discrete-mathematics-questions-answers-aptitude-test,7,easy,Discrete Mathematics,True,advanced,0.6158316286272899,0.000299535454703904,0.3838688359180061,0.6158316286272899,True,entropy
282,advanced,14,discrete-mathematics-questions-answers-aptitude-test,10,hard,Discrete Mathematics,False,advanced,0.6175898376342852,0.00033085704775653375,0.3820793053179583,0.6175898376342852,True,entropy
282,advanced,15,discrete-mathematics-questions-answers-propositions,9,hard,Discrete Mathematics,False,advanced,0.5936669083732133,0.00037890269856626497,0.4059541889282205,0.5936669083732133,True,entropy
282,advanced,16,discrete-mathematics-questions-answers-prime-implicants-essentials,5,medium,Discrete Mathematics,False,advanced,0.5500898560124967,0.00043452584738568143,0.44947561814011766,0.5500898560124967,True,entropy
282,advanced,17,discrete-mathematics-questions-answers-online-test,5,medium,Discrete Mathematics,True,advanced,0.7377551728628479,0.0001273083514700455,0.26211751878568207,0.7377551728628479,True,entropy
282,advanced,18,tricky-discrete-mathematics-questions-answers,7,medium,Discrete Mathematics,True,advanced,0.7700901785307693,7.378277480452668e-05,0.22983603869442626,0.7700901785307693,True,entropy
282,advanced,19,discrete-mathematics-questions-answers-principle-mathematical-induction,8,medium,Discrete Mathematics,True,advanced,0.8105306385000203,4.212588244645708e-05,0.18942723561753327,0.8105306385000203,True,entropy
282,advanced,20,discrete-mathematics-questions-answers-venn-diagram,3,medium,Discrete Mathematics,True,advanced,0.8357597316050766,2.4645379730040105e-05,0.1642156230151934,0.8357597316050766,True,entropy
221,advanced,1,python-scripting-interview-questions-answers,7,easy,Python,False,advanced,0.9956813421599011,4.2567333945598384e-07,0.004318232166759427,0.9956813421599011,True,entropy
221,advanced,2,python-questions-answers-inheritance-1,4,hard,Python,True,advanced,0.968298978483731,1.227453313902463e-05,0.03168874698312984,0.968298978483731,True,entropy
221,advanced,3,python-questions-answers-shallow-copy-deep-copy,3,medium,Python,True,advanced,0.9422917288455946,1.0152617615241878e-05,0.05769811853679013,0.9422917288455946,True,entropy
221,advanced,4,python-questions-answers-encapsulation,1,easy,Python,True,advanced,0.9987974856476453,1.4600071973296345e-08,0.0012024997522826822,0.9987974856476453,True,entropy
221,advanced,5,python-questions-answers-regular-expressions-1,2,easy,Python,True,advanced,0.9995220901160239,3.1843613414901416e-09,0.00047790669961463364,0.9995220901160239,True,entropy
221,advanced,6,python-questions-answers-precedence-associativity-1,10,easy,Python,True,advanced,0.999804690371418,5.747060168783887e-10,0.00019530905387603288,0.999804690371418,True,entropy
221,advanced,7,python-questions-answers-sys-module,2,easy,Python,False,advanced,0.999879360034286,2.747955356646392e-10,0.00012063969091850712,0.999879360034286,True,entropy
221,advanced,8,python-questions-answers-inheritance-1,11,easy,Python,True,advanced,0.9999235700124537,1.4711738099618968e-10,7.64298404289499e-05,0.9999235700124537,True,entropy
221,advanced,9,python-questions-answers-list-comprehension-2,6,easy,Python,True,advanced,0.9999450679721207,7.947631967900746e-11,5.493194840292186e-05,0.9999450679721207,True,entropy
221,advanced,10,python-mcqs-files-1,1,easy,Python,True,advanced,0.9999401212132605,9.455514964020675e-11,5.987869218451853e-05,0.9999401212132605,True,entropy
221,advanced,11,python-questions-answers-numeric-types,7,easy,Python,True,advanced,0.9999448733877985,7.801840816854246e-11,5.5126534183260465e-05,0.9999448733877985,True,entropy
221,advanced,12,python-developer-interview-questions-answers,10,easy,Python,True,advanced,0.9999697900573798,2.5254590561695244e-11,3.020991736557168e-05,0.9999697900573798,True,entropy
221,advanced,13,1000-python-questions-answers,29,medium,Python,True,advanced,0.9999559914686715,4.687847564752952e-11,4.400848445006999e-05,0.9999559914686715,True,entropy
221,advanced,14,python-mcqs-core-datatypes,2,medium,Python,True,advanced,0.999941834309239,7.55779871196923e-11,5.816561518307369e-05,0.999941834309239,True,entropy
221,advanced,15,python-questions-answers-freshers,1,medium,Python,False,advanced,0.9999000136012609,3.2328729223453976e-10,9.998607545190613e-05,0.9999000136012609,True,entropy
221,advanced,16,python-questions-answers-list-comprehension-2,3,medium,Python,True,advanced,0.9999024831653064,3.059573933870614e-10,9.75165287362649e-05,0.9999024831653064,True,entropy
221,advanced,17,python-online-test,5,medium,Python,True,advanced,0.9999229936901076,1.8222502889347916e-10,7.7006127667365e-05,0.9999229936901076,True,entropy
221,advanced,18,python-quiz,5,medium,Python,True,advanced,0.9999243227119674,1.7020150015062354e-10,7.567711783122315e-05,0.9999243227119674,True,entropy
221,advanced,19,python-mcqs,10,medium,Python,True,advanced,0.9999025924671913,2.5069153711448303e-10,9.740728211735215e-05,0.9999025924671913,True,entropy
221,advanced,20,python-questions-answers-global-local-variables-2,1,medium,Python,True,advanced,0.9998420494650737,5.654410330816251e-10,0.00015794996948537864,0.9998420494650737,True,entropy
72,beginner,1,discrete-mathematics-questions-answers-mcqs,1,medium,Discrete Mathematics,False,beginner,0.9999999164192973,0.9999999164192973,8.35807027286399e-08,9.314064812958348e-20,True,entropy
72,beginner,2,discrete-mathematics-questions-answers-division-objects,3,medium,Discrete Mathematics,False,beginner,0.9999753203429635,0.9999753203429635,2.4679657006101747e-05,3.049452383694291e-14,True,entropy
72,beginner,3,tricky-discrete-mathematics-questions-answers,7,medium,Discrete Mathematics,False,beginner,0.9999564500539999,0.9999564500539999,4.3549945897687446e-05,1.0236378681906844e-13,True,entropy
72,beginner,4,discrete-mathematics-questions-answers-graph-matrices,7,easy,Discrete Mathematics,True,beginner,0.9998790271791423,0.9998790271791423,0.00012097281749428977,3.363380963807559e-12,True,entropy
72,beginner,5,discrete-mathematics-mcqs-sequences-summations,10,easy,Discrete Mathematics,True,beginner,0.9990203073300173,0.9990203073300173,0.0009796925231668376,1.4681571064655612e-10,True,entropy
72,beginner,6,discrete-mathematics-questions-answers-experienced,9,easy,Discrete Mathematics,False,beginner,0.9982040939086144,0.9982040939086144,0.0017959056278251178,4.635604293656625e-10,True,entropy
72,beginner,7,discrete-mathematics-questions-answers-harmonic-sequences,6,easy,Discrete Mathematics,True,beginner,0.991916685665659,0.991916685665659,0.00808330524828628,9.086054768976077e-09,True,entropy
72,beginner,8,discrete-mathematics-questions-bank,8,easy,Discrete Mathematics,True,beginner,0.9700972907781323,0.9700972907781323,0.029902566662977515,1.4255888999917345e-07,True,entropy
72,beginner,9,discrete-mathematics-mcqs-applications-number-theory,2,easy,Discrete Mathematics,True,beginner,0.9441097385529152,0.9441097385529152,0.055889815821228254,4.4562585652785267e-07,True,entropy
72,beginner,10,discrete-mathematics-interview-questions-answers-experienced,5,hard,Discrete Mathematics,False,beginner,0.7516560592567426,0.7516560592567426,0.2483375304348983,6.410308359090341e-06,True,entropy
72,beginner,11,discrete-mathematics-questions-answers-geometric-sequences,7,medium,Discrete Mathematics,False,beginner,0.816560962068943,0.816560962068943,0.18343551489645268,3.5230346041321894e-06,True,entropy
72,beginner,12,discrete-mathematics-questions-answers-karnaugh-maps,7,easy,Discrete Mathematics,True,beginner,0.6891727833082527,0.6891727833082527,0.3108141089841531,1.3107707594124599e-05,True,entropy
72,beginner,13,discrete-mathematics-questions-answers-quiz,4,hard,Discrete Mathematics,False,beginner,0.9318495656788618,0.9318495656788618,0.06814998077801436,4.535431240624853e-07,True,entropy
72,beginner,14,discrete-mathematics-mcqs-integers-algorithms,9,easy,Discrete Mathematics,True,beginner,0.9064683616205695,0.9064683616205695,0.09353075709550297,8.812839273666082e-07,True,entropy
72,beginner,15,discrete-mathematics-mcqs-applications-number-theory,10,easy,Discrete Mathematics,True,beginner,0.8072226939328722,0.8072226939328722,0.19277365287725348,3.6531898743690776e-06,True,entropy
72,beginner,16,discrete-mathematics-questions-answers-matrices-types,2,easy,Discrete Mathematics,True,beginner,0.7137886365319016,0.7137886365319016,0.2862024502070262,8.913261071957351e-06,True,entropy
72,beginner,17,discrete-mathematics-questions-answers-generating-functions,3,medium,Discrete Mathematics,True,beginner,0.7105541502333941,0.7105541502333941,0.2894377348248263,8.114941779465076e-06,True,entropy
72,beginner,18,discrete-mathematics-questions-answers-permutation-groups,8,medium,Discrete Mathematics,True,beginner,0.7139130679204531,0.7139130679204531,0.2860796061319031,7.32594764392894e-06,True,entropy
72,beginner,19,discrete-mathematics-mcqs-applications-number-theory,9,medium,Discrete Mathematics,False,beginner,0.8372385292229314,0.8372385292229314,0.1627582257442441,3.2450328243803507e-06,True,entropy
72,beginner,20,discrete-mathematics-questions-answers-harmonic-sequences,9,medium,Discrete Mathematics,False,beginner,0.8089546892531577,0.8089546892531577,0.1910411542978604,4.156448982007846e-06,True,entropy
27,beginner,1,automata-theory-mcqs-finite-automata,2,easy,Automata Theory,True,advanced,0.9592929074226614,3.1950546129904006e-05,0.04067514203120872,0.9592929074226614,False,entropy
27,beginner,2,automata-theory-questions-answers-the-diagonalization-languages,7,hard,Automata Theory,False,beginner,0.9625573430386432,0.9625573430386432,0.03744257554003508,8.142132175760105e-08,True,entropy
27,beginner,3,automata-theory-mcqs-finite-automata,9,easy,Automata Theory,True,intermediate,0.5266950876887223,0.47318929304744617,0.5266950876887223,0.00011561926383147203,False,entropy
27,beginner,4,automata-theory-questions-answers-equivalence-one-tape-multitape-turing-machine,10,medium,Automata Theory,False,intermediate,0.6931815632412583,0.3067998134652703,0.6931815632412583,1.8623293471269432e-05,False,entropy
27,beginner,5,automata-theory-mcqs-finite-automata,13,medium,Automata Theory,False,intermediate,0.6492137148345786,0.35077770526099156,0.6492137148345786,8.579904429875006e-06,False,entropy
27,beginner,6,automata-theory-questions-answers-pda-acceptance-empty-stack,5,medium,Automata Theory,False,beginner,0.7959385799737985,0.7959385799737985,0.20406114802354522,2.7200265629388555e-07,True,entropy
27,beginner,7,automata-theory-questions-answers-lexical-analysis,4,medium,Automata Theory,False,beginner,0.891066120453661,0.891066120453661,0.1089338356019191,4.394441998610752e-08,True,entropy
27,beginner,8,automata-theory-questions-answers-online-test,10,easy,Automata Theory,False,beginner,0.7908463020557993,0.7908463020557993,0.2091536043069714,9.363722928667269e-08,True,entropy
27,beginner,9,automata-theory-questions-answers-the-language-dfa,6,hard,Automata Theory,True,beginner,0.9239330716317291,0.9239330716317291,0.07606687789338422,5.0474886871384215e-08,True,entropy
27,beginner,10,automata-theory-questions-answers-mealy-machine,9,easy,Automata Theory,True,beginner,0.8187844421312925,0.8187844421312925,0.18121503610983394,5.217588737377499e-07,True,entropy
27,beginner,11,automata-theory-questions-answers-freshers,5,easy,Automata Theory,False,beginner,0.716144263095055,0.716144263095055,0.2838545449654146,1.1919395304071842e-06,True,entropy
27,beginner,12,automata-theory-questions-answers-class-rp-zpp,6,medium,Automata Theory,False,intermediate,0.7184213952424624,0.281563386467733,0.7184213952424624,1.5218289804668067e-05,False,entropy
27,beginner,13,automata-theory-questions-answers-eliminating-epsilon-productions,8,medium,Automata Theory,False,intermediate,0.6644823518069402,0.33550900935186045,0.6644823518069402,8.638841199331806e-06,False,entropy
27,beginner,14,automata-theory-questions-answers-deterministic-pda,5,medium,Automata Theory,False,intermediate,0.5719093795810183,0.4280870742063597,0.5719093795810183,3.546212621917108e-06,False,entropy
27,beginner,15,automata-theory-questions-answers-dfa-regular-expressions,10,medium,Automata Theory,False,intermediate,0.7141886933408226,0.28580339261556575,0.7141886933408226,7.914043611656847e-06,False,entropy
27,beginner,16,automata-theory-assessment-questions-answers,9,medium,Automata Theory,False,intermediate,0.6677880912219736,0.3322063455868361,0.6677880912219736,5.563191190255004e-06,False,entropy
27,beginner,17,automata-theory-questions-answers-non-deterministic-finite-automata-introduction,5,medium,Automata Theory,False,intermediate,0.5156384771583578,0.48435969348796554,0.5156384771583578,1.8293536768098852e-06,False,entropy
27,beginner,18,automata-theory-questions-answers-dfa-processing-strings,7,hard,Automata Theory,True,beginner,0.5958582299485435,0.5958582299485435,0.40413983114279883,1.938908657439594e-06,True,entropy
27,beginner,19,automata-theory-questions-answers-the-language-dfa,1,easy,Automata Theory,True,beginner,0.5391461907155504,0.5391461907155504,0.46085020972752755,3.5995569220233362e-06,True,entropy
27,beginner,20,automata-theory-questions-answers-online-quiz,1,hard,Automata Theory,False,beginner,0.6136719809101403,0.6136719809101403,0.3863262318633575,1.787226502237714e-06,True,entropy
40,beginner,1,java-questions-answers-online-quiz,7,hard,Java,False,beginner,0.9999356777000731,0.9999356777000731,6.432229963179804e-05,2.9513351433338947e-13,True,entropy
40,beginner,2,java-mcqs-networking-basics,5,easy,Java,False,beginner,0.9448457894432866,0.9448457894432866,0.05515027582685124,3.934729862138167e-06,True,entropy
40,beginner,3,java-questions-answers-entrance-exams,1,medium,Java,False,beginner,0.9983826914576536,0.9983826914576536,0.0016173083231364842,2.192098650357465e-10,True,entropy
40,beginner,4,javascript-mcqs-scripting-css,3,hard,Java,False,beginner,0.9999313269153765,0.9999313269153765,6.867308427350594e-05,3.501056611476262e-13,True,entropy
40,beginner,5,javascript-mcqs-closures,10,hard,Java,False,beginner,0.9999979804288223,0.9999979804288223,2.019571177527978e-06,1.433077761111559e-16,True,entropy
40,beginner,6,java-mcqs-exception-types,4,hard,Java,False,beginner,0.9999991830836964,0.9999991830836964,8.169163037003342e-07,1.5724600060827835e-17,True,entropy
40,beginner,7,java-mcqs-method-overriding,8,hard,Java,False,beginner,0.9999992564892491,0.9999992564892491,7.435107508545332e-07,1.0853811418879374e-17,True,entropy
40,beginner,8,java-questions-answers-control-statements,7,hard,Java,False,beginner,0.999999149325312,0.999999149325312,8.506746879098048e-07,1.0480249603537208e-17,True,entropy
40,beginner,9,javascript-mcqs-web-workers,2,hard,Java,True,beginner,0.9999995992992512,0.9999995992992512,4.0070074872168594e-07,1.8492025514936056e-18,True,entropy
40,beginner,10,javascript-questions-answers-entrance-exams,2,hard,Java,False,beginner,0.9999995397598758,0.9999995397598758,4.602401242732437e-07,1.9816431614786218e-18,True,entropy
40,beginner,11,javascript-mcqs-pattern-matching-regular-expressions,15,hard,Java,False,beginner,0.9999995425514935,0.9999995425514935,4.5744850659040535e-07,1.883015731289987e-18,True,entropy
40,beginner,12,java-questions-answers-java8-features,1,hard,Java,False,beginner,0.9999991154940012,0.9999991154940012,8.845059987711753e-07,6.711821730033146e-18,True,entropy
40,beginner,13,javascript-problems,7,medium,Java,False,beginner,0.9999985846180792,0.9999985846180792,1.4153819206442485e-06,1.8147783352742934e-17,True,entropy
40,beginner,14,java-mcqs-componentevent-containerevent-focusevent-class,1,medium,Java,False,beginner,0.9999982521574694,0.9999982521574694,1.7478425306296669e-06,2.7562671173785067e-17,True,entropy
40,beginner,15,java-mcqs-character-extraction,1,medium,Java,True,beginner,0.9999959535583589,0.9999959535583589,4.046441640882323e-06,1.5823187208181233e-16,True,entropy
40,beginner,16,java-mcqs-seraching-modifying-string,2,medium,Java,True,beginner,0.9999800562483445,0.9999800562483445,1.9943751652177127e-05,3.2807318901465286e-15,True,entropy
40,beginner,17,javascript-questions-answers-freshers,1,medium,Java,True,beginner,0.9999667546907166,0.9999667546907166,3.3245309276389706e-05,6.784436090241842e-15,True,entropy
40,beginner,18,java-questions-answers-heap-garbage-collection,6,medium,Java,False,beginner,0.9999788927159162,0.9999788927159162,2.110728408074807e-05,3.0505345947498197e-15,True,entropy
40,beginner,19,java-mcqs-integer-floating-data-types,2,medium,Java,False,beginner,0.9999798063353466,0.9999798063353466,2.0193664650833094e-05,2.7182903340036673e-15,True,entropy
40,beginner,20,javascript-mcqs-getting-started-R-I,6,medium,Java,False,beginner,0.9999767975697372,0.9999767975697372,2.3202430259228727e-05,3.59086419966145e-15,True,entropy
223,advanced,1,discrete-mathematics-questions-answers-types-algorithms,7,hard,Discrete Mathematics,True,beginner,0.5252975243590406,0.5252975243590406,0.47470069731516246,1.778325796890501e-06,False,entropy
223,advanced,2,discrete-mathematics-mcqs-integers-division,3,medium,Discrete Mathematics,True,intermediate,0.9405152378163173,0.0001344480057490593,0.9405152378163173,0.059350314177933766,False,entropy
223,advanced,3,discrete-mathematics-questions-answers-recursion,4,easy,Discrete Mathematics,True,advanced,0.6141666820135504,3.4968502072348534e-05,0.38579834948437736,0.6141666820135504,True,entropy
223,advanced,4,discrete-mathematics-questions-answers-derangements,3,medium,Discrete Mathematics,False,advanced,0.5161531111622149,0.0001255182518136664,0.4837213705859715,0.5161531111622149,True,entropy
223,advanced,5,discrete-mathematics-questions-answers-logic-circuits,3,medium,Discrete Mathematics,True,advanced,0.7373574390513654,2.643794736840344e-05,0.2626161230012662,0.7373574390513654,True,entropy
223,advanced,6,discrete-mathematics-questions-answers-division-objects,3,medium,Discrete Mathematics,True,advanced,0.9468268329654377,1.1096672781990132e-06,0.05317205736728403,0.9468268329654377,True,entropy
223,advanced,7,discrete-mathematics-questions-answers-inference,3,medium,Discrete Mathematics,True,advanced,0.9472799121957821,9.649163127863112e-07,0.052719122887905076,0.9472799121957821,True,entropy
223,advanced,8,discrete-mathematics-problems,5,medium,Discrete Mathematics,True,advanced,0.9766452617440251,1.7504060873146302e-07,0.023354563215366275,0.9766452617440251,True,entropy
223,advanced,9,discrete-mathematics-mcqs-applications-number-theory,9,medium,Discrete Mathematics,True,advanced,0.9826861307296043,8.79960049445646e-08,0.01731378127439069,0.9826861307296043,True,entropy
223,advanced,10,discrete-mathematics-questions-answers-properties-tree,3,medium,Discrete Mathematics,False,advanced,0.9811580549843429,2.1823965173381705e-07,0.018841726776005388,0.9811580549843429,True,entropy
223,advanced,11,discrete-mathematics-questions-answers-harmonic-sequences,9,medium,Discrete Mathematics,False,advanced,0.9725817965528947,5.393673549960626e-07,0.027417664079750454,0.9725817965528947,True,entropy
223,advanced,12,discrete-mathematics-questions-answers-mcqs,1,medium,Discrete Mathematics,True,advanced,0.9865327737451532,1.4621755329198055e-07,0.013467080037293366,0.9865327737451532,True,entropy
223,advanced,13,discrete-mathematics-questions-answers-pigeonhole-principle,1,hard,Discrete Mathematics,False,advanced,0.9665096644092195,4.1235596996927797e-07,0.033489923234810474,0.9665096644092195,True,entropy
223,advanced,14,discrete-mathematics-questions-answers-spanning-trees,4,hard,Discrete Mathematics,False,advanced,0.9571890300955653,5.487737255212898e-07,0.04281042113070909,0.9571890300955653,True,entropy
223,advanced,15,discrete-mathematics-questions-answers-hasse-diagrams,4,hard,Discrete Mathematics,True,advanced,0.9793556892793279,1.7652762989415226e-07,0.020644134193042157,0.9793556892793279,True,entropy
223,advanced,16,discrete-mathematics-questions-answers-campus-interviews,8,hard,Discrete Mathematics,True,advanced,0.9764559939943163,2.4909596918570675e-07,0.023543756909714667,0.9764559939943163,True,entropy
223,advanced,17,discrete-mathematics-questions-answers-nested-quantifiers,8,hard,Discrete Mathematics,False,advanced,0.9534182632519077,1.0257115515574189e-06,0.04658071103654086,0.9534182632519077,True,entropy
223,advanced,18,discrete-mathematics-questions-answers-subgroups,3,hard,Discrete Mathematics,True,advanced,0.9615970394519867,7.359662106496506e-07,0.03840222458180276,0.9615970394519867,True,entropy
223,advanced,19,discrete-mathematics-questions-answers-minimization-boolean-functions,7,hard,Discrete Mathematics,True,advanced,0.9629000720697855,6.421254039294442e-07,0.037099285804810665,0.9629000720697855,True,entropy
223,advanced,20,discrete-mathematics-questions-answers-propositions,6,hard,Discrete Mathematics,False,advanced,0.9585039890759405,9.192185459846801e-07,0.041495091705513444,0.9585039890759405,True,entropy
11,beginner,1,python-questions-answers-built-in-functions-2,3,easy,Python,True,beginner,0.8049820361171475,0.8049820361171475,0.19491370229217786,0.00010426159067468828,True,entropy
11,beginner,2,python-mcqs-files-1,4,hard,Python,False,beginner,0.9747609374750439,0.9747609374750439,0.025238796142792425,2.6638216349253065e-07,True,entropy
11,beginner,3,python-questions-answers-lists-6,2,hard,Python,False,beginner,0.9988567150533636,0.9988567150533636,0.0011432846598873356,2.8674902522384703e-10,True,entropy
11,beginner,4,python-questions-answers-regular-expressions-1,2,easy,Python,True,beginner,0.991175884659798,0.991175884659798,0.008824077308944894,3.803125706639663e-08,True,entropy
11,beginner,5,1000-python-questions-answers,10,easy,Python,False,beginner,0.9596484273250837,0.9596484273250837,0.04035099801749583,5.746574205508397e-07,True,entropy
11,beginner,6,python-questions-answers-classes-objects-2,13,easy,Python,True,beginner,0.8574450010468218,0.8574450010468218,0.14254720959731843,7.789355859687378e-06,True,entropy
11,beginner,7,python-questions-answers-sys-module,10,medium,Python,False,beginner,0.8931310224853639,0.8931310224853639,0.10686822431884234,7.53195793708394e-07,True,entropy
11,beginner,8,1000-python-questions-answers,33,easy,Python,False,beginner,0.8346532552795166,0.8346532552795166,0.16534498457789115,1.7601425921009898e-06,True,entropy
11,beginner,9,python-developer-interview-questions-answers,2,easy,Python,False,beginner,0.5171854174811301,0.5171854174811301,0.4827909595233889,2.3622995481047982e-05,True,entropy
11,beginner,10,python-questions-answers-freshers,1,medium,Python,False,beginner,0.5626083611631403,0.5626083611631403,0.4373730863931081,1.8552443751607204e-05,True,entropy
11,beginner,11,python-questions-answers-list-comprehension-2,4,medium,Python,False,beginner,0.7043404821148879,0.7043404821148879,0.2956537014374532,5.8164476589404766e-06,True,entropy
11,beginner,12,python-programming-questions-answers,3,medium,Python,False,beginner,0.8745068269186587,0.8745068269186587,0.12549237320071072,7.998806306861788e-07,True,entropy
11,beginner,13,python-questions-answers-dictionary-4,8,easy,Python,False,beginner,0.8558978276378518,0.8558978276378518,0.144101278266999,8.940951492632171e-07,True,entropy
11,beginner,14,python-mcqs-strings-1,5,easy,Python,False,beginner,0.6779197745566424,0.6779197745566424,0.3220751677758326,5.057667524963356e-06,True,entropy
11,beginner,15,python-mcqs-core-datatypes,3,medium,Python,True,beginner,0.5962849992940868,0.5962849992940868,0.40369730153300004,1.7699172913139174e-05,True,entropy
11,beginner,16,python-questions-answers-regular-expressions,5,hard,Python,False,beginner,0.9012066029364915,0.9012066029364915,0.09879280682732515,5.902361834779154e-07,True,entropy
11,beginner,17,python-questions-answers-recursion,2,easy,Python,False,beginner,0.8845066043761114,0.8845066043761114,0.11549267386633817,7.217575504854608e-07,True,entropy
11,beginner,18,python-questions-answers-classes-objects-2,7,easy,Python,False,beginner,0.7860327043655845,0.7860327043655845,0.21396419555915425,3.1000752612829557e-06,True,entropy
11,beginner,19,python-online-test,5,medium,Python,False,beginner,0.7812918192115408,0.7812918192115408,0.21870523618563334,2.944602825795538e-06,True,entropy
11,beginner,20,python-multiple-choice-questions-answers,7,medium,Python,True,beginner,0.7048334417675516,0.7048334417675516,0.29515842264302083,8.135589427503734e-06,True,entropy
155,intermediate,1,operating-system-questions-answers-file-system-implementation,6,easy,Operating Systems,True,intermediate,0.5315010241846733,0.0011524054630215137,0.5315010241846733,0.4673465703523053,True,entropy
155,intermediate,2,operating-system-mcqs-file-system-interface-access-methods-1,6,medium,Operating Systems,False,beginner,0.5726020634828308,0.5726020634828308,0.4272156159662238,0.00018232055094533366,False,entropy
155,intermediate,3,operating-system-questions-answers,49,easy,Operating Systems,True,intermediate,0.8914421783096261,0.10482803429191441,0.8914421783096261,0.003729787398459385,True,entropy
155,intermediate,4,operating-system-mcqs-atomic-transactions,4,easy,Operating Systems,False,intermediate,0.9580786776177064,0.03125528790143934,0.9580786776177064,0.010666034480854254,True,entropy
155,intermediate,5,distributed-operating-system-mcqs-network-structure-topology,5,easy,Operating Systems,False,intermediate,0.9609522393972402,0.027585720002557334,0.9609522393972402,0.011462040600202505,True,entropy
155,intermediate,6,operating-system-mcqs-virtual-memory-demand-paging,12,easy,Operating Systems,True,intermediate,0.9534887844399649,0.01195068685510317,0.9534887844399649,0.03456052870493203,True,entropy
155,intermediate,7,operating-system-mcqs-process-rpc,2,easy,Operating Systems,True,intermediate,0.9343724051713279,0.0068136452369502625,0.9343724051713279,0.05881394959172183,True,entropy
155,intermediate,8,operating-system-mcqs-semaphores-1,2,easy,Operating Systems,False,intermediate,0.9143828423995526,0.006538531887220398,0.9143828423995526,0.07907862571322712,True,entropy
155,intermediate,9,operating-system-mcqs-file-system-interface-access-methods-2,8,easy,Operating Systems,True,intermediate,0.8422340598955419,0.0030044317178467127,0.8422340598955419,0.15476150838661143,True,entropy
155,intermediate,10,operating-system-mcqs-threads-ult-klt,12,hard,Operating Systems,False,advanced,0.5767412966250558,8.268007259588162e-05,0.42317602330234827,0.5767412966250558,False,entropy
155,intermediate,11,operating-system-mcqs-file-system-allocation-methods-3,10,hard,Operating Systems,False,intermediate,0.6186616702211873,0.00024807980929872933,0.6186616702211873,0.3810902499695139,True,entropy
155,intermediate,12,operating-system-questions-answers-distributed-synchronization,4,medium,Operating Systems,False,intermediate,0.7035535084450151,0.0004031009544667642,0.7035535084450151,0.2960433906005182,True,entropy
155,intermediate,13,operating-system-questions-answers,31,easy,Operating Systems,False,intermediate,0.7691092864841375,0.0005298701455150874,0.7691092864841375,0.2303608433703475,True,entropy
155,intermediate,14,operating-system-questions-answers-memory-management,2,easy,Operating Systems,True,intermediate,0.5509405360744459,0.0001936573299676511,0.5509405360744459,0.4488658065955865,True,entropy
155,intermediate,15,operating-system-mcqs-threads-ult-klt,6,hard,Operating Systems,False,intermediate,0.6495998782063341,0.00035642522891082807,0.6495998782063341,0.3500436965647551,True,entropy
155,intermediate,16,operating-system-mcqs-multimedia-system-compression-1,1,medium,Operating Systems,False,intermediate,0.6152490900131214,0.00030306589023783894,0.6152490900131214,0.3844478440966407,True,entropy
155,intermediate,17,operating-system-mcqs-process-scheduling-queue,6,hard,Operating Systems,True,intermediate,0.5839997414118954,0.0003983290545314071,0.5839997414118954,0.4156019295335732,True,entropy
155,intermediate,18,operating-system-mcqs-file-system-interface-access-methods-2,9,medium,Operating Systems,False,intermediate,0.6710964136665356,0.0007279385990649756,0.6710964136665356,0.32817564773439944,True,entropy
155,intermediate,19,distributed-operating-system-mcqs-file-system-1,2,hard,Operating Systems,False,intermediate,0.9142436997585017,0.003812264921818354,0.9142436997585017,0.0819440353196799,True,entropy
155,intermediate,20,operating-system-mcqs-process-scheduling-queue,14,hard,Operating Systems,True,intermediate,0.9010011832932707,0.003915076895324658,0.9010011832932707,0.09508373981140456,True,entropy
292,advanced,1,discrete-mathematics-questions-answers-venn-diagram,3,medium,Discrete Mathematics,True,advanced,0.9998330169447215,1.981900489190186e-12,0.00016698305329665872,0.9998330169447215,True,entropy
292,advanced,2,discrete-mathematics-questions-answers-interconversion-gates,7,hard,Discrete Mathematics,False,advanced,0.9973624041479572,1.2478211801365026e-09,0.0026375946042216103,0.9973624041479572,True,entropy
292,advanced,3,discrete-mathematics-questions-answers-campus-interviews,8,hard,Discrete Mathematics,False,advanced,0.9988798119157315,6.586837746140256e-10,0.0011201874255845783,0.9988798119157315,True,entropy
292,advanced,4,discrete-mathematics-questions-answers-logic-circuits,1,hard,Discrete Mathematics,False,advanced,0.9922167922101448,3.3366570988604306e-08,0.007783174423284305,0.9922167922101448,True,entropy
292,advanced,5,discrete-mathematics-questions-answers-quiz,4,hard,Discrete Mathematics,False,advanced,0.978263192594466,2.584960922902636e-07,0.0217365489094415,0.978263192594466,True,entropy
292,advanced,6,discrete-mathematics-questions-answers-types-relations,1,hard,Discrete Mathematics,True,advanced,0.9861176478919061,1.1374173368090055e-07,0.013882238366360183,0.9861176478919061,True,entropy
292,advanced,7,discrete-mathematics-questions-answers-nested-quantifiers,3,hard,Discrete Mathematics,False,advanced,0.9838002539882612,1.7542817960267155e-07,0.0161995705835592,0.9838002539882612,True,entropy
292,advanced,8,discrete-mathematics-questions-answers-probability-distribution,2,hard,Discrete Mathematics,False,advanced,0.95515461479319,1.0915711605411525e-06,0.044844293635649485,0.95515461479319,True,entropy
292,advanced,9,discrete-mathematics-questions-answers-spanning-trees,4,hard,Discrete Mathematics,False,advanced,0.8567888495615473,1.0317019028110676e-05,0.14320083341942458,0.8567888495615473,True,entropy
292,advanced,10,discrete-mathematics-questions-answers-addition-theorem-probability,1,hard,Discrete Mathematics,False,advanced,0.8107539845149274,1.730073942405336e-05,0.1892287147456486,0.8107539845149274,True,entropy
292,advanced,11,discrete-mathematics-questions-answers-floor-ceiling-function,1,easy,Discrete Mathematics,True,advanced,0.8581306216997187,7.188467661202873e-05,0.14179749362366934,0.8581306216997187,True,entropy
292,advanced,12,discrete-mathematics-questions-answers-propositions,6,hard,Discrete Mathematics,False,advanced,0.6524987955630736,0.0005518633157976804,0.34694934112112863,0.6524987955630736,True,entropy
292,advanced,13,discrete-mathematics-questions-answers-ciphers,9,easy,Discrete Mathematics,False,intermediate,0.5811754193348496,0.0010205131756392699,0.5811754193348496,0.4178040674895112,False,entropy
292,advanced,14,discrete-mathematics-questions-answers-circular-permutations,4,medium,Discrete Mathematics,True,advanced,0.5011301657896916,0.0005261016382780327,0.4983437325720303,0.5011301657896916,True,entropy
292,advanced,15,discrete-mathematics-questions-answers-aptitude-test,7,easy,Discrete Mathematics,False,advanced,0.5449421989886626,0.00036061964467118315,0.4546971813666662,0.5449421989886626,True,entropy
292,advanced,16,discrete-mathematics-written-test-questions-answers,4,easy,Discrete Mathematics,True,advanced,0.7815611011242255,6.503598107019384e-05,0.21837386289470428,0.7815611011242255,True,entropy
292,advanced,17,discrete-mathematics-mcqs-functions,8,easy,Discrete Mathematics,True,advanced,0.8657289729349523,2.134977585523821e-05,0.13424967728919251,0.8657289729349523,True,entropy
292,advanced,18,discrete-mathematics-questions-answers-cosets,9,easy,Discrete Mathematics,True,advanced,0.8979447956684324,9.732121390191413e-06,0.10204547221017744,0.8979447956684324,True,entropy
292,advanced,19,discrete-mathematics-questions-answers-floor-ceiling-function,10,easy,Discrete Mathematics,False,advanced,0.8956079083137055,1.2050687168921464e-05,0.10438004099912555,0.8956079083137055,True,entropy
292,advanced,20,discrete-mathematics-questions-answers-boolean-functions,9,easy,Discrete Mathematics,False,advanced,0.9059440682282488,8.470795189052694e-06,0.09404746097656208,0.9059440682282488,True,entropy
116,intermediate,1,python-questions-answers-sys-module,6,medium,Python,False,intermediate,0.8993747770790806,0.09893425887394157,0.8993747770790806,0.0016909640469777367,True,entropy
116,intermediate,2,python-questions-answers-exception-handling-3,7,hard,Python,False,intermediate,0.9842034216341308,0.010862471419485362,0.9842034216341308,0.004934106946383788,True,entropy
116,intermediate,3,python-puzzles,4,easy,Python,False,intermediate,0.9677268338936171,0.027368898620051985,0.9677268338936171,0.004904267486330968,True,entropy
116,intermediate,4,python-questions-answers-sys-module,10,medium,Python,False,intermediate,0.9736741263719496,0.022487070476599504,0.9736741263719496,0.0038388031514508436,True,entropy
116,intermediate,5,python-questions-answers-freshers,1,medium,Python,False,intermediate,0.9798493587376046,0.012110859550050744,0.9798493587376046,0.008039781712344742,True,entropy
116,intermediate,6,python-questions-answers-precedence-associativity-2,7,medium,Python,False,intermediate,0.9775247037835927,0.011595055064151339,0.9775247037835927,0.010880241152255955,True,entropy
116,intermediate,7,python-programming-questions-answers,3,medium,Python,True,intermediate,0.9693314752470021,0.010871601586061527,0.9693314752470021,0.019796923166936296,True,entropy
116,intermediate,8,python-online-test,2,medium,Python,False,intermediate,0.9304687653038759,0.0036481823169850288,0.9304687653038759,0.0658830523791391,True,entropy
116,intermediate,9,python-questions-answers-regular-expressions-1,5,medium,Python,False,intermediate,0.9652424813114553,0.008056667306049084,0.9652424813114553,0.026700851382495495,True,entropy
116,intermediate,10,python-multiple-choice-questions-answers,7,medium,Python,False,intermediate,0.9555082113370245,0.005369704262977492,0.9555082113370245,0.03912208439999805,True,entropy
116,intermediate,11,python-programming-interview-questions-answers,4,medium,Python,False,intermediate,0.9420502726679195,0.0036869293414140162,0.9420502726679195,0.05426279799066648,True,entropy
116,intermediate,12,python-quiz,5,medium,Python,False,intermediate,0.9440144205896388,0.0035054721079937285,0.9440144205896388,0.05248010730236757,True,entropy
116,intermediate,13,python-multiple-choice-questions-answers,5,hard,Python,False,intermediate,0.9751420615598091,0.012148531767989398,0.9751420615598091,0.012709406672201402,True,entropy
116,intermediate,14,python-questions-answers-list-comprehension,2,hard,Python,False,intermediate,0.9718367576650001,0.02220190268753921,0.9718367576650001,0.005961339647460758,True,entropy
116,intermediate,15,python-questions-answers-datetime-module-1,3,hard,Python,False,intermediate,0.9648949751700826,0.031448971892999375,0.9648949751700826,0.0036560529369180235,True,entropy
116,intermediate,16,python-questions-answers-built-in-functions-3,2,hard,Python,False,intermediate,0.9615507643608168,0.03502730278321985,0.9615507643608168,0.0034219328559633093,True,entropy
116,intermediate,17,python-questions-answers-sets-1,3,hard,Python,False,intermediate,0.9009989744846244,0.09816032995636317,0.9009989744846244,0.000840695559012465,True,entropy
116,intermediate,18,python-scripting-interview-questions-answers,8,easy,Python,False,intermediate,0.9218260838565554,0.07715420020706641,0.9218260838565554,0.0010197159363781198,True,entropy
116,intermediate,19,python-questions-answers-precedence-associativity-1,10,easy,Python,False,intermediate,0.940243714120971,0.05840719087841213,0.940243714120971,0.0013490950006168855,True,entropy
116,intermediate,20,python-questions-answers-lists-6,10,hard,Python,True,intermediate,0.9590977964802453,0.03244411116664471,0.9590977964802453,0.008458092353110017,True,entropy
43,beginner,1,data-structure-questions-answers-search-element-array-recursion-1,6,hard,Data Structures,False,beginner,0.9999995063156132,0.9999995063156132,4.936843867232891e-07,7.09101389866366e-19,True,entropy
43,beginner,2,data-structure-questions-answers-xor-linked-list,1,medium,Data Structures,False,beginner,0.9399910637125776,0.9399910637125776,0.060008904085966895,3.2201455654541614e-08,True,entropy
43,beginner,3,data-structure-questions-answers-free-list,7,hard,Data Structures,True,beginner,0.8378283911078604,0.8378283911078604,0.16217126487249142,3.440196480609684e-07,True,entropy
43,beginner,4,data-structure-questions-answers-skip-list,8,medium,Data Structures,True,beginner,0.9316324992842666,0.9316324992842666,0.06836745848182021,4.2233913064162886e-08,True,entropy
43,beginner,5,java-questions-answers-data-structures-list,7,easy,Data Structures,False,beginner,0.9885223994964755,0.9885223994964755,0.011477597944578548,2.5589460250813322e-09,True,entropy
43,beginner,6,java-questions-answers-data-structures-list,9,medium,Data Structures,False,beginner,0.9973862194066266,0.9973862194066266,0.0026137804896879738,1.0368539359731585e-10,True,entropy
43,beginner,7,data-structure-questions-answers-binary-heap,5,hard,Data Structures,False,beginner,0.9998284460124138,0.9998284460124138,0.00017155398739082428,1.9526989259595453e-13,True,entropy
43,beginner,8,data-structure-questions-answers-power-number-recursion-logn-time,8,medium,Data Structures,False,beginner,0.9999299264809013,0.9999299264809013,7.00735190747354e-05,2.4042892769069257e-14,True,entropy
43,beginner,9,1000-data-structure-questions-answers,9,hard,Data Structures,False,beginner,0.9999755517030724,0.9999755517030724,2.444829692571866e-05,1.9652909008919397e-15,True,entropy
43,beginner,10,data-structure-questions-answers-longest-increasing-subsequence,7,hard,Data Structures,False,beginner,0.9999734677707836,0.9999734677707836,2.6532229213494193e-05,2.891233901411533e-15,True,entropy
43,beginner,11,data-structure-questions-answers-longest-common-subsequence,3,medium,Data Structures,False,beginner,0.9999629204234948,0.9999629204234948,3.7079576500101355e-05,5.214419814535248e-15,True,entropy
43,beginner,12,data-structure-questions-answers-counting-boolean-parenthesizations,1,hard,Data Structures,False,beginner,0.9999937403558506,0.9999937403558506,6.2596441492943085e-06,9.174435513424161e-17,True,entropy
43,beginner,13,data-structure-questions-answers-xor-linked-list,6,hard,Data Structures,False,beginner,0.9999954720519776,0.9999954720519776,4.527948022290892e-06,3.940658808536701e-17,True,entropy
43,beginner,14,data-structure-questions-answers-direct-addressing-tables,2,medium,Data Structures,False,beginner,0.9999958281766107,0.9999958281766107,4.1718233893328844e-06,2.3852208275341486e-17,True,entropy
43,beginner,15,data-structure-questions-answers-fibonacci-recursion,12,hard,Data Structures,False,beginner,0.9999929499837312,0.9999929499837312,7.050016268813832e-06,6.542208948535144e-17,True,entropy
43,beginner,16,data-structure-questions-answers-pancake-sort,3,hard,Data Structures,False,beginner,0.9999943863403015,0.9999943863403015,5.613659698571745e-06,3.44661661191749e-17,True,entropy
43,beginner,17,data-structure-questions-answers-dynamic-array,12,hard,Data Structures,False,beginner,0.9999977865684372,0.9999977865684372,2.213431562917126e-06,4.25048534132414e-18,True,entropy
43,beginner,18,data-structure-questions-answers-0-1-knapsack-problem,2,medium,Data Structures,False,beginner,0.9999977315087378,0.9999977315087378,2.268491262213854e-06,3.795640441183526e-18,True,entropy
43,beginner,19,data-structure-questions-answers-queue-linked-list,3,medium,Data Structures,True,beginner,0.9999943148914388,0.9999943148914388,5.68510856109732e-06,6.443988516400572e-17,True,entropy
43,beginner,20,data-structure-questions-answers-longest-increasing-subsequence,2,medium,Data Structures,False,beginner,0.9999949787636953,0.9999949787636953,5.021236304765804e-06,5.1427459253586615e-17,True,entropy
123,intermediate,1,data-structure-questions-answers-reverse-word-stack,5,easy,Data Structures,True,intermediate,0.9450536358322145,0.03331243144065858,0.9450536358322145,0.02163393272712695,True,entropy
123,intermediate,2,data-structure-questions-answers-longest-common-subsequence,2,easy,Data Structures,True,intermediate,0.7548961000166097,0.002879545337532214,0.7548961000166097,0.24222435464585815,True,entropy
123,intermediate,3,data-structure-interview-questions-answers-freshers,3,easy,Data Structures,False,intermediate,0.7478056832848754,0.005147377658298238,0.7478056832848754,0.24704693905682648,True,entropy
123,intermediate,4,data-structure-questions-answers-recursion,14,hard,Data Structures,True,advanced,0.7987567677020031,0.00028873941134122957,0.2009544928866557,0.7987567677020031,False,entropy
123,intermediate,5,data-structure-questions-answers-incidence-matrix-graph-structured-stack,7,medium,Data Structures,True,advanced,0.9171632650753807,1.5231104640039465e-05,0.08282150381997917,0.9171632650753807,False,entropy
123,intermediate,6,data-structure-questions-answers-dynamic-array,10,easy,Data Structures,True,advanced,0.9657564330735052,2.8192255886594716e-06,0.03424074770090614,0.9657564330735052,False,entropy
123,intermediate,7,data-structure-questions-answers-binomial-fibonacci-heap,8,easy,Data Structures,False,advanced,0.9739872328743249,1.853411849617301e-06,0.026010913713825422,0.9739872328743249,False,entropy
123,intermediate,8,java-questions-answers-data-structures-hashmap,8,easy,Data Structures,True,advanced,0.989892094242412,2.4772687491127584e-07,0.010107658030713234,0.989892094242412,False,entropy
123,intermediate,9,data-structure-questions-answers-heap,2,easy,Data Structures,True,advanced,0.988764701673374,2.911115488035703e-07,0.01123500721507721,0.988764701673374,False,entropy
123,intermediate,10,data-structure-questions-answers-array-array-operations,1,easy,Data Structures,True,advanced,0.9918773734134648,1.5130303230152263e-07,0.00812247528350308,0.9918773734134648,False,entropy
123,intermediate,11,data-structure-interview-questions-answers,8,easy,Data Structures,False,advanced,0.9935507588527058,1.1818319623062855e-07,0.006449122964098072,0.9935507588527058,False,entropy
123,intermediate,12,data-structure-questions-answers-recursion,4,easy,Data Structures,True,advanced,0.9953160982667232,6.688574106366381e-08,0.004683834847535859,0.9953160982667232,False,entropy
123,intermediate,13,data-structure-questions-answers-propositional-directed-acyclic-word-graph,5,medium,Data Structures,True,advanced,0.9840062746213735,6.034741762674492e-07,0.015993121904450232,0.9840062746213735,False,entropy
123,intermediate,14,data-structure-questions-answers-weight-balanced-tree,4,medium,Data Structures,False,advanced,0.9638136505892813,2.9937597247617702e-06,0.03618335565099413,0.9638136505892813,False,entropy
123,intermediate,15,data-structure-questions-answers-matrix-chain-multiplication,1,medium,Data Structures,True,advanced,0.934783626196514,9.126275807288333e-06,0.0652072475276787,0.934783626196514,False,entropy
123,intermediate,16,data-structure-questions-answers-stack-operations,5,medium,Data Structures,True,advanced,0.9054425625811188,1.899201905112173e-05,0.09453844539983003,0.9054425625811188,False,entropy
123,intermediate,17,data-structure-questions-answers-threaded-binary-tree,6,medium,Data Structures,False,advanced,0.8144657206156267,8.173169013805007e-05,0.18545254769423516,0.8144657206156267,False,entropy
123,intermediate,18,data-structure-questions-answers-parallel-array,2,medium,Data Structures,True,advanced,0.7724580152934425,0.00012093684191580299,0.2274210478646417,0.7724580152934425,False,entropy
123,intermediate,19,data-structure-questions-answers-longest-common-subsequence,3,medium,Data Structures,True,advanced,0.7458682830738164,0.00013760572102279597,0.2539941112051608,0.7458682830738164,False,entropy
123,intermediate,20,data-structure-questions-answers-heap,7,medium,Data Structures,True,advanced,0.700681203170922,0.0001915920520540832,0.2991272047770239,0.700681203170922,False,entropy
251,advanced,1,java-questions-answers-data-structures-list,6,medium,Data Structures,True,advanced,0.7542720591512286,6.415438810846075e-06,0.2457215254099605,0.7542720591512286,True,entropy
251,advanced,2,data-structure-questions-answers-fibonacci-recursion,12,hard,Data Structures,False,intermediate,0.9903013592334813,0.003363332551407177,0.9903013592334813,0.0063353082151115635,False,entropy
251,advanced,3,data-structure-questions-answers-queue-linked-list,3,medium,Data Structures,True,intermediate,0.681778738207827,4.51614624645928e-05,0.681778738207827,0.3181761003297085,False,entropy
251,advanced,4,data-structure-questions-answers-evaluation-infix-expression-not-parenthesized,7,easy,Data Structures,True,intermediate,0.5063481954873812,8.63595942648228e-05,0.5063481954873812,0.4935654449183539,False,entropy
251,advanced,5,data-structure-questions-answers-non-recursive-depth-first-search,4,hard,Data Structures,True,intermediate,0.5050671563418004,0.00021887048116542632,0.5050671563418004,0.49471397317703425,False,entropy
251,advanced,6,data-structure-questions-answers-weight-balanced-tree,7,hard,Data Structures,True,intermediate,0.6489184848811873,0.0007747375430950874,0.6489184848811873,0.3503067775757176,False,entropy
251,advanced,7,data-structure-questions-answers-dynamic-array,14,hard,Data Structures,False,intermediate,0.557454552074931,0.0005366011712525781,0.557454552074931,0.4420088467538165,False,entropy
251,advanced,8,data-structure-questions-answers-counting-boolean-parenthesizations,1,hard,Data Structures,False,advanced,0.5085532699013715,0.00039119073517747795,0.491055539363451,0.5085532699013715,True,entropy
251,advanced,9,data-structure-questions-answers-power-number-recursion-logn-time,1,hard,Data Structures,False,intermediate,0.6001200302320046,0.0005997065252011713,0.6001200302320046,0.39928026324279425,False,entropy
251,advanced,10,data-structure-questions-answers-binomial-fibonacci-heap,8,easy,Data Structures,True,advanced,0.6673546618953211,0.00012130406882048957,0.33252403403585823,0.6673546618953211,True,entropy
251,advanced,11,data-structure-questions-answers-binary-trees-linked-lists,8,hard,Data Structures,False,intermediate,0.5024763421905244,0.0003413031617103067,0.5024763421905244,0.49718235464776533,False,entropy
251,advanced,12,data-structure-questions-answers-free-list,2,easy,Data Structures,True,advanced,0.6626869962442452,0.00010534770407027981,0.33720765605168457,0.6626869962442452,True,entropy
251,advanced,13,data-structure-questions-answers-pancake-sort,10,hard,Data Structures,False,advanced,0.7405135570016818,5.869918089724869e-05,0.2594277438174209,0.7405135570016818,True,entropy
251,advanced,14,data-structure-questions-answers-stack-array,6,hard,Data Structures,False,advanced,0.7141594180488955,7.012243989469132e-05,0.2857704595112099,0.7141594180488955,True,entropy
251,advanced,15,data-structure-questions-answers-edit-distance-problem,8,hard,Data Structures,False,intermediate,0.5089639215847589,0.00026299152879319864,0.5089639215847589,0.4907730868864479,False,entropy
251,advanced,16,1000-data-structure-questions-answers,22,easy,Data Structures,True,advanced,0.6070801998774924,0.00014155979939672953,0.3927782403231108,0.6070801998774924,True,entropy
251,advanced,17,data-structure-questions-answers-incidence-matrix-graph-structured-stack,2,easy,Data Structures,True,advanced,0.6995987869695156,6.826342596646519e-05,0.30033294960451806,0.6995987869695156,True,entropy
251,advanced,18,data-structure-questions-answers-fibonacci-search,6,easy,Data Structures,True,advanced,0.7655931367521165,3.419739189230628e-05,0.23437266585599117,0.7655931367521165,True,entropy
251,advanced,19,data-structure-questions-answers-longest-palindromic-subsequence,4,easy,Data Structures,True,advanced,0.8238636411841116,1.6714289127505638e-05,0.17611964452676093,0.8238636411841116,True,entropy
251,advanced,20,data-structure-questions-answers-evaluation-infix-expression-not-parenthesized,3,easy,Data Structures,True,advanced,0.8879426756783216,6.450191040666053e-06,0.11205087413063773,0.8879426756783216,True,entropy
271,advanced,1,java-mcqs-constructors-garbage-collection,1,easy,Java,True,intermediate,0.5109466691418502,2.693113159550412e-05,0.5109466691418502,0.4890263997265544,False,entropy
271,advanced,2,javascript-mcqs-getting-started-R-I,4,easy,Java,False,advanced,0.9946413056043781,1.1145712849724249e-07,0.005358582938493305,0.9946413056043781,True,entropy
271,advanced,3,java-mcqs-java-lang-introduction,4,easy,Java,True,advanced,0.9737039356484501,6.424850295476412e-07,0.02629542186652032,0.9737039356484501,True,entropy
271,advanced,4,java-interview-questions-answers,5,hard,Java,True,advanced,0.9991830431501337,9.93797574402665e-10,0.0008169558560687037,0.9991830431501337,True,entropy
271,advanced,5,java-questions-answers-entrance-exams,1,medium,Java,False,advanced,0.9928436621850888,3.8849191162717356e-08,0.007156298965720118,0.9928436621850888,True,entropy
271,advanced,6,javascript-mcqs-pattern-matching-regular-expressions,4,medium,Java,True,advanced,0.988372290017984,8.10078205413217e-08,0.011627628974195371,0.988372290017984,True,entropy
271,advanced,7,java-mcqs-character-extraction,1,medium,Java,True,advanced,0.9776040015427799,1.9117786734306657e-07,0.022395807279352576,0.9776040015427799,True,entropy
271,advanced,8,java-mcqs-command-line-arguments,3,easy,Java,False,advanced,0.9875285688340244,9.601530499463048e-08,0.012471335150670714,0.9875285688340244,True,entropy
271,advanced,9,java-mcqs-event-handling-basics,8,easy,Java,True,advanced,0.992929624854301,2.7230739151536607e-08,0.007070347914959845,0.992929624854301,True,entropy
271,advanced,10,java-mcqs-url-class,3,easy,Java,True,advanced,0.9938229304804536,1.4572098424406513e-08,0.006177054947447942,0.9938229304804536,True,entropy
271,advanced,11,java-mcqs-remote-method-invocation,4,medium,Java,True,advanced,0.9956744252921802,6.058306600285506e-09,0.004325568649513148,0.9956744252921802,True,entropy
271,advanced,12,javascript-questions-answers-mcqs,7,easy,Java,True,advanced,0.9955792964789882,4.751783761822377e-09,0.004420698769228074,0.9955792964789882,True,entropy
271,advanced,13,java-mcqs-double-float-wrappers,5,easy,Java,True,advanced,0.9969834863815028,1.9712978464299945e-09,0.0030165116471991315,0.9969834863815028,True,entropy
271,advanced,14,java-mcqs-remote-method-invocation,6,medium,Java,True,advanced,0.9965838689352364,1.965146343239233e-09,0.003416129099616984,0.9965838689352364,True,entropy
271,advanced,15,java-mcqs-system-class-advance,3,easy,Java,False,advanced,0.9980473679556504,1.4495321910904105e-09,0.0019526305948172596,0.9980473679556504,True,entropy
271,advanced,16,java-mcqs-interfaces,3,easy,Java,True,advanced,0.998694955627022,6.348680596848716e-10,0.0013050437381098672,0.998694955627022,True,entropy
271,advanced,17,javascript-mcqs-node-operations-I,10,medium,Java,False,advanced,0.9988633361095767,6.280560679194119e-10,0.0011366632623673067,0.9988633361095767,True,entropy
271,advanced,18,advanced-java-questions-answers-design-patterns,6,medium,Java,True,advanced,0.9983488760340312,1.1859691303757394e-09,0.001651122779999563,0.9983488760340312,True,entropy
271,advanced,19,javascript-mcqs-web-sockets,1,medium,Java,True,advanced,0.9980562167271689,1.359861591036669e-09,0.0019437819129693944,0.9980562167271689,True,entropy
271,advanced,20,java-mcqs-http-response-urlconnection-class,5,medium,Java,True,advanced,0.9979743566810393,1.3109280179848793e-09,0.0020256420080327774,0.9979743566810393,True,entropy
71,beginner,1,java-basic-questions-answers,5,hard,Java,True,beginner,0.9997338868181901,0.9997338868181901,0.00026611318180610067,3.814666266241955e-15,True,entropy
71,beginner,2,javascript-mcqs-pattern-matching-regular-expressions,15,hard,Java,True,beginner,0.9990771685189366,0.9990771685189366,0.0009228314810087791,5.484165314065246e-14,True,entropy
71,beginner,3,javascript-mcqs-webpagetest,2,medium,Java,False,beginner,0.9317948189309633,0.9317948189309633,0.06820517618338287,4.8856539883106265e-09,True,entropy
71,beginner,4,java-mcqs-java-util-bitset-date-class,1,medium,Java,False,beginner,0.7689526703819886,0.7689526703819886,0.2310471448151023,1.8480290906171932e-07,True,entropy
71,beginner,5,tough-java-questions-answers,9,medium,Java,False,beginner,0.6283705332719817,0.6283705332719817,0.37162809224079696,1.3744872213196864e-06,True,entropy
71,beginner,6,java-mcqs-remote-method-invocation,4,medium,Java,False,intermediate,0.7401288309601033,0.2598368780443167,0.7401288309601033,3.4290995579856455e-05,False,entropy
71,beginner,7,advanced-java-questions-answers-design-patterns,1,medium,Java,False,intermediate,0.6906894886289905,0.30927676888033295,0.6906894886289905,3.374249067645071e-05,False,entropy
71,beginner,8,java-mcqs-seraching-modifying-string,2,medium,Java,False,intermediate,0.8824926763025033,0.11727673562116263,0.8824926763025033,0.0002305880763341351,False,entropy
71,beginner,9,javascript-mcqs-html-api,7,medium,Java,False,intermediate,0.9007114127490062,0.09894076530378004,0.9007114127490062,0.00034782194721370385,False,entropy
71,beginner,10,java-mcqs-url-class,5,medium,Java,False,intermediate,0.8190622098179268,0.18077838127883478,0.8190622098179268,0.0001594089032383617,False,entropy
71,beginner,11,advanced-java-questions-answers-servlet,9,medium,Java,False,intermediate,0.6674329727498828,0.33251150222771403,0.6674329727498828,5.552502240328543e-05,False,entropy
71,beginner,12,java-mcqs-java-lang-introduction,4,easy,Java,False,beginner,0.9297932957144796,0.9297932957144796,0.07020635537956445,3.489059561090343e-07,True,entropy
71,beginner,13,java-interview-questions-answers,5,hard,Java,True,beginner,0.9471441951899621,0.9471441951899621,0.05285559761598651,2.071940516038213e-07,True,entropy
71,beginner,14,java-questions-answers-data-type-enums,3,hard,Java,False,beginner,0.9463646212376374,0.9463646212376374,0.053635239650768066,1.3911159450688968e-07,True,entropy
71,beginner,15,javascript-mcqs-window-object,11,hard,Java,False,beginner,0.9885412070857703,0.9885412070857703,0.011458789302322935,3.611906751658986e-09,True,entropy
71,beginner,16,advanced-java-questions-answers-debugging-eclipse,7,hard,Java,False,beginner,0.9941668477261882,0.9941668477261882,0.005833151509671915,7.641397926456671e-10,True,entropy
71,beginner,17,java-mcqs-method-overriding,8,hard,Java,False,beginner,0.9972760309633263,0.9972760309633263,0.0027239689097085192,1.2696514928961383e-10,True,entropy
71,beginner,18,javascript-mcqs-error-handling-i,3,hard,Java,False,beginner,0.9978324222704761,0.9978324222704761,0.0021675776576182233,7.19058169389726e-11,True,entropy
71,beginner,19,javascript-mcqs-blobs,8,hard,Java,False,beginner,0.9981816381826398,0.9981816381826398,0.0018183617732699978,4.4090233863727525e-11,True,entropy
71,beginner,20,java-questions-answers-freshers-experienced,7,hard,Java,True,beginner,0.9993414620096295,0.9993414620096295,0.0006585379848736328,5.496959218144988e-12,True,entropy
190,intermediate,1,operating-system-mcqs-file-system-allocation-methods-1,6,medium,Operating Systems,False,beginner,0.9998112646099379,0.9998112646099379,0.0001887353887726029,1.2895971528018456e-12,False,entropy
190,intermediate,2,operating-system-questions-answers-linux,8,easy,Operating Systems,False,beginner,0.9498391898727749,0.9498391898727749,0.050159576807252415,1.2333199725734448e-06,False,entropy
190,intermediate,3,operating-system-questions-answers-processes,5,medium,Operating Systems,True,beginner,0.8099943783338822,0.8099943783338822,0.1899959779417927,9.643724324950012e-06,False,entropy
190,intermediate,4,operating-system-mcqs-threads-ult-klt,12,hard,Operating Systems,False,beginner,0.5487711955358687,0.5487711955358687,0.4512030456157279,2.5758848403577467e-05,False,entropy
190,intermediate,5,operating-system-mcqs-atomic-transactions,5,easy,Operating Systems,True,intermediate,0.9158764692594733,0.08233889801811667,0.9158764692594733,0.001784632722410058,True,entropy
190,intermediate,6,operating-system-questions-answers-file-system-concepts,1,medium,Operating Systems,False,intermediate,0.5812881353039917,0.41859352312024856,0.5812881353039917,0.00011834157575978979,True,entropy
190,intermediate,7,operating-system-questions-answers-linux,7,hard,Operating Systems,False,intermediate,0.5247183796696172,0.47519997110323664,0.5247183796696172,8.164922714622986e-05,True,entropy
190,intermediate,8,operating-system-mcqs-file-system-allocation-methods-3,10,hard,Operating Systems,False,beginner,0.6977490601979166,0.6977490601979166,0.3022381378643004,1.28019377829702e-05,False,entropy
190,intermediate,9,operating-system-questions-answers-process-synchronization,3,hard,Operating Systems,False,beginner,0.8750840369380416,0.8750840369380416,0.12491452601113691,1.4370508214609462e-06,False,entropy
190,intermediate,10,operating-system-questions-answers-file-system-concepts,7,easy,Operating Systems,False,beginner,0.7591904566194396,0.7591904566194396,0.24080328588596692,6.257494593494692e-06,False,entropy
190,intermediate,11,operating-system-mcqs-semaphores-1,2,easy,Operating Systems,False,beginner,0.5027782908047742,0.5027782908047742,0.49718273397778473,3.897521744112266e-05,False,entropy
190,intermediate,12,operating-system-mcqs-threads-ult-klt,6,hard,Operating Systems,False,beginner,0.6822703278658319,0.6822703278658319,0.3177212154346736,8.456699494684914e-06,False,entropy
190,intermediate,13,operating-system-questions-answers-rtos,5,medium,Operating Systems,True,intermediate,0.5060175595512532,0.4939345425144464,0.5060175595512532,4.789793430053696e-05,True,entropy
190,intermediate,14,operating-system-mcqs-application-io-interface-2,4,hard,Operating Systems,False,beginner,0.7518614642749837,0.7518614642749837,0.2481317180841762,6.81764084011139e-06,False,entropy
190,intermediate,15,operating-system-mcqs-file-system-allocation-methods-3,9,medium,Operating Systems,True,beginner,0.7153234778257708,0.7153234778257708,0.28466741798379386,9.104190435332959e-06,False,entropy
190,intermediate,16,operating-system-mcqs-disk-scheduling-1,5,medium,Operating Systems,False,beginner,0.6920952989034787,0.6920952989034787,0.30789469465642993,1.000644009130799e-05,False,entropy
190,intermediate,17,operating-system-question-answers-multimedia-systems,9,medium,Operating Systems,False,beginner,0.7241318542746717,0.7241318542746717,0.27586122832903787,6.917396290312131e-06,False,entropy
190,intermediate,18,operating-system-mcqs-memory-management-paging-1,11,easy,Operating Systems,False,beginner,0.7053050481951177,0.7053050481951177,0.29468873988921895,6.211915663272623e-06,False,entropy
190,intermediate,19,operating-system-questions-answers-distributed-synchronization,4,medium,Operating Systems,False,beginner,0.7169336119910569,0.7169336119910569,0.28306117288064236,5.215128300819836e-06,False,entropy
190,intermediate,20,operating-system-mcqs-deadlock-prevention,11,medium,Operating Systems,True,beginner,0.685710276497377,0.685710276497377,0.3142808305332177,8.892969405256294e-06,False,entropy
118,intermediate,1,1000-python-questions-answers,10,easy,Python,True,intermediate,0.5730321785542242,0.007115293500091961,0.5730321785542242,0.4198525279456839,True,entropy
118,intermediate,2,python-questions-answers-pickle-module,1,easy,Python,False,intermediate,0.8244468783744328,0.02958014148158642,0.8244468783744328,0.1459729801439809,True,entropy
118,intermediate,3,python-questions-answers-boolean,8,hard,Python,False,intermediate,0.8326065982512859,0.007262972169016024,0.8326065982512859,0.16013042957969803,True,entropy
118,intermediate,4,python-questions-answers-modules,5,hard,Python,False,intermediate,0.849222460803937,0.14433790192115933,0.849222460803937,0.006439637274903702,True,entropy
118,intermediate,5,python-questions-answers-formatting-1,1,medium,Python,True,intermediate,0.8365136033977527,0.16151361315065949,0.8365136033977527,0.0019727834515876953,True,entropy
118,intermediate,6,python-developer-questions-answers,5,easy,Python,False,intermediate,0.9540246036000647,0.03687495610180497,0.9540246036000647,0.009100440298130374,True,entropy
118,intermediate,7,1000-python-questions-answers,29,medium,Python,False,intermediate,0.9606782951479349,0.03245483860224001,0.9606782951479349,0.006866866249825055,True,entropy
118,intermediate,8,python-questions-answers-turtle-module-3,12,medium,Python,False,intermediate,0.971772376197925,0.022086789107254184,0.971772376197925,0.006140834694820684,True,entropy
118,intermediate,9,python-questions-answers-freshers,1,medium,Python,False,intermediate,0.9579390674899545,0.03932926485074427,0.9579390674899545,0.002731667659301101,True,entropy
118,intermediate,10,python-questions-answers-global-local-variables-1,5,medium,Python,True,intermediate,0.9688417330748067,0.02586708535610675,0.9688417330748067,0.005291181569086568,True,entropy
118,intermediate,11,python-online-test,2,medium,Python,False,intermediate,0.974798174639308,0.015017234297156248,0.974798174639308,0.010184591063535767,True,entropy
118,intermediate,12,python-multiple-choice-questions-answers,7,medium,Python,False,intermediate,0.9736911255717098,0.016951564564376517,0.9736911255717098,0.009357309863913709,True,entropy
118,intermediate,13,python-questions-answers-advanced-formatting,7,medium,Python,False,intermediate,0.9651190044982084,0.030764286313920988,0.9651190044982084,0.004116709187870605,True,entropy
118,intermediate,14,python-questions-answers-lists-6,8,medium,Python,True,intermediate,0.9463959529976826,0.0506406524677437,0.9463959529976826,0.0029633945345735927,True,entropy
118,intermediate,15,python-questions-answers-global-local-variables-2,1,medium,Python,False,intermediate,0.940993892852626,0.056387588884219644,0.940993892852626,0.002618518263154299,True,entropy
118,intermediate,16,python-questions-answers-datetime-module-2,6,hard,Python,False,intermediate,0.8842551757694086,0.114733730755209,0.8842551757694086,0.001011093475382557,True,entropy
118,intermediate,17,python-questions-answers-datetime-module-1,3,hard,Python,True,intermediate,0.9024432226144495,0.09517868760228755,0.9024432226144495,0.0023780897832628776,True,entropy
118,intermediate,18,python-questions-answers-bitwise-2,8,hard,Python,True,intermediate,0.90544671577963,0.09140544314494667,0.90544671577963,0.0031478410754233457,True,entropy
118,intermediate,19,python-questions-answers-boolean,9,hard,Python,False,intermediate,0.7521603059305342,0.24716791218281267,0.7521603059305342,0.0006717818866531547,True,entropy
118,intermediate,20,python-questions-answers-matrix-list-comprehension,7,hard,Python,False,intermediate,0.7579846108304904,0.24141698097871805,0.7579846108304904,0.0005984081907915564,True,entropy
22,beginner,1,data-structure-questions-answers-incidence-matrix-graph-structured-stack,7,medium,Data Structures,False,beginner,0.9807026859086081,0.9807026859086081,0.019297298407140805,1.568425117234932e-08,True,entropy
22,beginner,2,data-structure-questions-answers-xor-linked-list,6,hard,Data Structures,False,beginner,0.9865827778486098,0.9865827778486098,0.013417221099258995,1.0521312082932193e-09,True,entropy
22,beginner,3,data-structure-questions-answers-binary-search-iterative,4,medium,Data Structures,False,beginner,0.8082645623731427,0.8082645623731427,0.1917349434723364,4.941545209213661e-07,True,entropy
22,beginner,4,data-structure-questions-answers-search-element-array-recursion-1,1,medium,Data Structures,False,beginner,0.856057730662904,0.856057730662904,0.14394209607509784,1.732619981783119e-07,True,entropy
22,beginner,5,data-structure-questions-answers-dynamic-array,10,easy,Data Structures,True,beginner,0.9579231512561327,0.9579231512561327,0.042076718024189295,1.307196780239609e-07,True,entropy
22,beginner,6,data-structure-questions-answers-number-jumps-reach-end-array-operation,8,easy,Data Structures,True,beginner,0.9295756410168196,0.9295756410168196,0.07042396883623991,3.9014694062718846e-07,True,entropy
22,beginner,7,data-structure-questions-answers-fibonacci-search,7,easy,Data Structures,True,beginner,0.8944629790413019,0.8944629790413019,0.105536199177939,8.217807592371327e-07,True,entropy
22,beginner,8,data-structure-interview-questions-answers,9,easy,Data Structures,True,beginner,0.7410433035763481,0.7410433035763481,0.2589513952569853,5.30116666662603e-06,True,entropy
22,beginner,9,data-structure-questions-answers-undirected-graph,4,medium,Data Structures,False,beginner,0.8649685768785503,0.8649685768785503,0.13502965826057742,1.764860872128965e-06,True,entropy
22,beginner,10,data-structure-questions-answers-stack-array,3,easy,Data Structures,True,beginner,0.727547051798877,0.727547051798877,0.2724427513557668,1.0196845356203077e-05,True,entropy
22,beginner,11,1000-data-structure-questions-answers,23,hard,Data Structures,False,beginner,0.8858709642756134,0.8858709642756134,0.11412764940642359,1.3863179627799984e-06,True,entropy
22,beginner,12,data-structure-questions-answers-binary-search-iterative,2,easy,Data Structures,True,beginner,0.6854014854851211,0.6854014854851211,0.31458231647904544,1.619803583343636e-05,True,entropy
22,beginner,13,data-structure-questions-answers-binary-trees-array,2,medium,Data Structures,False,beginner,0.593525026899167,0.593525026899167,0.40643898267619194,3.599042464099934e-05,True,entropy
22,beginner,14,data-structure-assessment-questions-answers,3,medium,Data Structures,False,beginner,0.761251375959067,0.761251375959067,0.23873970214446935,8.921896463666497e-06,True,entropy
22,beginner,15,data-structure-questions-answers-heap,2,easy,Data Structures,True,beginner,0.7605950596433403,0.7605950596433403,0.23939613814691355,8.802209746126048e-06,True,entropy
22,beginner,16,data-structure-questions-answers-array-array-operations,1,easy,Data Structures,True,beginner,0.7129798223513827,0.7129798223513827,0.28700626300453047,1.3914644086799885e-05,True,entropy
22,beginner,17,data-structure-questions-answers-binary-search-tree,7,easy,Data Structures,True,beginner,0.6072488807190347,0.6072488807190347,0.3927220567173972,2.9062563568136142e-05,True,entropy
22,beginner,18,data-structure-questions-answers-matrix,2,hard,Data Structures,False,beginner,0.8597573814804348,0.8597573814804348,0.14023993640146543,2.6821180997537444e-06,True,entropy
22,beginner,19,data-structure-questions-answers-weak-heap,7,easy,Data Structures,False,beginner,0.8870009599933363,0.8870009599933363,0.11299775414946413,1.285857199620222e-06,True,entropy
22,beginner,20,data-structure-questions-answers-directed-acyclic-graph,7,hard,Data Structures,False,beginner,0.9435798421171303,0.9435798421171303,0.05641988133631093,2.7654655882043027e-07,True,entropy
189,intermediate,1,python-technical-interview-questions-answers,10,easy,Python,False,advanced,0.8466985745114429,0.000302548832610539,0.15299887665594647,0.8466985745114429,False,entropy
189,intermediate,2,python-mcqs-core-datatypes,2,medium,Python,False,beginner,0.8322733779952944,0.8322733779952944,0.1677176221243889,8.999880316652022e-06,False,entropy
189,intermediate,3,python-online-test,2,medium,Python,True,beginner,0.7736022496985949,0.7736022496985949,0.22638148223279222,1.6268068612824936e-05,False,entropy
189,intermediate,4,python-questions-answers-formatting-2,2,hard,Python,False,beginner,0.9018170094321728,0.9018170094321728,0.09818249326531693,4.973025103408532e-07,False,entropy
189,intermediate,5,python-mcqs-basic-operators,1,easy,Python,True,intermediate,0.6128995777867334,0.38693817897631533,0.6128995777867334,0.00016224323695125222,True,entropy
189,intermediate,6,1000-python-questions-answers,35,hard,Python,False,intermediate,0.8943948532607962,0.1038211051533114,0.8943948532607962,0.0017840415858924766,True,entropy
189,intermediate,7,python-questions-answers-sys-module,10,medium,Python,False,intermediate,0.9236290650493549,0.07408498204545637,0.9236290650493549,0.002285952905188753,True,entropy
189,intermediate,8,python-questions-answers-datetime-module-1,3,hard,Python,False,intermediate,0.841871287309976,0.15770515273351632,0.841871287309976,0.0004235599565077076,True,entropy
189,intermediate,9,python-questions-answers-polymorphism,5,hard,Python,False,intermediate,0.8290139925567598,0.17062878973991716,0.8290139925567598,0.00035721770332312224,True,entropy
189,intermediate,10,python-questions-answers-advanced-formatting,9,hard,Python,False,intermediate,0.7995767897339064,0.20010502704951585,0.7995767897339064,0.00031818321657768817,True,entropy
189,intermediate,11,python-questions-answers-boolean,9,hard,Python,False,intermediate,0.7359596388670334,0.26386031698770335,0.7359596388670334,0.0001800441452631339,True,entropy
189,intermediate,12,python-questions-answers-turtle-module-2,1,hard,Python,False,intermediate,0.545745007496996,0.4541997925362661,0.545745007496996,5.5199966738066625e-05,True,entropy
189,intermediate,13,python-questions-answers-formatting-2,3,hard,Python,False,intermediate,0.6467940893542398,0.35310912219834406,0.6467940893542398,9.678844741619728e-05,True,entropy
189,intermediate,14,python-questions-answers-built-in-functions-2,5,hard,Python,False,beginner,0.5027119502353558,0.5027119502353558,0.49725150963803283,3.6540126611447515e-05,False,entropy
189,intermediate,15,python-questions-answers-polymorphism,1,hard,Python,False,beginner,0.5553951106062498,0.5553951106062498,0.44458153591271427,2.335348103582787e-05,False,entropy
189,intermediate,16,python-aptitude-test-questions,3,medium,Python,True,intermediate,0.6264362548170423,0.3734154058586656,0.6264362548170423,0.00014833932429192444,True,entropy
189,intermediate,17,python-questions-answers-freshers,1,medium,Python,False,intermediate,0.5912100407959301,0.4086759698109986,0.5912100407959301,0.00011398939307144136,True,entropy
189,intermediate,18,python-questions-answers-turtle-module-3,1,medium,Python,False,intermediate,0.6128745288173222,0.3870098714424572,0.6128745288173222,0.00011559974022054767,True,entropy
189,intermediate,19,python-questions-answers-shallow-copy-deep-copy,3,medium,Python,False,intermediate,0.7351912585855392,0.26457950296484695,0.7351912585855392,0.0002292384496138484,True,entropy
189,intermediate,20,python-questions-campus-interview,7,medium,Python,False,intermediate,0.7072256161526664,0.29260883809349947,0.7072256161526664,0.00016554575383416988,True,entropy
286,advanced,1,1000-data-structure-questions-answers,22,easy,Data Structures,True,advanced,0.9305898926877799,1.4559494375570025e-05,0.06939554781784454,0.9305898926877799,True,entropy
286,advanced,2,data-structure-questions-answers-graph,6,easy,Data Structures,True,advanced,0.8896364570033959,3.150358781308255e-05,0.11033203940879098,0.8896364570033959,True,entropy
286,advanced,3,data-structure-questions-answers-reverse-word-stack,6,medium,Data Structures,False,advanced,0.9570555894907663,3.718388623837567e-06,0.04294069212060988,0.9570555894907663,True,entropy
286,advanced,4,data-structure-questions-answers-binary-heap,5,hard,Data Structures,False,advanced,0.9847190161449855,1.5787992841434164e-07,0.015280825975086034,0.9847190161449855,True,entropy
286,advanced,5,data-structure-questions-answers-binary-tree-properties,10,hard,Data Structures,False,advanced,0.8619413007750132,1.0719376048399676e-05,0.13804797984893846,0.8619413007750132,True,entropy
286,advanced,6,1000-data-structure-questions-answers,2,medium,Data Structures,True,advanced,0.9697098157999152,8.094538816509493e-07,0.030289374746203225,0.9697098157999152,True,entropy
286,advanced,7,data-structure-questions-answers-splay-tree,9,hard,Data Structures,True,advanced,0.9841943974901814,3.7143078967529393e-07,0.01580523107902882,0.9841943974901814,True,entropy
286,advanced,8,data-structure-questions-answers-generating-partitions,4,hard,Data Structures,False,advanced,0.9577160719848676,2.2190229407253063e-06,0.04228170899219166,0.9577160719848676,True,entropy
286,advanced,9,data-structure-questions-answers-binary-search-iterative,7,hard,Data Structures,False,advanced,0.9529714774760502,2.3549444625624983e-06,0.04702616757948725,0.9529714774760502,True,entropy
286,advanced,10,data-structure-questions-answers-matrix,2,hard,Data Structures,False,advanced,0.8454415626020244,1.815862503064451e-05,0.154540278772945,0.8454415626020244,True,entropy
286,advanced,11,data-structure-questions-answers-assembly-line-scheduling,2,hard,Data Structures,True,advanced,0.8747575902015359,1.550565564672509e-05,0.1252269041428173,0.8747575902015359,True,entropy
286,advanced,12,data-structure-questions-answers-uniform-binary-search,2,hard,Data Structures,True,advanced,0.8520543310951443,2.3775495106979407e-05,0.1479218934097487,0.8520543310951443,True,entropy
286,advanced,13,data-structure-questions-answers-pancake-sort,10,hard,Data Structures,False,advanced,0.7353614126162042,8.760456941200306e-05,0.2645509828143839,0.7353614126162042,True,entropy
286,advanced,14,data-structure-questions-answers-edit-distance-problem,8,hard,Data Structures,False,advanced,0.7250345497830145,8.703905933650924e-05,0.2748784111576491,0.7250345497830145,True,entropy
286,advanced,15,data-structure-questions-answers-fibonacci-search,8,medium,Data Structures,True,advanced,0.82376702710359,3.564368302274601e-05,0.17619732921338727,0.82376702710359,True,entropy
286,advanced,16,data-structure-questions-answers-matrix-chain-multiplication,1,medium,Data Structures,True,advanced,0.8487609281552851,2.346697083771359e-05,0.15121560487387734,0.8487609281552851,True,entropy
286,advanced,17,data-structure-questions-answers-circular-linked-lists,4,medium,Data Structures,False,advanced,0.8464548266059262,2.6243438146540495e-05,0.15351892995592725,0.8464548266059262,True,entropy
286,advanced,18,data-structure-questions-answers-counting-boolean-parenthesizations,2,medium,Data Structures,False,advanced,0.8328838647058504,2.7832982970461948e-05,0.16708830231117913,0.8328838647058504,True,entropy
286,advanced,19,data-structure-questions-answers-hash-tables,8,medium,Data Structures,True,advanced,0.9010528983699584,9.92861779867919e-06,0.09893717301224284,0.9010528983699584,True,entropy
286,advanced,20,data-structure-questions-answers-queue-linked-list,3,medium,Data Structures,True,advanced,0.8856877924619776,1.1322593696922266e-05,0.11430088494432532,0.8856877924619776,True,entropy
274,advanced,1,1000-data-structure-questions-answers,16,hard,Data Structures,False,advanced,0.999967409728402,4.900258064608083e-12,3.2590266697661356e-05,0.999967409728402,True,entropy
274,advanced,2,data-structure-questions-answers-incidence-matrix-graph-structured-stack,11,easy,Data Structures,True,advanced,0.9999770220549746,6.264592799988378e-12,2.297793876083634e-05,0.9999770220549746,True,entropy
274,advanced,3,data-structure-questions-answers-heap,7,medium,Data Structures,True,advanced,0.9993518953170241,5.402982576110753e-10,0.0006481041426778082,0.9993518953170241,True,entropy
274,advanced,4,data-structure-questions-answers-binary-search-iterative,7,hard,Data Structures,False,advanced,0.998602690522038,4.076504708709279e-09,0.0013973054014573421,0.998602690522038,True,entropy
274,advanced,5,data-structure-multiple-choice-questions-answers,5,hard,Data Structures,True,advanced,0.9919100785279475,1.6574974464617688e-07,0.008089755722307898,0.9919100785279475,True,entropy
274,advanced,6,data-structure-questions-answers-power-number-recursion-logn-time,1,hard,Data Structures,False,advanced,0.9289369088367162,8.649032612456956e-06,0.07105444213067147,0.9289369088367162,True,entropy
274,advanced,7,data-structure-questions-answers-pancake-sort,8,hard,Data Structures,False,advanced,0.8936228926113687,1.65360622131853e-05,0.10636057132641796,0.8936228926113687,True,entropy
274,advanced,8,data-structure-questions-answers-pancake-sort,6,hard,Data Structures,False,advanced,0.9486945252159138,3.3734248779990505e-06,0.051302101359208166,0.9486945252159138,True,entropy
274,advanced,9,data-structure-questions-answers-circular-linked-lists,10,hard,Data Structures,True,advanced,0.9501456891664528,3.995324819524625e-06,0.049850315508727636,0.9501456891664528,True,entropy
274,advanced,10,data-structure-questions-answers-assembly-line-scheduling,8,hard,Data Structures,False,advanced,0.8595548100203539,2.6548165192959013e-05,0.14041864181445313,0.8595548100203539,True,entropy
274,advanced,11,data-structure-questions-answers-priority-queue,3,hard,Data Structures,False,advanced,0.8449168816397665,2.963662006295642e-05,0.15505348174017042,0.8449168816397665,True,entropy
274,advanced,12,data-structure-questions-answers-binary-search-tree,1,hard,Data Structures,True,advanced,0.8485633941605655,2.699013217496184e-05,0.1514096157072595,0.8485633941605655,True,entropy
274,advanced,13,data-structure-questions-answers-undirected-graph,4,medium,Data Structures,True,advanced,0.7522212944999023,6.633058725273483e-05,0.24771237491284506,0.7522212944999023,True,entropy
274,advanced,14,data-structure-questions-answers-longest-palindromic-subsequence,1,medium,Data Structures,True,advanced,0.8005467225762841,3.623607497340869e-05,0.19941704134874252,0.8005467225762841,True,entropy
274,advanced,15,data-structure-questions-answers-circular-linked-lists,4,medium,Data Structures,True,advanced,0.8564825190115761,1.608280001720842e-05,0.14350139818840663,0.8564825190115761,True,entropy
274,advanced,16,data-structure-questions-answers-breadth-first-search,8,medium,Data Structures,True,advanced,0.8856737722713859,9.541647972987054e-06,0.11431668608064101,0.8856737722713859,True,entropy
274,advanced,17,data-structure-questions-answers-graph,13,medium,Data Structures,True,advanced,0.88650332526585,8.267001070349197e-06,0.1134884077330797,0.88650332526585,True,entropy
274,advanced,18,data-structure-questions-answers-edit-distance-problem,3,medium,Data Structures,True,advanced,0.856848643018467,1.1355688797238803e-05,0.14314000129273563,0.856848643018467,True,entropy
274,advanced,19,data-structure-questions-answers-edit-distance-problem,1,medium,Data Structures,True,advanced,0.874133897338847,7.762921412386517e-06,0.1258583397397405,0.874133897338847,True,entropy
274,advanced,20,data-structure-questions-answers-0-1-knapsack-problem,2,medium,Data Structures,True,advanced,0.8641748335831957,7.48991288197043e-06,0.13581767650392235,0.8641748335831957,True,entropy
97,beginner,1,discrete-mathematics-questions-answers-ciphers,9,easy,Discrete Mathematics,True,intermediate,0.9544998366909277,0.004038847454663873,0.9544998366909277,0.04146131585440839,False,entropy
97,beginner,2,discrete-mathematics-questions-answers-logic-circuits,7,easy,Discrete Mathematics,False,advanced,0.7676836970628045,0.00030182171981855206,0.23201448121737694,0.7676836970628045,False,entropy
97,beginner,3,discrete-mathematics-questions-answers-inference,3,medium,Discrete Mathematics,True,intermediate,0.964420580871965,0.030861520945945898,0.964420580871965,0.004717898182089014,False,entropy
97,beginner,4,discrete-mathematics-questions-answers-ciphers,6,medium,Discrete Mathematics,False,intermediate,0.5280713654757183,0.4717600119641392,0.5280713654757183,0.00016862256014251608,False,entropy
97,beginner,5,discrete-mathematics-questions-answers-probability-distribution,2,hard,Discrete Mathematics,False,intermediate,0.9689358668189629,0.025730895254860175,0.9689358668189629,0.005333237926176783,False,entropy
97,beginner,6,discrete-mathematics-questions-answers-circular-permutations,4,medium,Discrete Mathematics,True,intermediate,0.9817242887232055,0.01254008756182709,0.9817242887232055,0.005735623714967289,False,entropy
97,beginner,7,discrete-mathematics-questions-answers-multiplication-theorem-probability,2,medium,Discrete Mathematics,True,intermediate,0.9283097314738713,0.07123580094456397,0.9283097314738713,0.0004544675815647629,False,entropy
97,beginner,8,discrete-mathematics-questions-answers-logic-bit-operations,10,hard,Discrete Mathematics,False,intermediate,0.6701026266770265,0.32984540865766626,0.6701026266770265,5.196466530724994e-05,False,entropy
97,beginner,9,discrete-mathematics-questions-answers-test,6,hard,Discrete Mathematics,False,beginner,0.9295269775744238,0.9295269775744238,0.07047287929336173,1.4313221433644196e-07,True,entropy
97,beginner,10,discrete-mathematics-questions-answers-recurrence-relation,9,medium,Discrete Mathematics,False,beginner,0.948646075229441,0.948646075229441,0.05135384640278391,7.836777507170553e-08,True,entropy
97,beginner,11,discrete-mathematics-questions-answers-prime-numbers,8,easy,Discrete Mathematics,True,beginner,0.8744412000732161,0.8744412000732161,0.12555816243034404,6.374964399511771e-07,True,entropy
97,beginner,12,discrete-mathematics-written-test-questions-answers,4,easy,Discrete Mathematics,True,beginner,0.7649436765706886,0.7649436765706886,0.23505365372849502,2.669700816386365e-06,True,entropy
97,beginner,13,discrete-mathematics-questions-answers-experienced,9,easy,Discrete Mathematics,False,beginner,0.8071469903137349,0.8071469903137349,0.19285129470123846,1.7149850265666223e-06,True,entropy
97,beginner,14,discrete-mathematics-mcqs-applications-number-theory,2,easy,Discrete Mathematics,True,beginner,0.6855270868887575,0.6855270868887575,0.3144684967759552,4.416335287392033e-06,True,entropy
97,beginner,15,discrete-mathematics-questions-answers-burnside-theorem,2,hard,Discrete Mathematics,False,beginner,0.7705457835051884,0.7705457835051884,0.22945191964378275,2.2968510288002e-06,True,entropy
97,beginner,16,discrete-mathematics-questions-answers-diagraph,5,easy,Discrete Mathematics,False,beginner,0.7239151887815702,0.7239151887815702,0.2760818831686073,2.928049822446853e-06,True,entropy
97,beginner,17,discrete-mathematics-basic-questions-answers,7,medium,Discrete Mathematics,True,beginner,0.6841191246026652,0.6841191246026652,0.31587712761243036,3.747784904313797e-06,True,entropy
97,beginner,18,discrete-mathematics-puzzles,6,medium,Discrete Mathematics,False,beginner,0.7719979431723074,0.7719979431723074,0.2280007733792537,1.2834484389539988e-06,True,entropy
97,beginner,19,discrete-mathematics-questions-answers-boolean-algebra,10,easy,Discrete Mathematics,False,beginner,0.7040124460748943,0.7040124460748943,0.2959852184685072,2.3354565984658137e-06,True,entropy
97,beginner,20,discrete-mathematics-questions-answers-recurrence-relation,1,medium,Discrete Mathematics,False,beginner,0.7839578474153858,0.7839578474153858,0.21604117074301024,9.818416037951298e-07,True,entropy
169,intermediate,1,data-structure-questions-answers-sparse-array,1,medium,Data Structures,True,beginner,0.9941031310661178,0.9941031310661178,0.00589686887253774,6.134441675229556e-11,False,entropy
169,intermediate,2,data-structure-questions-answers-weight-balanced-tree,7,hard,Data Structures,False,intermediate,0.5961142590930285,0.40388048295506007,0.5961142590930285,5.257951911455413e-06,True,entropy
169,intermediate,3,data-structure-questions-answers-minimum-number-jumps,4,easy,Data Structures,True,intermediate,0.9669032121614083,0.029536621429678243,0.9669032121614083,0.0035601664089135823,True,entropy
169,intermediate,4,data-structure-questions-answers-graph,6,easy,Data Structures,False,intermediate,0.9833780262985904,0.0030325810436639448,0.9833780262985904,0.013589392657745697,True,entropy
169,intermediate,5,data-structure-questions-answers-skip-list,8,medium,Data Structures,False,intermediate,0.9863227148412735,0.010749657048798062,0.9863227148412735,0.0029276281099282703,True,entropy
169,intermediate,6,data-structure-questions-answers-preorder-traversal,7,medium,Data Structures,False,intermediate,0.9568042750742857,0.04234382478136999,0.9568042750742857,0.0008519001443444455,True,entropy
169,intermediate,7,data-structure-questions-answers-undirected-graph,4,medium,Data Structures,False,intermediate,0.9801430128679673,0.017479165122803852,0.9801430128679673,0.002377822009228753,True,entropy
169,intermediate,8,data-structure-questions-answers-dynamic-array,10,easy,Data Structures,False,intermediate,0.9852209443044474,0.0104238254311071,0.9852209443044474,0.0043552302644454385,True,entropy
169,intermediate,9,data-structure-questions-answers-longest-palindromic-subsequence,1,medium,Data Structures,False,intermediate,0.9843861063890291,0.012247607150793646,0.9843861063890291,0.0033662864601771312,True,entropy
169,intermediate,10,data-structure-questions-answers-matrix-chain-multiplication,1,medium,Data Structures,True,intermediate,0.9844500775060198,0.010454006690103186,0.9844500775060198,0.00509591580387695,True,entropy
169,intermediate,11,data-structure-questions-answers-matrix,8,medium,Data Structures,True,intermediate,0.9843198329482413,0.004989060367988811,0.9843198329482413,0.010691106683769873,True,entropy
169,intermediate,12,data-structure-questions-answers-graph,13,medium,Data Structures,True,intermediate,0.9869427510286144,0.008843596690675307,0.9869427510286144,0.004213652280710192,True,entropy
169,intermediate,13,java-questions-answers-data-structures-list,6,medium,Data Structures,False,intermediate,0.9853390650416811,0.005778949642111348,0.9853390650416811,0.008881985316207546,True,entropy
169,intermediate,14,data-structure-questions-answers-binary-trees-array,10,medium,Data Structures,False,intermediate,0.983301136018082,0.004264149251612736,0.983301136018082,0.012434714730305392,True,entropy
169,intermediate,15,data-structure-questions-answers-graph,5,easy,Data Structures,False,intermediate,0.9807048372120104,0.002783837107440231,0.9807048372120104,0.01651132568054927,True,entropy
169,intermediate,16,data-structure-questions-answers-matrix,1,easy,Data Structures,False,intermediate,0.9804046765170471,0.00253954846905065,0.9804046765170471,0.017055775013902354,True,entropy
169,intermediate,17,data-structure-questions-answers-incidence-matrix-graph-structured-stack,11,easy,Data Structures,False,intermediate,0.9708316665408444,0.0015099921923583616,0.9708316665408444,0.027658341266797205,True,entropy
169,intermediate,18,disjoint-set-data-structure-multiple-choice-questions-answers-mcqs,7,easy,Data Structures,False,intermediate,0.9694354230742968,0.0012984898994894472,0.9694354230742968,0.029266087026213822,True,entropy
169,intermediate,19,data-structure-questions-answers-balanced-partition,10,easy,Data Structures,False,intermediate,0.9580860342737028,0.0008930365333753851,0.9580860342737028,0.041020929192921884,True,entropy
169,intermediate,20,data-structure-interview-questions-answers,8,easy,Data Structures,True,intermediate,0.8482905613297083,0.00034625592678939085,0.8482905613297083,0.1513631827435023,True,entropy
36,beginner,1,javascript-mcqs-error-handling-i,3,hard,Java,True,beginner,0.5882596520553592,0.5882596520553592,0.41174024215095684,1.0579368399238648e-07,True,entropy
36,beginner,2,advanced-java-questions-answers-jsp-elements,3,easy,Java,False,intermediate,0.853067849269003,0.14552106999860973,0.853067849269003,0.0014110807323872456,False,entropy
36,beginner,3,java-mcqs-reading-console-input,3,medium,Java,False,intermediate,0.5911895791554143,0.4086701165156024,0.5911895791554143,0.0001403043289831613,False,entropy
36,beginner,4,java-questions-answers-entrance-exams,1,medium,Java,False,beginner,0.9168188767921808,0.9168188767921808,0.0831793503057976,1.7729020214751095e-06,True,entropy
36,beginner,5,java-mcqs-collection-interface,1,easy,Java,True,intermediate,0.6718197145185636,0.3277744167299158,0.6718197145185636,0.00040586875152061856,False,entropy
36,beginner,6,java-mcqs-seraching-modifying-string,2,medium,Java,True,intermediate,0.6597896307913916,0.3400415766424749,0.6597896307913916,0.00016879256613342193,False,entropy
36,beginner,7,javascript-questions-answers-freshers,1,medium,Java,False,beginner,0.6440985961309132,0.6440985961309132,0.35586076714378956,4.063672529729605e-05,True,entropy
36,beginner,8,javascript-mcqs-node-operations-I,10,medium,Java,True,beginner,0.5688890981332613,0.5688890981332613,0.4310795149656118,3.138690112685436e-05,True,entropy
36,beginner,9,java-questions-answers-heap-garbage-collection,6,medium,Java,True,beginner,0.5635956070440467,0.5635956070440467,0.43638388430076147,2.0508655191833965e-05,True,entropy
36,beginner,10,java-mcqs-url-class,3,easy,Java,True,intermediate,0.7710397465325453,0.2287424012295496,0.7710397465325453,0.00021785223790512115,False,entropy
36,beginner,11,java-mcqs-componentevent-containerevent-focusevent-class,4,medium,Java,False,intermediate,0.6715162302861799,0.3282862253698364,0.6715162302861799,0.00019754434398368582,False,entropy
36,beginner,12,java-mcqs-integer-floating-data-types,2,medium,Java,False,intermediate,0.6419715679597617,0.35783246916232253,0.6419715679597617,0.0001959628779155984,False,entropy
36,beginner,13,java-mcqs-http-response-urlconnection-class,5,medium,Java,False,intermediate,0.7231093167079796,0.2764878017462505,0.7231093167079796,0.00040288154576990925,False,entropy
36,beginner,14,javascript-questions-answers-experienced,6,medium,Java,True,intermediate,0.754117732231126,0.24548560263762095,0.754117732231126,0.0003966651312531024,False,entropy
36,beginner,15,java-mcqs-collection-algorithms,3,easy,Java,True,intermediate,0.8978585617678164,0.1008126160838125,0.8978585617678164,0.0013288221483710543,False,entropy
36,beginner,16,java-mcqs-networking-basics,5,easy,Java,True,intermediate,0.9312289578491721,0.06691150502927966,0.9312289578491721,0.0018595371215482112,False,entropy
36,beginner,17,java-mcqs-system-class-advance,3,easy,Java,True,intermediate,0.9480607426945611,0.04980515776528072,0.9480607426945611,0.0021340995401581534,False,entropy
36,beginner,18,advanced-java-questions-answers-client-server,3,easy,Java,True,intermediate,0.9599099800094061,0.03781191209204001,0.9599099800094061,0.0022781078985537957,False,entropy
36,beginner,19,javascript-mcqs-getting-started-R-I,4,easy,Java,False,intermediate,0.9204813955395503,0.07795426395834171,0.9204813955395503,0.0015643405021079312,False,entropy
36,beginner,20,javascript-mcqs-blobs,9,easy,Java,True,intermediate,0.9475876508748581,0.049770646288865815,0.9475876508748581,0.00264170283627607,False,entropy
195,intermediate,1,data-structure-questions-answers-matrix,6,easy,Data Structures,False,advanced,0.7443524202543106,0.0007679863778491443,0.2548795933678403,0.7443524202543106,False,entropy
195,intermediate,2,data-structure-questions-answers-generating-partitions,4,hard,Data Structures,False,beginner,0.8075508723965485,0.8075508723965485,0.19243857030085304,1.0557302598575714e-05,False,entropy
195,intermediate,3,data-structure-questions-answers-stack-using-queues,4,easy,Data Structures,True,intermediate,0.9360411248064566,0.011598723050845413,0.9360411248064566,0.052360152142697916,True,entropy
195,intermediate,4,data-structure-questions-answers-propositional-directed-acyclic-word-graph,5,medium,Data Structures,False,intermediate,0.9779501555052587,0.01792040944594722,0.9779501555052587,0.004129435048794208,True,entropy
195,intermediate,5,java-questions-answers-data-structures-list,7,easy,Data Structures,False,intermediate,0.981597906441307,0.005791274465983462,0.981597906441307,0.012610819092709606,True,entropy
195,intermediate,6,disjoint-set-data-structure-multiple-choice-questions-answers-mcqs,7,easy,Data Structures,False,intermediate,0.9541669014212402,0.002336387517578437,0.9541669014212402,0.043496711061181415,True,entropy
195,intermediate,7,data-structure-questions-answers-minimum-number-jumps,4,easy,Data Structures,False,intermediate,0.9392712845580108,0.0015925541703199258,0.9392712845580108,0.059136161271669214,True,entropy
195,intermediate,8,data-structure-questions-answers-stack-operations,4,easy,Data Structures,False,intermediate,0.8745002188799214,0.0006189636952859161,0.8745002188799214,0.1248808174247927,True,entropy
195,intermediate,9,data-structure-questions-answers-longest-palindromic-subsequence,4,easy,Data Structures,False,intermediate,0.8456511163627333,0.0004627750770669373,0.8456511163627333,0.15388610856019969,True,entropy
195,intermediate,10,data-structure-questions-answers-balanced-partition,10,easy,Data Structures,False,intermediate,0.7708117340740939,0.0002785820649448954,0.7708117340740939,0.22890968386096117,True,entropy
195,intermediate,11,1000-data-structure-questions-answers,23,hard,Data Structures,False,intermediate,0.940415097451602,0.0012940651381246606,0.940415097451602,0.05829083741027328,True,entropy
195,intermediate,12,data-structure-questions-answers-rod-cutting,9,easy,Data Structures,False,intermediate,0.9442410248753692,0.0013616597177534895,0.9442410248753692,0.054397315406877325,True,entropy
195,intermediate,13,data-structure-questions-answers-reverse-word-stack,5,easy,Data Structures,True,intermediate,0.7595232812945113,0.00041634493803647344,0.7595232812945113,0.24006037376745218,True,entropy
195,intermediate,14,data-structure-questions-answers-preorder-traversal,1,medium,Data Structures,False,intermediate,0.9000781540169843,0.0013587740936984213,0.9000781540169843,0.09856307188931732,True,entropy
195,intermediate,15,java-questions-answers-data-structures-list,9,medium,Data Structures,False,intermediate,0.9301591272691491,0.0019051183443665966,0.9301591272691491,0.06793575438648429,True,entropy
195,intermediate,16,data-structure-assessment-questions-answers,3,medium,Data Structures,False,intermediate,0.9426441893407914,0.0023923068566817454,0.9426441893407914,0.0549635038025267,True,entropy
195,intermediate,17,data-structure-questions-answers-binary-search-iterative,9,medium,Data Structures,False,intermediate,0.9548868364056378,0.002909641177218108,0.9548868364056378,0.042203522417144125,True,entropy
195,intermediate,18,data-structure-questions-answers-counting-boolean-parenthesizations,2,medium,Data Structures,True,intermediate,0.9182596116139544,0.001963315910352677,0.9182596116139544,0.07977707247569293,True,entropy
195,intermediate,19,data-structure-questions-answers-edit-distance-problem,3,medium,Data Structures,True,intermediate,0.9682926514990537,0.005329577024494632,0.9682926514990537,0.026377771476451674,True,entropy
195,intermediate,20,data-structure-questions-answers-0-1-knapsack-problem,2,medium,Data Structures,True,intermediate,0.9623643730181111,0.004221864348302671,0.9623643730181111,0.03341376263358625,True,entropy
6,beginner,1,data-structure-questions-answers-binary-search-tree,1,hard,Data Structures,True,beginner,0.9999999798634969,0.9999999798634969,2.0136503151578892e-08,1.6876980448351862e-22,True,entropy
6,beginner,2,data-structure-questions-answers-binary-trees-linked-lists,8,hard,Data Structures,False,beginner,0.9999999659614061,0.9999999659614061,3.403859397611263e-08,1.0120876274091725e-21,True,entropy
6,beginner,3,1000-data-structure-questions-answers,22,easy,Data Structures,True,beginner,0.99999772544512,0.99999772544512,2.2745548797632543e-06,1.1129406473906134e-16,True,entropy
6,beginner,4,data-structure-questions-answers-propositional-directed-acyclic-word-graph,2,easy,Data Structures,True,beginner,0.9998412433474546,0.9998412433474546,0.0001587566521834093,3.617941257339128e-13,True,entropy
6,beginner,5,data-structure-questions-answers-generating-partitions,7,easy,Data Structures,False,beginner,0.9988316416451749,0.9988316416451749,0.001168358327930122,2.6895005589815624e-11,True,entropy
6,beginner,6,data-structure-interview-questions-answers-freshers,3,easy,Data Structures,True,beginner,0.9830671613908417,0.9830671613908417,0.01693282440457021,1.4204587997013929e-08,True,entropy
6,beginner,7,data-structure-questions-answers-graph,4,easy,Data Structures,False,beginner,0.9160453841678592,0.9160453841678592,0.08395412700781163,4.888243292135127e-07,True,entropy
6,beginner,8,data-structure-questions-answers-avl-tree,5,medium,Data Structures,False,beginner,0.8120247358881268,0.8120247358881268,0.187974434747197,8.293646760494745e-07,True,entropy
6,beginner,9,data-structure-questions-answers-propositional-directed-acyclic-word-graph,5,medium,Data Structures,True,beginner,0.9076906516668557,0.9076906516668557,0.09230912836385324,2.1996929098853578e-07,True,entropy
6,beginner,10,data-structure-questions-answers-balanced-partition,10,easy,Data Structures,True,beginner,0.7943296893075388,0.7943296893075388,0.2056686133951546,1.697297306522885e-06,True,entropy
6,beginner,11,data-structure-questions-answers-longest-palindromic-subsequence,1,medium,Data Structures,True,beginner,0.8464125487869941,0.8464125487869941,0.15358660463110413,8.465819016396516e-07,True,entropy
6,beginner,12,data-structure-questions-answers-sparse-array,1,medium,Data Structures,False,beginner,0.9522976806118587,0.9522976806118587,0.047702226189683505,9.319845782816123e-08,True,entropy
6,beginner,13,data-structure-questions-answers-rod-cutting,9,easy,Data Structures,False,beginner,0.9366284560098582,0.9366284560098582,0.06337140171397711,1.4227616457291758e-07,True,entropy
6,beginner,14,data-structure-questions-answers-reverse-word-stack,5,easy,Data Structures,False,beginner,0.849494616286124,0.849494616286124,0.15050435771252502,1.026001350950203e-06,True,entropy
6,beginner,15,data-structure-questions-answers-binary-search-iterative,9,medium,Data Structures,True,beginner,0.8245852600080692,0.8245852600080692,0.17541305471175397,1.6852801767470814e-06,True,entropy
6,beginner,16,data-structure-questions-answers-parallel-array,2,medium,Data Structures,False,beginner,0.8647560212700262,0.8647560212700262,0.13524299486418076,9.838657931396458e-07,True,entropy
6,beginner,17,data-structure-questions-answers-binomial-fibonacci-heap,4,hard,Data Structures,False,beginner,0.9414377076498271,0.9414377076498271,0.05856219416391558,9.818625729402169e-08,True,entropy
6,beginner,18,data-structure-questions-answers-binary-search-iterative,4,medium,Data Structures,True,beginner,0.9190038241537136,0.9190038241537136,0.08099600089665235,1.7494963408968825e-07,True,entropy
6,beginner,19,data-structure-questions-answers-breadth-first-search,8,medium,Data Structures,True,beginner,0.9269712686376905,0.9269712686376905,0.07302860395762949,1.274046799158504e-07,True,entropy
6,beginner,20,data-structure-questions-answers-direct-addressing-tables,2,medium,Data Structures,False,beginner,0.9602838865389975,0.9602838865389975,0.03971607127236414,4.218863831962619e-08,True,entropy
7,beginner,1,automata-theory-questions-answers-test,11,easy,Automata Theory,True,beginner,0.7056906226983715,0.7056906226983715,0.2939885019450185,0.0003208753566100366,True,entropy
7,beginner,2,automata-theory-questions-answers-campus-interviews,4,hard,Automata Theory,False,beginner,0.8273463500574074,0.8273463500574074,0.17265061672347246,3.03321912005679e-06,True,entropy
7,beginner,3,automata-theory-questions-answers-deterministic-pda,5,medium,Automata Theory,False,intermediate,0.508352712919299,0.49164081940833776,0.508352712919299,6.467672363263565e-06,False,entropy
7,beginner,4,automata-theory-questions-answers-sentential-forms,1,medium,Automata Theory,True,beginner,0.9487865395517295,0.9487865395517295,0.05121339514889593,6.529937458487511e-08,True,entropy
7,beginner,5,automata-theory-questions-answers-freshers,5,easy,Automata Theory,False,beginner,0.9096136456648167,0.9096136456648167,0.0903862923189981,6.201618528820446e-08,True,entropy
7,beginner,6,automata-theory-questions-answers-multistack-machines-counter-machines,8,hard,Automata Theory,False,beginner,0.9789825144455682,0.9789825144455682,0.021017483693104928,1.8613268329315258e-09,True,entropy
7,beginner,7,automata-theory-questions-answers-the-diagonalization-languages,8,easy,Automata Theory,True,beginner,0.8295287410104295,0.8295287410104295,0.17047084427991485,4.147096556695612e-07,True,entropy
7,beginner,8,automata-theory-questions-answers-rices-theorem-properties,9,easy,Automata Theory,True,beginner,0.7013466810183173,0.7013466810183173,0.2986514962972879,1.8226843948388342e-06,True,entropy
7,beginner,9,automata-theory-questions-answers-regular-languages-dpda,6,hard,Automata Theory,False,beginner,0.8874530763280943,0.8874530763280943,0.11254676559650453,1.5807540107612038e-07,True,entropy
7,beginner,10,automata-theory-mcqs-finite-automata,3,easy,Automata Theory,True,beginner,0.6547564593239238,0.6547564593239238,0.34523982225155675,3.718424519526175e-06,True,entropy
7,beginner,11,automata-theory-questions-answers-algebric-laws-finding-patterns-derivatives,4,hard,Automata Theory,False,beginner,0.8698921561530283,0.8698921561530283,0.13010757009942528,2.737475465731372e-07,True,entropy
7,beginner,12,automata-theory-mcqs-finite-automata,9,easy,Automata Theory,True,beginner,0.8362646108908002,0.8362646108908002,0.16373489780689854,4.913023012388133e-07,True,entropy
7,beginner,13,automata-theory-questions-answers-cfl-substitution-theorem,2,easy,Automata Theory,True,beginner,0.7692966810794436,0.7692966810794436,0.23070203396727162,1.28495328461057e-06,True,entropy
7,beginner,14,automata-theory-questions-answers-class-rp-zpp,9,easy,Automata Theory,False,beginner,0.6423512317993063,0.6423512317993063,0.35764467430059255,4.093900101179897e-06,True,entropy
7,beginner,15,automata-theory-questions-answers-the-diagonalization-languages,7,hard,Automata Theory,False,beginner,0.7770573294467552,0.7770573294467552,0.22294173670882275,9.338444220550807e-07,True,entropy
7,beginner,16,automata-theory-questions-answers-freshers,4,medium,Automata Theory,True,beginner,0.6962334570180336,0.6962334570180336,0.30376348975497497,3.0532269914431215e-06,True,entropy
7,beginner,17,automata-theory-questions-answers-regular-expression-unix,1,medium,Automata Theory,False,beginner,0.773017732168406,0.773017732168406,0.22698108064593864,1.1871856554708836e-06,True,entropy
7,beginner,18,automata-theory-questions-answers-the-language-dfa,8,easy,Automata Theory,False,beginner,0.6788851157765826,0.6788851157765826,0.32111306947865587,1.8147447615578095e-06,True,entropy
7,beginner,19,automata-theory-questions-answers-operators-regular-expression,2,medium,Automata Theory,False,beginner,0.71962804348864,0.71962804348864,0.2803709818411612,9.746701987875395e-07,True,entropy
7,beginner,20,automata-theory-questions-answers-rices-theorem-properties,8,easy,Automata Theory,False,beginner,0.6180278811582729,0.6180278811582729,0.3819701519611688,1.9668805584383694e-06,True,entropy
100,intermediate,1,python-questions-answers-modules,13,hard,Python,True,intermediate,0.5894914661806198,0.41025553953288096,0.5894914661806198,0.0002529942864992868,True,entropy
100,intermediate,2,python-quiz,4,medium,Python,True,intermediate,0.9676687634967126,0.008342051426494917,0.9676687634967126,0.02398918507679252,True,entropy
100,intermediate,3,python-questions-answers-bitwise-2,7,medium,Python,False,intermediate,0.5226735326583358,0.0003315890995909368,0.5226735326583358,0.47699487824207315,True,entropy
100,intermediate,4,1000-python-questions-answers,29,medium,Python,False,intermediate,0.6813714001547169,0.0004890981597968089,0.6813714001547169,0.3181395016854863,True,entropy
100,intermediate,5,python-developer-questions-answers,9,easy,Python,True,intermediate,0.5449602560080649,0.0023196566548542457,0.5449602560080649,0.4527200873370809,True,entropy
100,intermediate,6,python-aptitude-test-questions,3,medium,Python,False,advanced,0.6297222529005658,0.0009294651342636243,0.3693482819651706,0.6297222529005658,False,entropy
100,intermediate,7,python-questions-answers-built-in-functions-2,8,medium,Python,False,advanced,0.5340964730492956,0.001476292756626922,0.4644272341940775,0.5340964730492956,False,entropy
100,intermediate,8,python-programming-interview-questions-answers,5,medium,Python,True,advanced,0.5832421419818838,0.0011835480316609735,0.4155743099864552,0.5832421419818838,False,entropy
100,intermediate,9,python-mcqs-core-datatypes,3,medium,Python,False,intermediate,0.614069395385421,0.0035405836052057956,0.614069395385421,0.3823900210093733,True,entropy
100,intermediate,10,python-questions-answers-precedence-associativity-1,10,easy,Python,True,advanced,0.5674287968323813,0.001494139573310861,0.4310770635943079,0.5674287968323813,False,entropy
100,intermediate,11,python-questions-answers-list-comprehension-2,3,medium,Python,False,advanced,0.5287530143692755,0.0018069259898233145,0.46944005964090124,0.5287530143692755,False,entropy
100,intermediate,12,python-questions-answers-sys-module,6,medium,Python,False,intermediate,0.6044343766625565,0.0035478825667924737,0.6044343766625565,0.392017740770651,True,entropy
100,intermediate,13,python-questions-answers-sets-1,3,hard,Python,False,intermediate,0.8893867753573736,0.007922671496438195,0.8893867753573736,0.10269055314618813,True,entropy
100,intermediate,14,python-scripting-interview-questions-answers,7,easy,Python,True,intermediate,0.8083626055116401,0.004295750894583805,0.8083626055116401,0.1873416435937761,True,entropy
100,intermediate,15,python-mcqs-basic-operators,10,easy,Python,False,intermediate,0.880172614250474,0.005445404726213476,0.880172614250474,0.11438198102331257,True,entropy
100,intermediate,16,1000-python-questions-answers,32,easy,Python,True,intermediate,0.8501943683673765,0.004505715514665067,0.8501943683673765,0.14529991611795845,True,entropy
100,intermediate,17,python-questions-answers-modules,6,easy,Python,False,intermediate,0.8480048020981511,0.0036034475628456226,0.8480048020981511,0.1483917503390033,True,entropy
100,intermediate,18,1000-python-questions-answers,23,easy,Python,True,intermediate,0.7627254605681544,0.0019798600111126797,0.7627254605681544,0.235294679420733,True,entropy
100,intermediate,19,python-mcqs-strings-1,5,easy,Python,False,intermediate,0.7869957717432494,0.002037666168629892,0.7869957717432494,0.2109665620881206,True,entropy
100,intermediate,20,python-questions-answers-formatting-2,3,hard,Python,False,intermediate,0.938538273590772,0.006519331680393958,0.938538273590772,0.05494239472883412,True,entropy
214,advanced,1,data-structure-questions-answers-freshers,5,hard,Data Structures,False,advanced,0.9931485434084334,7.634782651311852e-08,0.006851380243740098,0.9931485434084334,True,entropy
214,advanced,2,data-structure-questions-answers-fibonacci-search,7,easy,Data Structures,True,advanced,0.9990419114306033,5.246921150518188e-09,0.0009580833224754777,0.9990419114306033,True,entropy
214,advanced,3,data-structure-questions-answers-reverse-word-stack,5,easy,Data Structures,False,advanced,0.9986936939604661,8.047010766493444e-09,0.0013062979925230417,0.9986936939604661,True,entropy
214,advanced,4,data-structure-questions-answers-weight-balanced-tree,7,hard,Data Structures,False,advanced,0.9955172465901216,8.063391387760036e-08,0.004482672775964439,0.9955172465901216,True,entropy
214,advanced,5,data-structure-questions-answers-free-list,7,hard,Data Structures,True,advanced,0.9863747711592917,1.045087010306043e-06,0.01362418375369804,0.9863747711592917,True,entropy
214,advanced,6,data-structure-questions-answers-fibonacci-recursion,12,hard,Data Structures,False,advanced,0.98433676582074,1.4135520470964215e-06,0.015661820627212858,0.98433676582074,True,entropy
214,advanced,7,data-structure-questions-answers-pancake-sort,8,hard,Data Structures,False,advanced,0.8696204910222223,7.177407190020279e-05,0.1303077349058775,0.8696204910222223,True,entropy
214,advanced,8,data-structure-questions-answers-coin-change-problem,2,hard,Data Structures,False,advanced,0.7494996361977763,0.00023431488922732438,0.25026604891299636,0.7494996361977763,True,entropy
214,advanced,9,data-structure-questions-answers-edit-distance-problem,8,hard,Data Structures,False,advanced,0.903109089420435,3.0229249179586166e-05,0.09686068133038554,0.903109089420435,True,entropy
214,advanced,10,data-structure-questions-answers-priority-queue,3,hard,Data Structures,True,advanced,0.8415000126569983,9.643727567644535e-05,0.15840355006732526,0.8415000126569983,True,entropy
214,advanced,11,1000-data-structure-questions-answers,16,hard,Data Structures,False,advanced,0.6719692501858832,0.0004562630062722217,0.32757448680784457,0.6719692501858832,True,entropy
214,advanced,12,data-structure-questions-answers-dynamic-array,12,hard,Data Structures,False,advanced,0.6729207737544668,0.00042307182009470353,0.32665615442543855,0.6729207737544668,True,entropy
214,advanced,13,data-structure-questions-answers-fibonacci-search,8,medium,Data Structures,True,advanced,0.938958484219539,4.928646171088554e-06,0.061036587134290034,0.938958484219539,True,entropy
214,advanced,14,data-structure-questions-answers-dynamic-array,10,easy,Data Structures,True,advanced,0.9633440465596372,1.780273146184653e-06,0.03665417316721672,0.9633440465596372,True,entropy
214,advanced,15,data-structure-questions-answers-threaded-binary-tree,2,easy,Data Structures,True,advanced,0.9830929527832176,4.135637216026419e-07,0.016906633653060943,0.9830929527832176,True,entropy
214,advanced,16,data-structure-questions-answers-binomial-fibonacci-heap,8,easy,Data Structures,False,advanced,0.9696577146386177,1.1872798774737879e-06,0.030341098081504807,0.9696577146386177,True,entropy
214,advanced,17,data-structure-interview-questions-answers-freshers,3,easy,Data Structures,True,advanced,0.985598255542941,2.980597733199386e-07,0.014401446397285519,0.985598255542941,True,entropy
214,advanced,18,data-structure-questions-answers-heap,2,easy,Data Structures,False,advanced,0.9879975147302062,2.0849306191005082e-07,0.012002276776731748,0.9879975147302062,True,entropy
214,advanced,19,data-structure-questions-answers-weak-heap,7,easy,Data Structures,True,advanced,0.9904615970855751,1.40464695368051e-07,0.009538262449729598,0.9904615970855751,True,entropy
214,advanced,20,data-structure-questions-answers-recursion,4,easy,Data Structures,True,advanced,0.9917118784859308,9.357156466475108e-08,0.008288027942504496,0.9917118784859308,True,entropy
32,beginner,1,data-structure-questions-answers-binary-search-iterative,4,medium,Data Structures,False,intermediate,0.9592860038844752,0.03418443020725621,0.9592860038844752,0.006529565908268472,False,entropy
32,beginner,2,data-structure-questions-answers-longest-palindromic-subsequence,3,hard,Data Structures,False,beginner,0.9975033017474533,0.9975033017474533,0.002496698228694619,2.3852022901813498e-11,True,entropy
32,beginner,3,data-structure-questions-answers-pancake-sort,3,hard,Data Structures,False,beginner,0.7029497224298129,0.7029497224298129,0.29704870769516567,1.5698750214510617e-06,True,entropy
32,beginner,4,data-structure-questions-answers-incidence-matrix-graph-structured-stack,5,medium,Data Structures,False,beginner,0.949099162774904,0.949099162774904,0.05090082325352649,1.397156938769327e-08,True,entropy
32,beginner,5,data-structure-questions-answers-towers-hanoi,5,easy,Data Structures,True,beginner,0.9786504572031515,0.9786504572031515,0.021349517288179666,2.5508668912887923e-08,True,entropy
32,beginner,6,data-structure-questions-answers-generating-partitions,7,easy,Data Structures,True,beginner,0.8781269925042849,0.8781269925042849,0.12187157813455358,1.4293611614491192e-06,True,entropy
32,beginner,7,data-structure-questions-answers-free-list,2,easy,Data Structures,True,beginner,0.8503773029239431,0.8503773029239431,0.14962075103725536,1.94603880147536e-06,True,entropy
32,beginner,8,data-structure-questions-answers-stack-using-queues,4,easy,Data Structures,False,beginner,0.886289198005652,0.886289198005652,0.113710082441002,7.195533460757691e-07,True,entropy
32,beginner,9,data-structure-interview-questions-answers-freshers,5,easy,Data Structures,False,beginner,0.8253879081937288,0.8253879081937288,0.17461055211687643,1.539689394837201e-06,True,entropy
32,beginner,10,data-structure-questions-answers-graph,4,easy,Data Structures,True,beginner,0.5194461448165667,0.5194461448165667,0.4805245696315717,2.9285551861580385e-05,True,entropy
32,beginner,11,data-structure-questions-answers-preorder-traversal,1,medium,Data Structures,True,intermediate,0.6531650681064002,0.3467357623815462,0.6531650681064002,9.916951205353577e-05,False,entropy
32,beginner,12,data-structure-questions-answers-binary-tree-properties,10,hard,Data Structures,False,beginner,0.7695519905023677,0.7695519905023677,0.2304417204622887,6.28903534363924e-06,True,entropy
32,beginner,13,data-structure-questions-answers-rod-cutting,9,easy,Data Structures,True,beginner,0.7334908703205778,0.7334908703205778,0.26650016634997964,8.963329442511445e-06,True,entropy
32,beginner,14,data-structure-questions-answers-reverse-word-stack,3,easy,Data Structures,True,beginner,0.6032154254587816,0.6032154254587816,0.3967599068982663,2.4667642952098127e-05,True,entropy
32,beginner,15,java-questions-answers-data-structures-list,9,medium,Data Structures,False,beginner,0.8143156194473189,0.8143156194473189,0.18568036216524356,4.018387437565699e-06,True,entropy
32,beginner,16,data-structure-questions-answers-graph-coloring-edge-coloring,3,easy,Data Structures,True,beginner,0.7009526569543436,0.7009526569543436,0.29903409711999096,1.324592566548441e-05,True,entropy
32,beginner,17,data-structure-questions-answers-matrix,6,easy,Data Structures,False,beginner,0.6812994247513342,0.6812994247513342,0.31868604611486245,1.4529133803461105e-05,True,entropy
32,beginner,18,data-structure-questions-answers-hash-tables,8,medium,Data Structures,False,beginner,0.7123215873085662,0.7123215873085662,0.2876673926030951,1.1020088338650445e-05,True,entropy
32,beginner,19,java-questions-answers-data-structures-set,9,medium,Data Structures,False,beginner,0.8827594614647917,0.8827594614647917,0.11723938718596302,1.1513492452695146e-06,True,entropy
32,beginner,20,data-structure-questions-answers-reverse-word-stack,6,medium,Data Structures,True,beginner,0.9030550540680045,0.9030550540680045,0.09694393882004763,1.0071119480091643e-06,True,entropy
154,intermediate,1,data-structure-questions-answers-binary-search-iterative,2,easy,Data Structures,True,intermediate,0.9230153866338833,0.013420730135445114,0.9230153866338833,0.06356388323067158,True,entropy
154,intermediate,2,data-structure-questions-answers-generating-partitions,7,easy,Data Structures,True,intermediate,0.7019568884546246,0.002150183687293501,0.7019568884546246,0.29589292785808197,True,entropy
154,intermediate,3,data-structure-questions-answers-binary-search-tree,1,hard,Data Structures,True,advanced,0.8620525450124017,5.79474347160791e-05,0.1378895075528823,0.8620525450124017,False,entropy
154,intermediate,4,data-structure-questions-answers-incidence-matrix-graph-structured-stack,5,medium,Data Structures,True,advanced,0.9811277726579108,5.431565999648544e-07,0.018871684185489228,0.9811277726579108,False,entropy
154,intermediate,5,data-structure-questions-answers-preorder-traversal,1,medium,Data Structures,True,advanced,0.9690484641294955,1.215594227253637e-06,0.030950320276277265,0.9690484641294955,False,entropy
154,intermediate,6,data-structure-questions-answers-sparse-array,1,medium,Data Structures,True,advanced,0.9533964933736736,1.9889866726746256e-06,0.04660151763965367,0.9533964933736736,False,entropy
154,intermediate,7,data-structure-questions-answers-double-ended-queue,8,medium,Data Structures,True,advanced,0.9046845714135998,7.17386320868485e-06,0.09530825472319149,0.9046845714135998,False,entropy
154,intermediate,8,data-structure-questions-answers-direct-addressing-tables,6,medium,Data Structures,True,advanced,0.9369583048700604,3.08717715362108e-06,0.06303860795278604,0.9369583048700604,False,entropy
154,intermediate,9,data-structure-questions-answers-longest-common-subsequence,3,medium,Data Structures,False,advanced,0.8321727291932577,4.4316215602356945e-05,0.16778295459113993,0.8321727291932577,False,entropy
154,intermediate,10,data-structure-interview-questions-answers-freshers,2,medium,Data Structures,False,advanced,0.788596740980729,6.668101608874017e-05,0.2113365780031822,0.788596740980729,False,entropy
154,intermediate,11,data-structure-questions-answers-graph,13,medium,Data Structures,True,advanced,0.8935237510978343,1.6675953203312602e-05,0.1064595729489624,0.8935237510978343,False,entropy
154,intermediate,12,data-structure-questions-answers-edit-distance-problem,3,medium,Data Structures,True,advanced,0.8314258278102052,3.8972377108950436e-05,0.16853519981268572,0.8314258278102052,False,entropy
154,intermediate,13,data-structure-questions-answers-xor-linked-list,1,medium,Data Structures,False,advanced,0.7666849074559065,9.017009817815495e-05,0.23322492244591547,0.7666849074559065,False,entropy
154,intermediate,14,data-structure-questions-answers-graph,6,easy,Data Structures,True,advanced,0.7867955303728491,6.650501220230334e-05,0.21313796461494855,0.7867955303728491,False,entropy
154,intermediate,15,data-structure-questions-answers-free-list,2,easy,Data Structures,True,advanced,0.8336771196162824,3.5237148059070546e-05,0.1662876432356585,0.8336771196162824,False,entropy
154,intermediate,16,data-structure-questions-answers-parallel-array,5,easy,Data Structures,True,advanced,0.7946689743142784,5.1534268041556376e-05,0.20527949141767998,0.7946689743142784,False,entropy
154,intermediate,17,data-structure-questions-answers-incidence-matrix-graph-structured-stack,9,easy,Data Structures,False,advanced,0.6687565162176679,0.00014792073939845344,0.33109556304293364,0.6687565162176679,False,entropy
154,intermediate,18,data-structure-questions-answers-heap,2,easy,Data Structures,True,advanced,0.7615696881392253,6.548471996484662e-05,0.23836482714080973,0.7615696881392253,False,entropy
154,intermediate,19,data-structure-questions-answers-minimum-number-jumps,4,easy,Data Structures,True,advanced,0.7767554701791591,5.2265924017225895e-05,0.22319226389682364,0.7767554701791591,False,entropy
154,intermediate,20,java-questions-answers-data-structures-set,7,easy,Data Structures,True,advanced,0.8005013205575887,3.769532415480577e-05,0.1994609841182564,0.8005013205575887,False,entropy
196,intermediate,1,discrete-mathematics-questions-answers-diagraph,4,medium,Discrete Mathematics,True,advanced,0.7101301473255388,1.822791642378664e-06,0.28986802988281896,0.7101301473255388,False,entropy
196,intermediate,2,discrete-mathematics-mcqs-integers-algorithms,8,easy,Discrete Mathematics,True,advanced,0.9630434590706081,2.950532957748553e-07,0.03695624587609607,0.9630434590706081,False,entropy
196,intermediate,3,discrete-mathematics-questions-answers-generating-functions,4,medium,Discrete Mathematics,True,intermediate,0.8482751386622185,0.0003366688581621742,0.8482751386622185,0.15138819247961943,True,entropy
196,intermediate,4,discrete-mathematics-questions-answers-cryptography-decryption,10,hard,Discrete Mathematics,False,intermediate,0.9432035199153751,0.0014582386801376777,0.9432035199153751,0.05533824140448719,True,entropy
196,intermediate,5,discrete-mathematics-mcqs-primes-greatest-common-divisors,6,easy,Discrete Mathematics,False,intermediate,0.953117860788004,0.0012782681414057052,0.953117860788004,0.045603871070590316,True,entropy
196,intermediate,6,discrete-mathematics-questions-answers-tree-traversal,9,medium,Discrete Mathematics,False,intermediate,0.9718475623703005,0.001971925150270079,0.9718475623703005,0.02618051247942948,True,entropy
196,intermediate,7,discrete-mathematics-questions-answers-geometric-sequences,7,medium,Discrete Mathematics,False,intermediate,0.9750311852131894,0.0025511661317866134,0.9750311852131894,0.02241764865502401,True,entropy
196,intermediate,8,discrete-mathematics-questions-answers-campus-interviews,3,medium,Discrete Mathematics,True,intermediate,0.976485751613889,0.00158634524787236,0.976485751613889,0.021927903138238617,True,entropy
196,intermediate,9,tricky-discrete-mathematics-questions-answers,7,medium,Discrete Mathematics,False,intermediate,0.9785271337091864,0.002270442485194764,0.9785271337091864,0.019202423805618853,True,entropy
196,intermediate,10,discrete-mathematics-question-papers,6,medium,Discrete Mathematics,True,intermediate,0.9323547149828706,0.0006131780744801509,0.9323547149828706,0.0670321069426494,True,entropy
196,intermediate,11,discrete-mathematics-questions-answers-pigeonhole-principle,2,medium,Discrete Mathematics,True,intermediate,0.9653472629441089,0.0009254017009588509,0.9653472629441089,0.033727335354932296,True,entropy
196,intermediate,12,discrete-mathematics-questions-answers-aptitude-test,4,medium,Discrete Mathematics,True,intermediate,0.9725183208529268,0.0009501857310496071,0.9725183208529268,0.02653149341602374,True,entropy
196,intermediate,13,discrete-mathematics-questions-answers-geometric-sequences,9,medium,Discrete Mathematics,False,intermediate,0.9297188305636929,0.0005446711911950008,0.9297188305636929,0.0697364982451122,True,entropy
196,intermediate,14,discrete-mathematics-questions-answers-ciphers,9,easy,Discrete Mathematics,True,intermediate,0.7787356458888931,0.0001524132461587294,0.7787356458888931,0.22111194086494815,True,entropy
196,intermediate,15,discrete-mathematics-written-test-questions-answers,4,easy,Discrete Mathematics,True,intermediate,0.7249842347260297,0.00010145978075979775,0.7249842347260297,0.2749143054932105,True,entropy
196,intermediate,16,advanced-discrete-mathematics-questions-answers,3,easy,Discrete Mathematics,True,intermediate,0.5497798722950874,3.584701039168159e-05,0.5497798722950874,0.4501842806945208,True,entropy
196,intermediate,17,discrete-mathematics-objective-questions-answers,3,hard,Discrete Mathematics,True,advanced,0.749074400028347,1.1762676804573796e-05,0.25091383729484834,0.749074400028347,False,entropy
196,intermediate,18,discrete-mathematics-questions-answers-nested-quantifiers,3,hard,Discrete Mathematics,False,intermediate,0.5294572648807105,8.096410906173812e-05,0.5294572648807105,0.4704617710102277,True,entropy
196,intermediate,19,discrete-mathematics-questions-answers-probability-distribution,2,hard,Discrete Mathematics,False,intermediate,0.6640264705399646,0.00014977654111153382,0.6640264705399646,0.33582375291892397,True,entropy
196,intermediate,20,discrete-mathematics-questions-answers-harmonic-sequences,6,easy,Discrete Mathematics,True,advanced,0.5303328263490017,5.618395230246684e-05,0.469610989698696,0.5303328263490017,False,entropy
167,intermediate,1,automata-theory-questions-answers-dfa-processing-strings,1,medium,Automata Theory,True,advanced,0.7825339819338389,2.9447377599294973e-05,0.21743657068856187,0.7825339819338389,False,entropy
167,intermediate,2,automata-theory-questions-answers-from-pda-grammars,6,easy,Automata Theory,True,advanced,0.7865493579839838,0.0002405163487267746,0.21321012566728953,0.7865493579839838,False,entropy
167,intermediate,3,automata-theory-questions-answers-chomsky-normal-form,10,easy,Automata Theory,True,advanced,0.6264958505854615,0.0007154278294153777,0.372788721585123,0.6264958505854615,False,entropy
167,intermediate,4,automata-theory-questions-answers-class-rp-zpp,8,hard,Automata Theory,False,advanced,0.8242170649924058,1.814227957993484e-05,0.17576479272801435,0.8242170649924058,False,entropy
167,intermediate,5,automata-theory-questions-answers-intersection-regular-languages,5,hard,Automata Theory,False,intermediate,0.7990266852174965,0.0004926237702103744,0.7990266852174965,0.20048069101229307,True,entropy
167,intermediate,6,automata-theory-questions-answers-reversal-homomorphism-inverse-homomorphism,4,easy,Automata Theory,True,intermediate,0.7445506158958051,0.0004784386643153072,0.7445506158958051,0.2549709454398796,True,entropy
167,intermediate,7,automata-theory-questions-answers-mealy-machine,3,medium,Automata Theory,False,intermediate,0.9241966787105416,0.0010642171855421497,0.9241966787105416,0.07473910410391617,True,entropy
167,intermediate,8,automata-theory-questions-answers-dpda-ambiguous-grammars,9,easy,Automata Theory,True,intermediate,0.8595330677456302,0.0005870051135196849,0.8595330677456302,0.13987992714085004,True,entropy
167,intermediate,9,automata-theory-questions-answers-freshers,5,easy,Automata Theory,True,intermediate,0.7208610361963426,0.00024519161582493604,0.7208610361963426,0.27889377218783246,True,entropy
167,intermediate,10,automata-theory-assessment-questions-answers,3,easy,Automata Theory,True,intermediate,0.7359928058675037,0.00022415963924137574,0.7359928058675037,0.263783034493255,True,entropy
167,intermediate,11,automata-theory-interview-questions-answers,2,easy,Automata Theory,True,intermediate,0.6319605836297719,0.00012992565447771681,0.6319605836297719,0.3679094907157503,True,entropy
167,intermediate,12,automata-theory-questions-answers-simulation-turing-machine,5,hard,Automata Theory,False,intermediate,0.9183068138992353,0.0010435335631850972,0.9183068138992353,0.08064965253757973,True,entropy
167,intermediate,13,automata-theory-questions-answers-lexical-analysis,9,easy,Automata Theory,True,intermediate,0.850204458033169,0.0005670815304863375,0.850204458033169,0.14922846043634458,True,entropy
167,intermediate,14,automata-theory-questions-answers-cfl-substitution-theorem,2,easy,Automata Theory,True,intermediate,0.7536564431320091,0.00028393122802345864,0.7536564431320091,0.24605962563996744,True,entropy
167,intermediate,15,automata-theory-questions-answers-dpda-context-free-languages,10,easy,Automata Theory,True,intermediate,0.7202123344623597,0.00023754273980533644,0.7202123344623597,0.279550122797835,True,entropy
167,intermediate,16,automata-theory-questions-answers-simpler-notations,2,medium,Automata Theory,False,intermediate,0.8708757117705053,0.0006659339145205215,0.8708757117705053,0.1284583543149742,True,entropy
167,intermediate,17,automata-theory-questions-answers-cfl-substitution-theorem,8,medium,Automata Theory,True,intermediate,0.8276275008167964,0.000535366941380069,0.8276275008167964,0.1718371322418235,True,entropy
167,intermediate,18,automata-theory-interview-questions-answers,3,medium,Automata Theory,True,intermediate,0.7749657100120114,0.00041282613833900126,0.7749657100120114,0.2246214638496495,True,entropy
167,intermediate,19,automata-theory-questions-answers-multitape-turing-machine,10,medium,Automata Theory,True,intermediate,0.8590020330053948,0.0007734278782291262,0.8590020330053948,0.14022453911637608,True,entropy
167,intermediate,20,automata-theory-questions-answers-pda-acceptance-empty-stack,5,medium,Automata Theory,True,intermediate,0.8555021960225463,0.0007680803954337423,0.8555021960225463,0.14372972358201994,True,entropy
4,beginner,1,data-structure-questions-answers-red-black-tree,2,hard,Data Structures,False,intermediate,0.9594905042329269,0.009145570766152284,0.9594905042329269,0.03136392500092084,False,entropy
4,beginner,2,data-structure-questions-answers-recursion,4,easy,Data Structures,False,intermediate,0.9335301498618386,0.05648878695961354,0.9335301498618386,0.009981063178547871,False,entropy
4,beginner,3,data-structure-questions-answers-generating-partitions,7,easy,Data Structures,True,intermediate,0.7794045921003862,0.0026482573927043484,0.7794045921003862,0.21794715050690947,False,entropy
4,beginner,4,data-structure-questions-answers-search-element-array-recursion-1,1,medium,Data Structures,False,intermediate,0.9777438940150456,0.013099428200350718,0.9777438940150456,0.009156677784603625,False,entropy
4,beginner,5,java-questions-answers-data-structures-list,7,easy,Data Structures,True,intermediate,0.9708752123058612,0.00637571887744307,0.9708752123058612,0.022749068816695847,False,entropy
4,beginner,6,data-structure-questions-answers-longest-increasing-subsequence,3,easy,Data Structures,True,intermediate,0.9619827056288679,0.005108129604297593,0.9619827056288679,0.03290916476683453,False,entropy
4,beginner,7,data-structure-questions-answers-power-number-recursion-logn-time,5,easy,Data Structures,True,intermediate,0.9614286908555757,0.0045492559757812695,0.9614286908555757,0.03402205316864307,False,entropy
4,beginner,8,data-structure-questions-answers-array-array-operations,1,easy,Data Structures,False,intermediate,0.9717570539286944,0.0065311454459741096,0.9717570539286944,0.021711800625331436,False,entropy
4,beginner,9,data-structure-questions-answers-minimum-number-jumps,4,easy,Data Structures,False,intermediate,0.974274201715485,0.006159999271849739,0.974274201715485,0.019565799012665256,False,entropy
4,beginner,10,data-structure-questions-answers-balanced-partition,10,easy,Data Structures,False,intermediate,0.9792821024949645,0.008918460712462458,0.9792821024949645,0.011799436792573085,False,entropy
4,beginner,11,data-structure-questions-answers-evaluation-infix-expression-not-parenthesized,3,easy,Data Structures,False,intermediate,0.9767604376359993,0.0056807302088647815,0.9767604376359993,0.01755883215513601,False,entropy
4,beginner,12,data-structure-questions-answers-stack-using-queues,1,easy,Data Structures,False,intermediate,0.9815021145687568,0.009226442654854252,0.9815021145687568,0.009271442776388993,False,entropy
4,beginner,13,data-structure-questions-answers-bubble-sort,3,medium,Data Structures,True,intermediate,0.9767983942128885,0.011751806595410969,0.9767983942128885,0.011449799191700374,False,entropy
4,beginner,14,data-structure-questions-answers-preorder-traversal,1,medium,Data Structures,False,intermediate,0.9708532261523095,0.024143822561156474,0.9708532261523095,0.005002951286534019,False,entropy
4,beginner,15,data-structure-questions-answers-binary-trees-array,2,medium,Data Structures,False,intermediate,0.9564071481949565,0.041220463417912655,0.9564071481949565,0.0023723883871308747,False,entropy
4,beginner,16,data-structure-questions-answers-bit-array,9,medium,Data Structures,True,intermediate,0.9637906160215449,0.03278735176216412,0.9637906160215449,0.003422032216290967,False,entropy
4,beginner,17,data-structure-questions-answers-double-ended-queue,8,medium,Data Structures,True,intermediate,0.9293578510465796,0.06940887573909446,0.9293578510465796,0.0012332732143258709,False,entropy
4,beginner,18,1000-data-structure-questions-answers,23,hard,Data Structures,False,intermediate,0.798138748787065,0.2015353653606149,0.798138748787065,0.0003258858523199777,False,entropy
4,beginner,19,data-structure-questions-answers-string-reversal-recursion,2,hard,Data Structures,False,beginner,0.5353531431307097,0.5353531431307097,0.46461654247848044,3.0314390809814918e-05,True,entropy
4,beginner,20,data-structure-questions-answers-campus-interviews,6,hard,Data Structures,False,beginner,0.6273455928443097,0.6273455928443097,0.3726399623799195,1.4444775770904237e-05,True,entropy
61,beginner,1,discrete-mathematics-questions-answers-set-types,7,hard,Discrete Mathematics,False,beginner,0.9999999999872382,0.9999999999872382,1.2761804424536863e-11,2.3753352958955794e-28,True,entropy
61,beginner,2,discrete-mathematics-questions-answers-ciphers,6,medium,Discrete Mathematics,False,beginner,0.9999820214586189,0.9999820214586189,1.797854137865688e-05,2.437751000938953e-15,True,entropy
61,beginner,3,discrete-mathematics-questions-answers-floor-ceiling-function,1,easy,Discrete Mathematics,False,beginner,0.9993885972104871,0.9993885972104871,0.0006114027677990824,2.171375833689228e-11,True,entropy
61,beginner,4,discrete-mathematics-questions-answers-pigeonhole-principle,1,hard,Discrete Mathematics,False,beginner,0.9999600642518919,0.9999600642518919,3.993574808341463e-05,2.4547595413136416e-14,True,entropy
61,beginner,5,discrete-mathematics-mcqs-complexity-algorithms,10,hard,Discrete Mathematics,False,beginner,0.9999291359008221,0.9999291359008221,7.086409909012501e-05,8.777771366747001e-14,True,entropy
61,beginner,6,discrete-mathematics-questions-answers-division-objects,10,hard,Discrete Mathematics,False,beginner,0.9999103339046722,0.9999103339046722,8.966609503694495e-05,2.909288010812611e-13,True,entropy
61,beginner,7,discrete-mathematics-multiple-choice-questions-answers,10,hard,Discrete Mathematics,False,beginner,0.9999424421416536,0.9999424421416536,5.7557858244327174e-05,1.0219972592780736e-13,True,entropy
61,beginner,8,discrete-mathematics-questions-answers-nested-quantifiers,8,hard,Discrete Mathematics,False,beginner,0.9999605729171183,0.9999605729171183,3.942708284780952e-05,3.4071503082720233e-14,True,entropy
61,beginner,9,discrete-mathematics-questions-answers-modular-exponentiation,3,hard,Discrete Mathematics,False,beginner,0.9999892210691679,0.9999892210691679,1.0778930830214957e-05,1.955144159756931e-15,True,entropy
61,beginner,10,discrete-mathematics-questions-answers-experienced,4,hard,Discrete Mathematics,False,beginner,0.9999986312500527,0.9999986312500527,1.3687499473693152e-06,2.3812360693217307e-17,True,entropy
61,beginner,11,discrete-mathematics-questions-answers-recursion,7,hard,Discrete Mathematics,False,beginner,0.9999993527421687,0.9999993527421687,6.472578314878721e-07,4.294875116381377e-18,True,entropy
61,beginner,12,discrete-mathematics-questions-answers-inference,2,hard,Discrete Mathematics,False,beginner,0.9999996990653186,0.9999996990653186,3.009346815025379e-07,8.084287106639801e-19,True,entropy
61,beginner,13,discrete-mathematics-mcqs-growth-functions,10,medium,Discrete Mathematics,False,beginner,0.9999997056141406,0.9999997056141406,2.943858595086104e-07,6.915456568622443e-19,True,entropy
61,beginner,14,discrete-mathematics-questions-answers-prime-implicants-essentials,5,medium,Discrete Mathematics,False,beginner,0.999999671702012,0.999999671702012,3.2829798803969064e-07,8.152928142902236e-19,True,entropy
61,beginner,15,discrete-mathematics-questions-answers-group-axioms,4,medium,Discrete Mathematics,False,beginner,0.9999991880893853,0.9999991880893853,8.119106148453022e-07,5.154121649458988e-18,True,entropy
61,beginner,16,discrete-mathematics-questions-answers-recurrence-relation,9,medium,Discrete Mathematics,False,beginner,0.9999980423158201,0.9999980423158201,1.9576841799201232e-06,3.166751175629555e-17,True,entropy
61,beginner,17,discrete-mathematics-basic-questions-answers,7,medium,Discrete Mathematics,True,beginner,0.9999912849597556,0.9999912849597556,8.7150402426265e-06,1.7381640624669663e-15,True,entropy
61,beginner,18,discrete-mathematics-problems,5,medium,Discrete Mathematics,False,beginner,0.9999900542839169,0.9999900542839169,9.945716080884022e-06,2.1351443862596166e-15,True,entropy
61,beginner,19,discrete-mathematics-questions-answers-set-types,2,medium,Discrete Mathematics,False,beginner,0.9999839149608422,0.9999839149608422,1.608503915223943e-05,5.598714196481495e-15,True,entropy
61,beginner,20,discrete-mathematics-objective-questions-answers,9,medium,Discrete Mathematics,False,beginner,0.9999798695397446,0.9999798695397446,2.013046024885315e-05,6.590452850706736e-15,True,entropy
202,advanced,1,operating-system-mcqs-semaphores-1,11,hard,Operating Systems,False,intermediate,0.6077265015736663,0.39198767703167897,0.6077265015736663,0.00028582139465477003,False,qbc
202,advanced,2,operating-system-mcqs-multimedia-system-network-management,1,medium,Operating Systems,False,advanced,0.64727385188584,6.887917708772604e-05,0.35265726893707217,0.64727385188584,True,qbc
202,advanced,3,operating-system-mcqs-file-system-allocation-methods-3,10,hard,Operating Systems,True,advanced,0.648356261218314,5.468479157797542e-05,0.3515890539901081,0.648356261218314,True,qbc
202,advanced,4,operating-system-mcqs-cpu-scheduling-algorithms-1,9,medium,Operating Systems,True,advanced,0.9853949129392576,8.95270148840287e-08,0.014604997533727553,0.9853949129392576,True,qbc
202,advanced,5,operating-system-mcqs-cpu-scheduling-benefits,7,hard,Operating Systems,True,advanced,0.9493354894304272,1.057815349209297e-06,0.05066345275422349,0.9493354894304272,True,qbc
202,advanced,6,operating-system-mcqs-file-system-allocation-methods-2,7,hard,Operating Systems,True,advanced,0.8508957157305194,8.175904766758634e-06,0.14909610836471382,0.8508957157305194,True,qbc
202,advanced,7,operating-system-questions-answers-rtos,5,medium,Operating Systems,True,advanced,0.9504876851002354,8.680306901962899e-07,0.049511446869074584,0.9504876851002354,True,qbc
202,advanced,8,operating-system-mcqs-threads-ult-klt,10,hard,Operating Systems,True,advanced,0.9591409980128477,7.124852100051228e-07,0.04085828950194235,0.9591409980128477,True,qbc
202,advanced,9,operating-system-question-answers-multimedia-systems,9,medium,Operating Systems,True,advanced,0.970845829417387,3.333246956704958e-07,0.029153837257917203,0.970845829417387,True,qbc
202,advanced,10,operating-system-mcqs-memory-management-segmentation,8,medium,Operating Systems,True,advanced,0.9673597300259502,3.3305928084892493e-07,0.032639936914768866,0.9673597300259502,True,qbc
202,advanced,11,operating-system-mcqs-process-scheduling-queue,1,hard,Operating Systems,True,advanced,0.9734761709731679,2.1005865317736857e-07,0.026523618968179008,0.9734761709731679,True,qbc
202,advanced,12,operating-system-mcqs-protection-revocation-access-rights,1,hard,Operating Systems,True,advanced,0.9652000317262444,2.95081808550048e-07,0.03479967319194706,0.9652000317262444,True,qbc
202,advanced,13,operating-system-mcqs-process-scheduling-queue,14,hard,Operating Systems,True,advanced,0.9758473101599917,1.3609372800477e-07,0.02415255374628016,0.9758473101599917,True,qbc
202,advanced,14,operating-system-mcqs-process-rpc,8,hard,Operating Systems,False,advanced,0.9650689165197501,7.308449831195487e-07,0.034930352635266636,0.9650689165197501,True,qbc
202,advanced,15,operating-system-mcqs-file-system-allocation-methods-1,10,hard,Operating Systems,True,advanced,0.9571347500652463,1.0589905316313693e-06,0.04286419094422227,0.9571347500652463,True,qbc
202,advanced,16,operating-system-questions-answers-distributed-synchronization,7,medium,Operating Systems,True,advanced,0.946231481108164,1.4475372364127497e-06,0.05376707135459951,0.946231481108164,True,qbc
202,advanced,17,operating-system-mcqs-process-structures,10,medium,Operating Systems,True,advanced,0.9686109759725823,4.78678789828999e-07,0.03138854534862801,0.9686109759725823,True,qbc
202,advanced,18,operating-system-questions-answers-file-system-concepts,5,medium,Operating Systems,True,advanced,0.9804470281176197,1.7828380164506816e-07,0.019552793598578658,0.9804470281176197,True,qbc
202,advanced,19,distributed-operating-system-mcqs-file-system-2,2,medium,Operating Systems,True,advanced,0.985008130854431,9.734439363720433e-08,0.014991771801175363,0.985008130854431,True,qbc
202,advanced,20,operating-system-questions-answers,8,medium,Operating Systems,True,advanced,0.9859203268522688,7.73737120223838e-08,0.014079595774019179,0.9859203268522688,True,qbc
263,advanced,1,automata-theory-assessment-questions-answers,9,medium,Automata Theory,True,advanced,0.9984743464620728,3.1499762731011618e-09,0.0015256503879509037,0.9984743464620728,True,qbc
263,advanced,2,automata-theory-questions-answers-sentential-forms,10,hard,Automata Theory,False,advanced,0.739749252218954,3.0753505898176003e-06,0.26024767243045627,0.739749252218954,True,qbc
263,advanced,3,automata-theory-questions-answers-reversal-homomorphism-inverse-homomorphism,4,easy,Automata Theory,True,advanced,0.9845586844620393,2.008436800468153e-07,0.01544111469428075,0.9845586844620393,True,qbc
263,advanced,4,automata-theory-questions-answers-experienced,5,easy,Automata Theory,True,advanced,0.984187034604057,1.9227670084213524e-07,0.015812773119242132,0.984187034604057,True,qbc
263,advanced,5,automata-theory-questions-answers-test,11,easy,Automata Theory,False,advanced,0.9700660611174879,2.58520552811255e-07,0.029933680361959293,0.9700660611174879,True,qbc
263,advanced,6,automata-theory-questions-bank,1,easy,Automata Theory,False,advanced,0.990313501917123,1.87372171110131e-08,0.009686479345659799,0.990313501917123,True,qbc
263,advanced,7,automata-theory-questions-answers-regular-expression-introduction,8,medium,Automata Theory,True,advanced,0.9912336061911514,2.1736575276540427e-08,0.008766372072273333,0.9912336061911514,True,qbc
263,advanced,8,automata-theory-questions-answers-mealy-machine,3,medium,Automata Theory,False,advanced,0.9729331468864645,1.2198148397590384e-07,0.02706673113205158,0.9729331468864645,True,qbc
263,advanced,9,automata-theory-questions-answers-experienced,8,hard,Automata Theory,False,advanced,0.9294305858342736,5.767896474850181e-07,0.07056883737607883,0.9294305858342736,True,qbc
263,advanced,10,automata-theory-questions-answers-the-language-turing-machine,4,easy,Automata Theory,False,advanced,0.9436644356604846,2.5324151383322736e-07,0.05633531109800156,0.9436644356604846,True,qbc
263,advanced,11,automata-theory-questions-answers-class-rp-zpp,8,hard,Automata Theory,True,advanced,0.9851387263359545,5.384344912754952e-08,0.014861219820596613,0.9851387263359545,True,qbc
263,advanced,12,automata-theory-questions-answers-freshers,4,medium,Automata Theory,True,advanced,0.9851971834654331,6.924989997434251e-08,0.014802747284666965,0.9851971834654331,True,qbc
263,advanced,13,automata-theory-questions-answers-algebric-laws-finding-patterns-derivatives,4,hard,Automata Theory,True,advanced,0.9885115706897263,6.448715146683324e-08,0.011488364823122352,0.9885115706897263,True,qbc
263,advanced,14,automata-theory-mcqs-finite-automata,9,easy,Automata Theory,True,advanced,0.9931209559908185,2.9637450135017823e-08,0.0068790143717314045,0.9931209559908185,True,qbc
263,advanced,15,automata-theory-questions-answers-non-deterministic-turing-machines,1,hard,Automata Theory,False,advanced,0.9817183941362836,1.7773482284191463e-07,0.01828142812889344,0.9817183941362836,True,qbc
263,advanced,16,automata-theory-questions-answers-moore-machine,6,hard,Automata Theory,False,advanced,0.9408918220037373,1.1472625413652785e-06,0.05910703073372133,0.9408918220037373,True,qbc
263,advanced,17,automata-theory-questions-answers-mcqs,7,easy,Automata Theory,True,advanced,0.975492812804875,2.7125704367427817e-07,0.024506915938081377,0.975492812804875,True,qbc
263,advanced,18,automata-theory-questions-answers-chomsky-normal-form,10,easy,Automata Theory,False,advanced,0.9741193934199324,2.3074691782041632e-07,0.025880375833149886,0.9741193934199324,True,qbc
263,advanced,19,automata-theory-interview-questions-answers-experienced,7,hard,Automata Theory,False,advanced,0.9485820066267612,6.577686409803993e-07,0.051417335604597936,0.9485820066267612,True,qbc
263,advanced,20,automata-theory-questions-and-answers-regular-language-expression-1,1,easy,Automata Theory,False,advanced,0.9541175552234172,4.2408192920009505e-07,0.045882020694653414,0.9541175552234172,True,qbc
131,intermediate,1,discrete-mathematics-puzzles,6,medium,Discrete Mathematics,False,intermediate,0.558235708349333,0.4412346449334177,0.558235708349333,0.0005296467172493823,True,qbc
131,intermediate,2,discrete-mathematics-questions-answers-inverse-matrices,8,medium,Discrete Mathematics,False,advanced,0.6359648117439414,0.00064603546085538,0.36338915279520306,0.6359648117439414,False,qbc
131,intermediate,3,discrete-mathematics-questions-answers-venn-diagram,3,medium,Discrete Mathematics,False,intermediate,0.5797255362632856,0.0019970939673013247,0.5797255362632856,0.41827736976941304,True,qbc
131,intermediate,4,discrete-mathematics-questions-answers-pigeonhole-principle,1,hard,Discrete Mathematics,False,advanced,0.969047720322235,1.0958596312382324e-06,0.0309511838181338,0.969047720322235,False,qbc
131,intermediate,5,discrete-mathematics-questions-answers-multiplication-theorem-probability,10,hard,Discrete Mathematics,False,advanced,0.7938480672272357,4.233753097591776e-05,0.2061095952417884,0.7938480672272357,False,qbc
131,intermediate,6,discrete-mathematics-questions-answers-nested-quantifiers,8,hard,Discrete Mathematics,False,intermediate,0.8232061419927897,0.0019524175434562638,0.8232061419927897,0.174841440463754,True,qbc
131,intermediate,7,discrete-mathematics-mcqs-sequences-summations,10,easy,Discrete Mathematics,True,intermediate,0.8459872155153162,0.015428762385346658,0.8459872155153162,0.13858402209933718,True,qbc
131,intermediate,8,discrete-mathematics-questions-answers-ciphers,6,medium,Discrete Mathematics,False,intermediate,0.894842377298104,0.046089243985005794,0.894842377298104,0.05906837871689022,True,qbc
131,intermediate,9,discrete-mathematics-questions-answers-harmonic-sequences,6,easy,Discrete Mathematics,True,intermediate,0.861426990732734,0.014062307343542822,0.861426990732734,0.12451070192372324,True,qbc
131,intermediate,10,discrete-mathematics-mcqs-sets,2,medium,Discrete Mathematics,True,intermediate,0.9329726115769732,0.0303525643105587,0.9329726115769732,0.036674824112468106,True,qbc
131,intermediate,11,discrete-mathematics-mcqs-sequences-summations,7,medium,Discrete Mathematics,False,intermediate,0.9199054892088157,0.0587370552002092,0.9199054892088157,0.021357455590975103,True,qbc
131,intermediate,12,discrete-mathematics-questions-answers-generating-functions,3,medium,Discrete Mathematics,True,intermediate,0.939840333758374,0.03746089065179762,0.939840333758374,0.022698775589828458,True,qbc
131,intermediate,13,discrete-mathematics-questions-answers-permutation-groups,3,easy,Discrete Mathematics,True,intermediate,0.9308185550346681,0.01192733569839363,0.9308185550346681,0.0572541092669383,True,qbc
131,intermediate,14,discrete-mathematics-questions-answers-group-axioms,4,medium,Discrete Mathematics,False,intermediate,0.9114193715126481,0.011924654631877566,0.9114193715126481,0.07665597385547444,True,qbc
131,intermediate,15,discrete-mathematics-questions-answers-group-theory,4,medium,Discrete Mathematics,False,intermediate,0.9055085678840922,0.010953942693594086,0.9055085678840922,0.0835374894223138,True,qbc
131,intermediate,16,discrete-mathematics-questions-answers-aptitude-test,4,medium,Discrete Mathematics,False,intermediate,0.9095131140569441,0.010377957795374908,0.9095131140569441,0.08010892814768095,True,qbc
131,intermediate,17,discrete-mathematics-questions-answers-cryptography-encryption,10,easy,Discrete Mathematics,True,intermediate,0.8428524471880547,0.004835936669226247,0.8428524471880547,0.15231161614271893,True,qbc
131,intermediate,18,discrete-mathematics-questions-answers-mean-variance-random-variables,2,hard,Discrete Mathematics,True,intermediate,0.7552283059041837,0.003765521167203377,0.7552283059041837,0.24100617292861296,True,qbc
131,intermediate,19,discrete-mathematics-questions-answers-logical-equivalences,6,hard,Discrete Mathematics,False,intermediate,0.8620580903193841,0.00952594500999531,0.8620580903193841,0.12841596467062055,True,qbc
131,intermediate,20,discrete-mathematics-questions-answers-diagraph,5,easy,Discrete Mathematics,True,intermediate,0.8174286004085084,0.0049034954348242,0.8174286004085084,0.17766790415666742,True,qbc
191,intermediate,1,data-structure-questions-answers-priority-queue,3,hard,Data Structures,True,beginner,0.9029628454238741,0.9029628454238741,0.09703696522523958,1.8935088638840714e-07,False,qbc
191,intermediate,2,data-structure-interview-questions-answers,9,easy,Data Structures,True,intermediate,0.9326640832903833,0.05231346989415751,0.9326640832903833,0.01502244681545916,True,qbc
191,intermediate,3,data-structure-questions-answers-longest-palindromic-subsequence,3,hard,Data Structures,False,beginner,0.8002357452939755,0.8002357452939755,0.19974493871509172,1.931599093274748e-05,False,qbc
191,intermediate,4,data-structure-questions-answers-graph,11,hard,Data Structures,False,beginner,0.994608869379309,0.994608869379309,0.0053911224533350465,8.167355957433076e-09,False,qbc
191,intermediate,5,data-structure-questions-answers-avl-tree,5,medium,Data Structures,False,beginner,0.9817319329943559,0.9817319329943559,0.018268048862064633,1.8143579466500658e-08,False,qbc
191,intermediate,6,data-structure-questions-answers-incidence-matrix-graph-structured-stack,7,medium,Data Structures,False,beginner,0.7991456738942252,0.7991456738942252,0.2008514362315156,2.889874259200357e-06,False,qbc
191,intermediate,7,data-structure-questions-answers-heap,5,easy,Data Structures,False,beginner,0.6110318855039009,0.6110318855039009,0.3889613037929738,6.810703125402459e-06,False,qbc
191,intermediate,8,data-structure-questions-answers-fibonacci-search,8,medium,Data Structures,True,beginner,0.5176418055220391,0.5176418055220391,0.48234685142009376,1.134305786714029e-05,False,qbc
191,intermediate,9,java-questions-answers-data-structures-list,7,easy,Data Structures,True,intermediate,0.7031969377391689,0.2967457834789479,0.7031969377391689,5.727878188319896e-05,True,qbc
191,intermediate,10,data-structure-questions-answers-towers-hanoi,5,easy,Data Structures,False,intermediate,0.7994186653654453,0.20047012317449373,0.7994186653654453,0.00011121146006103894,True,qbc
191,intermediate,11,data-structure-questions-answers-bubble-sort,3,medium,Data Structures,False,intermediate,0.877911326919639,0.12185879584440634,0.877911326919639,0.00022987723595462188,True,qbc
191,intermediate,12,data-structure-questions-answers-incidence-matrix-graph-structured-stack,2,easy,Data Structures,False,intermediate,0.9398443882790627,0.059560480524982584,0.9398443882790627,0.0005951311959546924,True,qbc
191,intermediate,13,data-structure-questions-answers-graph,4,easy,Data Structures,True,intermediate,0.9673248419209132,0.030928291877122267,0.9673248419209132,0.0017468662019644225,True,qbc
191,intermediate,14,data-structure-multiple-choice-questions-answers,5,hard,Data Structures,True,intermediate,0.9692588134425355,0.02783613085170384,0.9692588134425355,0.002905055705760559,True,qbc
191,intermediate,15,1000-data-structure-questions-answers,9,hard,Data Structures,False,intermediate,0.9498598452789225,0.04868087095093947,0.9498598452789225,0.0014592837701380408,True,qbc
191,intermediate,16,data-structure-questions-answers-stack-operations,5,medium,Data Structures,True,intermediate,0.9581051017536042,0.04006947534835912,0.9581051017536042,0.001825422898036732,True,qbc
191,intermediate,17,data-structure-questions-answers-power-number-recursion-logn-time,8,medium,Data Structures,True,intermediate,0.9633576583555605,0.0346169887257354,0.9633576583555605,0.0020253529187039417,True,qbc
191,intermediate,18,data-structure-questions-answers-stack-array,8,hard,Data Structures,False,intermediate,0.9217315758806722,0.07745083133922408,0.9217315758806722,0.0008175927801036496,True,qbc
191,intermediate,19,data-structure-questions-answers-free-list,7,hard,Data Structures,False,intermediate,0.8972290690040337,0.10229527299668088,0.8972290690040337,0.0004756579992855614,True,qbc
191,intermediate,20,data-structure-questions-answers-directed-acyclic-graph,7,hard,Data Structures,False,intermediate,0.854824823774121,0.144900777764688,0.854824823774121,0.00027439846119100886,True,qbc
143,intermediate,1,python-questions-answers-sets-1,8,hard,Python,False,intermediate,0.966585355209308,0.018022613192395197,0.966585355209308,0.015392031598296791,True,qbc
143,intermediate,2,python-questions-answers-datetime-module-1,3,hard,Python,False,intermediate,0.8057529315249956,0.19374630215949637,0.8057529315249956,0.0005007663155079844,True,qbc
143,intermediate,3,python-questions-answers-built-in-functions-2,6,easy,Python,True,intermediate,0.824963048179624,0.16822151027609533,0.824963048179624,0.006815441544280672,True,qbc
143,intermediate,4,1000-python-questions-answers,7,easy,Python,False,intermediate,0.9502797702547755,0.035084237405684955,0.9502797702547755,0.014635992339539482,True,qbc
143,intermediate,5,1000-python-questions-answers,10,easy,Python,False,intermediate,0.951825294955867,0.013295642497159045,0.951825294955867,0.03487906254697394,True,qbc
143,intermediate,6,1000-python-questions-answers,13,easy,Python,True,intermediate,0.7779079737485012,0.003357716884104971,0.7779079737485012,0.21873430936739394,True,qbc
143,intermediate,7,python-questions-answers-formatting-2,2,hard,Python,True,intermediate,0.8861685776360702,0.017156055036250933,0.8861685776360702,0.0966753673276788,True,qbc
143,intermediate,8,python-technical-interview-questions-answers,10,easy,Python,True,intermediate,0.8013686003892291,0.010958361088530141,0.8013686003892291,0.1876730385222408,True,qbc
143,intermediate,9,python-questions-answers-modules,5,hard,Python,False,intermediate,0.9038242669706587,0.0409964241505394,0.9038242669706587,0.05517930887880202,True,qbc
143,intermediate,10,python-developer-interview-questions-answers,2,easy,Python,False,intermediate,0.8691183102240633,0.01718727263373156,0.8691183102240633,0.11369441714220506,True,qbc
143,intermediate,11,python-interview-questions-answers-experienced,9,easy,Python,True,intermediate,0.7438546687758503,0.00756439870731441,0.7438546687758503,0.24858093251683536,True,qbc
143,intermediate,12,python-interview-questions-answers,4,hard,Python,False,intermediate,0.8551139541468362,0.01826228914493608,0.8551139541468362,0.12662375670822765,True,qbc
143,intermediate,13,python-questions-answers-tuples-2,1,easy,Python,True,intermediate,0.7631039203478897,0.009596571067410674,0.7631039203478897,0.22729950858469963,True,qbc
143,intermediate,14,python-questions-answers-sets-2,7,hard,Python,False,intermediate,0.798844592674891,0.010041229790462366,0.798844592674891,0.1911141775346466,True,qbc
143,intermediate,15,1000-python-questions-answers,23,easy,Python,False,intermediate,0.7384515339179042,0.0056408920559858754,0.7384515339179042,0.25590757402611,True,qbc
143,intermediate,16,python-questions-answers-bitwise-1,8,easy,Python,False,intermediate,0.6552388021323897,0.002997367646541841,0.6552388021323897,0.3417638302210683,True,qbc
143,intermediate,17,python-questions-answers-bitwise-2,8,hard,Python,False,intermediate,0.7762998840982828,0.005449351851860198,0.7762998840982828,0.21825076404985702,True,qbc
143,intermediate,18,python-questions-answers-lists-7,7,hard,Python,False,intermediate,0.8468660546078871,0.007431478766493535,0.8468660546078871,0.14570246662561936,True,qbc
143,intermediate,19,python-questions-answers-list-comprehension,5,hard,Python,False,intermediate,0.9234479510564076,0.017641343986136312,0.9234479510564076,0.05891070495745598,True,qbc
143,intermediate,20,python-programming-interview-questions-answers,7,hard,Python,False,intermediate,0.9375249215274735,0.029465303500604625,0.9375249215274735,0.03300977497192187,True,qbc
284,advanced,1,discrete-mathematics-questions-answers-subgroups,3,hard,Discrete Mathematics,True,advanced,0.9999985188103401,1.4610552279023445e-15,1.4811896583721086e-06,0.9999985188103401,True,qbc
284,advanced,2,discrete-mathematics-questions-answers-experienced,1,easy,Discrete Mathematics,True,advanced,0.9999975249244772,3.1346440370305234e-14,2.4750754915120534e-06,0.9999975249244772,True,qbc
284,advanced,3,discrete-mathematics-questions-answers-nested-quantifiers,3,hard,Discrete Mathematics,False,advanced,0.9999163077488228,5.943412658992524e-11,8.369219174298725e-05,0.9999163077488228,True,qbc
284,advanced,4,discrete-mathematics-questions-answers-minimization-boolean-functions,8,easy,Discrete Mathematics,True,advanced,0.9999624621790432,1.1833158403333545e-11,3.753780912370258e-05,0.9999624621790432,True,qbc
284,advanced,5,discrete-mathematics-mcqs-sequences-summations,10,easy,Discrete Mathematics,True,advanced,0.9999512652693293,1.356207312851668e-11,4.873471710869173e-05,0.9999512652693293,True,qbc
284,advanced,6,discrete-mathematics-questions-answers-recursion,4,easy,Discrete Mathematics,True,advanced,0.9999308223268403,1.6467905239016218e-11,6.917765669193426e-05,0.9999308223268403,True,qbc
284,advanced,7,discrete-mathematics-mcqs-sets,1,easy,Discrete Mathematics,True,advanced,0.999922871225195,1.6661579580328502e-11,7.712875814338697e-05,0.999922871225195,True,qbc
284,advanced,8,discrete-mathematics-mcqs-integers-algorithms,9,easy,Discrete Mathematics,True,advanced,0.9999433859831396,8.129606205931337e-12,5.6614008730606526e-05,0.9999433859831396,True,qbc
284,advanced,9,discrete-mathematics-questions-answers-counting-functions,10,easy,Discrete Mathematics,True,advanced,0.9999300793310103,1.0345816466875648e-11,6.99206586437492e-05,0.9999300793310103,True,qbc
284,advanced,10,discrete-mathematics-questions-answers-mcqs,5,easy,Discrete Mathematics,True,advanced,0.999944478549538,5.78670687157173e-12,5.552144467539414e-05,0.999944478549538,True,qbc
284,advanced,11,discrete-mathematics-questions-answers-logic-circuits,7,easy,Discrete Mathematics,True,advanced,0.9999323756355127,7.323077615693164e-12,6.762435716423994e-05,0.9999323756355127,True,qbc
284,advanced,12,discrete-mathematics-question-papers,4,easy,Discrete Mathematics,True,advanced,0.9999463154270293,4.2474641468581206e-12,5.368456872318421e-05,0.9999463154270293,True,qbc
284,advanced,13,discrete-mathematics-questions-answers-pigeonhole-principle,1,hard,Discrete Mathematics,True,advanced,0.9998664615774707,2.859199490249917e-11,0.00013353839393723116,0.9998664615774707,True,qbc
284,advanced,14,discrete-mathematics-questions-answers-quiz,4,hard,Discrete Mathematics,False,advanced,0.99921443120999,1.873855476447525e-09,0.0007855669161545337,0.99921443120999,True,qbc
284,advanced,15,discrete-mathematics-questions-answers-types-algorithms,7,hard,Discrete Mathematics,True,advanced,0.9994374593105367,1.1121781717082056e-09,0.0005625395772852266,0.9994374593105367,True,qbc
284,advanced,16,discrete-mathematics-multiple-choice-questions-answers,10,hard,Discrete Mathematics,False,advanced,0.9992150877863476,2.262790725722072e-09,0.0007849099508615103,0.9992150877863476,True,qbc
284,advanced,17,discrete-mathematics-questions-answers-combinations,10,hard,Discrete Mathematics,True,advanced,0.9989711862153877,4.016349134915825e-09,0.0010288097682631797,0.9989711862153877,True,qbc
284,advanced,18,discrete-mathematics-problems,1,hard,Discrete Mathematics,True,advanced,0.9984524570244218,8.352436687042786e-09,0.0015475346231416573,0.9984524570244218,True,qbc
284,advanced,19,tricky-discrete-mathematics-questions-answers,4,hard,Discrete Mathematics,True,advanced,0.9968922207938009,2.9570046767384806e-08,0.0031077496361522315,0.9968922207938009,True,qbc
284,advanced,20,discrete-mathematics-questions-answers-recursion,7,hard,Discrete Mathematics,True,advanced,0.9979706670630283,1.2922232859231647e-08,0.0020293200147389746,0.9979706670630283,True,qbc
47,beginner,1,operating-system-mcqs-cpu-scheduling-benefits,6,hard,Operating Systems,False,beginner,0.9999581727889778,0.9999581727889778,4.182721098144243e-05,4.0853536888835455e-14,True,qbc
47,beginner,2,operating-system-mcqs-disk-scheduling-1,5,medium,Operating Systems,False,beginner,0.9999816273819975,0.9999816273819975,1.8372618001437896e-05,1.057742182379184e-15,True,qbc
47,beginner,3,operating-system-mcqs-application-io-interface-2,7,easy,Operating Systems,False,beginner,0.9998474445850325,0.9998474445850325,0.0001525554145694032,3.9810354187197413e-13,True,qbc
47,beginner,4,operating-system-questions-answers,45,hard,Operating Systems,False,beginner,0.9997480708756267,0.9997480708756267,0.00025192912384947903,5.238681551561095e-13,True,qbc
47,beginner,5,operating-system-mcqs-deadlock-detection,10,hard,Operating Systems,False,beginner,0.9998704842609556,0.9998704842609556,0.00012951573891083554,1.3355423286658626e-13,True,qbc
47,beginner,6,operating-system-questions-answers-process-synchronization,3,hard,Operating Systems,False,beginner,0.9999760276886832,0.9999760276886832,2.3972311310653173e-05,6.1859238605073135e-15,True,qbc
47,beginner,7,operating-system-mcqs-process-structures,1,medium,Operating Systems,False,beginner,0.9998195182288763,0.9998195182288763,0.00018048177068716022,4.3676134168193105e-13,True,qbc
47,beginner,8,operating-system-mcqs-threads-ult-klt,6,hard,Operating Systems,False,beginner,0.9995233194672101,0.9995233194672101,0.0004766805292244991,3.5655319741120693e-12,True,qbc
47,beginner,9,operating-system-mcqs-process-scheduling-queue,6,hard,Operating Systems,False,beginner,0.9998771451684206,0.9998771451684206,0.00012285483139824296,1.812615700611409e-13,True,qbc
47,beginner,10,operating-system-mcqs-atomic-transactions,8,hard,Operating Systems,False,beginner,0.9997582458294973,0.9997582458294973,0.00024175416982631596,6.763569259315215e-13,True,qbc
47,beginner,11,operating-system-mcqs-disk-scheduling-1,10,hard,Operating Systems,False,beginner,0.9997731733610997,0.9997731733610997,0.00022682663834630294,5.541237886614103e-13,True,qbc
47,beginner,12,operating-system-questions-answers,10,hard,Operating Systems,False,beginner,0.9999593187104548,0.9999593187104548,4.068128953441781e-05,1.0591750164813707e-14,True,qbc
47,beginner,13,operating-system-mcqs-semaphores-1,11,hard,Operating Systems,False,beginner,0.9999413304484841,0.9999413304484841,5.866955149380824e-05,2.1882483878189184e-14,True,qbc
47,beginner,14,operating-system-questions-answers,39,medium,Operating Systems,True,beginner,0.9998194909494732,0.9998194909494732,0.0001805090498092136,7.176284717024532e-13,True,qbc
47,beginner,15,operating-system-questions-answers-rtos,5,medium,Operating Systems,False,beginner,0.9998771971688579,0.9998771971688579,0.00012280283082905012,3.129900246928787e-13,True,qbc
47,beginner,16,operating-system-mcqs-virtual-memory-demand-paging,13,medium,Operating Systems,False,beginner,0.9998745343644425,0.9998745343644425,0.00012546563522284633,3.345875076831883e-13,True,qbc
47,beginner,17,operating-system-mcqs-file-system-allocation-methods-3,9,medium,Operating Systems,True,beginner,0.999738205594487,0.999738205594487,0.00026179440391352354,1.5994257934017812e-12,True,qbc
47,beginner,18,operating-system-question-answers-multimedia-systems,9,medium,Operating Systems,False,beginner,0.9996417553632426,0.9996417553632426,0.0003582446339435949,2.8138895836729738e-12,True,qbc
47,beginner,19,operating-system-questions-answers-distributed-synchronization,4,medium,Operating Systems,False,beginner,0.9996956620284194,0.9996956620284194,0.0003043379697421884,1.838382670784592e-12,True,qbc
47,beginner,20,operating-system-questions-answers,21,medium,Operating Systems,False,beginner,0.9996639438418695,0.9996639438418695,0.00033605615591684833,2.213461365548579e-12,True,qbc
252,advanced,1,java-questions-answers-heap-garbage-collection,6,medium,Java,False,intermediate,0.8622183880495304,0.013291505878127361,0.8622183880495304,0.12449010607234218,False,qbc
252,advanced,2,java-mcqs-wildcards,5,hard,Java,False,advanced,0.7167317588030849,9.635332779952127e-05,0.2831718878691156,0.7167317588030849,True,qbc
252,advanced,3,java-mcqs-java-util-vectors-stacks,3,easy,Java,True,advanced,0.837976352195424,2.2038853589200673e-05,0.16200160895098692,0.837976352195424,True,qbc
252,advanced,4,java-questions-answers-experienced,1,hard,Java,False,advanced,0.8278868799393557,3.0212082650371242e-05,0.17208290797799394,0.8278868799393557,True,qbc
252,advanced,5,java-mcqs-java-util-maps,6,medium,Java,False,advanced,0.9355288138523257,6.109079597284169e-06,0.0644650770680769,0.9355288138523257,True,qbc
252,advanced,6,javascript-problems,7,medium,Java,False,advanced,0.9759176553698576,1.4884396609259886e-06,0.024080856190481385,0.9759176553698576,True,qbc
252,advanced,7,java-mcqs-collection-algorithms,2,medium,Java,True,advanced,0.912430268858195,1.0166103854866537e-05,0.08755956503795018,0.912430268858195,True,qbc
252,advanced,8,javascript-mcqs-closures,6,hard,Java,True,advanced,0.8302098297575868,3.743043670383746e-05,0.16975273980570932,0.8302098297575868,True,qbc
252,advanced,9,java-mcqs-event-handling-basics,1,medium,Java,True,advanced,0.7886778758548006,3.711198632145158e-05,0.21128501215887788,0.7886778758548006,True,qbc
252,advanced,10,javascript-mcqs-image-map,1,medium,Java,True,advanced,0.8862233842779375,7.293661257232115e-06,0.1137693220608055,0.8862233842779375,True,qbc
252,advanced,11,javascript-mcqs-browser-parsing-rendering-i,10,easy,Java,True,advanced,0.8952547718402846,4.128748819144035e-06,0.10474109941089628,0.8952547718402846,True,qbc
252,advanced,12,java-questions-answers-file-directory,5,easy,Java,False,advanced,0.836314896633047,1.258760990612574e-05,0.16367251575704692,0.836314896633047,True,qbc
252,advanced,13,javascript-mcqs-asynchronous-io-with-rhino,4,easy,Java,True,advanced,0.9175866813926442,2.7134983128256544e-06,0.08241060510904302,0.9175866813926442,True,qbc
252,advanced,14,java-mcqs-networking-basics,5,easy,Java,True,advanced,0.9168426540746294,1.9744741935669257e-06,0.08315537145117706,0.9168426540746294,True,qbc
252,advanced,15,javascript-questions-answers,2,easy,Java,True,advanced,0.9393875654154372,8.750967951393928e-07,0.06061155948776779,0.9393875654154372,True,qbc
252,advanced,16,java-mcqs-double-float-wrappers,5,easy,Java,True,advanced,0.9378560145330728,6.722827213907086e-07,0.062143313184205844,0.9378560145330728,True,qbc
252,advanced,17,javascript-mcqs-scripting-documents,5,easy,Java,True,advanced,0.9577552650846244,2.6197403553968994e-07,0.04224447294134018,0.9577552650846244,True,qbc
252,advanced,18,javascript-mcqs-blobs,2,easy,Java,True,advanced,0.966605232807569,1.345139964198232e-07,0.033394632678434656,0.966605232807569,True,qbc
252,advanced,19,advanced-java-questions-answers-client-server,3,easy,Java,True,advanced,0.9604275790120242,1.5525954766660966e-07,0.03957226572842801,0.9604275790120242,True,qbc
252,advanced,20,java-mcqs-integer-floating-data-types,2,medium,Java,True,advanced,0.9671244328787029,9.81795577688212e-08,0.032875468941739254,0.9671244328787029,True,qbc
168,intermediate,1,operating-system-mcqs-kernel-io-subsystems,5,easy,Operating Systems,True,advanced,0.9933143463352588,2.3442661556324554e-07,0.006685419238125519,0.9933143463352588,False,qbc
168,intermediate,2,operating-system-mcqs-multimedia-system-CPU-disk-scheduling,7,medium,Operating Systems,True,intermediate,0.9353119103920782,0.06180953202405842,0.9353119103920782,0.0028785575838633256,True,qbc
168,intermediate,3,operating-system-questions-answers-io-subsystem,10,medium,Operating Systems,False,beginner,0.8968850105182952,0.8968850105182952,0.10311224666650885,2.7428151960413114e-06,False,qbc
168,intermediate,4,operating-system-mcqs-process-control-block,3,easy,Operating Systems,True,intermediate,0.7902210538933396,0.2083824535137777,0.7902210538933396,0.0013964925928826963,True,qbc
168,intermediate,5,operating-system-mcqs-virtual-memory-demand-paging,14,hard,Operating Systems,False,intermediate,0.9703150440051013,0.011997629100398385,0.9703150440051013,0.017687326894500293,True,qbc
168,intermediate,6,operating-system-mcqs-memory-management-segmentation,7,hard,Operating Systems,False,intermediate,0.7884855889147248,0.2111842291514796,0.7884855889147248,0.00033018193379569125,True,qbc
168,intermediate,7,distributed-operating-system-mcqs-robustness,2,easy,Operating Systems,True,intermediate,0.9551516838632073,0.04201095358129402,0.9551516838632073,0.002837362555498743,True,qbc
168,intermediate,8,operating-system-mcqs-cpu-scheduling-algorithms-1,11,medium,Operating Systems,False,intermediate,0.9670567920025652,0.024954587544048855,0.9670567920025652,0.007988620453385978,True,qbc
168,intermediate,9,operating-system-mcqs-mass-storage-RAID-1,11,easy,Operating Systems,True,intermediate,0.9695776930100398,0.00973794245025759,0.9695776930100398,0.020684364539702585,True,qbc
168,intermediate,10,operating-system-mcqs-multimedia-system-compression-1,6,easy,Operating Systems,True,intermediate,0.9280755688708651,0.002458142598344805,0.9280755688708651,0.06946628853079025,True,qbc
168,intermediate,11,operating-system-questions-answers-rtos,5,medium,Operating Systems,False,intermediate,0.9468545803581508,0.004230813257895117,0.9468545803581508,0.04891460638395409,True,qbc
168,intermediate,12,operating-system-mcqs-file-system-interface-protection,8,easy,Operating Systems,True,intermediate,0.924600157890545,0.0018960078666377348,0.924600157890545,0.07350383424281735,True,qbc
168,intermediate,13,operating-system-mcqs-security-user-authentication,5,hard,Operating Systems,False,intermediate,0.950238207167282,0.0033790352519217828,0.950238207167282,0.04638275758079628,True,qbc
168,intermediate,14,operating-system-questions-answers-file-system-concepts,7,easy,Operating Systems,True,intermediate,0.9104382306752167,0.0018889969959925146,0.9104382306752167,0.0876727723287908,True,qbc
168,intermediate,15,operating-system-mcqs-memory-management-swapping-2,5,easy,Operating Systems,True,intermediate,0.8702831979274658,0.0010943500936028369,0.8702831979274658,0.12862245197893135,True,qbc
168,intermediate,16,operating-system-mcqs-multimedia-system-CPU-disk-scheduling,9,easy,Operating Systems,True,intermediate,0.8396891752650637,0.0007918090710530614,0.8396891752650637,0.15951901566388324,True,qbc
168,intermediate,17,operating-system-mcqs-mass-storage-RAID-1,2,easy,Operating Systems,True,intermediate,0.8063456627535522,0.000551675648361082,0.8063456627535522,0.19310266159808656,True,qbc
168,intermediate,18,operating-system-mcqs-virtual-memory-demand-paging,13,medium,Operating Systems,False,intermediate,0.8631689661806354,0.001290773506430752,0.8631689661806354,0.13554026031293387,True,qbc
168,intermediate,19,operating-system-questions-answers-process-synchronization,10,medium,Operating Systems,False,intermediate,0.8012310223483776,0.0007769076708752003,0.8012310223483776,0.1979920699807471,True,qbc
168,intermediate,20,distributed-operating-system-mcqs-file-system-1,2,hard,Operating Systems,False,intermediate,0.8807622069616208,0.0015768863478374093,0.8807622069616208,0.11766090669054179,True,qbc
291,advanced,1,automata-theory-questions-answers-quiz,3,easy,Automata Theory,True,advanced,0.995896116577689,4.946050601068127e-07,0.0041033888172509565,0.995896116577689,True,qbc
291,advanced,2,automata-theory-questions-answers-cfl-substitution-theorem,1,hard,Automata Theory,True,advanced,0.9676477845413197,2.5146012862204753e-05,0.0323270694458179,0.9676477845413197,True,qbc
291,advanced,3,automata-theory-questions-answers-lexical-analysis,1,easy,Automata Theory,False,advanced,0.9910832754157759,6.703540392565595e-07,0.008916054230184758,0.9910832754157759,True,qbc
291,advanced,4,automata-theory-questions-answers-sentential-forms,10,hard,Automata Theory,True,advanced,0.8918502142702254,9.145804540953016e-05,0.10805832768436505,0.8918502142702254,True,qbc
291,advanced,5,automata-theory-questions-answers-experienced,5,easy,Automata Theory,True,advanced,0.9807825531509917,4.770306857919279e-06,0.019212676542150416,0.9807825531509917,True,qbc
291,advanced,6,automata-theory-questions-answers-multitape-turing-machine,8,easy,Automata Theory,True,advanced,0.9942751596473538,6.83806074279081e-07,0.005724156546571924,0.9942751596473538,True,qbc
291,advanced,7,automata-theory-questions-answers-dfa-processing-strings,7,hard,Automata Theory,True,advanced,0.9842385720663263,4.547929566466338e-06,0.015756880004107254,0.9842385720663263,True,qbc
291,advanced,8,automata-theory-questions-answers-dpda-ambiguous-grammars,7,hard,Automata Theory,False,advanced,0.8761537725269134,0.00010785719083392315,0.12373837028225275,0.8761537725269134,True,qbc
291,advanced,9,automata-theory-interview-questions-answers-experienced,7,hard,Automata Theory,True,advanced,0.8781040003888962,0.00012388614879234062,0.12177211346231136,0.8781040003888962,True,qbc
291,advanced,10,automata-theory-mcqs-regular-language-expression-2,9,easy,Automata Theory,True,advanced,0.9508064559636897,2.5044637327633074e-05,0.04916849939898259,0.9508064559636897,True,qbc
291,advanced,11,automata-theory-questions-answers-regular-expression-unix,1,medium,Automata Theory,False,advanced,0.8742624582792625,2.94601157358464e-05,0.12570808160500171,0.8742624582792625,True,qbc
291,advanced,12,automata-theory-questions-answers-freshers,5,easy,Automata Theory,True,advanced,0.9474257666773526,6.337729773069026e-06,0.05256789559287432,0.9474257666773526,True,qbc
291,advanced,13,automata-theory-questions-answers-the-language-dfa,1,easy,Automata Theory,True,advanced,0.9692820054971618,2.301799729938562e-06,0.030715692703108307,0.9692820054971618,True,qbc
291,advanced,14,automata-theory-questions-answers-mcqs,7,easy,Automata Theory,False,advanced,0.9632577339805302,2.3223877433183553e-06,0.03673994363172647,0.9632577339805302,True,qbc
291,advanced,15,automata-theory-questions-answers-mealy-machine-1,1,hard,Automata Theory,True,advanced,0.9402775383330976,6.576442086796086e-06,0.05971588522481577,0.9402775383330976,True,qbc
291,advanced,16,automata-theory-questions-answers-dfa-processing-strings,3,hard,Automata Theory,True,advanced,0.913493257635803,1.2502581495896465e-05,0.08649423978270118,0.913493257635803,True,qbc
291,advanced,17,automata-theory-questions-answers-deterministic-pda,8,hard,Automata Theory,True,advanced,0.8943465743752911,1.9081215323185235e-05,0.1056343444093857,0.8943465743752911,True,qbc
291,advanced,18,automata-theory-questions-answers-aptitude-test,9,hard,Automata Theory,False,advanced,0.849071915818889,3.252693653905419e-05,0.150895557244572,0.849071915818889,True,qbc
291,advanced,19,automata-theory-questions-answers-lexical-analysis,8,hard,Automata Theory,False,advanced,0.7865922684372715,4.510111187540017e-05,0.21336263045085316,0.7865922684372715,True,qbc
291,advanced,20,automata-theory-multiple-choice-questions-answers,7,medium,Automata Theory,False,advanced,0.8133498071203491,2.84737512930154e-05,0.1866217191283578,0.8133498071203491,True,qbc
287,advanced,1,java-questions-answers-aptitude-test,3,easy,Java,True,advanced,0.9527226713629683,2.1503934233011475e-07,0.04727711359768935,0.9527226713629683,True,qbc
287,advanced,2,java-mcqs-core-java-api-packages,3,medium,Java,False,advanced,0.9158615864406323,7.82383489253783e-06,0.08413058972447524,0.9158615864406323,True,qbc
287,advanced,3,hadoop-questions-answers-java-interface,8,hard,Java,True,advanced,0.5177935593871514,0.00010009684148945349,0.4821063437713591,0.5177935593871514,True,qbc
287,advanced,4,javascript-mcqs-closures,10,hard,Java,False,intermediate,0.841260178453398,0.0014746977614144936,0.841260178453398,0.15726512378518762,False,qbc
287,advanced,5,java-mcqs-reading-console-input,3,medium,Java,False,advanced,0.7727234909786338,5.322122549923779e-05,0.22722328779586695,0.7727234909786338,True,qbc
287,advanced,6,java-questions-answers-serialization,7,medium,Java,False,advanced,0.9590364669068117,1.7600905612253295e-06,0.04096177300262717,0.9590364669068117,True,qbc
287,advanced,7,java-mcqs-remote-method-invocation,6,medium,Java,False,advanced,0.9740039780716356,9.74263197492199e-07,0.025995047665166856,0.9740039780716356,True,qbc
287,advanced,8,javascript-interview-questions-answers,4,medium,Java,False,advanced,0.9861535682592124,2.79657692371691e-07,0.013846152083095071,0.9861535682592124,True,qbc
287,advanced,9,java-mcqs-collection-interface,1,easy,Java,True,advanced,0.9907829719567256,9.708082157027392e-08,0.009216930962452945,0.9907829719567256,True,qbc
287,advanced,10,java-mcqs-java-lang-object-math-class,4,easy,Java,True,advanced,0.9950459130630396,2.0358854563058812e-08,0.0049540665781059945,0.9950459130630396,True,qbc
287,advanced,11,java-questions-answers-data-type-enums,7,hard,Java,False,advanced,0.9802180515222675,2.9984840641414555e-07,0.01978164862932602,0.9802180515222675,True,qbc
287,advanced,12,java-mcqs-collection-algorithms,3,easy,Java,False,advanced,0.9812751742819201,2.3750901418940132e-07,0.018724588209065814,0.9812751742819201,True,qbc
287,advanced,13,java-mcqs-core-java-api-packages,5,easy,Java,False,advanced,0.9807514377115285,2.20269575537125e-07,0.019248342018895935,0.9807514377115285,True,qbc
287,advanced,14,advanced-java-questions-answers-design-patterns,6,medium,Java,False,advanced,0.9768352581185109,3.386341780139858e-07,0.023164403247311324,0.9768352581185109,True,qbc
287,advanced,15,javascript-mcqs-scripted-http,6,medium,Java,False,advanced,0.9696351567417798,6.120671085608576e-07,0.030364231191111514,0.9696351567417798,True,qbc
287,advanced,16,javascript-mcqs-validation,2,medium,Java,False,advanced,0.9829543896236901,2.282115260645134e-07,0.017045382164783882,0.9829543896236901,True,qbc
287,advanced,17,javascript-mcqs-html-api,4,medium,Java,False,advanced,0.9856974121463049,1.7150958713634005e-07,0.014302416344107987,0.9856974121463049,True,qbc
287,advanced,18,javascript-questions-answers-experienced,6,medium,Java,False,advanced,0.9883057876353167,1.2680285178435223e-07,0.011694085561831572,0.9883057876353167,True,qbc
287,advanced,19,javascript-mcqs-blobs,2,easy,Java,False,advanced,0.986718244646805,1.418199324819187e-07,0.01328161353326247,0.986718244646805,True,qbc
287,advanced,20,javascript-mcqs-webpagetest,1,easy,Java,False,advanced,0.9894373024157341,9.158479266479279e-08,0.01056260599947331,0.9894373024157341,True,qbc
152,intermediate,1,automata-theory-questions-bank,1,easy,Automata Theory,True,beginner,0.5977284889919285,0.5977284889919285,0.4014777828751297,0.0007937281329415814,False,qbc
152,intermediate,2,automata-theory-questions-answers-mealy-machine,4,medium,Automata Theory,True,beginner,0.5557607856603184,0.5557607856603184,0.44397201860188606,0.00026719573779548055,False,qbc
152,intermediate,3,automata-theory-questions-answers-pda-acceptance-empty-stack,5,medium,Automata Theory,False,intermediate,0.7442585551542261,0.2549602827855114,0.7442585551542261,0.0007811620602624353,True,qbc
152,intermediate,4,automata-theory-questions-answers-experienced,8,hard,Automata Theory,False,intermediate,0.7162673570244836,0.28367409843065844,0.7162673570244836,5.854454485794701e-05,True,qbc
152,intermediate,5,automata-theory-questions-answers-mealy-machine-1,9,easy,Automata Theory,False,intermediate,0.9437628865344333,0.05608244876479114,0.9437628865344333,0.00015466470077553983,True,qbc
152,intermediate,6,automata-theory-questions-answers-experienced,5,easy,Automata Theory,True,intermediate,0.9868215249835502,0.009918102191330323,0.9868215249835502,0.0032603728251195405,True,qbc
152,intermediate,7,automata-theory-questions-answers-simulation-turing-machine,5,hard,Automata Theory,False,intermediate,0.8946888138538995,0.10518301588547486,0.8946888138538995,0.00012817026062551356,True,qbc
152,intermediate,8,automata-theory-questions-answers-freshers,3,hard,Automata Theory,True,intermediate,0.7293275031309366,0.2706208882285662,0.7293275031309366,5.160864049719527e-05,True,qbc
152,intermediate,9,automata-theory-questions-answers-pumping-lemma-regular-language,6,medium,Automata Theory,True,intermediate,0.8879790824669849,0.11173870063118344,0.8879790824669849,0.0002822169018318089,True,qbc
152,intermediate,10,automata-theory-questions-answers-freshers,4,medium,Automata Theory,True,intermediate,0.8645879571367769,0.13509027802103252,0.8645879571367769,0.0003217648421906424,True,qbc
152,intermediate,11,automata-theory-assessment-questions-answers,6,medium,Automata Theory,True,intermediate,0.9113667610430013,0.0879940367910233,0.9113667610430013,0.0006392021659753403,True,qbc
152,intermediate,12,automata-theory-questions-answers-regular-languages-dpda,3,medium,Automata Theory,False,intermediate,0.8812284860112541,0.1182421394654936,0.8812284860112541,0.0005293745232522208,True,qbc
152,intermediate,13,automata-theory-questions-answers-simulation-turing-machine,10,medium,Automata Theory,True,intermediate,0.8910927146381733,0.10823268185690234,0.8910927146381733,0.0006746035049244078,True,qbc
152,intermediate,14,automata-theory-questions-answers-experienced,3,medium,Automata Theory,True,intermediate,0.8395680592557788,0.16013112361224666,0.8395680592557788,0.0003008171319746012,True,qbc
152,intermediate,15,automata-theory-questions-answers-eliminating-epsilon-productions,6,medium,Automata Theory,False,intermediate,0.7474763352097826,0.2523972237411236,0.7474763352097826,0.00012644104909378747,True,qbc
152,intermediate,16,automata-theory-questions-answers-non-deterministic-finite-automata-introduction,5,medium,Automata Theory,True,intermediate,0.8185119090636434,0.18126404780579075,0.8185119090636434,0.00022404313056587465,True,qbc
152,intermediate,17,automata-theory-questions-answers-moore-machine,6,hard,Automata Theory,True,intermediate,0.646537182491878,0.3533718388446111,0.646537182491878,9.097866351088738e-05,True,qbc
152,intermediate,18,automata-theory-questions-answers-multitape-turing-machine,8,easy,Automata Theory,True,intermediate,0.7808056275109357,0.21888845930681206,0.7808056275109357,0.0003059131822521457,True,qbc
152,intermediate,19,automata-theory-questions-answers-the-language-dfa,1,easy,Automata Theory,True,intermediate,0.8594835986622653,0.1398545626016093,0.8594835986622653,0.0006618387361254588,True,qbc
152,intermediate,20,automata-theory-questions-answers-the-diagonalization-languages,8,easy,Automata Theory,True,intermediate,0.9270303370462488,0.07130084356604861,0.9270303370462488,0.001668819387702702,True,qbc
137,intermediate,1,discrete-mathematics-questions-answers-graphs-properties,8,medium,Discrete Mathematics,True,beginner,0.9999681172049402,0.9999681172049402,3.1882795059938584e-05,6.77635134616044e-17,False,qbc
137,intermediate,2,discrete-mathematics-questions-answers-mcqs,5,easy,Discrete Mathematics,True,beginner,0.717159433375193,0.717159433375193,0.28283950837555605,1.0582492509521491e-06,False,qbc
137,intermediate,3,discrete-mathematics-questions-answers-prime-numbers,8,easy,Discrete Mathematics,False,intermediate,0.8778858920170176,0.12137378257656027,0.8778858920170176,0.0007403254064220936,True,qbc
137,intermediate,4,discrete-mathematics-questions-answers-cryptography-decryption,10,hard,Discrete Mathematics,True,intermediate,0.8958168943680187,0.10333956094973659,0.8958168943680187,0.0008435446822446272,True,qbc
137,intermediate,5,discrete-mathematics-questions-answers-prime-numbers,1,easy,Discrete Mathematics,True,intermediate,0.9755786977940056,0.0166408386722573,0.9755786977940056,0.007780463533736976,True,qbc
137,intermediate,6,discrete-mathematics-questions-answers-recursion,4,easy,Discrete Mathematics,True,intermediate,0.9223494780219869,0.002721269805004834,0.9223494780219869,0.07492925217300837,True,qbc
137,intermediate,7,discrete-mathematics-questions-answers-tree-traversal,9,medium,Discrete Mathematics,True,intermediate,0.8562684641985663,0.001092638889122214,0.8562684641985663,0.1426388969123115,True,qbc
137,intermediate,8,discrete-mathematics-questions-answers-circular-permutations,4,medium,Discrete Mathematics,False,intermediate,0.9455391080254449,0.003970527657061684,0.9455391080254449,0.0504903643174934,True,qbc
137,intermediate,9,discrete-mathematics-interview-questions-answers-experienced,5,hard,Discrete Mathematics,False,intermediate,0.9811498064922511,0.009029908525138413,0.9811498064922511,0.009820284982610578,True,qbc
137,intermediate,10,discrete-mathematics-questions-answers-set-types,7,hard,Discrete Mathematics,True,intermediate,0.9778999427458415,0.011450516484494232,0.9778999427458415,0.01064954076966425,True,qbc
137,intermediate,11,discrete-mathematics-questions-answers-quiz,4,hard,Discrete Mathematics,False,intermediate,0.9732456952877276,0.02174038981270517,0.9732456952877276,0.005013914899567194,True,qbc
137,intermediate,12,discrete-mathematics-questions-answers-generating-functions,10,hard,Discrete Mathematics,False,intermediate,0.9700737151510835,0.025235790705240603,0.9700737151510835,0.0046904941436758055,True,qbc
137,intermediate,13,discrete-mathematics-questions-answers-logic-bit-operations,10,hard,Discrete Mathematics,False,intermediate,0.9416618748208011,0.05665699040871712,0.9416618748208011,0.0016811347704817224,True,qbc
137,intermediate,14,discrete-mathematics-questions-answers-interconversion-gates,7,hard,Discrete Mathematics,False,intermediate,0.796634742909786,0.2030612159691457,0.796634742909786,0.0003040411210683318,True,qbc
137,intermediate,15,discrete-mathematics-questions-answers-generating-functions,3,medium,Discrete Mathematics,True,intermediate,0.9154223656725743,0.0833797437544869,0.9154223656725743,0.001197890572938795,True,qbc
137,intermediate,16,discrete-mathematics-questions-answers-subgroups,3,hard,Discrete Mathematics,True,intermediate,0.8793654291332517,0.11990869919656887,0.8793654291332517,0.0007258716701795541,True,qbc
137,intermediate,17,discrete-mathematics-questions-answers-closure-relations,1,medium,Discrete Mathematics,False,intermediate,0.7726734623121517,0.2270016240067997,0.7726734623121517,0.0003249136810484985,True,qbc
137,intermediate,18,discrete-mathematics-questions-answers-multiplication-theorem-probability,2,medium,Discrete Mathematics,True,intermediate,0.8702128507989754,0.12910446709812054,0.8702128507989754,0.0006826821029040521,True,qbc
137,intermediate,19,discrete-mathematics-questions-answers-logical-equivalences,6,hard,Discrete Mathematics,True,intermediate,0.8814286768290521,0.11785774645223164,0.8814286768290521,0.0007135767187161385,True,qbc
137,intermediate,20,discrete-mathematics-questions-answers-online-test,5,medium,Discrete Mathematics,True,intermediate,0.923199637180573,0.07574158793542737,0.923199637180573,0.0010587748839996683,True,qbc
33,beginner,1,python-questions-answers-global-local-variables-2,1,medium,Python,False,beginner,0.9496407785174581,0.9496407785174581,0.05035906384754297,1.576349989148772e-07,True,qbc
33,beginner,2,python-interview-questions-answers,4,hard,Python,False,beginner,0.9254437484922917,0.9254437484922917,0.07455619154021914,5.996748915260879e-08,True,qbc
33,beginner,3,python-test,2,medium,Python,True,beginner,0.9910689881864481,0.9910689881864481,0.008931011416862549,3.9668929509487267e-10,True,qbc
33,beginner,4,1000-python-questions-answers,35,hard,Python,False,beginner,0.9922884465654327,0.9922884465654327,0.007711553086332229,3.4823495786401515e-10,True,qbc
33,beginner,5,python-questions-answers-turtle-module-3,3,hard,Python,False,beginner,0.9976927828105446,0.9976927828105446,0.0023072171671204757,2.2334951971011537e-11,True,qbc
33,beginner,6,python-questions-answers-sets-2,7,hard,Python,True,beginner,0.9985855238909987,0.9985855238909987,0.0014144760956323972,1.3368735674016842e-11,True,qbc
33,beginner,7,python-mcqs-files-1,4,hard,Python,False,beginner,0.9944045769596321,0.9944045769596321,0.005595422810338358,2.300295495106135e-10,True,qbc
33,beginner,8,python-questions-answers-inheritance-1,12,hard,Python,False,beginner,0.9985908881906028,0.9985908881906028,0.0014091117996087139,9.788399911988149e-12,True,qbc
33,beginner,9,python-questions-answers-built-in-functions-3,2,hard,Python,False,beginner,0.999290256504649,0.999290256504649,0.0007097434934941194,1.856834298100295e-12,True,qbc
33,beginner,10,python-questions-answers-lists-6,10,hard,Python,True,beginner,0.9996271293111187,0.9996271293111187,0.0003728706882604311,6.207256204631719e-13,True,qbc
33,beginner,11,python-questions-answers-modules,10,hard,Python,False,beginner,0.999595645510075,0.999595645510075,0.00040435448921992477,7.051554278152685e-13,True,qbc
33,beginner,12,python-questions-answers-datetime-module-2,2,hard,Python,False,beginner,0.999147430334424,0.999147430334424,0.0008525696625517443,3.024412861043883e-12,True,qbc
33,beginner,13,1000-python-questions-answers,29,medium,Python,False,beginner,0.9980572975593708,0.9980572975593708,0.0019427024263417704,1.428731028108468e-11,True,qbc
33,beginner,14,python-questions-answers-bitwise-2,7,medium,Python,True,beginner,0.9948263564787481,0.9948263564787481,0.005173643346788585,1.744632241093627e-10,True,qbc
33,beginner,15,python-online-test,2,medium,Python,False,beginner,0.9942596854013404,0.9942596854013404,0.0057403143867200785,2.1193954318744778e-10,True,qbc
33,beginner,16,python-questions-answers-regular-expressions-1,5,medium,Python,False,beginner,0.996838132418499,0.996838132418499,0.0031618675368740097,4.462713496471519e-11,True,qbc
33,beginner,17,basic-python-questions-answers,1,medium,Python,False,beginner,0.9934671134175989,0.9934671134175989,0.006532886395621713,1.8677929498489458e-10,True,qbc
33,beginner,18,python-questions-answers-sys-module,5,medium,Python,False,beginner,0.9931506010889652,0.9931506010889652,0.00684939874154366,1.6949109398437482e-10,True,qbc
33,beginner,19,advanced-python-interview-questions-answers,6,medium,Python,False,beginner,0.9954540767770169,0.9954540767770169,0.004545923157996735,6.498626187688717e-11,True,qbc
33,beginner,20,python-written-test-questions-answers,2,medium,Python,True,beginner,0.9929890060904976,0.9929890060904976,0.007010993695297581,2.1420489819413297e-10,True,qbc
95,beginner,1,data-structure-questions-answers-bubble-sort,3,medium,Data Structures,True,beginner,0.9998506540092211,0.9998506540092211,0.0001493459907629135,1.5947230216310363e-14,True,qbc
95,beginner,2,data-structure-questions-answers-graph,13,medium,Data Structures,False,beginner,0.984737003899961,0.984737003899961,0.015262993832138423,2.2679005767587107e-09,True,qbc
95,beginner,3,data-structure-questions-answers-preorder-traversal,7,medium,Data Structures,True,beginner,0.9942026435374556,0.9942026435374556,0.005797356312164071,1.503802796375349e-10,True,qbc
95,beginner,4,data-structure-questions-answers-threaded-binary-tree,2,easy,Data Structures,False,beginner,0.9972604153876526,0.9972604153876526,0.0027395845237911916,8.855607970305351e-11,True,qbc
95,beginner,5,data-structure-questions-answers-weight-balanced-tree,4,medium,Data Structures,True,beginner,0.997814025986255,0.997814025986255,0.002185973961744247,5.200086347756186e-11,True,qbc
95,beginner,6,data-structure-questions-answers-incidence-matrix-graph-structured-stack,5,medium,Data Structures,True,beginner,0.9973388594596398,0.9973388594596398,0.002661140482779476,5.758063537456623e-11,True,qbc
95,beginner,7,data-structure-questions-answers-longest-palindromic-subsequence,1,medium,Data Structures,False,beginner,0.9991594700662189,0.9991594700662189,0.0008405299275936689,6.187363435648588e-12,True,qbc
95,beginner,8,data-structure-questions-answers-double-ended-queue,8,medium,Data Structures,True,beginner,0.9994186572691794,0.9994186572691794,0.000581342727116302,3.7043053046681975e-12,True,qbc
95,beginner,9,data-structure-questions-answers-longest-common-subsequence,3,medium,Data Structures,False,beginner,0.9997096896084223,0.9997096896084223,0.0002903103907167844,8.608925813363395e-13,True,qbc
95,beginner,10,data-structure-questions-answers-towers-hanoi,5,easy,Data Structures,True,beginner,0.9970210062569059,0.9970210062569059,0.002978993463093365,2.800007929631841e-10,True,qbc
95,beginner,11,data-structure-questions-answers-evaluation-infix-expression-not-parenthesized,7,easy,Data Structures,False,beginner,0.9971705144803111,0.9971705144803111,0.002829485315480272,2.042086098874461e-10,True,qbc
95,beginner,12,data-structure-questions-answers-generating-partitions,7,easy,Data Structures,True,beginner,0.9968113392301109,0.9968113392301109,0.003188660429636812,3.402523617632581e-10,True,qbc
95,beginner,13,data-structure-questions-answers-edit-distance-problem,1,medium,Data Structures,False,beginner,0.9992069065688655,0.9992069065688655,0.0007930934136193231,1.7515158715785047e-11,True,qbc
95,beginner,14,data-structure-questions-answers-fibonacci-search,6,easy,Data Structures,True,beginner,0.9981335771485134,0.9981335771485134,0.0018664227385919334,1.1289474666576745e-10,True,qbc
95,beginner,15,data-structure-questions-answers-binary-search-tree,7,easy,Data Structures,False,beginner,0.9971790718371999,0.9971790718371999,0.002820927917161001,2.4563909124052005e-10,True,qbc
95,beginner,16,data-structure-questions-answers-binary-trees-array,10,medium,Data Structures,True,beginner,0.9960580075422585,0.9960580075422585,0.003941991999076394,4.5866507336528634e-10,True,qbc
95,beginner,17,data-structure-questions-answers-balanced-partition,10,easy,Data Structures,True,beginner,0.9877710310348854,0.9877710310348854,0.012228963798003974,5.167110610055445e-09,True,qbc
95,beginner,18,data-structure-questions-answers-evaluation-infix-expression-not-parenthesized,3,easy,Data Structures,True,beginner,0.984066450977922,0.984066450977922,0.015933540774779726,8.247298202049333e-09,True,qbc
95,beginner,19,data-structure-questions-answers-stack-using-queues,2,easy,Data Structures,False,beginner,0.9822984009741035,0.9822984009741035,0.017701586643537562,1.2382359060895884e-08,True,qbc
95,beginner,20,java-questions-answers-data-structures-hashmap,6,easy,Data Structures,True,beginner,0.9783992419802894,0.9783992419802894,0.021600736047089137,2.1972621483950917e-08,True,qbc
174,intermediate,1,data-structure-interview-questions-answers-freshers,3,easy,Data Structures,True,intermediate,0.7624700725761563,0.003331884146433025,0.7624700725761563,0.23419804327741076,True,qbc
174,intermediate,2,data-structure-questions-answers-stack-operations,5,medium,Data Structures,True,intermediate,0.7473024012921375,0.000979803411135003,0.7473024012921375,0.2517177952967275,True,qbc
174,intermediate,3,data-structure-questions-answers-aptitude-test,4,hard,Data Structures,False,intermediate,0.6725893029682924,0.0004259002643276334,0.6725893029682924,0.32698479676737996,True,qbc
174,intermediate,4,data-structure-questions-answers-skip-list,8,medium,Data Structures,True,intermediate,0.9357225173696949,0.061491720518558654,0.9357225173696949,0.0027857621117464747,True,qbc
174,intermediate,5,data-structure-questions-answers-fibonacci-search,8,medium,Data Structures,True,intermediate,0.8416471047612897,0.15781364094277578,0.8416471047612897,0.0005392542959344499,True,qbc
174,intermediate,6,data-structure-questions-answers-undirected-graph,4,medium,Data Structures,False,intermediate,0.6385063876143015,0.36137922721479504,0.6385063876143015,0.00011438517090347714,True,qbc
174,intermediate,7,data-structure-questions-answers-towers-hanoi,5,easy,Data Structures,True,intermediate,0.9067712564603553,0.09226070041411318,0.9067712564603553,0.000968043125531596,True,qbc
174,intermediate,8,data-structure-interview-questions-answers-freshers,2,medium,Data Structures,True,intermediate,0.9535524890112476,0.04507836180896385,0.9535524890112476,0.001369149179788635,True,qbc
174,intermediate,9,data-structure-questions-answers-evaluation-infix-expression-not-parenthesized,7,easy,Data Structures,True,intermediate,0.9780007658546607,0.018351742569015148,0.9780007658546607,0.0036474915763241547,True,qbc
174,intermediate,10,data-structure-questions-answers-generating-partitions,6,hard,Data Structures,False,intermediate,0.9808155465138083,0.009410080855638462,0.9808155465138083,0.009774372630553332,True,qbc
174,intermediate,11,data-structure-questions-answers-graph,4,easy,Data Structures,True,intermediate,0.9611780681621482,0.0027904994867794823,0.9611780681621482,0.036031432351072326,True,qbc
174,intermediate,12,data-structure-questions-answers-stack-array,3,easy,Data Structures,True,intermediate,0.945044402164086,0.0015209333707719077,0.945044402164086,0.05343466446514207,True,qbc
174,intermediate,13,data-structure-questions-answers-kadanes-algorithm,2,hard,Data Structures,False,intermediate,0.9576967589635005,0.0025795606565812363,0.9576967589635005,0.03972368037991821,True,qbc
174,intermediate,14,data-structure-questions-answers-directed-acyclic-graph,7,hard,Data Structures,False,intermediate,0.9794044161617065,0.008272055410424356,0.9794044161617065,0.01232352842786918,True,qbc
174,intermediate,15,data-structure-questions-answers-heap,7,medium,Data Structures,True,intermediate,0.9798479603346785,0.01093539291429616,0.9798479603346785,0.009216646751025367,True,qbc
174,intermediate,16,data-structure-questions-answers-hash-tables,8,medium,Data Structures,False,intermediate,0.978850623415705,0.010753141467894188,0.978850623415705,0.010396235116400795,True,qbc
174,intermediate,17,data-structure-questions-answers-0-1-knapsack-problem,2,medium,Data Structures,False,intermediate,0.9795081121093835,0.011011404775189738,0.9795081121093835,0.009480483115426666,True,qbc
174,intermediate,18,data-structure-questions-answers-longest-increasing-subsequence,2,medium,Data Structures,False,intermediate,0.9793309424496329,0.012483150189739207,0.9793309424496329,0.00818590736062788,True,qbc
174,intermediate,19,data-structure-questions-answers-binary-trees-array,10,medium,Data Structures,True,intermediate,0.9781495036999106,0.01003699641601357,0.9781495036999106,0.011813499884075786,True,qbc
174,intermediate,20,data-structure-questions-answers-minimum-number-jumps,4,easy,Data Structures,False,intermediate,0.979253819456474,0.009399837179552235,0.979253819456474,0.011346343363973846,True,qbc
229,advanced,1,automata-theory-questions-answers-equivalence-one-tape-multitape-turing-machine,10,medium,Automata Theory,False,intermediate,0.9943378329195169,0.00391820352728181,0.9943378329195169,0.0017439635532012483,False,qbc
229,advanced,2,automata-theory-questions-answers-mealy-machine,4,medium,Automata Theory,True,intermediate,0.9621720368887495,0.03729748829898137,0.9621720368887495,0.0005304748122691459,False,qbc
229,advanced,3,automata-theory-questions-answers-pda-acceptance-empty-stack,5,medium,Automata Theory,True,intermediate,0.9667231848307968,0.00205156718783691,0.9667231848307968,0.031225247981366337,False,qbc
229,advanced,4,automata-theory-questions-answers-the-language-nfa,10,hard,Automata Theory,True,advanced,0.6726658752290675,3.537911007904934e-05,0.32729874566085354,0.6726658752290675,True,qbc
229,advanced,5,automata-theory-questions-answers-regular-expression-introduction,8,medium,Automata Theory,True,advanced,0.9768397273935464,2.225335650419007e-07,0.023160050072888527,0.9768397273935464,True,qbc
229,advanced,6,automata-theory-questions-answers-quiz,12,medium,Automata Theory,False,advanced,0.977634712725255,1.9018221957392433e-07,0.022365097092525297,0.977634712725255,True,qbc
229,advanced,7,automata-theory-questions-answers-yacc-parser-generator,3,medium,Automata Theory,True,advanced,0.9895949107679836,5.560851007584767e-08,0.010405033623506324,0.9895949107679836,True,qbc
229,advanced,8,automata-theory-questions-answers-ambiguous-grammar,4,medium,Automata Theory,False,advanced,0.990590986256405,2.7729939040839427e-08,0.009408986013656166,0.990590986256405,True,qbc
229,advanced,9,automata-theory-questions-answers-the-language-dfa,6,hard,Automata Theory,True,advanced,0.9693644559544177,3.097911016929977e-07,0.030635234254480417,0.9693644559544177,True,qbc
229,advanced,10,automata-theory-interview-questions-answers,4,medium,Automata Theory,True,advanced,0.9846125492909306,1.1067003955953784e-07,0.015387340039030003,0.9846125492909306,True,qbc
229,advanced,11,automata-theory-questions-answers-reversal-homomorphism-inverse-homomorphism,7,medium,Automata Theory,False,advanced,0.9862569440988171,7.612361605194698e-08,0.013742979777566704,0.9862569440988171,True,qbc
229,advanced,12,automata-theory-questions-answers-dfa-regular-expressions,10,medium,Automata Theory,True,advanced,0.9868433777612111,7.782582410395021e-08,0.013156544412964849,0.9868433777612111,True,qbc
229,advanced,13,automata-theory-questions-answers-sentential-forms,10,hard,Automata Theory,True,advanced,0.9882599629544419,6.328163094795035e-08,0.011739973763927157,0.9882599629544419,True,qbc
229,advanced,14,automata-theory-questions-answers-operators-regular-expression,4,hard,Automata Theory,True,advanced,0.9888634584792736,6.075655609403032e-08,0.011136480764170358,0.9888634584792736,True,qbc
229,advanced,15,automata-theory-questions-answers-simulation-turing-machine,4,hard,Automata Theory,True,advanced,0.9908684404943129,4.094610211854494e-08,0.009131518559585099,0.9908684404943129,True,qbc
229,advanced,16,automata-theory-questions-answers-sentential-forms,9,hard,Automata Theory,True,advanced,0.9797778958251413,1.8491404610673763e-07,0.020221919260812533,0.9797778958251413,True,qbc
229,advanced,17,automata-theory-questions-answers-online-quiz,1,hard,Automata Theory,True,advanced,0.9775602043078102,2.1544224904410454e-07,0.02243958024994069,0.9775602043078102,True,qbc
229,advanced,18,automata-theory-questions-answers-converting-regular-expressions-automata,9,hard,Automata Theory,True,advanced,0.98273255557024,1.1377625588304086e-07,0.017267330653504154,0.98273255557024,True,qbc
229,advanced,19,automata-theory-questions-answers-aptitude-test,9,hard,Automata Theory,True,advanced,0.9862099344060667,7.085507838952627e-08,0.013789994738854748,0.9862099344060667,True,qbc
229,advanced,20,automata-theory-questions-answers-yacc-parser-generator,6,hard,Automata Theory,False,advanced,0.9739187327837953,3.3972079951424256e-07,0.026080927495405193,0.9739187327837953,True,qbc
101,intermediate,1,operating-system-mcqs-atomic-transactions,8,hard,Operating Systems,False,beginner,0.9988199786712478,0.9988199786712478,0.0011800212552599554,7.349212163744181e-11,False,qbc
101,intermediate,2,operating-system-mcqs-deadlock-recovery,2,hard,Operating Systems,False,beginner,0.9984772515103076,0.9984772515103076,0.0015227483674019136,1.2229051128171907e-10,False,qbc
101,intermediate,3,operating-system-mcqs-memory-management-paging-2,5,medium,Operating Systems,False,beginner,0.9592505753817351,0.9592505753817351,0.040749390982913324,3.3635351651416425e-08,False,qbc
101,intermediate,4,operating-system-questions-answers-file-system-concepts,1,medium,Operating Systems,False,intermediate,0.5163362518227192,0.4836523980938305,0.5163362518227192,1.1350083450320398e-05,True,qbc
101,intermediate,5,operating-system-mcqs-memory-management-segmentation,11,hard,Operating Systems,True,intermediate,0.8873011647303539,0.11231850611827013,0.8873011647303539,0.00038032915137589066,True,qbc
101,intermediate,6,distributed-operating-system-mcqs-robustness,2,easy,Operating Systems,True,intermediate,0.81961977617159,0.1784828414291311,0.81961977617159,0.001897382399278913,True,qbc
101,intermediate,7,operating-system-mcqs-virtual-memory-demand-paging,12,easy,Operating Systems,False,intermediate,0.8783921196124758,0.1194806452936872,0.8783921196124758,0.002127235093837,True,qbc
101,intermediate,8,operating-system-mcqs-multimedia-system-compression-1,6,easy,Operating Systems,True,intermediate,0.9475346994989852,0.04084305357323181,0.9475346994989852,0.01162224692778296,True,qbc
101,intermediate,9,operating-system-questions-answers-linux,8,easy,Operating Systems,False,intermediate,0.9565510529163959,0.024289241182894692,0.9565510529163959,0.019159705900709444,True,qbc
101,intermediate,10,operating-system-mcqs-process-structures,1,medium,Operating Systems,False,intermediate,0.9486758844789729,0.014927739732437046,0.9486758844789729,0.03639637578858997,True,qbc
101,intermediate,11,operating-system-mcqs-memory-management-swapping-2,5,easy,Operating Systems,True,intermediate,0.8789444433810157,0.005258422730729152,0.8789444433810157,0.11579713388825512,True,qbc
101,intermediate,12,operating-system-mcqs-memory-management-swapping-1,2,medium,Operating Systems,False,intermediate,0.7407506221408366,0.00250919616825899,0.7407506221408366,0.2567401816909043,True,qbc
101,intermediate,13,operating-system-questions-answers,49,easy,Operating Systems,False,intermediate,0.6617421246864783,0.0014044979852678092,0.6617421246864783,0.3368533773282538,True,qbc
101,intermediate,14,operating-system-mcqs-virtual-memory-demand-paging,13,medium,Operating Systems,False,intermediate,0.7647206715037788,0.0027260627152758963,0.7647206715037788,0.23255326578094537,True,qbc
101,intermediate,15,operating-system-mcqs-process-creation,5,easy,Operating Systems,False,intermediate,0.7541670110319557,0.0022746332337814125,0.7541670110319557,0.24355835573426293,True,qbc
101,intermediate,16,operating-system-mcqs-virtual-memory-page-replacement-algorithms-2,10,hard,Operating Systems,False,intermediate,0.9339931187270962,0.010722280730959318,0.9339931187270962,0.05528460054194452,True,qbc
101,intermediate,17,operating-system-mcqs-deadlock-avoidance,10,hard,Operating Systems,True,intermediate,0.9349784772945982,0.02022664381135787,0.9349784772945982,0.04479487889404393,True,qbc
101,intermediate,18,operating-system-mcqs-file-system-interface-access-methods-1,2,easy,Operating Systems,False,intermediate,0.9310756887435322,0.01964279501025789,0.9310756887435322,0.04928151624621,True,qbc
101,intermediate,19,operating-system-mcqs-memory-management-swapping-2,13,easy,Operating Systems,True,intermediate,0.8640218013794837,0.007600129839968967,0.8640218013794837,0.12837806878054728,True,qbc
101,intermediate,20,operating-system-mcqs-file-system-allocation-methods-2,10,easy,Operating Systems,False,intermediate,0.8427893529417864,0.006361209667199251,0.8427893529417864,0.15084943739101447,True,qbc
237,advanced,1,data-structure-questions-answers-heap,5,easy,Data Structures,True,advanced,0.9974906605295051,3.450661521504503e-08,0.002509304963879636,0.9974906605295051,True,qbc
237,advanced,2,data-structure-questions-answers-reverse-word-stack,3,easy,Data Structures,True,advanced,0.9966182432592161,5.34809508202024e-08,0.0033817032598330806,0.9966182432592161,True,qbc
237,advanced,3,data-structure-questions-answers-sparse-array,1,medium,Data Structures,True,advanced,0.9914128885724384,9.322038634160093e-08,0.008587018207175052,0.9914128885724384,True,qbc
237,advanced,4,data-structure-questions-answers-fibonacci-search,8,medium,Data Structures,True,advanced,0.9684097487478015,1.1529333641071218e-06,0.031589098318834406,0.9684097487478015,True,qbc
237,advanced,5,data-structure-questions-answers-binary-trees-array,2,medium,Data Structures,True,advanced,0.9677779732417846,1.0355960634860985e-06,0.032220991162151776,0.9677779732417846,True,qbc
237,advanced,6,data-structure-assessment-questions-answers,3,medium,Data Structures,True,advanced,0.9624337761474404,1.1369678449010098e-06,0.03756508688471466,0.9624337761474404,True,qbc
237,advanced,7,data-structure-questions-answers-circular-linked-lists,4,medium,Data Structures,True,advanced,0.8310701083163367,1.9046470544813885e-05,0.16891084521311842,0.8310701083163367,True,qbc
237,advanced,8,data-structure-questions-answers-reverse-word-stack,8,medium,Data Structures,True,advanced,0.8304905206401765,1.571805245069426e-05,0.169493761307373,0.8304905206401765,True,qbc
237,advanced,9,data-structure-questions-answers-double-ended-queue,8,medium,Data Structures,True,advanced,0.8190434210679283,1.6088559165778068e-05,0.18094049037290597,0.8190434210679283,True,qbc
237,advanced,10,data-structure-questions-answers-binary-search-iterative,4,medium,Data Structures,True,advanced,0.8665378758253939,7.957929781101181e-06,0.13345416624482506,0.8665378758253939,True,qbc
237,advanced,11,data-structure-questions-answers-heap,7,medium,Data Structures,True,advanced,0.8738586670390616,6.3839888534518534e-06,0.12613494897208502,0.8738586670390616,True,qbc
237,advanced,12,data-structure-questions-answers-edit-distance-problem,1,medium,Data Structures,True,advanced,0.8730433798525612,5.902437121755609e-06,0.12695071771031705,0.8730433798525612,True,qbc
237,advanced,13,data-structure-questions-answers-evaluation-infix-expression-not-parenthesized,7,easy,Data Structures,True,advanced,0.9036955747141319,3.0711937102142347e-06,0.0963013540921579,0.9036955747141319,True,qbc
237,advanced,14,data-structure-questions-answers-free-list,2,easy,Data Structures,True,advanced,0.896353736768585,2.826226062945044e-06,0.10364343700535215,0.896353736768585,True,qbc
237,advanced,15,data-structure-interview-questions-answers-freshers,3,easy,Data Structures,True,advanced,0.934422707149006,1.0523482196980712e-06,0.06557624050277447,0.934422707149006,True,qbc
237,advanced,16,data-structure-questions-answers-longest-common-subsequence,2,easy,Data Structures,True,advanced,0.9530784639584947,5.025363437800309e-07,0.04692103350516145,0.9530784639584947,True,qbc
237,advanced,17,data-structure-questions-answers-power-number-recursion-logn-time,5,easy,Data Structures,True,advanced,0.9663231274733636,2.433081785769724e-07,0.03367662921845787,0.9663231274733636,True,qbc
237,advanced,18,disjoint-set-data-structure-multiple-choice-questions-answers-mcqs,7,easy,Data Structures,True,advanced,0.9685800260480164,1.9026799851320777e-07,0.0314197836839851,0.9685800260480164,True,qbc
237,advanced,19,data-structure-questions-answers-evaluation-infix-expression-not-parenthesized,3,easy,Data Structures,True,advanced,0.9716166475104991,1.4321602982057003e-07,0.02838320927347103,0.9716166475104991,True,qbc
237,advanced,20,java-questions-answers-data-structures-set,7,easy,Data Structures,True,advanced,0.97476348109146,1.0562353301979211e-07,0.025236413285006875,0.97476348109146,True,qbc
201,advanced,1,operating-system-mcqs-mass-storage-RAID-1,8,medium,Operating Systems,True,advanced,0.9118827411050344,1.0008491467974987e-06,0.08811625804581882,0.9118827411050344,True,qbc
201,advanced,2,operating-system-questions-answers,24,hard,Operating Systems,True,advanced,0.9995755242678712,7.36224285676268e-11,0.0004244756585064184,0.9995755242678712,True,qbc
201,advanced,3,operating-system-mcqs-memory-management-swapping-2,5,easy,Operating Systems,True,advanced,0.9999638925740955,7.33450017890653e-12,3.610741857000464e-05,0.9999638925740955,True,qbc
201,advanced,4,operating-system-mcqs-virtual-memory-demand-paging,12,easy,Operating Systems,True,advanced,0.9999645229441593,5.013413038814604e-12,3.547705082746633e-05,0.9999645229441593,True,qbc
201,advanced,5,realtime-operating-system-mcqs-1,3,easy,Operating Systems,True,advanced,0.9999647230947574,4.705901227975938e-12,3.527690053685861e-05,0.9999647230947574,True,qbc
201,advanced,6,operating-system-questions-answers-distributed-file-system,6,easy,Operating Systems,True,advanced,0.9999820002904575,1.47787776652774e-12,1.7999708064589533e-05,0.9999820002904575,True,qbc
201,advanced,7,distributed-operating-system-mcqs-types-resource-sharing,2,medium,Operating Systems,True,advanced,0.999981895981273,1.3617711881150585e-12,1.810401736531041e-05,0.999981895981273,True,qbc
201,advanced,8,operating-system-mcqs-multimedia-system-compression-1,9,easy,Operating Systems,True,advanced,0.9999863076961876,7.515973605917573e-13,1.3692303060677823e-05,0.9999863076961876,True,qbc
201,advanced,9,operating-system-mcqs-threads-ult-klt,12,hard,Operating Systems,True,advanced,0.999952777064421,6.9060415133925376e-12,4.7222928672824075e-05,0.999952777064421,True,qbc
201,advanced,10,operating-system-mcqs-file-system-allocation-methods-2,4,hard,Operating Systems,True,advanced,0.9999102537246173,2.086909590050666e-11,8.97462545138567e-05,0.9999102537246173,True,qbc
201,advanced,11,operating-system-mcqs-deadlock-recovery,2,hard,Operating Systems,True,advanced,0.999736283870874,1.4054203002724793e-10,0.00026371598858393653,0.999736283870874,True,qbc
201,advanced,12,operating-system-mcqs-memory-management-segmentation,11,hard,Operating Systems,True,advanced,0.9993560788244827,7.102523837548565e-10,0.0006439204652650989,0.9993560788244827,True,qbc
201,advanced,13,operating-system-mcqs-virtual-memory-page-replacement-algorithms-2,10,hard,Operating Systems,True,advanced,0.9992254450162038,8.889043516959958e-10,0.0007745540948919373,0.9992254450162038,True,qbc
201,advanced,14,operating-system-mcqs-protection-revocation-access-rights,1,hard,Operating Systems,True,advanced,0.9989343643541588,1.4963170471933207e-09,0.0010656341495240234,0.9989343643541588,True,qbc
201,advanced,15,operating-system-mcqs-deadlock-prevention,13,hard,Operating Systems,True,advanced,0.9986585310930056,2.0400280896648864e-09,0.0013414668669663394,0.9986585310930056,True,qbc
201,advanced,16,operating-system-questions-answers-cpu-scheduling,10,hard,Operating Systems,True,advanced,0.997279368855919,7.269205750024591e-09,0.0027206238748752744,0.997279368855919,True,qbc
201,advanced,17,distributed-operating-system-mcqs-file-system-1,10,hard,Operating Systems,True,advanced,0.9947261109855224,2.2219539505672762e-08,0.005273866794938038,0.9947261109855224,True,qbc
201,advanced,18,operating-system-questions-answers-linux,8,easy,Operating Systems,True,advanced,0.9958510477772984,1.1884119653337758e-08,0.004148940338582036,0.9958510477772984,True,qbc
201,advanced,19,operating-system-mcqs-process-rpc,2,easy,Operating Systems,True,advanced,0.997502060361668,4.077848704228206e-09,0.0024979355604833747,0.997502060361668,True,qbc
201,advanced,20,operating-system-questions-answers-distributed-synchronization,1,easy,Operating Systems,True,advanced,0.9983555827821005,1.620522628615619e-09,0.0016444155973769075,0.9983555827821005,True,qbc
96,beginner,1,data-structure-questions-answers-rod-cutting,9,easy,Data Structures,True,beginner,0.9384634276910453,0.9384634276910453,0.06153583078698493,7.415219697513992e-07,True,qbc
96,beginner,2,data-structure-questions-answers-propositional-directed-acyclic-word-graph,5,medium,Data Structures,False,beginner,0.999831563365309,0.999831563365309,0.00016843663352894534,1.1619832982263278e-12,True,qbc
96,beginner,3,data-structure-questions-answers-binary-tree-properties,7,medium,Data Structures,True,beginner,0.9996580648659711,0.9996580648659711,0.00034193513011514384,3.91375178105428e-12,True,qbc
96,beginner,4,data-structure-questions-answers-binary-trees-linked-lists,4,easy,Data Structures,True,beginner,0.9974808056713175,0.9974808056713175,0.002519194106742212,2.2194047526889642e-10,True,qbc
96,beginner,5,data-structure-questions-answers-graph,6,easy,Data Structures,False,beginner,0.9861906100095129,0.9861906100095129,0.01380938254544897,7.445038203908167e-09,True,qbc
96,beginner,6,data-structure-questions-answers-graph,5,easy,Data Structures,True,beginner,0.9594712551501726,0.9594712551501726,0.04052867197941885,7.287040842520346e-08,True,qbc
96,beginner,7,data-structure-questions-answers-free-list,2,easy,Data Structures,True,beginner,0.9372603369791341,0.9372603369791341,0.06273947478518718,1.882356787394304e-07,True,qbc
96,beginner,8,data-structure-questions-answers-longest-common-subsequence,2,easy,Data Structures,True,beginner,0.8930005383889343,0.8930005383889343,0.10699878489581824,6.767152475475998e-07,True,qbc
96,beginner,9,data-structure-questions-answers-stack-using-queues,3,easy,Data Structures,True,beginner,0.7639530560206794,0.7639530560206794,0.2360427848095066,4.159169813948857e-06,True,qbc
96,beginner,10,disjoint-set-data-structure-multiple-choice-questions-answers-mcqs,7,easy,Data Structures,False,beginner,0.7254523626111983,0.7254523626111983,0.2745380707266224,9.566662179280948e-06,True,qbc
96,beginner,11,data-structure-questions-answers-longest-palindromic-subsequence,4,easy,Data Structures,True,beginner,0.6317129001794675,0.6317129001794675,0.36826611113196606,2.0988688566514756e-05,True,qbc
96,beginner,12,data-structure-questions-answers-recursion,4,easy,Data Structures,False,beginner,0.6595137446698592,0.6595137446698592,0.34046873187452026,1.7523455620507554e-05,True,qbc
96,beginner,13,data-structure-questions-answers-incidence-matrix-graph-structured-stack,5,medium,Data Structures,False,beginner,0.7451383545080903,0.7451383545080903,0.2548541345583032,7.51093360649734e-06,True,qbc
96,beginner,14,data-structure-questions-answers-heap,6,medium,Data Structures,False,beginner,0.8290247828392808,0.8290247828392808,0.17097258252806036,2.634632658760365e-06,True,qbc
96,beginner,15,data-structure-questions-answers-preorder-traversal,1,medium,Data Structures,True,beginner,0.8533066809964042,0.8533066809964042,0.14669111072061786,2.2082829780841726e-06,True,qbc
96,beginner,16,data-structure-questions-answers-longest-palindromic-subsequence,1,medium,Data Structures,False,beginner,0.8889511847016458,0.8889511847016458,0.11104752720280602,1.2880955480743394e-06,True,qbc
96,beginner,17,data-structure-questions-answers-matrix-chain-multiplication,1,medium,Data Structures,False,beginner,0.88526437240658,0.88526437240658,0.11473431133186497,1.3162615549800075e-06,True,qbc
96,beginner,18,data-structure-questions-answers-circular-linked-lists,4,medium,Data Structures,False,beginner,0.9056191302301742,0.9056191302301742,0.09438001843470598,8.513351198616603e-07,True,qbc
96,beginner,19,data-structure-questions-answers-double-ended-queue,8,medium,Data Structures,False,beginner,0.9160880405311552,0.9160880405311552,0.083911342004752,6.174640927819803e-07,True,qbc
96,beginner,20,data-structure-questions-answers-edit-distance-problem,1,medium,Data Structures,False,beginner,0.9421249802074824,0.9421249802074824,0.0578747451366831,2.746558346399747e-07,True,qbc
260,advanced,1,data-structure-questions-answers-longest-common-subsequence,3,medium,Data Structures,False,advanced,0.9960033439441834,3.0500389324089645e-08,0.0039966255554271975,0.9960033439441834,True,qbc
260,advanced,2,data-structure-questions-answers-queue-linked-list,10,hard,Data Structures,True,advanced,0.6778247811351856,3.872600052632031e-05,0.322136492864288,0.6778247811351856,True,qbc
260,advanced,3,data-structure-questions-answers-circular-linked-lists,1,medium,Data Structures,True,advanced,0.9984666045474457,1.2888785921095214e-09,0.001533394163675502,0.9984666045474457,True,qbc
260,advanced,4,data-structure-questions-answers-binomial-fibonacci-heap,4,hard,Data Structures,False,advanced,0.783421758708911,6.018774892164759e-06,0.2165722225161971,0.783421758708911,True,qbc
260,advanced,5,data-structure-questions-answers-string-reversal-recursion,2,hard,Data Structures,True,advanced,0.8518952922151259,3.3251705198660106e-06,0.14810138261435424,0.8518952922151259,True,qbc
260,advanced,6,data-structure-questions-answers-binary-search-iterative,7,hard,Data Structures,True,advanced,0.8563224684929787,4.527185714889044e-06,0.14367300432130645,0.8563224684929787,True,qbc
260,advanced,7,data-structure-questions-answers-xor-linked-list,6,hard,Data Structures,False,advanced,0.846171984161375,4.774698644354163e-06,0.15382324113998075,0.846171984161375,True,qbc
260,advanced,8,data-structure-assessment-questions-answers,1,hard,Data Structures,False,advanced,0.7101272870887083,1.1599451141261623e-05,0.2898611134601504,0.7101272870887083,True,qbc
260,advanced,9,data-structure-questions-answers-coin-change-problem,2,hard,Data Structures,False,advanced,0.6900859229459567,1.1413578740239357e-05,0.30990266347530304,0.6900859229459567,True,qbc
260,advanced,10,data-structure-questions-answers-stack-array,6,hard,Data Structures,True,advanced,0.8888377757836309,1.6389874786488546e-06,0.11116058522889037,0.8888377757836309,True,qbc
260,advanced,11,data-structure-questions-answers-preorder-traversal,7,medium,Data Structures,True,advanced,0.9701173572015659,1.2597989702410133e-07,0.02988251681853713,0.9701173572015659,True,qbc
260,advanced,12,1000-data-structure-questions-answers,16,hard,Data Structures,True,advanced,0.961958310189201,1.8689046688089108e-07,0.03804150292033206,0.961958310189201,True,qbc
260,advanced,13,data-structure-questions-answers-bit-array,6,hard,Data Structures,True,advanced,0.8572072736213144,2.364593803194385e-06,0.14279036178488225,0.8572072736213144,True,qbc
260,advanced,14,data-structure-questions-answers-fibonacci-search,8,medium,Data Structures,True,advanced,0.8775693930650985,1.6179182086384583e-06,0.12242898901669295,0.8775693930650985,True,qbc
260,advanced,15,data-structure-questions-answers-propositional-directed-acyclic-word-graph,5,medium,Data Structures,True,advanced,0.9103614688451309,7.928833964995622e-07,0.08963773827147252,0.9103614688451309,True,qbc
260,advanced,16,data-structure-questions-answers-heap,6,medium,Data Structures,True,advanced,0.8933094437663396,9.758571985620055e-07,0.10668958037646194,0.8933094437663396,True,qbc
260,advanced,17,data-structure-questions-answers-bubble-sort,3,medium,Data Structures,False,advanced,0.8986629758607473,1.5884595132576707e-06,0.10133543567973945,0.8986629758607473,True,qbc
260,advanced,18,java-questions-answers-data-structures-list,9,medium,Data Structures,True,advanced,0.9339236731016334,6.523499532311499e-07,0.06607567454841337,0.9339236731016334,True,qbc
260,advanced,19,data-structure-questions-answers-circular-linked-lists,4,medium,Data Structures,False,advanced,0.9453134371472228,4.592521132925024e-07,0.054686103600663824,0.9453134371472228,True,qbc
260,advanced,20,data-structure-questions-answers-bit-array,9,medium,Data Structures,False,advanced,0.9532109283605373,3.444461740547696e-07,0.04678872719328864,0.9532109283605373,True,qbc
220,advanced,1,java-mcqs-java-lang-introduction,4,easy,Java,True,advanced,0.9815277737440917,3.8533282893695214e-08,0.018472187722625582,0.9815277737440917,True,qbc
220,advanced,2,java-questions-answers-random-number,9,easy,Java,True,advanced,0.9898799553108496,1.1685364381417451e-08,0.010120033003786083,0.9898799553108496,True,qbc
220,advanced,3,java-questions-answers-data-type-enums,3,hard,Java,True,advanced,0.9503918040765668,2.548549930264792e-07,0.04960794106844013,0.9503918040765668,True,qbc
220,advanced,4,javascript-mcqs-client-side-storage,8,easy,Java,True,advanced,0.9957603680046252,3.773017091436863e-09,0.004239628222357526,0.9957603680046252,True,qbc
220,advanced,5,java-mcqs-java-util-bitset-date-class,1,medium,Java,True,advanced,0.997530295227295,4.434030603981399e-10,0.00246970432930186,0.997530295227295,True,qbc
220,advanced,6,java-questions-answers-data-type-enums,1,easy,Java,True,advanced,0.9975115066969741,2.550577743554656e-10,0.0024884930479679916,0.9975115066969741,True,qbc
220,advanced,7,javascript-questions-answers-mcqs,7,easy,Java,True,advanced,0.9979730843427728,1.6056980287121355e-10,0.002026915496657379,0.9979730843427728,True,qbc
220,advanced,8,java-mcqs-type-interface,4,medium,Java,False,advanced,0.9920910068713471,7.4398821369555425e-09,0.007908985688770796,0.9920910068713471,True,qbc
220,advanced,9,advanced-java-questions-answers-web-application,1,easy,Java,True,advanced,0.9951964147401591,2.5407890447333795e-09,0.004803582719051779,0.9951964147401591,True,qbc
220,advanced,10,java-mcqs-system-class-advance,3,easy,Java,True,advanced,0.9967069924525932,1.0177654003419524e-09,0.0032930065296413666,0.9967069924525932,True,qbc
220,advanced,11,java-questions-answers-experienced,1,hard,Java,False,advanced,0.9837053233275724,1.5369958277777978e-08,0.016294661302469253,0.9837053233275724,True,qbc
220,advanced,12,java-mcqs-collection-algorithms,2,medium,Java,False,advanced,0.9893916834874416,9.648422084413997e-09,0.010608306864136436,0.9893916834874416,True,qbc
220,advanced,13,java-questions-answers-test,4,hard,Java,True,advanced,0.9803647793830931,3.801524746834008e-08,0.019635182601659504,0.9803647793830931,True,qbc
220,advanced,14,advanced-java-questions-answers-jdbc,10,hard,Java,False,advanced,0.9780363830737562,5.2187243292620135e-08,0.021963564739000522,0.9780363830737562,True,qbc
220,advanced,15,java-mcqs-constructors-garbage-collection,2,medium,Java,False,advanced,0.9734875311579101,9.124588913443676e-08,0.026512377596200804,0.9734875311579101,True,qbc
220,advanced,16,java-mcqs-exception-types,4,hard,Java,True,advanced,0.9573553696910685,2.209213299265864e-07,0.04264440938760159,0.9573553696910685,True,qbc
220,advanced,17,javascript-mcqs-types-values-variables,10,hard,Java,True,advanced,0.8840394949024665,1.4327685483141716e-06,0.11595907232898521,0.8840394949024665,True,qbc
220,advanced,18,advanced-java-questions-answers-debugging-eclipse,7,hard,Java,True,advanced,0.8589263275377506,2.0560367863280585e-06,0.141071616425463,0.8589263275377506,True,qbc
220,advanced,19,java-mcqs-class-fundamental-declaring-objects,6,hard,Java,False,advanced,0.7941601781054113,5.874674835132327e-06,0.20583394721975362,0.7941601781054113,True,qbc
220,advanced,20,java-mcqs-packages,8,hard,Java,True,advanced,0.7430749908496987,9.418467335421552e-06,0.2569155906829659,0.7430749908496987,True,qbc
80,beginner,1,automata-theory-questions-answers-cfl-substitution-theorem,1,hard,Automata Theory,False,beginner,0.9999997921633194,0.9999997921633194,2.0783668058869188e-07,1.695560555181126e-21,True,qbc
80,beginner,2,automata-theory-assessment-questions-answers,3,easy,Automata Theory,True,beginner,0.9997838298850296,0.9997838298850296,0.00021617011427767037,6.926545017573628e-13,True,qbc
80,beginner,3,automata-theory-interview-questions-answers,4,medium,Automata Theory,True,beginner,0.9999485659135132,0.9999485659135132,5.1434086475327064e-05,1.1235072342563325e-14,True,qbc
80,beginner,4,automata-theory-questions-answers-the-language-nfa,10,hard,Automata Theory,True,beginner,0.9999992103421335,0.9999992103421335,7.896578665080196e-07,8.039493182812341e-18,True,qbc
80,beginner,5,automata-theory-questions-answers-yacc-parser-generator,3,medium,Automata Theory,False,beginner,0.9999972439601766,0.9999972439601766,2.756039823403847e-06,4.877740116808565e-17,True,qbc
80,beginner,6,automata-theory-questions-answers-sentential-forms,1,medium,Automata Theory,True,beginner,0.9999744647103023,0.9999744647103023,2.553528969070353e-05,6.9929282404811824e-15,True,qbc
80,beginner,7,automata-theory-questions-answers-the-language-dfa,9,medium,Automata Theory,True,beginner,0.9998757313795411,0.9998757313795411,0.00012426862021160305,2.472685018994155e-13,True,qbc
80,beginner,8,automata-theory-questions-answers-ambiguous-grammar,4,medium,Automata Theory,True,beginner,0.9998833092285094,0.9998833092285094,0.00011669077133967412,1.508419145297576e-13,True,qbc
80,beginner,9,automata-theory-questions-answers-mealy-machine,7,hard,Automata Theory,False,beginner,0.9999721586672862,0.9999721586672862,2.7841332709382804e-05,4.3450327792235524e-15,True,qbc
80,beginner,10,automata-theory-questions-answers-intersection-regular-languages,5,hard,Automata Theory,False,beginner,0.9999896935218531,0.9999896935218531,1.0306478146723247e-05,3.239414762921163e-16,True,qbc
80,beginner,11,automata-theory-questions-answers-the-diagonalization-languages,7,hard,Automata Theory,False,beginner,0.9999931305338264,0.9999931305338264,6.869466173488821e-06,8.570818940353318e-17,True,qbc
80,beginner,12,automata-theory-questions-answers-equivalence-one-tape-multitape-turing-machine,1,hard,Automata Theory,False,beginner,0.999993754213137,0.999993754213137,6.245786863110832e-06,6.221233607643697e-17,True,qbc
80,beginner,13,automata-theory-questions-answers-operators-regular-expression,4,hard,Automata Theory,False,beginner,0.9999958990673464,0.9999958990673464,4.100932653549019e-06,1.83175272590964e-17,True,qbc
80,beginner,14,automata-theory-interview-questions-answers-experienced,7,hard,Automata Theory,False,beginner,0.9999860868274951,0.9999860868274951,1.391317250463778e-05,2.335006762322733e-16,True,qbc
80,beginner,15,automata-theory-questions-answers-simulation-turing-machine,4,hard,Automata Theory,False,beginner,0.999983517601115,0.999983517601115,1.6482398884792766e-05,2.6013445847850345e-16,True,qbc
80,beginner,16,automata-theory-interview-questions-answers,10,hard,Automata Theory,False,beginner,0.9999862069144998,0.9999862069144998,1.3793085499963985e-05,1.5092736403230512e-16,True,qbc
80,beginner,17,automata-theory-questions-answers-dfa-regular-expressions,6,medium,Automata Theory,True,beginner,0.9999692260999068,0.9999692260999068,3.07739000917573e-05,1.5870562801168968e-15,True,qbc
80,beginner,18,automata-theory-questions-answers-operators-regular-expression,9,easy,Automata Theory,False,beginner,0.9999740109453444,0.9999740109453444,2.5989054655114718e-05,3.792176569058184e-16,True,qbc
80,beginner,19,automata-theory-mcqs-regular-language-expression-2,9,easy,Automata Theory,True,beginner,0.9999002796359695,0.9999002796359695,9.972036402006218e-05,1.0332526365474264e-14,True,qbc
80,beginner,20,automata-theory-questions-answers-eliminating-unit-productions,5,medium,Automata Theory,False,beginner,0.999922769351512,0.999922769351512,7.723064848356725e-05,4.366086090260805e-15,True,qbc
34,beginner,1,discrete-mathematics-questions-answers-combinations,7,hard,Discrete Mathematics,True,beginner,0.9999965940995222,0.9999965940995222,3.4059004777704864e-06,2.2910112666831442e-18,True,qbc
34,beginner,2,discrete-mathematics-questions-answers-prime-numbers,8,easy,Discrete Mathematics,False,beginner,0.9722964980852546,0.9722964980852546,0.0277033161548442,1.8575990111753535e-07,True,qbc
34,beginner,3,discrete-mathematics-problems,1,hard,Discrete Mathematics,False,beginner,0.9977565230165998,0.9977565230165998,0.0022434763148641377,6.685362282522308e-10,True,qbc
34,beginner,4,discrete-mathematics-questions-answers-ciphers,6,medium,Discrete Mathematics,False,beginner,0.9954742470419923,0.9954742470419923,0.004525752052193065,9.05814767865257e-10,True,qbc
34,beginner,5,discrete-mathematics-questions-answers-circular-permutations,4,medium,Discrete Mathematics,False,beginner,0.9987448784462957,0.9987448784462957,0.0012551214878746997,6.582955825851296e-11,True,qbc
34,beginner,6,discrete-mathematics-questions-answers-closure-relations,4,medium,Discrete Mathematics,True,beginner,0.9992806541133777,0.9992806541133777,0.0007193458733726416,1.3249630323708621e-11,True,qbc
34,beginner,7,discrete-mathematics-questions-answers-campus-interviews,3,medium,Discrete Mathematics,False,beginner,0.9996901380512111,0.9996901380512111,0.0003098619461510167,2.63802247045102e-12,True,qbc
34,beginner,8,tricky-discrete-mathematics-questions-answers,7,medium,Discrete Mathematics,True,beginner,0.9996648399714233,0.9996648399714233,0.0003351600262241844,2.352408867852085e-12,True,qbc
34,beginner,9,discrete-mathematics-questions-answers-inference,3,medium,Discrete Mathematics,False,beginner,0.999726612863525,0.999726612863525,0.00027338713472489486,1.7500949701353748e-12,True,qbc
34,beginner,10,discrete-mathematics-questions-answers-fundamental-principle-counting,5,medium,Discrete Mathematics,False,beginner,0.9997400189700515,0.9997400189700515,0.00025998102842455785,1.52399046213738e-12,True,qbc
34,beginner,11,discrete-mathematics-questions-answers-mcqs,1,medium,Discrete Mathematics,False,beginner,0.999603883467215,0.999603883467215,0.00039611652903476154,3.750291971086272e-12,True,qbc
34,beginner,12,discrete-mathematics-questions-answers-set-types,3,hard,Discrete Mathematics,False,beginner,0.9999027799244523,0.9999027799244523,9.722007542992638e-05,1.1762258737242025e-13,True,qbc
34,beginner,13,discrete-mathematics-questions-answers-nested-quantifiers,8,hard,Discrete Mathematics,True,beginner,0.9999615314364609,0.9999615314364609,3.846856351803257e-05,2.099316961673627e-14,True,qbc
34,beginner,14,discrete-mathematics-questions-answers-subgroups,3,hard,Discrete Mathematics,False,beginner,0.9999788692979396,0.9999788692979396,2.1130702055082362e-05,5.230346846953152e-15,True,qbc
34,beginner,15,discrete-mathematics-questions-answers-modular-exponentiation,10,medium,Discrete Mathematics,False,beginner,0.9999731379185608,0.9999731379185608,2.686208143055454e-05,8.681855139510986e-15,True,qbc
34,beginner,16,discrete-mathematics-questions-answers-group-theory,4,medium,Discrete Mathematics,False,beginner,0.9999570370618905,0.9999570370618905,4.296293808673442e-05,2.2606647417085823e-14,True,qbc
34,beginner,17,discrete-mathematics-questions-answers-test,4,easy,Discrete Mathematics,True,beginner,0.9996906589010287,0.9996906589010287,0.0003093410956318461,3.339443381287158e-12,True,qbc
34,beginner,18,discrete-mathematics-questions-answers-minimization-boolean-functions,8,easy,Discrete Mathematics,False,beginner,0.9996833014598545,0.9996833014598545,0.0003166985371550629,2.9904781402445636e-12,True,qbc
34,beginner,19,discrete-mathematics-questions-answers-number-relations,6,easy,Discrete Mathematics,False,beginner,0.9994183673778677,0.9994183673778677,0.0005816326125494322,9.582824802454521e-12,True,qbc
34,beginner,20,discrete-mathematics-questions-answers-counting-functions,9,easy,Discrete Mathematics,False,beginner,0.9988462457837346,0.9988462457837346,0.0011537541791305803,3.713482521952144e-11,True,qbc
282,advanced,1,tricky-discrete-mathematics-questions-answers,7,medium,Discrete Mathematics,True,advanced,0.8896833777394394,2.6615099280181964e-07,0.1103163561095679,0.8896833777394394,True,qbc
282,advanced,2,discrete-mathematics-questions-answers-propositions,9,hard,Discrete Mathematics,False,advanced,0.9743952020725567,7.674692082670254e-08,0.025604721180522566,0.9743952020725567,True,qbc
282,advanced,3,discrete-mathematics-interview-questions-answers,8,hard,Discrete Mathematics,False,advanced,0.7828417865385491,1.0725414369377007e-05,0.21714748804708145,0.7828417865385491,True,qbc
282,advanced,4,discrete-mathematics-mcqs-algorithms,10,hard,Discrete Mathematics,False,advanced,0.9820052858535888,1.372730538596515e-07,0.017994576873357353,0.9820052858535888,True,qbc
282,advanced,5,discrete-mathematics-mcqs-complexity-algorithms,10,hard,Discrete Mathematics,False,advanced,0.9719800784994098,3.6391807203401974e-07,0.028019557582518114,0.9719800784994098,True,qbc
282,advanced,6,discrete-mathematics-questions-answers-mcqs,3,medium,Discrete Mathematics,False,advanced,0.8979363896129777,2.9092732832003546e-06,0.10206070111373922,0.8979363896129777,True,qbc
282,advanced,7,discrete-mathematics-questions-answers-derangements,3,medium,Discrete Mathematics,True,advanced,0.9338049187497369,1.0462996120643115e-06,0.0661940349506511,0.9338049187497369,True,qbc
282,advanced,8,discrete-mathematics-questions-answers-aptitude-test,8,hard,Discrete Mathematics,False,advanced,0.7432118647185225,2.2836745755105472e-05,0.25676529853572244,0.7432118647185225,True,qbc
282,advanced,9,discrete-mathematics-questions-answers-nested-quantifiers,8,hard,Discrete Mathematics,False,advanced,0.6632907239571346,4.363246620112741e-05,0.3366656435766642,0.6632907239571346,True,qbc
282,advanced,10,discrete-mathematics-problems,1,hard,Discrete Mathematics,True,advanced,0.5094732456734539,0.00010535532755289808,0.4904213989989933,0.5094732456734539,True,qbc
282,advanced,11,discrete-mathematics-questions-answers-logical-equivalences,6,hard,Discrete Mathematics,True,intermediate,0.7057527114488464,0.00028786837914241775,0.7057527114488464,0.2939594201720112,False,qbc
282,advanced,12,discrete-mathematics-questions-answers-aptitude-test,10,hard,Discrete Mathematics,False,intermediate,0.5563050436013957,0.00016609468107103668,0.5563050436013957,0.4435288617175332,False,qbc
282,advanced,13,discrete-mathematics-questions-answers-set-types,6,hard,Discrete Mathematics,False,advanced,0.5052758959922812,0.00011441730845295713,0.49460968669926586,0.5052758959922812,True,qbc
282,advanced,14,discrete-mathematics-questions-answers-prime-implicants-essentials,5,medium,Discrete Mathematics,False,advanced,0.5342265485507122,9.129769051950414e-05,0.4656821537587683,0.5342265485507122,True,qbc
282,advanced,15,discrete-mathematics-questions-answers-online-test,5,medium,Discrete Mathematics,True,advanced,0.7103824799755913,2.76324593882914e-05,0.28958988756502035,0.7103824799755913,True,qbc
282,advanced,16,discrete-mathematics-questions-answers-principle-mathematical-induction,8,medium,Discrete Mathematics,True,advanced,0.7312996139605626,1.6377196195214666e-05,0.2686840088432421,0.7312996139605626,True,qbc
282,advanced,17,discrete-mathematics-questions-answers-venn-diagram,3,medium,Discrete Mathematics,True,advanced,0.7870871828296832,8.113076797118485e-06,0.2129047040935197,0.7870871828296832,True,qbc
282,advanced,18,discrete-mathematics-questions-answers-inverse-matrices,8,medium,Discrete Mathematics,True,advanced,0.8162325254616173,4.635190251386749e-06,0.18376283934813123,0.8162325254616173,True,qbc
282,advanced,19,discrete-mathematics-questions-answers-modular-exponentiation,10,medium,Discrete Mathematics,True,advanced,0.8300930908873957,3.216259617471435e-06,0.1699036928529867,0.8300930908873957,True,qbc
282,advanced,20,tricky-discrete-mathematics-questions-answers,6,medium,Discrete Mathematics,True,advanced,0.8129886548499838,2.953239262263837e-06,0.18700839191075397,0.8129886548499838,True,qbc
221,advanced,1,python-questions-answers-turtle-module-3,3,hard,Python,False,intermediate,0.9548533252121533,0.039503777000463515,0.9548533252121533,0.005642897787383185,False,qbc
221,advanced,2,python-questions-answers-freshers,1,medium,Python,False,advanced,0.9414620129058912,9.798661661354486e-07,0.05853700722794278,0.9414620129058912,True,qbc
221,advanced,3,python-questions-answers-formatting-2,3,hard,Python,False,advanced,0.7091387603638993,2.1086841971261203e-05,0.2908401527941294,0.7091387603638993,True,qbc
221,advanced,4,python-questions-answers-formatting-2,2,hard,Python,False,advanced,0.9246856404856764,1.4180257285821837e-06,0.07531294148859485,0.9246856404856764,True,qbc
221,advanced,5,python-questions-answers-exception-handling-2,1,hard,Python,False,advanced,0.6160191667133681,3.952825365111795e-05,0.3839413050329807,0.6160191667133681,True,qbc
221,advanced,6,1000-python-questions-answers,29,medium,Python,True,advanced,0.8939517458308626,4.114497034816046e-06,0.10604413967210254,0.8939517458308626,True,qbc
221,advanced,7,python-mcqs-files-1,4,hard,Python,False,advanced,0.716205346550077,3.23694039792393e-05,0.2837622840459439,0.716205346550077,True,qbc
221,advanced,8,python-questions-answers-lists-6,1,hard,Python,True,advanced,0.5681988020805816,0.0001436746897731437,0.4316575232296453,0.5681988020805816,True,qbc
221,advanced,9,python-questions-answers-built-in-functions-3,2,hard,Python,False,advanced,0.594360175223021,0.00011422869939719171,0.4055255960775818,0.594360175223021,True,qbc
221,advanced,10,python-questions-answers-boolean,9,hard,Python,True,intermediate,0.6322914257474819,0.00044502007596143546,0.6322914257474819,0.3672635541765566,False,qbc
221,advanced,11,python-questions-answers-list-comprehension,10,hard,Python,True,intermediate,0.6142332282701993,0.0004391325925884719,0.6142332282701993,0.38532763913721224,False,qbc
221,advanced,12,python-questions-answers-inheritance-1,4,hard,Python,True,intermediate,0.5399037195996658,0.0003483867106909305,0.5399037195996658,0.45974789368964336,False,qbc
221,advanced,13,python-mcqs-core-datatypes,2,medium,Python,True,advanced,0.6259679403987779,0.00013389295366906265,0.37389816664755293,0.6259679403987779,True,qbc
221,advanced,14,python-questions-answers-shallow-copy-deep-copy,3,medium,Python,True,advanced,0.682987071142187,8.069884471436536e-05,0.3169322300130985,0.682987071142187,True,qbc
221,advanced,15,python-questions-answers-list-comprehension-2,3,medium,Python,True,advanced,0.7706875507859658,3.74232160267859e-05,0.22927502599800742,0.7706875507859658,True,qbc
221,advanced,16,python-online-test,5,medium,Python,True,advanced,0.858149278846771,1.193227996634413e-05,0.14183878887326262,0.858149278846771,True,qbc
221,advanced,17,python-quiz,5,medium,Python,True,advanced,0.9086944566034995,4.662547199317706e-06,0.09130088084930121,0.9086944566034995,True,qbc
221,advanced,18,python-mcqs,10,medium,Python,True,advanced,0.9179280515506444,3.512652969470018e-06,0.08206843579638616,0.9179280515506444,True,qbc
221,advanced,19,python-questions-answers-global-local-variables-2,1,medium,Python,True,advanced,0.9062258266355504,4.244350633552525e-06,0.09376992901381612,0.9062258266355504,True,qbc
221,advanced,20,python-written-test-questions-answers,2,medium,Python,True,advanced,0.9062219173566897,3.6362068460022053e-06,0.09377444643646421,0.9062219173566897,True,qbc
72,beginner,1,discrete-mathematics-questions-answers-matrices-types,2,easy,Discrete Mathematics,True,intermediate,0.9013732571648537,0.09793547302182473,0.9013732571648537,0.00069126981332142,False,qbc
72,beginner,2,discrete-mathematics-mcqs-applications-number-theory,10,easy,Discrete Mathematics,True,intermediate,0.9755399994468851,0.01878062001610964,0.9755399994468851,0.005679380537005274,False,qbc
72,beginner,3,discrete-mathematics-questions-answers-experienced,9,easy,Discrete Mathematics,False,intermediate,0.9294600821828389,0.061410794550258475,0.9294600821828389,0.009129123266902532,False,qbc
72,beginner,4,discrete-mathematics-interview-questions-answers-experienced,5,hard,Discrete Mathematics,False,intermediate,0.7324833362514126,0.26701222276950365,0.7324833362514126,0.0005044409790836911,False,qbc
72,beginner,5,discrete-mathematics-questions-answers-quiz,4,hard,Discrete Mathematics,False,beginner,0.9749978900100202,0.9749978900100202,0.025002006810064214,1.0317991553995538e-07,True,qbc
72,beginner,6,discrete-mathematics-questions-answers-geometric-sequences,7,medium,Discrete Mathematics,False,beginner,0.9764818059801131,0.9764818059801131,0.023518169257488772,2.4762398119382076e-08,True,qbc
72,beginner,7,discrete-mathematics-questions-answers-graph-matrices,7,easy,Discrete Mathematics,True,beginner,0.8734521445360012,0.8734521445360012,0.12654705426200083,8.012019980522722e-07,True,qbc
72,beginner,8,discrete-mathematics-questions-answers-generating-functions,3,medium,Discrete Mathematics,True,beginner,0.8839301340958837,0.8839301340958837,0.11606949511864859,3.7078546760648826e-07,True,qbc
72,beginner,9,discrete-mathematics-mcqs-sequences-summations,10,easy,Discrete Mathematics,True,beginner,0.7377082805675549,0.7377082805675549,0.26228979504896865,1.924383476478434e-06,True,qbc
72,beginner,10,discrete-mathematics-questions-answers-division-objects,3,medium,Discrete Mathematics,False,beginner,0.8853770784620127,0.8853770784620127,0.11462267132535693,2.5021263021477105e-07,True,qbc
72,beginner,11,tricky-discrete-mathematics-questions-answers,7,medium,Discrete Mathematics,False,beginner,0.9331068420738611,0.9331068420738611,0.06689307754997906,8.037615978151904e-08,True,qbc
72,beginner,12,discrete-mathematics-questions-answers-probability-distribution,2,hard,Discrete Mathematics,False,beginner,0.9727200094770064,0.9727200094770064,0.027279978720051386,1.1802942168148391e-08,True,qbc
72,beginner,13,discrete-mathematics-questions-answers-experienced,4,hard,Discrete Mathematics,False,beginner,0.9907783934527317,0.9907783934527317,0.009221605317659356,1.2296090219474723e-09,True,qbc
72,beginner,14,discrete-mathematics-questions-answers-mean-variance-random-variables,2,hard,Discrete Mathematics,True,beginner,0.9968401584370958,0.9968401584370958,0.003159841340003759,2.2290039888826062e-10,True,qbc
72,beginner,15,discrete-mathematics-questions-answers-logical-equivalences,6,hard,Discrete Mathematics,False,beginner,0.9994368099324501,0.9994368099324501,0.0005631900615957621,5.95418859563264e-12,True,qbc
72,beginner,16,discrete-mathematics-mcqs-growth-functions,6,hard,Discrete Mathematics,False,beginner,0.9995107573314806,0.9995107573314806,0.0004892426643052441,4.214053284569358e-12,True,qbc
72,beginner,17,discrete-mathematics-questions-answers-set-types,6,hard,Discrete Mathematics,True,beginner,0.9994155833775977,0.9994155833775977,0.0005844166158950803,6.5071206885641794e-12,True,qbc
72,beginner,18,discrete-mathematics-questions-answers-recursion,9,hard,Discrete Mathematics,True,beginner,0.9996120600875269,0.9996120600875269,0.0003879399095692678,2.903787407134984e-12,True,qbc
72,beginner,19,discrete-mathematics-questions-answers-minimization-boolean-functions,7,hard,Discrete Mathematics,True,beginner,0.9996457791040182,0.9996457791040182,0.0003542208938437148,2.1381924650498295e-12,True,qbc
72,beginner,20,discrete-mathematics-questions-answers-permutation-groups,8,medium,Discrete Mathematics,True,beginner,0.9994727034007145,0.9994727034007145,0.000527296594888282,4.3971697813253785e-12,True,qbc
27,beginner,1,automata-theory-questions-bank,1,easy,Automata Theory,True,beginner,0.9765257894309765,0.9765257894309765,0.02347347299560964,7.375734139973728e-07,True,qbc
27,beginner,2,automata-theory-questions-answers-non-deterministic-finite-automata-introduction,5,medium,Automata Theory,False,beginner,0.9997903581514904,0.9997903581514904,0.0002096418477709433,7.38634632000904e-13,True,qbc
27,beginner,3,automata-theory-questions-answers-the-language-dfa,1,easy,Automata Theory,True,beginner,0.9980779219739048,0.9980779219739048,0.0019220778597639836,1.6633130747434532e-10,True,qbc
27,beginner,4,automata-theory-questions-answers-online-test,10,easy,Automata Theory,False,beginner,0.9836396449151086,0.9836396449151086,0.016360351901591,3.1833004285397156e-09,True,qbc
27,beginner,5,automata-theory-questions-answers-mealy-machine,9,easy,Automata Theory,True,beginner,0.9395256414881312,0.9395256414881312,0.06047424598454072,1.1252732808565967e-07,True,qbc
27,beginner,6,automata-theory-questions-answers-freshers,5,easy,Automata Theory,False,beginner,0.8005962537371638,0.8005962537371638,0.19940272111659668,1.025146239524196e-06,True,qbc
27,beginner,7,automata-theory-mcqs-finite-automata,9,easy,Automata Theory,True,beginner,0.6708857908671089,0.6708857908671089,0.329108099122854,6.11001003714999e-06,True,qbc
27,beginner,8,automata-theory-mcqs-finite-automata,2,easy,Automata Theory,True,intermediate,0.5994881949922042,0.4004545178730554,0.5994881949922042,5.728713474039722e-05,False,qbc
27,beginner,9,automata-theory-questions-answers-the-language-dfa,6,hard,Automata Theory,True,intermediate,0.9193891826211712,0.07824499100472816,0.9193891826211712,0.002365826374100709,False,qbc
27,beginner,10,automata-theory-questions-answers-cfl-substitution-theorem,2,easy,Automata Theory,False,intermediate,0.9277730849622089,0.06968217290358984,0.9277730849622089,0.0025447421342013263,False,qbc
27,beginner,11,automata-theory-questions-answers-lexical-analysis,1,easy,Automata Theory,True,intermediate,0.9364291225083999,0.05975850830413821,0.9364291225083999,0.003812369187461823,False,qbc
27,beginner,12,automata-theory-questions-answers-yacc-parser-generator,5,easy,Automata Theory,True,intermediate,0.9573448540762536,0.033191703301192296,0.9573448540762536,0.009463442622554205,False,qbc
27,beginner,13,automata-theory-questions-answers-the-diagonalization-languages,7,hard,Automata Theory,False,intermediate,0.7776774101190091,0.22211647591050124,0.7776774101190091,0.000206113970489621,False,qbc
27,beginner,14,automata-theory-questions-answers-dfa-processing-strings,7,hard,Automata Theory,True,intermediate,0.6072541764098095,0.3926350201345352,0.6072541764098095,0.0001108034556552476,False,qbc
27,beginner,15,automata-theory-questions-answers-online-quiz,1,hard,Automata Theory,False,intermediate,0.5719637645275178,0.4279868331931827,0.5719637645275178,4.940227929946999e-05,False,qbc
27,beginner,16,automata-theory-mcqs-finite-automata,15,hard,Automata Theory,False,intermediate,0.6495809458422369,0.35036009160750053,0.6495809458422369,5.89625502624521e-05,False,qbc
27,beginner,17,automata-theory-questions-answers-deterministic-pda,8,hard,Automata Theory,False,intermediate,0.6252640069036204,0.374703195800334,0.6252640069036204,3.279729604560366e-05,False,qbc
27,beginner,18,automata-theory-questions-answers-campus-interviews,4,hard,Automata Theory,False,beginner,0.5215936354382911,0.5215936354382911,0.4783987920818254,7.572479883587061e-06,True,qbc
27,beginner,19,automata-theory-questions-answers-equivalence-one-tape-multitape-turing-machine,10,medium,Automata Theory,False,intermediate,0.5052432490093732,0.49474939198483836,0.5052432490093732,7.359005788513288e-06,False,qbc
27,beginner,20,automata-theory-mcqs-finite-automata,13,medium,Automata Theory,False,beginner,0.5054441674081409,0.5054441674081409,0.49454989128224236,5.941309616753399e-06,True,qbc
40,beginner,1,java-mcqs-event-listeners-interfaces,4,easy,Java,True,beginner,0.7997630103894824,0.7997630103894824,0.20023682607832646,1.6353219112122308e-07,True,qbc
40,beginner,2,javascript-mcqs-closures,10,hard,Java,False,beginner,0.999993609405629,0.999993609405629,6.390594370853065e-06,2.171671440500598e-16,True,qbc
40,beginner,3,java-questions-answers-entrance-exams,1,medium,Java,False,beginner,0.9999929886651411,0.9999929886651411,7.011334858727924e-06,2.1864042707887049e-16,True,qbc
40,beginner,4,javascript-mcqs-scripting-css,3,hard,Java,False,beginner,0.9999983114394198,0.9999983114394198,1.6885605803014082e-06,1.878304461864191e-17,True,qbc
40,beginner,5,java-mcqs-exception-types,4,hard,Java,False,beginner,0.9999990702891995,0.9999990702891995,9.297108003067298e-07,6.82728608224561e-18,True,qbc
40,beginner,6,java-mcqs-method-overriding,8,hard,Java,False,beginner,0.9999988189593005,0.9999988189593005,1.181040699563311e-06,1.3772905803105867e-17,True,qbc
40,beginner,7,javascript-problems,7,medium,Java,False,beginner,0.9999963126934959,0.9999963126934959,3.687306503869422e-06,1.741432898307285e-16,True,qbc
40,beginner,8,java-questions-answers-control-statements,7,hard,Java,False,beginner,0.9999954804919661,0.9999954804919661,4.51950803357922e-06,2.4301043004359334e-16,True,qbc
40,beginner,9,java-questions-answers-online-quiz,7,hard,Java,False,beginner,0.9999957613904229,0.9999957613904229,4.238609576923398e-06,2.2229783496397157e-16,True,qbc
40,beginner,10,javascript-mcqs-web-workers,2,hard,Java,True,beginner,0.9999977116874118,0.9999977116874118,2.288312588115695e-06,6.051377182226403e-17,True,qbc
40,beginner,11,java-mcqs-componentevent-containerevent-focusevent-class,1,medium,Java,False,beginner,0.999996834400577,0.999996834400577,3.165599422800199e-06,1.4716810416601993e-16,True,qbc
40,beginner,12,javascript-questions-answers-entrance-exams,2,hard,Java,False,beginner,0.999995735903455,0.999995735903455,4.2640965446622075e-06,2.8380465302177217e-16,True,qbc
40,beginner,13,javascript-mcqs-pattern-matching-regular-expressions,15,hard,Java,False,beginner,0.9999954661481923,0.9999954661481923,4.533851807496891e-06,3.1677031797026603e-16,True,qbc
40,beginner,14,java-questions-answers-java8-features,1,hard,Java,False,beginner,0.999992222354952,0.999992222354952,7.777645047031987e-06,1.1157200671063348e-15,True,qbc
40,beginner,15,java-mcqs-character-extraction,1,medium,Java,True,beginner,0.9999820640532149,0.9999820640532149,1.7935946778837147e-05,6.1337199925876655e-15,True,qbc
40,beginner,16,java-mcqs-seraching-modifying-string,2,medium,Java,True,beginner,0.9999082000879088,0.9999082000879088,9.179991194857761e-05,1.4264593602054762e-13,True,qbc
40,beginner,17,javascript-questions-answers-freshers,1,medium,Java,True,beginner,0.9998421057851997,0.9998421057851997,0.0001578942144769524,3.23577685708174e-13,True,qbc
40,beginner,18,java-questions-answers-heap-garbage-collection,6,medium,Java,False,beginner,0.9998923516174172,0.9998923516174172,0.00010764838239129603,1.9164306996285431e-13,True,qbc
40,beginner,19,java-mcqs-integer-floating-data-types,2,medium,Java,False,beginner,0.9998946296002775,0.9998946296002775,0.00010537039954050287,1.8211208671610721e-13,True,qbc
40,beginner,20,javascript-mcqs-getting-started-R-I,6,medium,Java,False,beginner,0.9998829156449036,0.9998829156449036,0.0001170843548960599,2.0030958159730205e-13,True,qbc
223,advanced,1,discrete-mathematics-questions-answers-derangements,3,medium,Discrete Mathematics,False,advanced,0.7287517116241886,0.00035863836861420843,0.2708896500071973,0.7287517116241886,True,qbc
223,advanced,2,discrete-mathematics-questions-answers-floor-ceiling-function,1,easy,Discrete Mathematics,True,advanced,0.8509787739646414,5.432937790114765e-05,0.14896689665745738,0.8509787739646414,True,qbc
223,advanced,3,discrete-mathematics-questions-answers-minimization-boolean-functions,7,hard,Discrete Mathematics,True,advanced,0.9921704621045193,1.0872136481504109e-07,0.007829429174115717,0.9921704621045193,True,qbc
223,advanced,4,discrete-mathematics-questions-answers-ciphers,9,easy,Discrete Mathematics,True,advanced,0.9977933426870746,7.34909747537255e-09,0.0022066499638279807,0.9977933426870746,True,qbc
223,advanced,5,discrete-mathematics-questions-answers-prime-numbers,1,easy,Discrete Mathematics,True,advanced,0.9988233315032137,1.6693232549766128e-09,0.0011766668274631527,0.9988233315032137,True,qbc
223,advanced,6,discrete-mathematics-questions-answers-pigeonhole-principle,1,hard,Discrete Mathematics,False,advanced,0.9973118280838627,6.226328133766993e-09,0.002688165689809319,0.9973118280838627,True,qbc
223,advanced,7,discrete-mathematics-mcqs-functions,3,easy,Discrete Mathematics,False,advanced,0.9970823444308118,7.095864128036804e-09,0.0029176484733242046,0.9970823444308118,True,qbc
223,advanced,8,discrete-mathematics-questions-answers-recursion,4,easy,Discrete Mathematics,True,advanced,0.9979477180337322,3.513258935249466e-09,0.002052278453009011,0.9979477180337322,True,qbc
223,advanced,9,discrete-mathematics-questions-bank,8,easy,Discrete Mathematics,True,advanced,0.9980915530998066,2.5484495827327405e-09,0.0019084443517439456,0.9980915530998066,True,qbc
223,advanced,10,discrete-mathematics-mcqs-applications-number-theory,2,easy,Discrete Mathematics,True,advanced,0.9988308802050556,8.941947196739835e-10,0.0011691189007494668,0.9988308802050556,True,qbc
223,advanced,11,discrete-mathematics-mcqs-sets,1,easy,Discrete Mathematics,True,advanced,0.9987722864161132,8.205356282659128e-10,0.0012277127633512814,0.9987722864161132,True,qbc
223,advanced,12,discrete-mathematics-problems,6,easy,Discrete Mathematics,True,advanced,0.999157296603639,3.5075271210341264e-10,0.0008427030456083901,0.999157296603639,True,qbc
223,advanced,13,discrete-mathematics-questions-answers-counting-functions,10,easy,Discrete Mathematics,False,advanced,0.9990737000567395,7.102003520621681e-10,0.0009262992330601337,0.9990737000567395,True,qbc
223,advanced,14,discrete-mathematics-questions-answers-types-algorithms,7,hard,Discrete Mathematics,True,advanced,0.997948751889717,3.945006720066765e-09,0.0020512441652763215,0.997948751889717,True,qbc
223,advanced,15,discrete-mathematics-questions-answers-spanning-trees,4,hard,Discrete Mathematics,False,advanced,0.996733068503571,8.445032889431415e-09,0.0032669230513958764,0.996733068503571,True,qbc
223,advanced,16,discrete-mathematics-questions-answers-hasse-diagrams,4,hard,Discrete Mathematics,True,advanced,0.997163852994813,7.127988389261704e-09,0.002836139877198659,0.997163852994813,True,qbc
223,advanced,17,discrete-mathematics-questions-answers-campus-interviews,8,hard,Discrete Mathematics,True,advanced,0.9956636746890514,1.5048635699085038e-08,0.004336310262312951,0.9956636746890514,True,qbc
223,advanced,18,discrete-mathematics-questions-answers-nested-quantifiers,8,hard,Discrete Mathematics,False,advanced,0.9903098231237437,7.836164304097555e-08,0.009690098514613275,0.9903098231237437,True,qbc
223,advanced,19,discrete-mathematics-questions-answers-subgroups,3,hard,Discrete Mathematics,True,advanced,0.9899494697084131,8.251928501050563e-08,0.010050447772302015,0.9899494697084131,True,qbc
223,advanced,20,discrete-mathematics-questions-answers-propositions,6,hard,Discrete Mathematics,False,advanced,0.9893371920845144,9.926960011389187e-08,0.010662708645885415,0.9893371920845144,True,qbc
11,beginner,1,python-mcqs-strings-1,5,easy,Python,False,advanced,0.9997219247691923,3.0116339774160927e-09,0.00027807221917392264,0.9997219247691923,False,qbc
11,beginner,2,1000-python-questions-answers,33,easy,Python,False,advanced,0.5680223152240526,0.0025505707352032705,0.4294271140407443,0.5680223152240526,False,qbc
11,beginner,3,python-questions-answers-exception-handling-3,7,hard,Python,False,intermediate,0.9458727122530725,0.03298021289998526,0.9458727122530725,0.02114707484694231,False,qbc
11,beginner,4,python-questions-answers-regular-expressions,5,hard,Python,False,beginner,0.9880917421369143,0.9880917421369143,0.011908196892094932,6.097099084687308e-08,True,qbc
11,beginner,5,python-questions-answers-sys-module,10,medium,Python,False,beginner,0.9912342216432305,0.9912342216432305,0.008765774221057558,4.135712068141753e-09,True,qbc
11,beginner,6,python-questions-answers-regular-expressions-1,2,easy,Python,True,beginner,0.9683768357983883,0.9683768357983883,0.03162304153077892,1.2267083291512368e-07,True,qbc
11,beginner,7,python-questions-answers-freshers,1,medium,Python,False,beginner,0.9691626844570289,0.9691626844570289,0.03083720645680645,1.0908616475940739e-07,True,qbc
11,beginner,8,python-questions-answers-sets-2,7,hard,Python,False,beginner,0.9935845303160062,0.9935845303160062,0.00641546810626183,1.5777317802385808e-09,True,qbc
11,beginner,9,python-mcqs-files-1,4,hard,Python,False,beginner,0.9962088354815879,0.9962088354815879,0.0037911640638053725,4.546067850497233e-10,True,qbc
11,beginner,10,python-questions-answers-bitwise-2,8,hard,Python,False,beginner,0.9945386248229439,0.9945386248229439,0.00546137428261915,8.944368725745516e-10,True,qbc
11,beginner,11,python-questions-answers-built-in-functions-3,2,hard,Python,False,beginner,0.9960345785972424,0.9960345785972424,0.003965420986009685,4.1674792739927577e-10,True,qbc
11,beginner,12,python-questions-answers-formatting-2,3,hard,Python,False,beginner,0.9966779755306097,0.9966779755306097,0.003322024161336927,3.080532288374661e-10,True,qbc
11,beginner,13,python-questions-answers-lists-6,2,hard,Python,False,beginner,0.998285607930774,0.998285607930774,0.0017143920011480267,6.807793236731849e-11,True,qbc
11,beginner,14,python-questions-answers-list-comprehension,10,hard,Python,False,beginner,0.9990325970074637,0.9990325970074637,0.000967402973367289,1.91689809141762e-11,True,qbc
11,beginner,15,python-questions-answers-polymorphism,1,hard,Python,False,beginner,0.9995553079592177,0.9995553079592177,0.000444692037490774,3.291503939561941e-12,True,qbc
11,beginner,16,1000-python-questions-answers,10,easy,Python,False,beginner,0.9992187865310035,0.9992187865310035,0.0007812134610791516,7.917298939163419e-12,True,qbc
11,beginner,17,python-questions-answers-list-comprehension-2,4,medium,Python,False,beginner,0.999279202041957,0.999279202041957,0.0007207979519038654,6.1391342989320755e-12,True,qbc
11,beginner,18,python-programming-questions-answers,3,medium,Python,False,beginner,0.99956760962354,0.99956760962354,0.0004323903746479768,1.8119193524544239e-12,True,qbc
11,beginner,19,python-mcqs-core-datatypes,3,medium,Python,True,beginner,0.9989046878248271,0.9989046878248271,0.001095312143275486,3.189745785626837e-11,True,qbc
11,beginner,20,python-questions-answers-built-in-functions-2,3,easy,Python,True,beginner,0.9977958274945368,0.9977958274945368,0.0022041723220834887,1.8337992728403408e-10,True,qbc
155,intermediate,1,operating-system-questions-answers-processes,5,medium,Operating Systems,False,intermediate,0.8727203548691737,0.1243986594675846,0.8727203548691737,0.00288098566324178,True,qbc
155,intermediate,2,operating-system-mcqs-process-scheduling-queue,14,hard,Operating Systems,True,intermediate,0.974434391633497,0.009116719772840154,0.974434391633497,0.016448888593662846,True,qbc
155,intermediate,3,operating-system-questions-answers,49,easy,Operating Systems,True,intermediate,0.854849305585309,0.006364754809255639,0.854849305585309,0.13878593960543534,True,qbc
155,intermediate,4,operating-system-mcqs-threads-ult-klt,12,hard,Operating Systems,False,intermediate,0.9612420170362175,0.017421377476161477,0.9612420170362175,0.021336605487621074,True,qbc
155,intermediate,5,operating-system-mcqs-file-system-allocation-methods-3,10,hard,Operating Systems,False,intermediate,0.9614629219006148,0.029119642880352785,0.9614629219006148,0.00941743521903236,True,qbc
155,intermediate,6,operating-system-mcqs-threads-ult-klt,6,hard,Operating Systems,False,intermediate,0.9627794826824247,0.022775959019696677,0.9627794826824247,0.014444558297878697,True,qbc
155,intermediate,7,operating-system-questions-answers-file-system-implementation,6,easy,Operating Systems,True,intermediate,0.9493028785753246,0.008118747417127961,0.9493028785753246,0.04257837400754735,True,qbc
155,intermediate,8,operating-system-mcqs-process-scheduling-queue,6,hard,Operating Systems,True,intermediate,0.9628567877955759,0.021110996721447832,0.9628567877955759,0.01603221548297638,True,qbc
155,intermediate,9,distributed-operating-system-mcqs-file-system-1,2,hard,Operating Systems,False,intermediate,0.773630311381227,0.22563509143719276,0.773630311381227,0.0007345971815802904,True,qbc
155,intermediate,10,operating-system-mcqs-atomic-transactions,4,easy,Operating Systems,False,intermediate,0.8719626044087057,0.1270544998596267,0.8719626044087057,0.000982895731667672,True,qbc
155,intermediate,11,distributed-operating-system-mcqs-network-structure-topology,5,easy,Operating Systems,False,intermediate,0.911197538959351,0.08760293370218877,0.911197538959351,0.001199527338460205,True,qbc
155,intermediate,12,operating-system-mcqs-virtual-memory-demand-paging,12,easy,Operating Systems,True,intermediate,0.9600406724699874,0.035349761802512335,0.9600406724699874,0.0046095657275003026,True,qbc
155,intermediate,13,operating-system-questions-answers-distributed-synchronization,4,medium,Operating Systems,False,intermediate,0.9531740595770389,0.04274989413300411,0.9531740595770389,0.004076046289956891,True,qbc
155,intermediate,14,operating-system-mcqs-multimedia-system-compression-1,1,medium,Operating Systems,False,intermediate,0.965182251013122,0.02712066081855643,0.965182251013122,0.007697088168321365,True,qbc
155,intermediate,15,operating-system-mcqs-process-rpc,2,easy,Operating Systems,True,intermediate,0.9674884866854905,0.01221317468651192,0.9674884866854905,0.020298338627997712,True,qbc
155,intermediate,16,operating-system-mcqs-semaphores-1,2,easy,Operating Systems,False,intermediate,0.970043898709169,0.011268260951145357,0.970043898709169,0.01868784033968558,True,qbc
155,intermediate,17,operating-system-mcqs-file-system-interface-access-methods-2,9,medium,Operating Systems,False,intermediate,0.9716371481839234,0.014324204717211707,0.9716371481839234,0.014038647098864826,True,qbc
155,intermediate,18,operating-system-mcqs-multimedia-system-CPU-disk-scheduling,7,medium,Operating Systems,True,intermediate,0.9670063922414592,0.007100894172523221,0.9670063922414592,0.02589271358601758,True,qbc
155,intermediate,19,operating-system-questions-answers-distributed-synchronization,7,medium,Operating Systems,False,intermediate,0.9698130196506453,0.009276080662377752,0.9698130196506453,0.02091089968697692,True,qbc
155,intermediate,20,operating-system-mcqs-security-user-authentication,10,medium,Operating Systems,True,intermediate,0.9666948014083813,0.00886783190890367,0.9666948014083813,0.02443736668271513,True,qbc
292,advanced,1,discrete-mathematics-questions-answers-group-theory,4,medium,Discrete Mathematics,True,advanced,0.8048158264338068,8.075637113373749e-07,0.19518336600248185,0.8048158264338068,True,qbc
292,advanced,2,discrete-mathematics-questions-answers-geometric-sequences,7,medium,Discrete Mathematics,True,advanced,0.8752789258994825,3.042302371501008e-07,0.12472076987028033,0.8752789258994825,True,qbc
292,advanced,3,discrete-mathematics-questions-answers-logic-circuits,3,medium,Discrete Mathematics,True,advanced,0.9852932975138334,5.286691382110538e-09,0.014706697199475113,0.9852932975138334,True,qbc
292,advanced,4,discrete-mathematics-questions-answers-circular-permutations,4,medium,Discrete Mathematics,True,advanced,0.9558811231694817,3.2884476858841174e-08,0.044118843946041604,0.9558811231694817,True,qbc
292,advanced,5,discrete-mathematics-questions-answers-floor-ceiling-function,1,easy,Discrete Mathematics,True,advanced,0.9624454401580116,1.973596915733621e-07,0.03755436248229688,0.9624454401580116,True,qbc
292,advanced,6,discrete-mathematics-mcqs-growth-functions,10,medium,Discrete Mathematics,False,advanced,0.9565600083304301,8.189244846516908e-07,0.04343917274508529,0.9565600083304301,True,qbc
292,advanced,7,discrete-mathematics-questions-answers-closure-relations,1,medium,Discrete Mathematics,True,advanced,0.9415254496125671,1.2738399373362667e-06,0.058473276547495526,0.9415254496125671,True,qbc
292,advanced,8,discrete-mathematics-questions-answers-venn-diagram,3,medium,Discrete Mathematics,True,advanced,0.9630542979891982,4.197209022772233e-07,0.03694528228989964,0.9630542979891982,True,qbc
292,advanced,9,discrete-mathematics-questions-answers-fundamental-principle-counting,5,medium,Discrete Mathematics,True,advanced,0.9634335751048547,3.6693515109311366e-07,0.03656605795999408,0.9634335751048547,True,qbc
292,advanced,10,discrete-mathematics-problems,9,medium,Discrete Mathematics,True,advanced,0.9705180302346865,2.2987729805175116e-07,0.02948173988801539,0.9705180302346865,True,qbc
292,advanced,11,discrete-mathematics-questions-answers-harmonic-sequences,9,medium,Discrete Mathematics,False,advanced,0.9667595889084217,5.306440992346507e-07,0.033239880447479095,0.9667595889084217,True,qbc
292,advanced,12,discrete-mathematics-questions-answers-ciphers,9,easy,Discrete Mathematics,False,advanced,0.8804357733228918,3.5288452034378036e-06,0.11956069783190494,0.8804357733228918,True,qbc
292,advanced,13,discrete-mathematics-questions-answers-aptitude-test,7,easy,Discrete Mathematics,False,advanced,0.8794390686162401,3.291348062028875e-06,0.12055764003569787,0.8794390686162401,True,qbc
292,advanced,14,discrete-mathematics-written-test-questions-answers,4,easy,Discrete Mathematics,True,advanced,0.9540807087462664,6.270537710682588e-07,0.04591866419996244,0.9540807087462664,True,qbc
292,advanced,15,discrete-mathematics-mcqs-functions,8,easy,Discrete Mathematics,True,advanced,0.961756044898886,4.4460080805193293e-07,0.038243510500305986,0.961756044898886,True,qbc
292,advanced,16,discrete-mathematics-questions-answers-cosets,9,easy,Discrete Mathematics,True,advanced,0.9715624637556914,2.5244252515433957e-07,0.02843728380178345,0.9715624637556914,True,qbc
292,advanced,17,discrete-mathematics-questions-answers-floor-ceiling-function,10,easy,Discrete Mathematics,False,advanced,0.9633902307144456,5.292783355438976e-07,0.03660924000721883,0.9633902307144456,True,qbc
292,advanced,18,discrete-mathematics-questions-answers-boolean-functions,9,easy,Discrete Mathematics,False,advanced,0.9626884591939883,5.345545313178422e-07,0.037311006251480386,0.9626884591939883,True,qbc
292,advanced,19,discrete-mathematics-questions-answers-number-relations,8,easy,Discrete Mathematics,True,advanced,0.9813411896268606,1.4836519676765036e-07,0.01865866200794271,0.9813411896268606,True,qbc
292,advanced,20,discrete-mathematics-questions-answers-inverse-matrices,2,easy,Discrete Mathematics,True,advanced,0.9845694638149282,9.634518078317918e-08,0.015430439839891156,0.9845694638149282,True,qbc
116,intermediate,1,python-questions-answers-precedence-associativity-2,7,medium,Python,False,intermediate,0.8669796184705837,0.0028172456352631584,0.8669796184705837,0.13020313589415317,True,qbc
116,intermediate,2,python-questions-answers-exception-handling-3,7,hard,Python,False,intermediate,0.9553812091649027,0.001812280361056679,0.9553812091649027,0.04280651047404064,True,qbc
116,intermediate,3,python-questions-answers-lists-6,10,hard,Python,True,intermediate,0.8311408760293758,0.0008104491042266842,0.8311408760293758,0.16804867486639757,True,qbc
116,intermediate,4,python-questions-answers-sys-module,10,medium,Python,False,intermediate,0.7100910997547678,0.0003264598787272232,0.7100910997547678,0.28958244036650493,True,qbc
116,intermediate,5,python-questions-answers-freshers,1,medium,Python,False,advanced,0.5347562036514248,8.28839239659314e-05,0.4651609124246093,0.5347562036514248,False,qbc
116,intermediate,6,python-programming-questions-answers,3,medium,Python,True,advanced,0.6758669147961887,4.6911839748442006e-05,0.3240861733640629,0.6758669147961887,False,qbc
116,intermediate,7,python-online-test,2,medium,Python,False,advanced,0.9113769266177226,3.2389390549973864e-06,0.08861983444322243,0.9113769266177226,False,qbc
116,intermediate,8,python-questions-answers-regular-expressions-1,5,medium,Python,False,advanced,0.8019123068493254,1.5260568913426564e-05,0.19807243258176133,0.8019123068493254,False,qbc
116,intermediate,9,python-questions-answers-sys-module,6,medium,Python,False,advanced,0.7180076062238416,2.94428985710771e-05,0.2819629508775873,0.7180076062238416,False,qbc
116,intermediate,10,python-multiple-choice-questions-answers,7,medium,Python,False,advanced,0.8016183852495536,1.3548817159370653e-05,0.19836806593328699,0.8016183852495536,False,qbc
116,intermediate,11,python-programming-interview-questions-answers,4,medium,Python,False,advanced,0.8626062371871741,5.961087438702818e-06,0.1373878017253873,0.8626062371871741,False,qbc
116,intermediate,12,python-quiz,5,medium,Python,False,advanced,0.8722617702075218,4.819215648074985e-06,0.1277334105768301,0.8722617702075218,False,qbc
116,intermediate,13,python-scripting-interview-questions-answers,8,easy,Python,False,intermediate,0.9339729249246453,0.0036826264572981417,0.9339729249246453,0.062344448618056554,True,qbc
116,intermediate,14,python-multiple-choice-questions-answers,5,hard,Python,False,intermediate,0.9749749416957205,0.012217901114821813,0.9749749416957205,0.012807157189457664,True,qbc
116,intermediate,15,python-questions-answers-precedence-associativity-1,10,easy,Python,False,intermediate,0.974228747807192,0.008971137919126269,0.974228747807192,0.016800114273681655,True,qbc
116,intermediate,16,python-questions-answers-list-comprehension,2,hard,Python,False,intermediate,0.9772224015396068,0.016979607374606062,0.9772224015396068,0.005797991085787232,True,qbc
116,intermediate,17,python-questions-answers-datetime-module-1,3,hard,Python,False,intermediate,0.9726656366349818,0.024157916806872414,0.9726656366349818,0.0031764465581456077,True,qbc
116,intermediate,18,python-questions-answers-built-in-functions-3,2,hard,Python,False,intermediate,0.9685030721743114,0.029415511705892492,0.9685030721743114,0.0020814161197960568,True,qbc
116,intermediate,19,python-questions-answers-sets-1,3,hard,Python,False,intermediate,0.9231124396731278,0.07633320067280144,0.9231124396731278,0.0005543596540706055,True,qbc
116,intermediate,20,python-questions-answers-sets-1,8,hard,Python,False,intermediate,0.8927300244809244,0.10693998564598059,0.8927300244809244,0.0003299898730950125,True,qbc
43,beginner,1,data-structure-questions-answers-counting-boolean-parenthesizations,1,hard,Data Structures,False,beginner,0.9999999999982969,0.9999999999982969,1.7029827803129163e-12,3.9340580786574857e-31,True,qbc
43,beginner,2,data-structure-questions-answers-xor-linked-list,1,medium,Data Structures,False,beginner,0.9998814447461718,0.9998814447461718,0.00011855525380280034,2.5513285944072666e-14,True,qbc
43,beginner,3,data-structure-questions-answers-pancake-sort,3,hard,Data Structures,False,beginner,0.9999091866877396,0.9999091866877396,9.081331224724405e-05,1.3167047748289551e-14,True,qbc
43,beginner,4,data-structure-questions-answers-binary-heap,5,hard,Data Structures,False,beginner,0.9999951524322259,0.9999951524322259,4.847567774113597e-06,2.3792558720517333e-17,True,qbc
43,beginner,5,data-structure-questions-answers-skip-list,8,medium,Data Structures,True,beginner,0.9999783974664835,0.9999783974664835,2.1602533515775487e-05,7.131994942669884e-16,True,qbc
43,beginner,6,1000-data-structure-questions-answers,9,hard,Data Structures,False,beginner,0.9999878053222593,0.9999878053222593,1.2194677740469557e-05,2.3254123590695896e-16,True,qbc
43,beginner,7,data-structure-questions-answers-longest-increasing-subsequence,7,hard,Data Structures,False,beginner,0.9999746554855914,0.9999746554855914,2.5344514407454828e-05,1.0500079445113654e-15,True,qbc
43,beginner,8,data-structure-questions-answers-free-list,7,hard,Data Structures,True,beginner,0.9998998355163431,0.9998998355163431,0.00010016448363775972,1.915266783335968e-14,True,qbc
43,beginner,9,data-structure-questions-answers-xor-linked-list,6,hard,Data Structures,False,beginner,0.9999235347043294,0.9999235347043294,7.646529565929528e-05,1.1363344914579004e-14,True,qbc
43,beginner,10,data-structure-questions-answers-fibonacci-recursion,12,hard,Data Structures,False,beginner,0.9997718984047171,0.9997718984047171,0.00022810159516403912,1.1885982694241098e-13,True,qbc
43,beginner,11,data-structure-questions-answers-dynamic-array,12,hard,Data Structures,False,beginner,0.9999284081800799,0.9999284081800799,7.15918199109956e-05,9.065906061338264e-15,True,qbc
43,beginner,12,data-structure-questions-answers-search-element-array-recursion-1,6,hard,Data Structures,False,beginner,0.9999518622498174,0.9999518622498174,4.8137750179369975e-05,3.3737700971637397e-15,True,qbc
43,beginner,13,java-questions-answers-data-structures-list,7,easy,Data Structures,False,beginner,0.9999979846088498,0.9999979846088498,2.015391150338933e-06,7.721218126893822e-18,True,qbc
43,beginner,14,data-structure-questions-answers-fibonacci-search,7,easy,Data Structures,True,beginner,0.9999774110590571,0.9999774110590571,2.2588940938946145e-05,4.079443790102606e-15,True,qbc
43,beginner,15,data-structure-questions-answers-evaluation-infix-expression-not-parenthesized,7,easy,Data Structures,True,beginner,0.9999163682252077,0.9999163682252077,8.363177471263606e-05,7.96701882818352e-14,True,qbc
43,beginner,16,java-questions-answers-data-structures-list,9,medium,Data Structures,False,beginner,0.9999565963224439,0.9999565963224439,4.340367753199044e-05,2.387551909882695e-14,True,qbc
43,beginner,17,data-structure-questions-answers-power-number-recursion-logn-time,8,medium,Data Structures,False,beginner,0.9999676384469078,0.9999676384469078,3.2361553080780994e-05,1.1373160149578015e-14,True,qbc
43,beginner,18,data-structure-questions-answers-longest-common-subsequence,3,medium,Data Structures,False,beginner,0.9999578177558239,0.9999578177558239,4.218224415883098e-05,1.7270601181751622e-14,True,qbc
43,beginner,19,data-structure-questions-answers-direct-addressing-tables,2,medium,Data Structures,False,beginner,0.9999605809000035,0.9999605809000035,3.941909998213014e-05,1.4144678339711284e-14,True,qbc
43,beginner,20,data-structure-questions-answers-0-1-knapsack-problem,2,medium,Data Structures,False,beginner,0.9999602560421162,0.9999602560421162,3.974395786893565e-05,1.4777030783947267e-14,True,qbc
123,intermediate,1,data-structure-questions-answers-campus-interviews,6,hard,Data Structures,False,advanced,0.7250139557290559,7.67844223883525e-05,0.2749092598485557,0.7250139557290559,False,qbc
123,intermediate,2,data-structure-questions-answers-longest-palindromic-subsequence,3,hard,Data Structures,True,intermediate,0.581021919416767,0.4189307127524034,0.581021919416767,4.7367830829782816e-05,True,qbc
123,intermediate,3,data-structure-questions-answers-array-array-operations,1,easy,Data Structures,True,intermediate,0.8856450584227797,0.10894974233217118,0.8856450584227797,0.005405199245049005,True,qbc
123,intermediate,4,data-structure-questions-answers-recursion,14,hard,Data Structures,True,intermediate,0.7116230152487298,0.28758563278121657,0.7116230152487298,0.0007913519700535976,True,qbc
123,intermediate,5,data-structure-interview-questions-answers-freshers,8,hard,Data Structures,False,beginner,0.8962597609992288,0.8962597609992288,0.10373642651466217,3.812486109110823e-06,False,qbc
123,intermediate,6,data-structure-questions-answers-fibonacci-recursion,12,hard,Data Structures,True,beginner,0.70840659421242,0.70840659421242,0.29151033922720976,8.306656037022825e-05,False,qbc
123,intermediate,7,data-structure-questions-answers-pancake-sort,8,hard,Data Structures,True,beginner,0.9223805972611082,0.9223805972611082,0.07761608551352885,3.3172253628151054e-06,False,qbc
123,intermediate,8,data-structure-questions-answers-incidence-matrix-graph-structured-stack,7,medium,Data Structures,True,intermediate,0.6477637657002345,0.35196894350296914,0.6477637657002345,0.00026729079679631886,True,qbc
123,intermediate,9,data-structure-questions-answers-propositional-directed-acyclic-word-graph,5,medium,Data Structures,True,intermediate,0.580041488375054,0.4198141104158411,0.580041488375054,0.00014440120910495243,True,qbc
123,intermediate,10,data-structure-questions-answers-weight-balanced-tree,4,medium,Data Structures,False,intermediate,0.5607983444476151,0.43908119725988076,0.5607983444476151,0.00012045829250412864,True,qbc
123,intermediate,11,data-structure-questions-answers-dynamic-array,10,easy,Data Structures,True,intermediate,0.8056533676847675,0.19372064848600606,0.8056533676847675,0.0006259838292264941,True,qbc
123,intermediate,12,data-structure-questions-answers-binomial-fibonacci-heap,8,easy,Data Structures,False,intermediate,0.8558676858446574,0.14345721311497486,0.8558676858446574,0.0006751010403676301,True,qbc
123,intermediate,13,java-questions-answers-data-structures-hashmap,8,easy,Data Structures,True,intermediate,0.9532034095397968,0.04300478709576194,0.9532034095397968,0.0037918033644413368,True,qbc
123,intermediate,14,data-structure-interview-questions-answers-freshers,3,easy,Data Structures,False,intermediate,0.9589958292434629,0.03797509767740092,0.9589958292434629,0.003029073079136184,True,qbc
123,intermediate,15,data-structure-questions-answers-matrix-chain-multiplication,1,medium,Data Structures,True,intermediate,0.9496237401778879,0.04801252878188777,0.9496237401778879,0.00236373104022436,True,qbc
123,intermediate,16,data-structure-questions-answers-stack-operations,5,medium,Data Structures,True,intermediate,0.9472773408807436,0.05050639276262071,0.9472773408807436,0.0022162663566357745,True,qbc
123,intermediate,17,data-structure-questions-answers-threaded-binary-tree,6,medium,Data Structures,False,intermediate,0.9181241257029674,0.080465973375359,0.9181241257029674,0.001409900921673554,True,qbc
123,intermediate,18,data-structure-questions-answers-parallel-array,2,medium,Data Structures,True,intermediate,0.9207454229476688,0.07791595019904396,0.9207454229476688,0.0013386268532872595,True,qbc
123,intermediate,19,data-structure-questions-answers-longest-common-subsequence,3,medium,Data Structures,True,intermediate,0.9345656302175017,0.06385587535387306,0.9345656302175017,0.001578494428625211,True,qbc
123,intermediate,20,data-structure-questions-answers-heap,7,medium,Data Structures,True,intermediate,0.9368267453726651,0.06154077908974677,0.9368267453726651,0.0016324755375880975,True,qbc
251,advanced,1,data-structure-questions-answers-fibonacci-recursion,12,hard,Data Structures,False,beginner,0.9886131656595754,0.9886131656595754,0.011386829912039433,4.428385146793661e-09,False,qbc
251,advanced,2,data-structure-questions-answers-evaluation-infix-expression-not-parenthesized,3,easy,Data Structures,True,intermediate,0.949009691382644,0.03127308410368033,0.949009691382644,0.01971722451367578,False,qbc
251,advanced,3,data-structure-questions-answers-dynamic-array,14,hard,Data Structures,False,intermediate,0.7113647320592655,0.00353606259516262,0.7113647320592655,0.28509920534557187,False,qbc
251,advanced,4,data-structure-questions-answers-evaluation-infix-expression-not-parenthesized,7,easy,Data Structures,True,advanced,0.7060134059624164,0.00021234523017249216,0.2937742488074111,0.7060134059624164,True,qbc
251,advanced,5,data-structure-questions-answers-skip-list,8,medium,Data Structures,True,advanced,0.9504269007219266,1.955491302158294e-06,0.0495711437867713,0.9504269007219266,True,qbc
251,advanced,6,data-structure-questions-answers-binomial-fibonacci-heap,8,easy,Data Structures,True,advanced,0.9806903311866562,2.984221501332727e-07,0.01930937039119383,0.9806903311866562,True,qbc
251,advanced,7,data-structure-questions-answers-free-list,2,easy,Data Structures,True,advanced,0.9920175841557204,5.1471524393918475e-08,0.007982364372755194,0.9920175841557204,True,qbc
251,advanced,8,data-structure-questions-answers-incidence-matrix-graph-structured-stack,7,medium,Data Structures,False,advanced,0.9862636368233102,1.929619753659574e-07,0.013736170214714408,0.9862636368233102,True,qbc
251,advanced,9,data-structure-questions-answers-preorder-traversal,7,medium,Data Structures,True,advanced,0.989592043425026,1.1831984145632926e-07,0.010407838255132347,0.989592043425026,True,qbc
251,advanced,10,data-structure-questions-answers-search-element-array-recursion-1,1,medium,Data Structures,False,advanced,0.9883980154756267,1.5706084138561057e-07,0.011601827463532123,0.9883980154756267,True,qbc
251,advanced,11,data-structure-questions-answers-heap,6,medium,Data Structures,True,advanced,0.9954198158105467,2.784800526937328e-08,0.004580156341448018,0.9954198158105467,True,qbc
251,advanced,12,data-structure-questions-answers-binary-trees-array,2,medium,Data Structures,False,advanced,0.9947147390980919,4.027153124850788e-08,0.005285220630376887,0.9947147390980919,True,qbc
251,advanced,13,1000-data-structure-questions-answers,22,easy,Data Structures,True,advanced,0.9939841976562087,4.93011428914378e-08,0.006015753042648384,0.9939841976562087,True,qbc
251,advanced,14,data-structure-questions-answers-bit-array,9,medium,Data Structures,True,advanced,0.9956255516861878,2.6583481416456677e-08,0.0043744217303307185,0.9956255516861878,True,qbc
251,advanced,15,data-structure-interview-questions-answers-freshers,2,medium,Data Structures,False,advanced,0.9904522359857176,1.3395470150100862e-07,0.009547630059580802,0.9904522359857176,True,qbc
251,advanced,16,data-structure-questions-answers-incidence-matrix-graph-structured-stack,2,easy,Data Structures,True,advanced,0.9931708100737531,6.76293111216799e-08,0.006829122296935692,0.9931708100737531,True,qbc
251,advanced,17,data-structure-questions-answers-fibonacci-search,6,easy,Data Structures,True,advanced,0.9946191398268432,3.818973819510957e-08,0.005380821983418416,0.9946191398268432,True,qbc
251,advanced,18,data-structure-questions-answers-longest-palindromic-subsequence,4,easy,Data Structures,True,advanced,0.9947174605295946,3.309358578075004e-08,0.005282506376819452,0.9947174605295946,True,qbc
251,advanced,19,data-structure-questions-answers-reverse-word-stack,5,easy,Data Structures,True,advanced,0.9953095939647945,2.3571379574354617e-08,0.004690382463825824,0.9953095939647945,True,qbc
251,advanced,20,java-questions-answers-data-structures-hashmap,6,easy,Data Structures,True,advanced,0.9963902129615647,1.2707609820636621e-08,0.0036097743308255107,0.9963902129615647,True,qbc
271,advanced,1,java-mcqs-exception-types,4,hard,Java,False,advanced,0.9937500025996838,3.260218946063125e-07,0.006249671378421417,0.9937500025996838,True,qbc
271,advanced,2,java-mcqs-random-and-local-classes,2,medium,Java,True,advanced,0.9711299904292829,3.7035984053478454e-08,0.028869972534733092,0.9711299904292829,True,qbc
271,advanced,3,java-questions-answers-campus-interviews,2,hard,Java,False,advanced,0.938890731254803,5.631209526897004e-07,0.061108705624244176,0.938890731254803,True,qbc
271,advanced,4,java-interview-questions-answers,5,hard,Java,True,advanced,0.9654428446857879,1.4249071251604428e-07,0.034557012823499614,0.9654428446857879,True,qbc
271,advanced,5,java-mcqs-remote-method-invocation,1,hard,Java,True,advanced,0.9306381860262477,3.4123901784145834e-07,0.06936147273473443,0.9306381860262477,True,qbc
271,advanced,6,java-questions-answers-experienced,6,hard,Java,True,advanced,0.8397873356185728,1.0898475205878575e-06,0.16021157453390664,0.8397873356185728,True,qbc
271,advanced,7,java-mcqs-try-and-catch,2,hard,Java,True,advanced,0.811883990296012,1.145077245373557e-06,0.18811486462674265,0.811883990296012,True,qbc
271,advanced,8,javascript-mcqs-window-object,11,hard,Java,True,advanced,0.7367843409990518,1.967362864796172e-06,0.2632136916380835,0.7367843409990518,True,qbc
271,advanced,9,advanced-java-questions-answers-debugging-eclipse,2,hard,Java,False,advanced,0.8177362392321431,1.978044813174041e-06,0.1822617827230437,0.8177362392321431,True,qbc
271,advanced,10,javascript-mcqs-scripted-media,13,hard,Java,True,advanced,0.7384662820807689,3.519190207852384e-06,0.2615301987290231,0.7384662820807689,True,qbc
271,advanced,11,javascript-mcqs-scripting-documents,6,hard,Java,False,advanced,0.7524101707099327,4.2258204737165385e-06,0.2475856034695937,0.7524101707099327,True,qbc
271,advanced,12,java-questions-answers-entrance-exams,1,medium,Java,False,advanced,0.5337172304556667,1.893404759361603e-05,0.4662638354967397,0.5337172304556667,True,qbc
271,advanced,13,javascript-mcqs-pattern-matching-regular-expressions,4,medium,Java,True,advanced,0.5986296258335251,1.1586232311829345e-05,0.401358787934163,0.5986296258335251,True,qbc
271,advanced,14,java-mcqs-character-extraction,1,medium,Java,True,advanced,0.6035381571993281,9.21674840768721e-06,0.3964526260522642,0.6035381571993281,True,qbc
271,advanced,15,java-mcqs-remote-method-invocation,4,medium,Java,True,advanced,0.7340792428798254,2.985039671713317e-06,0.2659177720805029,0.7340792428798254,True,qbc
271,advanced,16,java-mcqs-remote-method-invocation,6,medium,Java,True,advanced,0.7788779519940667,1.5639242763475805e-06,0.22112048408165685,0.7788779519940667,True,qbc
271,advanced,17,javascript-mcqs-node-operations-I,10,medium,Java,False,advanced,0.8438069081961229,1.274380564041014e-06,0.156191817423313,0.8438069081961229,True,qbc
271,advanced,18,advanced-java-questions-answers-design-patterns,6,medium,Java,True,advanced,0.8365805235977604,1.204243553674939e-06,0.16341827215868604,0.8365805235977604,True,qbc
271,advanced,19,javascript-mcqs-web-sockets,1,medium,Java,True,advanced,0.8501816547229682,8.280478770806485e-07,0.1498175172291547,0.8501816547229682,True,qbc
271,advanced,20,java-mcqs-http-response-urlconnection-class,5,medium,Java,True,advanced,0.8619885944113382,5.737181137671971e-07,0.13801083187054788,0.8619885944113382,True,qbc
71,beginner,1,java-mcqs-method-overriding,8,hard,Java,False,beginner,0.999997767854619,0.999997767854619,2.232145380760481e-06,1.566492348386773e-16,True,qbc
71,beginner,2,java-mcqs-java-lang-void-process-system-class,6,easy,Java,False,beginner,0.9868423896738248,0.9868423896738248,0.013157460711964926,1.4961421016929732e-07,True,qbc
71,beginner,3,java-mcqs-url-class,5,medium,Java,False,beginner,0.9980759500566202,0.9980759500566202,0.0019240496195944918,3.2378520076650495e-10,True,qbc
71,beginner,4,java-interview-questions-answers,5,hard,Java,True,beginner,0.9994376335073621,0.9994376335073621,0.0005623664779023288,1.4735519092631802e-11,True,qbc
71,beginner,5,java-mcqs-java-lang-introduction,4,easy,Java,False,beginner,0.9616407413313839,0.9616407413313839,0.03835905619208619,2.0247653005911762e-07,True,qbc
71,beginner,6,java-mcqs-java-util-bitset-date-class,1,medium,Java,False,beginner,0.9593143851806915,0.9593143851806915,0.040685395860695084,2.189586133726477e-07,True,qbc
71,beginner,7,tough-java-questions-answers,9,medium,Java,False,beginner,0.9600992542542466,0.9600992542542466,0.03990050772682144,2.3801893191571318e-07,True,qbc
71,beginner,8,java-mcqs-remote-method-invocation,4,medium,Java,False,beginner,0.9269524518372889,0.9269524518372889,0.07304673371152444,8.144511865706699e-07,True,qbc
71,beginner,9,advanced-java-questions-answers-design-patterns,1,medium,Java,False,beginner,0.9510838662836284,0.9510838662836284,0.04891576755443559,3.66161935869668e-07,True,qbc
71,beginner,10,java-mcqs-event-handling-basics,8,easy,Java,True,beginner,0.8175923251595993,0.8175923251595993,0.18239481867933188,1.2856161068800814e-05,True,qbc
71,beginner,11,java-basic-questions-answers,5,hard,Java,True,beginner,0.9131062382145185,0.9131062382145185,0.08689198410082966,1.777684651823019e-06,True,qbc
71,beginner,12,java-questions-answers-data-type-enums,3,hard,Java,False,beginner,0.9131288600415652,0.9131288600415652,0.08686941782848534,1.7221299493854857e-06,True,qbc
71,beginner,13,advanced-java-questions-answers-debugging-eclipse,6,easy,Java,False,beginner,0.868177899512569,0.868177899512569,0.1318180254185198,4.075068911240049e-06,True,qbc
71,beginner,14,java-mcqs-constructors-garbage-collection,1,easy,Java,False,beginner,0.7881921926551667,0.7881921926551667,0.21179622811642382,1.1579228409487718e-05,True,qbc
71,beginner,15,java-mcqs-seraching-modifying-string,2,medium,Java,False,beginner,0.7106075636376282,0.7106075636376282,0.2893655810023076,2.6855360064322087e-05,True,qbc
71,beginner,16,javascript-mcqs-window-object,11,hard,Java,False,beginner,0.9217078925235394,0.9217078925235394,0.07829104199245741,1.0654840030034535e-06,True,qbc
71,beginner,17,java-questions-answers-online-quiz,2,easy,Java,True,beginner,0.8700957268299341,0.8700957268299341,0.12990047596648074,3.7972035850845585e-06,True,qbc
71,beginner,18,advanced-java-questions-answers-debugging-eclipse,7,hard,Java,False,beginner,0.9474347963071018,0.9474347963071018,0.05256473208439272,4.716085054795113e-07,True,qbc
71,beginner,19,javascript-mcqs-error-handling-i,3,hard,Java,False,beginner,0.9634621570055911,0.9634621570055911,0.0365376486468896,1.94347519286077e-07,True,qbc
71,beginner,20,javascript-mcqs-blobs,8,hard,Java,False,beginner,0.9690426746033877,0.9690426746033877,0.030957193171921995,1.3222469036374495e-07,True,qbc
190,intermediate,1,operating-system-mcqs-threads-ult-klt,6,hard,Operating Systems,False,beginner,0.9871572244123848,0.9871572244123848,0.012842759781383346,1.5806231919640913e-08,False,qbc
190,intermediate,2,operating-system-mcqs-process-rpc,8,hard,Operating Systems,False,beginner,0.6423051184941562,0.6423051184941562,0.35765070124352094,4.418026232289518e-05,False,qbc
190,intermediate,3,operating-system-mcqs-memory-management-paging-1,11,easy,Operating Systems,False,beginner,0.9648937417540598,0.9648937417540598,0.0351057834534305,4.747925095786617e-07,False,qbc
190,intermediate,4,operating-system-questions-answers-file-system-concepts,1,medium,Operating Systems,False,beginner,0.9935652487046173,0.9935652487046173,0.006434749677465913,1.6179167798260733e-09,False,qbc
190,intermediate,5,operating-system-questions-answers-rtos,5,medium,Operating Systems,True,beginner,0.950709261901013,0.950709261901013,0.0492905856091015,1.524898854600462e-07,False,qbc
190,intermediate,6,operating-system-mcqs-file-system-allocation-methods-3,9,medium,Operating Systems,True,beginner,0.9245785994393267,0.9245785994393267,0.07542102497878138,3.7558189191800796e-07,False,qbc
190,intermediate,7,operating-system-mcqs-atomic-transactions,5,easy,Operating Systems,True,beginner,0.5119525825473423,0.5119525825473423,0.48797337777463884,7.40396780187907e-05,False,qbc
190,intermediate,8,operating-system-questions-answers-linux,8,easy,Operating Systems,False,intermediate,0.6937719236634993,0.3059868702447219,0.6937719236634993,0.00024120609177895542,True,qbc
190,intermediate,9,operating-system-mcqs-disk-scheduling-1,5,medium,Operating Systems,False,intermediate,0.7497263207737914,0.24993804429044258,0.7497263207737914,0.0003356349357660647,True,qbc
190,intermediate,10,operating-system-questions-answers-file-system-concepts,7,easy,Operating Systems,False,intermediate,0.8501215312701104,0.14915750260387053,0.8501215312701104,0.0007209661260191801,True,qbc
190,intermediate,11,operating-system-mcqs-semaphores-1,2,easy,Operating Systems,False,intermediate,0.934171657208771,0.0636131388503079,0.934171657208771,0.002215203940921144,True,qbc
190,intermediate,12,operating-system-mcqs-threads-ult-klt,12,hard,Operating Systems,False,intermediate,0.8643287875707332,0.13491282540838742,0.8643287875707332,0.000758387020879399,True,qbc
190,intermediate,13,operating-system-questions-answers-linux,7,hard,Operating Systems,False,intermediate,0.8254040147214722,0.1740807241644029,0.8254040147214722,0.000515261114124926,True,qbc
190,intermediate,14,operating-system-questions-answers-cpu-scheduling,8,easy,Operating Systems,True,intermediate,0.9387463586595244,0.056875367772610874,0.9387463586595244,0.00437827356786471,True,qbc
190,intermediate,15,operating-system-mcqs-application-io-interface-1,13,easy,Operating Systems,False,intermediate,0.9536088003201494,0.03931174887008312,0.9536088003201494,0.007079450809767607,True,qbc
190,intermediate,16,operating-system-mcqs-file-system-allocation-methods-3,10,hard,Operating Systems,False,intermediate,0.9235972913222532,0.07275949033590225,0.9235972913222532,0.0036432183418444604,True,qbc
190,intermediate,17,operating-system-question-answers-multimedia-systems,9,medium,Operating Systems,False,intermediate,0.900820275819485,0.09698068447363928,0.900820275819485,0.002199039706875686,True,qbc
190,intermediate,18,operating-system-questions-answers-distributed-synchronization,4,medium,Operating Systems,False,intermediate,0.8792224684215056,0.11920156377973316,0.8792224684215056,0.0015759677987611756,True,qbc
190,intermediate,19,operating-system-mcqs-deadlock-prevention,11,medium,Operating Systems,True,intermediate,0.8773841361341709,0.12077992805030605,0.8773841361341709,0.0018359358155230795,True,qbc
190,intermediate,20,operating-system-mcqs-file-system-allocation-methods-1,6,medium,Operating Systems,False,intermediate,0.7765274378969318,0.22268964590240514,0.7765274378969318,0.0007829162006630596,True,qbc
118,intermediate,1,python-questions-answers-datetime-module-2,6,hard,Python,False,beginner,0.9985237992821684,0.9985237992821684,0.0014762006676918686,5.013961844721384e-11,False,qbc
118,intermediate,2,python-developer-interview-questions-answers,9,easy,Python,True,beginner,0.8148869564591135,0.8148869564591135,0.18508570067290528,2.7342867981186857e-05,False,qbc
118,intermediate,3,python-questions-answers-formatting-1,1,medium,Python,True,beginner,0.8426652877245092,0.8426652877245092,0.15733106363013938,3.6486453514237392e-06,False,qbc
118,intermediate,4,1000-python-questions-answers,29,medium,Python,False,intermediate,0.6455636104013591,0.3542537988124323,0.6455636104013591,0.00018259078620851756,True,qbc
118,intermediate,5,python-developer-questions-answers,5,easy,Python,False,intermediate,0.9216662760485729,0.07748411746000862,0.9216662760485729,0.0008496064914184378,True,qbc
118,intermediate,6,1000-python-questions-answers,10,easy,Python,True,intermediate,0.9721872807642796,0.02349483887566169,0.9721872807642796,0.004317880360058758,True,qbc
118,intermediate,7,1000-python-questions-answers,21,easy,Python,True,intermediate,0.9766177118440774,0.01203562186115261,0.9766177118440774,0.011346666294770073,True,qbc
118,intermediate,8,python-questions-answers-pickle-module,1,easy,Python,False,intermediate,0.9760835349773513,0.011648303563146794,0.9760835349773513,0.012268161459501846,True,qbc
118,intermediate,9,python-questions-answers-tuples-2,1,easy,Python,True,intermediate,0.9659992674964148,0.006437320343780529,0.9659992674964148,0.02756341215980451,True,qbc
118,intermediate,10,python-questions-answers-modules,5,hard,Python,False,intermediate,0.9708100246151627,0.020137678514213102,0.9708100246151627,0.009052296870624215,True,qbc
118,intermediate,11,python-questions-answers-encapsulation,6,easy,Python,True,intermediate,0.9708199194741043,0.016737773638592857,0.9708199194741043,0.012442306887302832,True,qbc
118,intermediate,12,python-developer-interview-questions-answers,6,easy,Python,False,intermediate,0.9696817166180238,0.010914805794644508,0.9696817166180238,0.019403477587331686,True,qbc
118,intermediate,13,python-questions-answers-bitwise-1,8,easy,Python,True,intermediate,0.9483554844199733,0.0052758651838158005,0.9483554844199733,0.04636865039621084,True,qbc
118,intermediate,14,python-questions-answers-classes-objects-2,7,easy,Python,False,intermediate,0.9337542956698717,0.003778652029341754,0.9337542956698717,0.062467052300786544,True,qbc
118,intermediate,15,python-questions-answers-turtle-module-3,12,medium,Python,False,intermediate,0.9433090642690196,0.003793374580135297,0.9433090642690196,0.05289756115084504,True,qbc
118,intermediate,16,python-questions-answers-datetime-module-1,3,hard,Python,True,intermediate,0.8736750615505661,0.0031692361104158867,0.8736750615505661,0.12315570233901818,True,qbc
118,intermediate,17,python-questions-answers-bitwise-2,8,hard,Python,True,intermediate,0.8465651958405974,0.0033015393177998763,0.8465651958405974,0.15013326484160264,True,qbc
118,intermediate,18,python-questions-answers-boolean,9,hard,Python,False,intermediate,0.9507359191260812,0.014367801114958683,0.9507359191260812,0.034896279758960196,True,qbc
118,intermediate,19,python-questions-answers-freshers,1,medium,Python,False,intermediate,0.9591483008543772,0.018737850317292942,0.9591483008543772,0.022113848828329934,True,qbc
118,intermediate,20,python-questions-answers-global-local-variables-1,5,medium,Python,True,intermediate,0.952135457390789,0.011960868105765972,0.952135457390789,0.0359036745034451,True,qbc
22,beginner,1,data-structure-interview-questions-answers,9,easy,Data Structures,True,intermediate,0.9359844285488516,0.051785245717469126,0.9359844285488516,0.012230325733679296,False,qbc
22,beginner,2,data-structure-questions-answers-number-jumps-reach-end-array-operation,8,easy,Data Structures,True,beginner,0.5563517078764706,0.5563517078764706,0.4435429042385338,0.00010538788499563759,True,qbc
22,beginner,3,data-structure-questions-answers-search-element-array-recursion-1,6,hard,Data Structures,False,beginner,0.9447938375307773,0.9447938375307773,0.05520586564499159,2.9682423093244624e-07,True,qbc
22,beginner,4,1000-data-structure-questions-answers,23,hard,Data Structures,False,beginner,0.9912931339165683,0.9912931339165683,0.008706853777272481,1.2306159341701474e-08,True,qbc
22,beginner,5,data-structure-questions-answers-dynamic-array,10,easy,Data Structures,True,beginner,0.9528754541686405,0.9528754541686405,0.047124170990670955,3.7484068844650436e-07,True,qbc
22,beginner,6,data-structure-questions-answers-matrix,2,hard,Data Structures,False,beginner,0.9974973770158072,0.9974973770158072,0.0025026225332748504,4.5091793051897944e-10,True,qbc
22,beginner,7,data-structure-questions-answers-incidence-matrix-graph-structured-stack,7,medium,Data Structures,False,beginner,0.9955882919053811,0.9955882919053811,0.004411707827959086,2.666598027165919e-10,True,qbc
22,beginner,8,data-structure-questions-answers-search-element-array-recursion-1,1,medium,Data Structures,False,beginner,0.9954284351789583,0.9954284351789583,0.004571564602321465,2.1872024174321863e-10,True,qbc
22,beginner,9,data-structure-questions-answers-directed-acyclic-graph,7,hard,Data Structures,False,beginner,0.9989711868331383,0.9989711868331383,0.0010288131582459324,8.615737320014935e-12,True,qbc
22,beginner,10,data-structure-questions-answers-xor-linked-list,6,hard,Data Structures,False,beginner,0.9992496436427357,0.9992496436427357,0.000750356351883895,5.380215374019292e-12,True,qbc
22,beginner,11,data-structure-questions-answers-single-linked-lists,5,hard,Data Structures,False,beginner,0.9985798645503025,0.9985798645503025,0.0014201354300088453,1.968877519695731e-11,True,qbc
22,beginner,12,data-structure-questions-answers-binary-trees-linked-lists,8,hard,Data Structures,False,beginner,0.9995991085004677,0.9995991085004677,0.0004008914985695784,9.626447531508504e-13,True,qbc
22,beginner,13,data-structure-questions-answers-undirected-graph,4,medium,Data Structures,False,beginner,0.9995066846459176,0.9995066846459176,0.0004933153526681193,1.4141048963287083e-12,True,qbc
22,beginner,14,data-structure-questions-answers-stack-array,6,hard,Data Structures,False,beginner,0.9998567740096969,0.9998567740096969,0.00014322599020362214,9.94696650126542e-14,True,qbc
22,beginner,15,data-structure-questions-answers-freshers,5,hard,Data Structures,False,beginner,0.9996583843753449,0.9996583843753449,0.0003416156240577664,5.973511596637577e-13,True,qbc
22,beginner,16,java-questions-answers-data-structures-set,6,hard,Data Structures,False,beginner,0.9997418976969701,0.9997418976969701,0.0002581023027143993,3.154682649694752e-13,True,qbc
22,beginner,17,data-structure-questions-answers-binary-trees-array,2,medium,Data Structures,False,beginner,0.9994576515045969,0.9994576515045969,0.0005423484939571117,1.4461473918453e-12,True,qbc
22,beginner,18,data-structure-assessment-questions-answers,3,medium,Data Structures,False,beginner,0.9996031289427442,0.9996031289427442,0.00039687105665534575,6.004340038562569e-13,True,qbc
22,beginner,19,data-structure-questions-answers-binary-search-iterative,9,medium,Data Structures,False,beginner,0.9994356155496752,0.9994356155496752,0.0005643844491222959,1.2025102914163735e-12,True,qbc
22,beginner,20,data-structure-questions-answers-binary-search-iterative,4,medium,Data Structures,False,beginner,0.9991951345093938,0.9991951345093938,0.000804865488291453,2.3147630797722855e-12,True,qbc
189,intermediate,1,python-questions-answers-formatting-2,3,hard,Python,False,advanced,0.9516130076830991,2.9476585548505714e-06,0.04838404465834612,0.9516130076830991,False,qbc
189,intermediate,2,python-questions-answers-advanced-formatting,7,medium,Python,False,intermediate,0.9807439046385866,0.00446495125012686,0.9807439046385866,0.014791144111286425,True,qbc
189,intermediate,3,python-questions-answers-turtle-module-2,1,hard,Python,False,intermediate,0.8006538399552643,0.1992679800757304,0.8006538399552643,7.817996900537849e-05,True,qbc
189,intermediate,4,python-mcqs-basic-operators,1,easy,Python,True,intermediate,0.6917452333462228,0.3074510571367234,0.6917452333462228,0.000803709517053695,True,qbc
189,intermediate,5,python-developer-questions-answers,9,easy,Python,True,intermediate,0.9153811471779791,0.07734531079897149,0.9153811471779791,0.007273542023049329,True,qbc
189,intermediate,6,tricky-python-questions-answers,2,easy,Python,False,intermediate,0.9008852376343893,0.09690499905595013,0.9008852376343893,0.002209763309660649,True,qbc
189,intermediate,7,python-technical-interview-questions-answers,10,easy,Python,False,intermediate,0.95542718378797,0.0394914889613223,0.95542718378797,0.005081327250707717,True,qbc
189,intermediate,8,python-questions-answers-tuples-2,1,easy,Python,False,intermediate,0.9697722391760257,0.015926797913365653,0.9697722391760257,0.014300962910608606,True,qbc
189,intermediate,9,python-mcqs-function-1,2,easy,Python,True,intermediate,0.9445805352581683,0.007430237087078208,0.9445805352581683,0.04798922765475345,True,qbc
189,intermediate,10,python-questions-answers-formatting-2,2,hard,Python,False,intermediate,0.9344661653844982,0.060151925959995085,0.9344661653844982,0.005381908655506684,True,qbc
189,intermediate,11,python-aptitude-test-questions,8,easy,Python,True,intermediate,0.9563353573481548,0.027417561692857938,0.9563353573481548,0.01624708095898717,True,qbc
189,intermediate,12,python-questions-answers-sys-module,10,medium,Python,False,intermediate,0.9562907862174023,0.023492700767206033,0.9562907862174023,0.020216513015391777,True,qbc
189,intermediate,13,python-aptitude-test-questions,3,medium,Python,True,intermediate,0.9465119175679166,0.01676775813327841,0.9465119175679166,0.03672032429880485,True,qbc
189,intermediate,14,python-mcqs-core-datatypes,2,medium,Python,False,intermediate,0.9481257403752194,0.03559598892018304,0.9481257403752194,0.016278270704597586,True,qbc
189,intermediate,15,python-questions-answers-freshers,1,medium,Python,False,intermediate,0.9470243528609992,0.04049395400743606,0.9470243528609992,0.012481693131564815,True,qbc
189,intermediate,16,python-questions-answers-built-in-functions-2,6,easy,Python,True,intermediate,0.948031842067904,0.026603121240982422,0.948031842067904,0.025365036691113504,True,qbc
189,intermediate,17,python-questions-answers-turtle-module-3,1,medium,Python,False,intermediate,0.9476163791859141,0.03098823519973964,0.9476163791859141,0.02139538561434619,True,qbc
189,intermediate,18,python-questions-answers-shallow-copy-deep-copy,3,medium,Python,False,intermediate,0.9454643247233409,0.02034559260753048,0.9454643247233409,0.03419008266912861,True,qbc
189,intermediate,19,python-scripting-interview-questions-answers,5,easy,Python,True,intermediate,0.9278887404352717,0.01344750407354937,0.9278887404352717,0.05866375549117887,True,qbc
189,intermediate,20,python-online-test,2,medium,Python,True,intermediate,0.9402125005607547,0.014070059497042705,0.9402125005607547,0.04571743994220254,True,qbc
286,advanced,1,data-structure-questions-answers-longest-palindromic-subsequence,4,easy,Data Structures,True,advanced,0.9976287441623249,3.11537110792378e-08,0.0023712246839638768,0.9976287441623249,True,qbc
286,advanced,2,data-structure-questions-answers-reverse-word-stack,6,medium,Data Structures,False,advanced,0.9983854866006228,1.4978170434208142e-08,0.001614498421206832,0.9983854866006228,True,qbc
286,advanced,3,java-questions-answers-data-structures-set,9,medium,Data Structures,True,advanced,0.9778853563098683,1.265900371097007e-06,0.02211337778976043,0.9778853563098683,True,qbc
286,advanced,4,1000-data-structure-questions-answers,2,medium,Data Structures,True,advanced,0.9758034699973692,1.6823137859709284e-06,0.02419484768884487,0.9758034699973692,True,qbc
286,advanced,5,data-structure-questions-answers-fibonacci-search,8,medium,Data Structures,True,advanced,0.9275646121933372,1.1957561716483077e-05,0.07242343024494623,0.9275646121933372,True,qbc
286,advanced,6,data-structure-questions-answers-matrix-chain-multiplication,1,medium,Data Structures,True,advanced,0.8858488224580202,2.232725510365094e-05,0.11412885028687621,0.8858488224580202,True,qbc
286,advanced,7,data-structure-questions-answers-circular-linked-lists,4,medium,Data Structures,False,advanced,0.9175678267271121,1.681518745255267e-05,0.08241535808543525,0.9175678267271121,True,qbc
286,advanced,8,data-structure-questions-answers-counting-boolean-parenthesizations,2,medium,Data Structures,False,advanced,0.8903532121503502,2.7679067307383205e-05,0.10961910878234227,0.8903532121503502,True,qbc
286,advanced,9,data-structure-questions-answers-hash-tables,8,medium,Data Structures,True,advanced,0.920939270886185,1.4435679945061482e-05,0.07904629343387,0.920939270886185,True,qbc
286,advanced,10,data-structure-questions-answers-queue-linked-list,3,medium,Data Structures,True,advanced,0.8639128971711271,3.601967447253678e-05,0.13605108315440032,0.8639128971711271,True,qbc
286,advanced,11,data-structure-questions-answers-reverse-word-stack,4,medium,Data Structures,True,advanced,0.8481935456091244,4.110967338561385e-05,0.15176534471749006,0.8481935456091244,True,qbc
286,advanced,12,data-structure-questions-answers-graph,6,easy,Data Structures,True,advanced,0.8542933003660333,3.2865045778305284e-05,0.1456738345881882,0.8542933003660333,True,qbc
286,advanced,13,data-structure-questions-answers-towers-hanoi,5,easy,Data Structures,True,advanced,0.8606100194450645,2.6614154531886388e-05,0.13936336640040356,0.8606100194450645,True,qbc
286,advanced,14,data-structure-questions-answers-free-list,2,easy,Data Structures,True,advanced,0.8852232601267576,1.6500721899540208e-05,0.11476023915134288,0.8852232601267576,True,qbc
286,advanced,15,data-structure-questions-answers-stack-using-queues,4,easy,Data Structures,True,advanced,0.9001718289776659,1.1152404030563831e-05,0.09981701861830354,0.9001718289776659,True,qbc
286,advanced,16,1000-data-structure-questions-answers,22,easy,Data Structures,True,advanced,0.9043107459670745,8.86440632923892e-06,0.09568038962659625,0.9043107459670745,True,qbc
286,advanced,17,data-structure-interview-questions-answers-freshers,3,easy,Data Structures,True,advanced,0.9130050148419296,6.596206572626505e-06,0.08698838895149777,0.9130050148419296,True,qbc
286,advanced,18,data-structure-questions-answers-reverse-word-stack,5,easy,Data Structures,False,advanced,0.8683164182981993,2.943452934954742e-05,0.13165414717245125,0.8683164182981993,True,qbc
286,advanced,19,data-structure-questions-answers-reverse-word-stack,3,easy,Data Structures,False,advanced,0.8401158092597826,3.63002407694851e-05,0.1598478904994481,0.8401158092597826,True,qbc
286,advanced,20,data-structure-assessment-questions-answers,4,easy,Data Structures,True,advanced,0.874801211733576,2.222384969271638e-05,0.1251765644167313,0.874801211733576,True,qbc
274,advanced,1,data-structure-questions-answers-parallel-array,5,easy,Data Structures,True,advanced,0.6304118916979577,0.00040615416108995484,0.36918195414095223,0.6304118916979577,True,qbc
274,advanced,2,data-structure-questions-answers-minimum-number-jumps,4,easy,Data Structures,False,advanced,0.966099242590773,8.164303683133956e-06,0.03389259310554399,0.966099242590773,True,qbc
274,advanced,3,data-structure-questions-answers-circular-linked-lists,4,medium,Data Structures,True,advanced,0.9741112292232276,1.094312037023773e-06,0.025887676464735367,0.9741112292232276,True,qbc
274,advanced,4,data-structure-questions-answers-binary-trees-linked-lists,4,easy,Data Structures,True,advanced,0.9896970160020954,2.005221336504563e-07,0.010302783475770926,0.9896970160020954,True,qbc
274,advanced,5,data-structure-questions-answers-graph,5,easy,Data Structures,True,advanced,0.9940272432058865,7.278936893568581e-08,0.005972684004744551,0.9940272432058865,True,qbc
274,advanced,6,data-structure-questions-answers-binomial-fibonacci-heap,8,easy,Data Structures,True,advanced,0.9966484526820387,2.2930905239213852e-08,0.0033515243870559605,0.9966484526820387,True,qbc
274,advanced,7,data-structure-questions-answers-undirected-graph,4,medium,Data Structures,True,advanced,0.9739501281369374,9.649137188195921e-07,0.026048906949343906,0.9739501281369374,True,qbc
274,advanced,8,data-structure-questions-answers-longest-palindromic-subsequence,1,medium,Data Structures,True,advanced,0.9748696959940933,8.48568501086094e-07,0.025129455437405603,0.9748696959940933,True,qbc
274,advanced,9,data-structure-questions-answers-breadth-first-search,8,medium,Data Structures,True,advanced,0.9650635297404703,1.4014258888398475e-06,0.034935068833640795,0.9650635297404703,True,qbc
274,advanced,10,data-structure-questions-answers-heap,7,medium,Data Structures,True,advanced,0.9417984274477468,3.5095719668616485e-06,0.058198062980286416,0.9417984274477468,True,qbc
274,advanced,11,data-structure-questions-answers-graph,13,medium,Data Structures,True,advanced,0.9162942906722762,6.256810500569411e-06,0.08369945251722331,0.9162942906722762,True,qbc
274,advanced,12,data-structure-questions-answers-edit-distance-problem,3,medium,Data Structures,True,advanced,0.8638662934816148,1.5694921078509016e-05,0.1361180115973066,0.8638662934816148,True,qbc
274,advanced,13,data-structure-questions-answers-edit-distance-problem,1,medium,Data Structures,True,advanced,0.854254535618594,1.582880864438337e-05,0.14572963557276156,0.854254535618594,True,qbc
274,advanced,14,data-structure-questions-answers-0-1-knapsack-problem,2,medium,Data Structures,True,advanced,0.7933297417896255,2.540092742604703e-05,0.20664485728294854,0.7933297417896255,True,qbc
274,advanced,15,data-structure-questions-answers-xor-linked-list,1,medium,Data Structures,True,advanced,0.7673677125697288,2.9085249554409262e-05,0.23260320218071687,0.7673677125697288,True,qbc
274,advanced,16,data-structure-questions-answers-fibonacci-search,6,easy,Data Structures,True,advanced,0.8564756485985223,1.0232763838187335e-05,0.14351411863763944,0.8564756485985223,True,qbc
274,advanced,17,data-structure-questions-answers-incidence-matrix-graph-structured-stack,11,easy,Data Structures,True,advanced,0.9140832945031765,3.4301996762501927e-06,0.08591327529714708,0.9140832945031765,True,qbc
274,advanced,18,java-questions-answers-data-structures-list,2,easy,Data Structures,True,advanced,0.92613421378753,2.3268189028337625e-06,0.07386345939356716,0.92613421378753,True,qbc
274,advanced,19,data-structure-assessment-questions-answers,4,easy,Data Structures,True,advanced,0.9446362848287445,1.224195770502553e-06,0.05536249097548495,0.9446362848287445,True,qbc
274,advanced,20,data-structure-questions-answers-matrix,6,easy,Data Structures,True,advanced,0.9507469932576011,8.566758617285995e-07,0.04925215006653734,0.9507469932576011,True,qbc
97,beginner,1,discrete-mathematics-questions-answers-terms-binomial-expansion,9,easy,Discrete Mathematics,False,intermediate,0.7540638797796902,0.0844769520895368,0.7540638797796902,0.1614591681307729,False,qbc
97,beginner,2,discrete-mathematics-puzzles,6,medium,Discrete Mathematics,False,beginner,0.8887859414322661,0.8887859414322661,0.11119471975054966,1.9338817184037625e-05,True,qbc
97,beginner,3,discrete-mathematics-basic-questions-answers,7,medium,Discrete Mathematics,True,beginner,0.965579850275721,0.965579850275721,0.03442000336522325,1.4635905575910517e-07,True,qbc
97,beginner,4,discrete-mathematics-questions-answers-ciphers,6,medium,Discrete Mathematics,False,beginner,0.994302045877615,0.994302045877615,0.005697948616872316,5.505512984896124e-09,True,qbc
97,beginner,5,discrete-mathematics-questions-answers-circular-permutations,4,medium,Discrete Mathematics,True,beginner,0.9736805525744481,0.9736805525744481,0.026319372756241854,7.466930989962385e-08,True,qbc
97,beginner,6,discrete-mathematics-questions-answers-multiplication-theorem-probability,2,medium,Discrete Mathematics,True,beginner,0.9946029334753451,0.9946029334753451,0.0053970653609594745,1.1636953741637934e-09,True,qbc
97,beginner,7,discrete-mathematics-questions-answers-recurrence-relation,9,medium,Discrete Mathematics,False,beginner,0.9980521231298701,0.9980521231298701,0.001947876673413679,1.9671608837990869e-10,True,qbc
97,beginner,8,discrete-mathematics-questions-answers-inference,3,medium,Discrete Mathematics,True,beginner,0.9982687668593162,0.9982687668593162,0.001731233045556068,9.512777815436027e-11,True,qbc
97,beginner,9,discrete-mathematics-questions-answers-recurrence-relation,1,medium,Discrete Mathematics,False,beginner,0.9992555911439388,0.9992555911439388,0.0007444088366569474,1.940429759132275e-11,True,qbc
97,beginner,10,discrete-mathematics-questions-answers-pigeonhole-principle,2,medium,Discrete Mathematics,False,beginner,0.9992305910672281,0.9992305910672281,0.0007694089055537414,2.7218056571363537e-11,True,qbc
97,beginner,11,discrete-mathematics-questions-answers-aptitude-test,4,medium,Discrete Mathematics,True,beginner,0.99975814799806,0.99975814799806,0.0002418520001615805,1.778331964814243e-12,True,qbc
97,beginner,12,discrete-mathematics-questions-answers-ciphers,9,easy,Discrete Mathematics,True,beginner,0.9983276781431563,0.9983276781431563,0.0016723216889684115,1.6787536292540207e-10,True,qbc
97,beginner,13,discrete-mathematics-questions-answers-prime-numbers,8,easy,Discrete Mathematics,True,beginner,0.9964824603916266,0.9964824603916266,0.003517538776109809,8.322635800963947e-10,True,qbc
97,beginner,14,discrete-mathematics-written-test-questions-answers,4,easy,Discrete Mathematics,True,beginner,0.9930258020599471,0.9930258020599471,0.00697419490801249,3.032040562430087e-09,True,qbc
97,beginner,15,discrete-mathematics-questions-answers-experienced,9,easy,Discrete Mathematics,False,beginner,0.9955933388646779,0.9955933388646779,0.004406659644541359,1.49078061921735e-09,True,qbc
97,beginner,16,discrete-mathematics-mcqs-applications-number-theory,2,easy,Discrete Mathematics,True,beginner,0.9916438416531301,0.9916438416531301,0.00835615306849655,5.278373348077537e-09,True,qbc
97,beginner,17,discrete-mathematics-questions-answers-diagraph,5,easy,Discrete Mathematics,False,beginner,0.9896936061406355,0.9896936061406355,0.010306385430952443,8.428412261525097e-09,True,qbc
97,beginner,18,discrete-mathematics-questions-answers-boolean-algebra,10,easy,Discrete Mathematics,False,beginner,0.9858976939405938,0.9858976939405938,0.014102291396349336,1.466305697071104e-08,True,qbc
97,beginner,19,discrete-mathematics-puzzles,2,easy,Discrete Mathematics,True,beginner,0.9674454383156481,0.9674454383156481,0.032554471415263374,9.026908856664907e-08,True,qbc
97,beginner,20,discrete-mathematics-questions-answers-logic-circuits,7,easy,Discrete Mathematics,False,beginner,0.9533152720550517,0.9533152720550517,0.046684514098821434,2.1384612673582025e-07,True,qbc
169,intermediate,1,data-structure-questions-answers-matrix,1,easy,Data Structures,False,intermediate,0.7331491134498833,0.012238755674790477,0.7331491134498833,0.2546121308753262,True,qbc
169,intermediate,2,data-structure-interview-questions-answers-freshers,8,hard,Data Structures,False,intermediate,0.9201772960328825,0.07277031700255446,0.9201772960328825,0.00705238696456308,True,qbc
169,intermediate,3,data-structure-questions-answers-balanced-partition,10,easy,Data Structures,False,intermediate,0.5661206590770257,0.00105119348457607,0.5661206590770257,0.43282814743839826,True,qbc
169,intermediate,4,data-structure-questions-answers-graph,6,easy,Data Structures,False,advanced,0.7651346587746087,8.152939001283076e-05,0.23478381183537853,0.7651346587746087,False,qbc
169,intermediate,5,data-structure-questions-answers-string-reversal-recursion,2,hard,Data Structures,False,intermediate,0.7540041738425154,0.00197759712813916,0.7540041738425154,0.24401822902934545,True,qbc
169,intermediate,6,data-structure-questions-answers-dynamic-array,10,easy,Data Structures,False,intermediate,0.5892014951347906,0.0009941110050968964,0.5892014951347906,0.4098043938601126,True,qbc
169,intermediate,7,data-structure-questions-answers-graph,5,easy,Data Structures,False,advanced,0.5915206227472786,0.0003446472601249609,0.4081347299925965,0.5915206227472786,False,qbc
169,intermediate,8,data-structure-questions-answers-skip-list,8,medium,Data Structures,False,intermediate,0.862276925867609,0.0012522439341456628,0.862276925867609,0.13647083019824535,True,qbc
169,intermediate,9,data-structure-questions-answers-weight-balanced-tree,7,hard,Data Structures,False,intermediate,0.9604774983817574,0.004651198623006062,0.9604774983817574,0.03487130299523648,True,qbc
169,intermediate,10,data-structure-questions-answers-stack-array,8,hard,Data Structures,False,intermediate,0.9784674525527259,0.011737905514088445,0.9784674525527259,0.009794641933185513,True,qbc
169,intermediate,11,data-structure-questions-answers-preorder-traversal,7,medium,Data Structures,False,intermediate,0.9660568360216651,0.031076692979991535,0.9660568360216651,0.0028664709983431996,True,qbc
169,intermediate,12,data-structure-questions-answers-incidence-matrix-graph-structured-stack,11,easy,Data Structures,False,intermediate,0.9792108693677942,0.012560303754545797,0.9792108693677942,0.008228826877660042,True,qbc
169,intermediate,13,data-structure-questions-answers-undirected-graph,4,medium,Data Structures,False,intermediate,0.9800522381400062,0.009521920622347364,0.9800522381400062,0.010425841237646427,True,qbc
169,intermediate,14,data-structure-questions-answers-longest-palindromic-subsequence,1,medium,Data Structures,False,intermediate,0.979932419588586,0.011103270795684706,0.979932419588586,0.00896430961572922,True,qbc
169,intermediate,15,disjoint-set-data-structure-multiple-choice-questions-answers-mcqs,7,easy,Data Structures,False,intermediate,0.9802858515683246,0.008463771013921888,0.9802858515683246,0.011250377417753572,True,qbc
169,intermediate,16,data-structure-questions-answers-minimum-number-jumps,4,easy,Data Structures,True,intermediate,0.8820525136448547,0.0021546706733677847,0.8820525136448547,0.11579281568177749,True,qbc
169,intermediate,17,data-structure-questions-answers-matrix,2,hard,Data Structures,True,intermediate,0.8783057773277464,0.0026840713632798148,0.8783057773277464,0.11901015130897369,True,qbc
169,intermediate,18,data-structure-questions-answers-dynamic-array,14,hard,Data Structures,False,intermediate,0.9630592166604892,0.01247892857804781,0.9630592166604892,0.024461854761462887,True,qbc
169,intermediate,19,data-structure-questions-answers-matrix-chain-multiplication,1,medium,Data Structures,True,intermediate,0.9568629366798626,0.009416550318940191,0.9568629366798626,0.033720513001197355,True,qbc
169,intermediate,20,data-structure-questions-answers-sparse-array,1,medium,Data Structures,True,intermediate,0.9664871292664066,0.012710634945291937,0.9664871292664066,0.02080223578830152,True,qbc
36,beginner,1,javascript-mcqs-types-values-variables,10,hard,Java,False,beginner,0.9993218622617543,0.9993218622617543,0.0006781376799545226,5.829113156322524e-11,True,qbc
36,beginner,2,java-mcqs-http-response-urlconnection-class,5,medium,Java,False,intermediate,0.6204002171591637,0.37945918021561675,0.6204002171591637,0.00014060262521959393,False,qbc
36,beginner,3,java-questions-answers-heap-garbage-collection,6,medium,Java,True,intermediate,0.790288378265956,0.20968590700925893,0.790288378265956,2.5714724785036887e-05,False,qbc
36,beginner,4,java-mcqs-collection-interface,1,easy,Java,True,intermediate,0.7561693130945857,0.243774334484631,0.7561693130945857,5.63524207832572e-05,False,qbc
36,beginner,5,java-mcqs-url-class,3,easy,Java,True,intermediate,0.9514628191652341,0.04825992544113073,0.9514628191652341,0.0002772553936351926,False,qbc
36,beginner,6,java-questions-answers-entrance-exams,1,medium,Java,False,intermediate,0.5792035138097105,0.4207774054127893,0.5792035138097105,1.9080777500287907e-05,False,qbc
36,beginner,7,java-mcqs-collection-algorithms,3,easy,Java,True,intermediate,0.9166059351012551,0.08320267515564157,0.9166059351012551,0.00019138974310339393,False,qbc
36,beginner,8,java-mcqs-recursion,6,hard,Java,False,beginner,0.5546489198991977,0.5546489198991977,0.4453401095843332,1.0970516469094193e-05,True,qbc
36,beginner,9,java-mcqs-networking-basics,5,easy,Java,True,intermediate,0.649680896231092,0.3502923996230155,0.649680896231092,2.6704145892350386e-05,False,qbc
36,beginner,10,java-mcqs-system-class-advance,3,easy,Java,True,intermediate,0.7646131100756258,0.23533964435519966,0.7646131100756258,4.724556917444442e-05,False,qbc
36,beginner,11,advanced-java-questions-answers-client-server,3,easy,Java,True,intermediate,0.821582599145414,0.17836536257164243,0.821582599145414,5.2038282943694304e-05,False,qbc
36,beginner,12,java-basic-questions-answers,5,hard,Java,True,intermediate,0.799656460685703,0.20029271547064859,0.799656460685703,5.0823843648527805e-05,False,qbc
36,beginner,13,advanced-java-questions-answers-debugging-eclipse,7,hard,Java,False,beginner,0.6946076357964382,0.6946076357964382,0.3053896488274802,2.715376081452273e-06,True,qbc
36,beginner,14,javascript-mcqs-getting-started-R-I,4,easy,Java,False,beginner,0.6674860816784504,0.6674860816784504,0.33250964757536183,4.270746187871905e-06,True,qbc
36,beginner,15,java-mcqs-reading-console-input,3,medium,Java,False,beginner,0.6924708568695569,0.6924708568695569,0.30752523714839314,3.905982049975168e-06,True,qbc
36,beginner,16,java-mcqs-seraching-modifying-string,2,medium,Java,True,beginner,0.6498147229750006,0.6498147229750006,0.3501811463692703,4.130655729154714e-06,True,qbc
36,beginner,17,javascript-questions-answers-freshers,1,medium,Java,False,beginner,0.7604094314253963,0.7604094314253963,0.2395885969628316,1.97161177208978e-06,True,qbc
36,beginner,18,javascript-mcqs-node-operations-I,10,medium,Java,True,beginner,0.6927474931924315,0.6927474931924315,0.30724896150760883,3.5452999598412936e-06,True,qbc
36,beginner,19,javascript-mcqs-blobs,9,easy,Java,True,beginner,0.5671859145156161,0.5671859145156161,0.4328069854397141,7.100044669784919e-06,True,qbc
36,beginner,20,javascript-mcqs-error-handling-i,3,hard,Java,True,beginner,0.5607705181216517,0.5607705181216517,0.4392208674717797,8.614406568593786e-06,True,qbc
195,intermediate,1,disjoint-set-data-structure-multiple-choice-questions-answers-mcqs,7,easy,Data Structures,False,advanced,0.7449885326134035,0.0007640286349917289,0.25424743875160466,0.7449885326134035,False,qbc
195,intermediate,2,data-structure-questions-answers-binary-search-tree,1,hard,Data Structures,True,intermediate,0.7409127731137256,0.2575518323466692,0.7409127731137256,0.0015353945396053127,True,qbc
195,intermediate,3,data-structure-questions-answers-0-1-knapsack-problem,2,medium,Data Structures,True,intermediate,0.9684699947359283,0.01069482225165893,0.9684699947359283,0.020835183012412804,True,qbc
195,intermediate,4,java-questions-answers-data-structures-list,7,easy,Data Structures,False,intermediate,0.8275857607004896,0.0014789545991824539,0.8275857607004896,0.17093528470032787,True,qbc
195,intermediate,5,1000-data-structure-questions-answers,23,hard,Data Structures,False,intermediate,0.9761690949817153,0.019375667471379768,0.9761690949817153,0.004455237546905005,True,qbc
195,intermediate,6,data-structure-questions-answers-stack-using-queues,4,easy,Data Structures,True,intermediate,0.8508941364657254,0.0012177916442432206,0.8508941364657254,0.1478880718900314,True,qbc
195,intermediate,7,data-structure-questions-answers-minimum-number-jumps,4,easy,Data Structures,False,intermediate,0.7681469557407127,0.0006922032621465545,0.7681469557407127,0.23116084099714077,True,qbc
195,intermediate,8,data-structure-questions-answers-propositional-directed-acyclic-word-graph,5,medium,Data Structures,False,intermediate,0.9217224949492154,0.002259375384917951,0.9217224949492154,0.0760181296658666,True,qbc
195,intermediate,9,data-structure-questions-answers-preorder-traversal,1,medium,Data Structures,False,intermediate,0.9753275433311389,0.008441629981415132,0.9753275433311389,0.01623082668744588,True,qbc
195,intermediate,10,java-questions-answers-data-structures-list,9,medium,Data Structures,False,intermediate,0.9798997780458145,0.012434341198895879,0.9798997780458145,0.007665880755289528,True,qbc
195,intermediate,11,data-structure-assessment-questions-answers,3,medium,Data Structures,False,intermediate,0.9779394001410795,0.017024605807178066,0.9779394001410795,0.005035994051742336,True,qbc
195,intermediate,12,data-structure-questions-answers-generating-partitions,4,hard,Data Structures,False,intermediate,0.9422937575801047,0.056740690830729246,0.9422937575801047,0.0009655515891661403,True,qbc
195,intermediate,13,data-structure-questions-answers-binary-search-iterative,9,medium,Data Structures,False,intermediate,0.9429045969547829,0.056195881117452974,0.9429045969547829,0.0008995219277640779,True,qbc
195,intermediate,14,data-structure-questions-answers-counting-boolean-parenthesizations,2,medium,Data Structures,True,intermediate,0.9664672458403448,0.030459616115301767,0.9664672458403448,0.003073138044353352,True,qbc
195,intermediate,15,data-structure-questions-answers-edit-distance-problem,3,medium,Data Structures,True,intermediate,0.9137365671664663,0.08551562489085213,0.9137365671664663,0.0007478079426814026,True,qbc
195,intermediate,16,data-structure-questions-answers-reverse-word-stack,4,medium,Data Structures,False,intermediate,0.8997045846591643,0.09959156680890273,0.8997045846591643,0.0007038485319331243,True,qbc
195,intermediate,17,data-structure-questions-answers-stack-operations,4,easy,Data Structures,False,intermediate,0.9480169117553372,0.05055491542723646,0.9480169117553372,0.0014281728174263726,True,qbc
195,intermediate,18,data-structure-questions-answers-longest-increasing-subsequence,2,medium,Data Structures,True,intermediate,0.9513599987983213,0.04722449928362449,0.9513599987983213,0.0014155019180542574,True,qbc
195,intermediate,19,data-structure-questions-answers-non-recursive-depth-first-search,4,hard,Data Structures,False,intermediate,0.9425022035433962,0.056503916074045174,0.9425022035433962,0.0009938803825586843,True,qbc
195,intermediate,20,data-structure-questions-answers-counting-boolean-parenthesizations,1,hard,Data Structures,False,intermediate,0.9196660890212188,0.07979751150074828,0.9196660890212188,0.0005363994780328936,True,qbc
6,beginner,1,data-structure-questions-answers-binary-search-iterative,9,medium,Data Structures,True,beginner,0.9549171307929516,0.9549171307929516,0.04508286301835189,6.188696600838343e-09,True,qbc
6,beginner,2,data-structure-questions-answers-coin-change-problem,2,hard,Data Structures,False,beginner,0.9942836575827174,0.9942836575827174,0.005716342366485147,5.0797533908251944e-11,True,qbc
6,beginner,3,data-structure-questions-answers-generating-partitions,7,easy,Data Structures,False,beginner,0.9927403986458475,0.9927403986458475,0.007259600865255473,4.888970683331217e-10,True,qbc
6,beginner,4,data-structure-questions-answers-binomial-fibonacci-heap,4,hard,Data Structures,False,beginner,0.9995509059076277,0.9995509059076277,0.00044909409159359873,7.786800032708868e-13,True,qbc
6,beginner,5,data-structure-questions-answers-string-reversal-recursion,2,hard,Data Structures,False,beginner,0.9999759468892915,0.9999759468892915,2.4053110707026325e-05,1.4447823212475563e-15,True,qbc
6,beginner,6,data-structure-questions-answers-non-recursive-depth-first-search,4,hard,Data Structures,False,beginner,0.9999859161173682,0.9999859161173682,1.4083882631088934e-05,7.528016430662391e-16,True,qbc
6,beginner,7,data-structure-questions-answers-propositional-directed-acyclic-word-graph,2,easy,Data Structures,True,beginner,0.9995801761932722,0.9995801761932722,0.00041982380405223413,2.6754107310804522e-12,True,qbc
6,beginner,8,1000-data-structure-questions-answers,22,easy,Data Structures,True,beginner,0.9983881582886907,0.9983881582886907,0.0016118416709732424,4.033609664881597e-11,True,qbc
6,beginner,9,data-structure-questions-answers-matrix,2,hard,Data Structures,False,beginner,0.9995223692270457,0.9995223692270457,0.0004776307693025132,3.651848307660341e-12,True,qbc
6,beginner,10,data-structure-questions-answers-binary-trees-linked-lists,8,hard,Data Structures,False,beginner,0.9998403642818773,0.9998403642818773,0.0001596357178814861,2.413204275803323e-13,True,qbc
6,beginner,11,data-structure-questions-answers-circular-linked-lists,10,hard,Data Structures,False,beginner,0.9998781310137596,0.9998781310137596,0.00012186898611234547,1.2800172537990496e-13,True,qbc
6,beginner,12,data-structure-questions-answers-edit-distance-problem,8,hard,Data Structures,False,beginner,0.999943122343735,0.999943122343735,5.6877656243095365e-05,2.198374475034022e-14,True,qbc
6,beginner,13,data-structure-questions-answers-bit-array,7,hard,Data Structures,False,beginner,0.9999452019949726,0.9999452019949726,5.47980050078507e-05,1.9553589515133994e-14,True,qbc
6,beginner,14,data-structure-questions-answers-binary-search-tree,1,hard,Data Structures,True,beginner,0.9999593943314402,0.9999593943314402,4.06056685393814e-05,2.0390742773883255e-14,True,qbc
6,beginner,15,data-structure-interview-questions-answers-freshers,3,easy,Data Structures,True,beginner,0.9998349136308942,0.9998349136308942,0.00016508636869936054,4.064981148932656e-13,True,qbc
6,beginner,16,data-structure-questions-answers-graph,4,easy,Data Structures,False,beginner,0.9996531083952219,0.9996531083952219,0.00034689160261907383,2.1590627249844325e-12,True,qbc
6,beginner,17,data-structure-questions-answers-balanced-partition,10,easy,Data Structures,True,beginner,0.9990262205477257,0.9990262205477257,0.0009737794323203581,1.9953811077430518e-11,True,qbc
6,beginner,18,data-structure-questions-answers-rod-cutting,9,easy,Data Structures,False,beginner,0.9987639024574869,0.9987639024574869,0.0012360975162060488,2.6307014191782377e-11,True,qbc
6,beginner,19,data-structure-questions-answers-reverse-word-stack,5,easy,Data Structures,False,beginner,0.9973671101776602,0.9973671101776602,0.002632889708888057,1.1345162597808344e-10,True,qbc
6,beginner,20,data-structure-questions-answers-stack-using-queues,1,easy,Data Structures,False,beginner,0.9955614877792951,0.9955614877792951,0.004438511964029965,2.56674881613551e-10,True,qbc
7,beginner,1,automata-theory-questions-answers-operators-regular-expression,4,hard,Automata Theory,True,beginner,0.9999998388561069,0.9999998388561069,1.611438930394221e-07,1.630002767129009e-19,True,qbc
7,beginner,2,automata-theory-questions-answers-the-language-nfa,3,medium,Automata Theory,False,intermediate,0.7220223337052238,0.27795020973849127,0.7220223337052238,2.745655628491013e-05,False,qbc
7,beginner,3,automata-theory-questions-answers-campus-interviews,4,hard,Automata Theory,False,beginner,0.584592329346011,0.584592329346011,0.4154070669139068,6.037400822625648e-07,True,qbc
7,beginner,4,automata-theory-questions-answers-test,11,easy,Automata Theory,True,beginner,0.835375372282726,0.835375372282726,0.16462286861482317,1.7591024510626397e-06,True,qbc
7,beginner,5,automata-theory-questions-answers-freshers,5,easy,Automata Theory,False,beginner,0.7941943596136444,0.7941943596136444,0.20580479084444525,8.495419104016962e-07,True,qbc
7,beginner,6,automata-theory-questions-answers-multistack-machines-counter-machines,8,hard,Automata Theory,False,beginner,0.9669467512795056,0.9669467512795056,0.033053243548479966,5.172014332119149e-09,True,qbc
7,beginner,7,automata-theory-questions-answers-the-diagonalization-languages,8,easy,Automata Theory,True,beginner,0.7791798308009487,0.7791798308009487,0.22081931111443792,8.580846135028813e-07,True,qbc
7,beginner,8,automata-theory-questions-answers-rices-theorem-properties,9,easy,Automata Theory,True,beginner,0.6069184274813547,0.6069184274813547,0.3930743330804657,7.239438179438527e-06,True,qbc
7,beginner,9,automata-theory-mcqs-finite-automata,3,easy,Automata Theory,True,intermediate,0.6781385213459514,0.3217969114391736,0.6781385213459514,6.456721487495785e-05,False,qbc
7,beginner,10,automata-theory-mcqs-finite-automata,9,easy,Automata Theory,True,intermediate,0.7156429393744909,0.28425446125708786,0.7156429393744909,0.00010259936842123808,False,qbc
7,beginner,11,automata-theory-questions-answers-cfl-substitution-theorem,2,easy,Automata Theory,True,intermediate,0.7597780523649991,0.2400619175295101,0.7597780523649991,0.00016003010549093028,False,qbc
7,beginner,12,automata-theory-questions-answers-regular-languages-dpda,6,hard,Automata Theory,False,beginner,0.6144686725998489,0.6144686725998489,0.38552112780616304,1.0199593988093924e-05,True,qbc
7,beginner,13,automata-theory-questions-answers-class-rp-zpp,9,easy,Automata Theory,False,intermediate,0.5910593417479206,0.408915079719857,0.5910593417479206,2.557853222235649e-05,False,qbc
7,beginner,14,automata-theory-questions-answers-the-language-dfa,8,easy,Automata Theory,False,intermediate,0.7533145129141835,0.2466245697094242,0.7533145129141835,6.091737639236248e-05,False,qbc
7,beginner,15,automata-theory-questions-answers-rices-theorem-properties,8,easy,Automata Theory,False,intermediate,0.8245138539407206,0.17540676726625842,0.8245138539407206,7.937879302105083e-05,False,qbc
7,beginner,16,automata-theory-questions-answers-algebric-laws-finding-patterns-derivatives,4,hard,Automata Theory,False,intermediate,0.6192370708953038,0.3807488913596268,0.6192370708953038,1.4037745069464527e-05,False,qbc
7,beginner,17,automata-theory-questions-answers-sentential-forms,1,medium,Automata Theory,True,intermediate,0.6395977958341841,0.36036889022096175,0.6395977958341841,3.331394485412726e-05,False,qbc
7,beginner,18,automata-theory-questions-answers-freshers,4,medium,Automata Theory,True,intermediate,0.6793204736000958,0.3206207314367012,0.6793204736000958,5.879496320296937e-05,False,qbc
7,beginner,19,automata-theory-questions-answers-regular-expression-unix,1,medium,Automata Theory,False,intermediate,0.5345495431655706,0.46542918694104346,0.5345495431655706,2.1269893385924567e-05,False,qbc
7,beginner,20,automata-theory-questions-answers-operators-regular-expression,2,medium,Automata Theory,False,beginner,0.5195568972470915,0.5195568972470915,0.48043138247995604,1.1720272952493208e-05,True,qbc
100,intermediate,1,python-questions-answers-function-4,5,hard,Python,False,intermediate,0.8456098980526954,0.002244310950670402,0.8456098980526954,0.15214579099663414,True,qbc
100,intermediate,2,python-questions-answers-exception-handling-3,7,hard,Python,False,intermediate,0.5127945038842314,0.48714778598914993,0.5127945038842314,5.7710126618618044e-05,True,qbc
100,intermediate,3,1000-python-questions-answers,29,medium,Python,False,intermediate,0.9010144299163815,0.09874154488778492,0.9010144299163815,0.00024402519583363694,True,qbc
100,intermediate,4,python-developer-questions-answers,9,easy,Python,True,intermediate,0.7870145227217205,0.21203290272247685,0.7870145227217205,0.0009525745558027225,True,qbc
100,intermediate,5,python-questions-answers-precedence-associativity-1,10,easy,Python,True,intermediate,0.9211968206348199,0.07377782507108496,0.9211968206348199,0.005025354294095206,True,qbc
100,intermediate,6,python-scripting-interview-questions-answers,7,easy,Python,True,intermediate,0.9551416965315366,0.026536326503564567,0.9551416965315366,0.01832197696489874,True,qbc
100,intermediate,7,python-mcqs-basic-operators,10,easy,Python,False,intermediate,0.9576030770214445,0.01940632558035243,0.9576030770214445,0.02299059739820309,True,qbc
100,intermediate,8,1000-python-questions-answers,32,easy,Python,True,intermediate,0.9421467756127778,0.014391811160386844,0.9421467756127778,0.0434614132268353,True,qbc
100,intermediate,9,python-questions-answers-modules,6,easy,Python,False,intermediate,0.9155468398914541,0.006934696447497668,0.9155468398914541,0.07751846366104823,True,qbc
100,intermediate,10,python-questions-answers-sets-1,3,hard,Python,False,intermediate,0.9300877094135872,0.00927451113502634,0.9300877094135872,0.0606377794513864,True,qbc
100,intermediate,11,python-aptitude-test-questions,3,medium,Python,False,intermediate,0.9155567888426898,0.0066755221035413375,0.9155567888426898,0.07776768905376881,True,qbc
100,intermediate,12,python-questions-answers-built-in-functions-2,8,medium,Python,False,intermediate,0.9229745173322523,0.007838135253436396,0.9229745173322523,0.06918734741431129,True,qbc
100,intermediate,13,1000-python-questions-answers,23,easy,Python,True,intermediate,0.8010082368917492,0.003173600430377657,0.8010082368917492,0.1958181626778732,True,qbc
100,intermediate,14,python-questions-answers-formatting-2,3,hard,Python,False,intermediate,0.932605048758525,0.014489309553696922,0.932605048758525,0.052905641687778074,True,qbc
100,intermediate,15,python-programming-interview-questions-answers,5,medium,Python,True,intermediate,0.9035920023986076,0.010294053450131024,0.9035920023986076,0.08611394415126129,True,qbc
100,intermediate,16,python-questions-answers-matrix-list-comprehension,7,hard,Python,True,intermediate,0.9237267200991534,0.022908216409598028,0.9237267200991534,0.05336506349124865,True,qbc
100,intermediate,17,python-mcqs-strings-1,5,easy,Python,False,intermediate,0.9272570278281579,0.02500793207657289,0.9272570278281579,0.04773504009526928,True,qbc
100,intermediate,18,python-quiz,4,medium,Python,True,intermediate,0.9051849290322194,0.018094570158907038,0.9051849290322194,0.07672050080887356,True,qbc
100,intermediate,19,python-questions-answers-bitwise-2,7,medium,Python,False,intermediate,0.8997439611487754,0.01572017724108145,0.8997439611487754,0.08453586161014304,True,qbc
100,intermediate,20,python-mcqs-core-datatypes,3,medium,Python,False,intermediate,0.9268310398220319,0.022912253530522973,0.9268310398220319,0.05025670664744505,True,qbc
214,advanced,1,data-structure-questions-answers-fibonacci-search,7,easy,Data Structures,True,advanced,0.9991837490675839,4.543909796623879e-09,0.000816246388506354,0.9991837490675839,True,qbc
214,advanced,2,data-structure-questions-answers-reverse-word-stack,1,medium,Data Structures,True,advanced,0.9840414188571165,3.1727483757334867e-07,0.015958263868046045,0.9840414188571165,True,qbc
214,advanced,3,data-structure-questions-answers-longest-common-subsequence,3,medium,Data Structures,True,advanced,0.9200179581445926,5.545282787592974e-06,0.07997649657261972,0.9200179581445926,True,qbc
214,advanced,4,data-structure-questions-answers-fibonacci-search,8,medium,Data Structures,True,advanced,0.9876858661957055,1.5966655841524685e-07,0.012313974137736054,0.9876858661957055,True,qbc
214,advanced,5,data-structure-questions-answers-propositional-directed-acyclic-word-graph,5,medium,Data Structures,True,advanced,0.9870778861941314,1.587393957446909e-07,0.012921955066472852,0.9870778861941314,True,qbc
214,advanced,6,data-structure-questions-answers-heap,6,medium,Data Structures,True,advanced,0.9531089696840243,1.4688343949235125e-06,0.046889561481580626,0.9531089696840243,True,qbc
214,advanced,7,data-structure-questions-answers-undirected-graph,4,medium,Data Structures,True,advanced,0.9449117200376965,1.8199696579274177e-06,0.05508645999264548,0.9449117200376965,True,qbc
214,advanced,8,data-structure-questions-answers-circular-linked-lists,4,medium,Data Structures,True,advanced,0.9595404263624804,1.047602329260346e-06,0.04045852603519029,0.9595404263624804,True,qbc
214,advanced,9,data-structure-interview-questions-answers-freshers,2,medium,Data Structures,False,advanced,0.9345058553187007,5.5903374875615615e-06,0.06548855434381182,0.9345058553187007,True,qbc
214,advanced,10,1000-data-structure-questions-answers,21,medium,Data Structures,True,advanced,0.935978804534801,5.157526201872695e-06,0.06401603793899734,0.935978804534801,True,qbc
214,advanced,11,data-structure-questions-answers-reverse-word-stack,6,medium,Data Structures,True,advanced,0.9269956361468682,5.924307514984656e-06,0.07299843954561669,0.9269956361468682,True,qbc
214,advanced,12,data-structure-questions-answers-dynamic-array,10,easy,Data Structures,True,advanced,0.9206282573141151,5.9270494209225725e-06,0.07936581563646392,0.9206282573141151,True,qbc
214,advanced,13,data-structure-questions-answers-threaded-binary-tree,2,easy,Data Structures,True,advanced,0.9491558658341614,2.2472219818098828e-06,0.05084188694385671,0.9491558658341614,True,qbc
214,advanced,14,data-structure-questions-answers-binomial-fibonacci-heap,8,easy,Data Structures,False,advanced,0.8707271736676733,1.3805093163249841e-05,0.1292590212391635,0.8707271736676733,True,qbc
214,advanced,15,data-structure-interview-questions-answers-freshers,3,easy,Data Structures,True,advanced,0.9259130067680872,4.7269735769283715e-06,0.07408226625833586,0.9259130067680872,True,qbc
214,advanced,16,data-structure-questions-answers-heap,2,easy,Data Structures,False,advanced,0.9149799927764692,5.466473772999791e-06,0.08501454074975764,0.9149799927764692,True,qbc
214,advanced,17,data-structure-questions-answers-reverse-word-stack,5,easy,Data Structures,False,advanced,0.8978867676392293,6.769016300993106e-06,0.10210646334446974,0.8978867676392293,True,qbc
214,advanced,18,data-structure-questions-answers-weak-heap,7,easy,Data Structures,True,advanced,0.9187889133666938,4.554153860408854e-06,0.08120653247944594,0.9187889133666938,True,qbc
214,advanced,19,data-structure-questions-answers-recursion,4,easy,Data Structures,True,advanced,0.9269388400713487,3.634652446117895e-06,0.07305752527620497,0.9269388400713487,True,qbc
214,advanced,20,data-structure-assessment-questions-answers,4,easy,Data Structures,True,advanced,0.9116652252322197,5.027243896619962e-06,0.08832974752388352,0.9116652252322197,True,qbc
32,beginner,1,data-structure-questions-answers-recursion,14,hard,Data Structures,False,beginner,0.9999958929240716,0.9999958929240716,4.107075928445669e-06,8.2251141081786e-17,True,qbc
32,beginner,2,data-structure-questions-answers-assembly-line-scheduling,8,hard,Data Structures,True,beginner,0.9999987569538504,0.9999987569538504,1.2430461496211085e-06,3.049000569895988e-18,True,qbc
32,beginner,3,data-structure-questions-answers-matrix,6,easy,Data Structures,False,beginner,0.9999890057394021,0.9999890057394021,1.099426059529185e-05,2.5844235685207975e-15,True,qbc
32,beginner,4,data-structure-questions-answers-binary-tree-properties,10,hard,Data Structures,False,beginner,0.9999993237453714,0.9999993237453714,6.762546286867829e-07,2.3440961968282875e-18,True,qbc
32,beginner,5,1000-data-structure-questions-answers,9,hard,Data Structures,False,beginner,0.9999991370171508,0.9999991370171508,8.629828492035931e-07,3.415403577419025e-18,True,qbc
32,beginner,6,data-structure-questions-answers-balanced-partition,2,hard,Data Structures,False,beginner,0.9999995043159727,0.9999995043159727,4.9568402734693e-07,1.7152877586946738e-18,True,qbc
32,beginner,7,data-structure-questions-answers-power-number-recursion-logn-time,1,hard,Data Structures,True,beginner,0.9999994203479989,0.9999994203479989,5.796520010130571e-07,3.197802265524021e-18,True,qbc
32,beginner,8,data-structure-questions-answers-assembly-line-scheduling,2,hard,Data Structures,False,beginner,0.9999996620482178,0.9999996620482178,3.379517822970715e-07,7.850781887249442e-19,True,qbc
32,beginner,9,data-structure-questions-answers-pancake-sort,3,hard,Data Structures,False,beginner,0.9999974227479651,0.9999974227479651,2.5772520347841617e-06,5.4981783488321145e-17,True,qbc
32,beginner,10,data-structure-questions-answers-freshers,5,hard,Data Structures,False,beginner,0.999997408837733,0.999997408837733,2.5911622669810475e-06,4.865486495972935e-17,True,qbc
32,beginner,11,data-structure-questions-answers-longest-palindromic-subsequence,3,hard,Data Structures,False,beginner,0.9999990455756932,0.9999990455756932,9.544243067616884e-07,5.225680469735108e-18,True,qbc
32,beginner,12,data-structure-questions-answers-incidence-matrix-graph-structured-stack,5,medium,Data Structures,False,beginner,0.9999988276055591,0.9999988276055591,1.1723944409073653e-06,1.264175630585048e-18,True,qbc
32,beginner,13,data-structure-questions-answers-preorder-traversal,1,medium,Data Structures,True,beginner,0.9999903886939452,0.9999903886939452,9.611306054621205e-06,1.8909481117818216e-16,True,qbc
32,beginner,14,data-structure-questions-answers-towers-hanoi,5,easy,Data Structures,True,beginner,0.9999292152272362,0.9999292152272362,7.078477273602658e-05,2.7829518878609025e-14,True,qbc
32,beginner,15,data-structure-questions-answers-generating-partitions,7,easy,Data Structures,True,beginner,0.9997128537316772,0.9997128537316772,0.00028714626766085193,6.619605091470581e-13,True,qbc
32,beginner,16,java-questions-answers-data-structures-list,9,medium,Data Structures,False,beginner,0.9998630560230591,0.9998630560230591,0.00013694397679146636,1.4933502829787328e-13,True,qbc
32,beginner,17,data-structure-questions-answers-binary-search-iterative,4,medium,Data Structures,False,beginner,0.9997412694137081,0.9997412694137081,0.0002587305857627305,5.293112238817774e-13,True,qbc
32,beginner,18,data-structure-questions-answers-hash-tables,8,medium,Data Structures,False,beginner,0.9996143530699668,0.9996143530699668,0.000385646928684922,1.3481189140425766e-12,True,qbc
32,beginner,19,java-questions-answers-data-structures-set,9,medium,Data Structures,False,beginner,0.9998325476717428,0.9998325476717428,0.00016745232804334887,2.1381817462239144e-13,True,qbc
32,beginner,20,data-structure-questions-answers-reverse-word-stack,6,medium,Data Structures,True,beginner,0.9998178038345945,0.9998178038345945,0.0001821961650946626,3.1087470627602757e-13,True,qbc
154,intermediate,1,data-structure-questions-answers-weight-balanced-tree,7,hard,Data Structures,True,beginner,0.6612378256723954,0.6612378256723954,0.33875756321183703,4.6111157675075615e-06,False,qbc
154,intermediate,2,data-structure-questions-answers-graph,6,easy,Data Structures,True,intermediate,0.8813701686636941,0.11358507090429378,0.8813701686636941,0.005044760432012028,True,qbc
154,intermediate,3,data-structure-questions-answers-double-ended-queue,8,medium,Data Structures,True,intermediate,0.9653980105844298,0.013902077926227305,0.9653980105844298,0.020699911489342936,True,qbc
154,intermediate,4,data-structure-questions-answers-incidence-matrix-graph-structured-stack,5,medium,Data Structures,True,intermediate,0.8465584484662628,0.0016860124349911897,0.8465584484662628,0.15175553909874598,True,qbc
154,intermediate,5,data-structure-questions-answers-generating-partitions,7,easy,Data Structures,True,advanced,0.5041398133942837,0.0002061465823318756,0.4956540400233845,0.5041398133942837,False,qbc
154,intermediate,6,data-structure-questions-answers-generating-partitions,6,hard,Data Structures,True,intermediate,0.6733742109701595,0.0004686497541001767,0.6733742109701595,0.3261571392757403,True,qbc
154,intermediate,7,data-structure-questions-answers-free-list,2,easy,Data Structures,True,advanced,0.5699015895409566,0.00011684781761415242,0.4299815626414292,0.5699015895409566,False,qbc
154,intermediate,8,data-structure-questions-answers-string-reversal-recursion,2,hard,Data Structures,True,intermediate,0.69458646950438,0.0005166853011453758,0.69458646950438,0.3048968451944747,True,qbc
154,intermediate,9,data-structure-questions-answers-preorder-traversal,1,medium,Data Structures,True,intermediate,0.64669797511864,0.0003620132105424785,0.64669797511864,0.3529400116708175,True,qbc
154,intermediate,10,data-structure-questions-answers-parallel-array,5,easy,Data Structures,True,intermediate,0.62529708270345,0.00033286687829886427,0.62529708270345,0.3743700504182512,True,qbc
154,intermediate,11,data-structure-questions-answers-assembly-line-scheduling,7,hard,Data Structures,True,intermediate,0.8416493605093075,0.0011096404756621068,0.8416493605093075,0.15724099901503036,True,qbc
154,intermediate,12,data-structure-questions-answers-incidence-matrix-graph-structured-stack,9,easy,Data Structures,False,intermediate,0.9129172153829814,0.004813077450509221,0.9129172153829814,0.0822697071665095,True,qbc
154,intermediate,13,data-structure-questions-answers-sparse-array,1,medium,Data Structures,True,intermediate,0.8791499521329416,0.003103834808110922,0.8791499521329416,0.11774621305894754,True,qbc
154,intermediate,14,data-structure-questions-answers-direct-addressing-tables,6,medium,Data Structures,True,intermediate,0.8084080324215672,0.0017053193055145462,0.8084080324215672,0.18988664827291832,True,qbc
154,intermediate,15,data-structure-questions-answers-free-list,7,hard,Data Structures,True,intermediate,0.8297489329831611,0.001824493007607129,0.8297489329831611,0.16842657400923175,True,qbc
154,intermediate,16,data-structure-questions-answers-longest-common-subsequence,3,medium,Data Structures,False,intermediate,0.9086570480950023,0.004174897002279858,0.9086570480950023,0.08716805490271792,True,qbc
154,intermediate,17,data-structure-interview-questions-answers-freshers,2,medium,Data Structures,False,intermediate,0.9187878736296998,0.004326557146296347,0.9187878736296998,0.07688556922400386,True,qbc
154,intermediate,18,data-structure-questions-answers-counting-boolean-parenthesizations,1,hard,Data Structures,False,intermediate,0.9664693194339017,0.009291900100728251,0.9664693194339017,0.024238780465369952,True,qbc
154,intermediate,19,data-structure-questions-answers-binary-search-iterative,2,easy,Data Structures,True,intermediate,0.9464897303158504,0.005647289402675878,0.9464897303158504,0.04786298028147376,True,qbc
154,intermediate,20,data-structure-questions-answers-fibonacci-recursion,12,hard,Data Structures,True,intermediate,0.9429784239397841,0.004983804170217508,0.9429784239397841,0.05203777188999836,True,qbc
196,intermediate,1,discrete-mathematics-questions-answers-closure-associativity,6,hard,Discrete Mathematics,False,beginner,0.9907545740567556,0.9907545740567556,0.009245407731693025,1.821155133992494e-08,False,qbc
196,intermediate,2,discrete-mathematics-questions-answers-cosets,9,easy,Discrete Mathematics,True,intermediate,0.9364037258891156,0.054536296804400544,0.9364037258891156,0.00905997730648391,True,qbc
196,intermediate,3,discrete-mathematics-questions-answers-cryptography-decryption,10,hard,Discrete Mathematics,False,beginner,0.8779460050189131,0.8779460050189131,0.12204364142200226,1.0353559084752304e-05,False,qbc
196,intermediate,4,discrete-mathematics-objective-questions-answers,3,hard,Discrete Mathematics,True,intermediate,0.5477986363662314,0.4513887912837991,0.5477986363662314,0.0008125723499694964,True,qbc
196,intermediate,5,discrete-mathematics-questions-answers-nested-quantifiers,3,hard,Discrete Mathematics,False,beginner,0.6179711157004278,0.6179711157004278,0.3816895179920983,0.0003393663074738002,False,qbc
196,intermediate,6,discrete-mathematics-questions-answers-probability-distribution,2,hard,Discrete Mathematics,False,beginner,0.6474108166897048,0.6474108166897048,0.35238161668718576,0.0002075666231095271,False,qbc
196,intermediate,7,discrete-mathematics-questions-answers-hasse-diagrams,4,hard,Discrete Mathematics,False,beginner,0.8599244112742207,0.8599244112742207,0.14005343512708598,2.2153598693338035e-05,False,qbc
196,intermediate,8,discrete-mathematics-questions-answers-nested-quantifiers,8,hard,Discrete Mathematics,False,beginner,0.6972919244671393,0.6972919244671393,0.30252467623135226,0.00018339930150837943,False,qbc
196,intermediate,9,discrete-mathematics-questions-answers-subgroups,3,hard,Discrete Mathematics,False,beginner,0.8876259573367001,0.8876259573367001,0.11235716541263084,1.6877250668929757e-05,False,qbc
196,intermediate,10,discrete-mathematics-questions-answers-modular-exponentiation,3,hard,Discrete Mathematics,False,beginner,0.9189524952813208,0.9189524952813208,0.08103963547161752,7.86924706157749e-06,False,qbc
196,intermediate,11,discrete-mathematics-questions-answers-tree-traversal,9,medium,Discrete Mathematics,False,beginner,0.8148116815470698,0.8148116815470698,0.18517871570584066,9.602747089431242e-06,False,qbc
196,intermediate,12,discrete-mathematics-questions-answers-inference,2,hard,Discrete Mathematics,False,beginner,0.9386025814112917,0.9386025814112917,0.06139664564144587,7.729472622597946e-07,False,qbc
196,intermediate,13,discrete-mathematics-questions-answers-geometric-sequences,7,medium,Discrete Mathematics,False,beginner,0.8940662071494189,0.8940662071494189,0.10593121084485677,2.582005724318349e-06,False,qbc
196,intermediate,14,discrete-mathematics-questions-answers-diagraph,4,medium,Discrete Mathematics,True,beginner,0.5855533137792893,0.5855533137792893,0.41433954443023757,0.00010714179047304306,False,qbc
196,intermediate,15,discrete-mathematics-questions-answers-campus-interviews,3,medium,Discrete Mathematics,True,intermediate,0.6346854743409188,0.3649491988850204,0.6346854743409188,0.0003653267740607195,True,qbc
196,intermediate,16,discrete-mathematics-mcqs-primes-greatest-common-divisors,6,easy,Discrete Mathematics,False,beginner,0.5053135750618669,0.5053135750618669,0.49459957363929574,8.685129883734368e-05,False,qbc
196,intermediate,17,discrete-mathematics-questions-answers-ciphers,9,easy,Discrete Mathematics,True,intermediate,0.7959856123586726,0.2033085457525115,0.7959856123586726,0.0007058418888159211,True,qbc
196,intermediate,18,discrete-mathematics-written-test-questions-answers,4,easy,Discrete Mathematics,True,intermediate,0.8779588663600211,0.12086978825808631,0.8779588663600211,0.001171345381892549,True,qbc
196,intermediate,19,advanced-discrete-mathematics-questions-answers,3,easy,Discrete Mathematics,True,intermediate,0.9479357661185726,0.048698384916996795,0.9479357661185726,0.00336584896443068,True,qbc
196,intermediate,20,discrete-mathematics-questions-answers-harmonic-sequences,6,easy,Discrete Mathematics,True,intermediate,0.9695997564513,0.024437628929894765,0.9695997564513,0.00596261461880517,True,qbc
167,intermediate,1,automata-theory-assessment-questions-answers,3,easy,Automata Theory,True,advanced,0.6719385776342545,0.0018197629297094199,0.3262416594360361,0.6719385776342545,False,qbc
167,intermediate,2,automata-theory-questions-answers-pda-acceptance-empty-stack,5,medium,Automata Theory,True,intermediate,0.9229459025734457,0.037213677339652466,0.9229459025734457,0.03984042008690193,True,qbc
167,intermediate,3,automata-theory-questions-answers-mealy-machine-1,1,hard,Automata Theory,False,intermediate,0.5695493999840008,0.00027560543823801755,0.5695493999840008,0.4301749945777612,True,qbc
167,intermediate,4,automata-theory-questions-answers-class-rp-zpp,8,hard,Automata Theory,False,intermediate,0.726518896528416,0.000318358179088234,0.726518896528416,0.2731627452924958,True,qbc
167,intermediate,5,automata-theory-questions-answers-intersection-regular-languages,5,hard,Automata Theory,False,intermediate,0.9651304971907665,0.001996848871468354,0.9651304971907665,0.03287265393776507,True,qbc
167,intermediate,6,automata-theory-questions-answers-simulation-turing-machine,5,hard,Automata Theory,False,intermediate,0.9813847158635279,0.016518547289321974,0.9813847158635279,0.0020967368471500225,True,qbc
167,intermediate,7,automata-theory-questions-answers-mealy-machine,3,medium,Automata Theory,False,intermediate,0.9811994058957348,0.01782217758176252,0.9811994058957348,0.0009784165225027056,True,qbc
167,intermediate,8,automata-theory-questions-answers-reversal-homomorphism-inverse-homomorphism,4,easy,Automata Theory,True,intermediate,0.9842531083908976,0.013085777967426658,0.9842531083908976,0.002661113641675669,True,qbc
167,intermediate,9,automata-theory-questions-answers-simpler-notations,2,medium,Automata Theory,False,intermediate,0.9764712900151407,0.022479919172612536,0.9764712900151407,0.0010487908122467828,True,qbc
167,intermediate,10,automata-theory-questions-answers-dpda-ambiguous-grammars,9,easy,Automata Theory,True,intermediate,0.9854991929673695,0.012087379019968965,0.9854991929673695,0.0024134280126615207,True,qbc
167,intermediate,11,automata-theory-questions-answers-algebric-laws-finding-patterns-derivatives,4,hard,Automata Theory,False,intermediate,0.9824425356811937,0.016090893167097477,0.9824425356811937,0.001466571151708938,True,qbc
167,intermediate,12,automata-theory-questions-answers-dfa-processing-strings,7,hard,Automata Theory,False,intermediate,0.9692582937664855,0.030306483750307776,0.9692582937664855,0.0004352224832066126,True,qbc
167,intermediate,13,automata-theory-questions-answers-freshers,5,easy,Automata Theory,True,intermediate,0.9851966349935288,0.013282133312109855,0.9851966349935288,0.0015212316943613454,True,qbc
167,intermediate,14,automata-theory-questions-answers-from-pda-grammars,6,easy,Automata Theory,True,intermediate,0.988341102764955,0.00872862871666311,0.988341102764955,0.0029302685183819803,True,qbc
167,intermediate,15,automata-theory-interview-questions-answers,2,easy,Automata Theory,True,intermediate,0.9889712238635973,0.005794405738577141,0.9889712238635973,0.005234370397825601,True,qbc
167,intermediate,16,automata-theory-questions-answers-lexical-analysis,9,easy,Automata Theory,True,intermediate,0.9862327736667975,0.0034371806784112805,0.9862327736667975,0.01033004565479121,True,qbc
167,intermediate,17,automata-theory-questions-answers-cfl-substitution-theorem,2,easy,Automata Theory,True,intermediate,0.9773059566066874,0.0018990325517602954,0.9773059566066874,0.020795010841552258,True,qbc
167,intermediate,18,automata-theory-questions-answers-dpda-context-free-languages,10,easy,Automata Theory,True,intermediate,0.9721483964754488,0.0014700305853254329,0.9721483964754488,0.026381572939225786,True,qbc
167,intermediate,19,automata-theory-questions-answers-chomsky-normal-form,10,easy,Automata Theory,True,intermediate,0.9661439445805858,0.0012240739960561232,0.9661439445805858,0.03263198142335792,True,qbc
167,intermediate,20,automata-theory-questions-answers-cfl-substitution-theorem,8,medium,Automata Theory,True,intermediate,0.9480696564996673,0.0009365613453878848,0.9480696564996673,0.05099378215494476,True,qbc
4,beginner,1,data-structure-questions-answers-longest-increasing-subsequence,3,easy,Data Structures,True,intermediate,0.7724995139035608,0.22623005326741094,0.7724995139035608,0.0012704328290282984,False,qbc
4,beginner,2,data-structure-questions-answers-generating-partitions,7,easy,Data Structures,True,intermediate,0.9402329897861826,0.017375152389818925,0.9402329897861826,0.04239185782399852,False,qbc
4,beginner,3,data-structure-questions-answers-double-ended-queue,8,medium,Data Structures,True,beginner,0.7365154006344594,0.7365154006344594,0.2634789298292535,5.66953628721884e-06,True,qbc
4,beginner,4,1000-data-structure-questions-answers,23,hard,Data Structures,False,beginner,0.7478123822230854,0.7478123822230854,0.2521832222288543,4.395548060165902e-06,True,qbc
4,beginner,5,java-questions-answers-data-structures-list,7,easy,Data Structures,True,intermediate,0.7365317315662052,0.2633591933235797,0.7365317315662052,0.00010907511021499958,False,qbc
4,beginner,6,data-structure-questions-answers-search-element-array-recursion-1,1,medium,Data Structures,False,intermediate,0.5765074435579719,0.42347375101265355,0.5765074435579719,1.8805429374588683e-05,False,qbc
4,beginner,7,data-structure-questions-answers-power-number-recursion-logn-time,5,easy,Data Structures,True,intermediate,0.7790759038828454,0.22085553806441244,0.7790759038828454,6.855805274219474e-05,False,qbc
4,beginner,8,data-structure-questions-answers-bubble-sort,3,medium,Data Structures,True,intermediate,0.5080332264777457,0.49196015763002404,0.5080332264777457,6.615892230240832e-06,False,qbc
4,beginner,9,data-structure-questions-answers-array-array-operations,1,easy,Data Structures,False,intermediate,0.5975917494060138,0.4023970503683859,0.5975917494060138,1.1200225600361207e-05,False,qbc
4,beginner,10,data-structure-questions-answers-preorder-traversal,1,medium,Data Structures,False,intermediate,0.5812986060179073,0.41869034794405396,0.5812986060179073,1.1046038038818833e-05,False,qbc
4,beginner,11,data-structure-questions-answers-minimum-number-jumps,4,easy,Data Structures,False,intermediate,0.6953296903703093,0.30465214157599924,0.6953296903703093,1.816805369145538e-05,False,qbc
4,beginner,12,data-structure-questions-answers-string-reversal-recursion,2,hard,Data Structures,False,beginner,0.8273416600664453,0.8273416600664453,0.17265804809799506,2.9183555973885555e-07,True,qbc
4,beginner,13,data-structure-questions-answers-binary-trees-array,2,medium,Data Structures,False,beginner,0.8490808388180116,0.8490808388180116,0.1509189675621005,1.9361988800178642e-07,True,qbc
4,beginner,14,data-structure-questions-answers-balanced-partition,10,easy,Data Structures,False,beginner,0.8264418696160092,0.8264418696160092,0.17355787831683447,2.5206715630876253e-07,True,qbc
4,beginner,15,data-structure-questions-answers-campus-interviews,6,hard,Data Structures,False,beginner,0.8867725687912996,0.8867725687912996,0.11322734247599013,8.87327102366547e-08,True,qbc
4,beginner,16,data-structure-questions-answers-weight-balanced-tree,7,hard,Data Structures,False,beginner,0.9679726850921311,0.9679726850921311,0.03202731031448597,4.5933827542117396e-09,True,qbc
4,beginner,17,1000-data-structure-questions-answers,9,hard,Data Structures,False,beginner,0.984984983868825,0.984984983868825,0.015015015293668537,8.375062306004858e-10,True,qbc
4,beginner,18,data-structure-questions-answers-xor-linked-list,6,hard,Data Structures,False,beginner,0.9921230929204887,0.9921230929204887,0.007876906856510475,2.2300082772406945e-10,True,qbc
4,beginner,19,data-structure-questions-answers-fibonacci-recursion,12,hard,Data Structures,False,beginner,0.9933835720263157,0.9933835720263157,0.006616427831257489,1.4242684167665346e-10,True,qbc
4,beginner,20,data-structure-questions-answers-bit-array,9,medium,Data Structures,True,beginner,0.9832702734768793,0.9832702734768793,0.016729724411779903,2.1113408238223667e-09,True,qbc
61,beginner,1,discrete-mathematics-mcqs-growth-functions,10,medium,Discrete Mathematics,False,beginner,0.9999975423979837,0.9999975423979837,2.457602016077363e-06,1.835975674168844e-16,True,qbc
61,beginner,2,discrete-mathematics-questions-answers-experienced,9,easy,Discrete Mathematics,False,beginner,0.9997525731510556,0.9997525731510556,0.0002474268302788719,1.866554500584779e-11,True,qbc
61,beginner,3,discrete-mathematics-mcqs-complexity-algorithms,10,hard,Discrete Mathematics,False,beginner,0.9957622019280059,0.9957622019280059,0.004237796392157048,1.679836995555532e-09,True,qbc
61,beginner,4,discrete-mathematics-questions-answers-set-types,7,hard,Discrete Mathematics,False,beginner,0.9999875563038956,0.9999875563038956,1.2443696097978312e-05,6.3921268343720736e-15,True,qbc
61,beginner,5,discrete-mathematics-questions-answers-pigeonhole-principle,1,hard,Discrete Mathematics,False,beginner,0.9999960782646996,0.9999960782646996,3.92173529996702e-06,4.40345905314949e-16,True,qbc
61,beginner,6,discrete-mathematics-questions-answers-division-objects,10,hard,Discrete Mathematics,False,beginner,0.9999936526051326,0.9999936526051326,6.3473948660734e-06,1.2301214032170291e-15,True,qbc
61,beginner,7,discrete-mathematics-multiple-choice-questions-answers,10,hard,Discrete Mathematics,False,beginner,0.9999941241302274,0.9999941241302274,5.875869771805131e-06,8.936499600877953e-16,True,qbc
61,beginner,8,discrete-mathematics-questions-answers-nested-quantifiers,8,hard,Discrete Mathematics,False,beginner,0.9999953091305447,0.9999953091305447,4.690869455025008e-06,2.988612882478959e-16,True,qbc
61,beginner,9,discrete-mathematics-questions-answers-ciphers,6,medium,Discrete Mathematics,False,beginner,0.9999867435840256,0.9999867435840256,1.3256415971770018e-05,2.5957764090947924e-15,True,qbc
61,beginner,10,discrete-mathematics-questions-answers-modular-exponentiation,3,hard,Discrete Mathematics,False,beginner,0.9999956783660715,0.9999956783660715,4.321633928346799e-06,1.9529748280879716e-16,True,qbc
61,beginner,11,discrete-mathematics-questions-answers-experienced,4,hard,Discrete Mathematics,False,beginner,0.999999318174554,0.999999318174554,6.818254458749568e-07,3.46945884878289e-18,True,qbc
61,beginner,12,discrete-mathematics-questions-answers-recursion,7,hard,Discrete Mathematics,False,beginner,0.9999996274720393,0.9999996274720393,3.725279606437961e-07,9.48610590094174e-19,True,qbc
61,beginner,13,discrete-mathematics-questions-answers-inference,2,hard,Discrete Mathematics,False,beginner,0.9999998158078591,0.9999998158078591,1.841921409162655e-07,1.9192454527365355e-19,True,qbc
61,beginner,14,discrete-mathematics-questions-answers-prime-implicants-essentials,5,medium,Discrete Mathematics,False,beginner,0.9999997872241742,0.9999997872241742,2.1277582588662374e-07,2.498898347109171e-19,True,qbc
61,beginner,15,discrete-mathematics-questions-answers-group-axioms,4,medium,Discrete Mathematics,False,beginner,0.999999459076009,0.999999459076009,5.409239909836168e-07,1.699141313837373e-18,True,qbc
61,beginner,16,discrete-mathematics-questions-answers-recurrence-relation,9,medium,Discrete Mathematics,False,beginner,0.9999986605078844,0.9999986605078844,1.3394921155448492e-06,1.1252389797892596e-17,True,qbc
61,beginner,17,discrete-mathematics-basic-questions-answers,7,medium,Discrete Mathematics,True,beginner,0.9999939084941375,0.9999939084941375,6.091505861719137e-06,6.534392006779533e-16,True,qbc
61,beginner,18,discrete-mathematics-problems,5,medium,Discrete Mathematics,False,beginner,0.9999921694628104,0.9999921694628104,7.830537188204472e-06,1.3188100343811025e-15,True,qbc
61,beginner,19,discrete-mathematics-questions-answers-set-types,2,medium,Discrete Mathematics,False,beginner,0.9999871821303072,0.9999871821303072,1.2817869689313398e-05,3.5386752247968772e-15,True,qbc
61,beginner,20,discrete-mathematics-objective-questions-answers,9,medium,Discrete Mathematics,False,beginner,0.9999829456041556,0.9999829456041556,1.7054395839116195e-05,5.323825000778386e-15,True,qbc
