identifier,Horodateur,Score,What is the main purpose of cross-validation in classification?,"What does the term ""overfitting"" refer to in the context of classification models?","What does the term ""false positive"" represent in a confusion matrix?",What is the purpose of pruning in decision trees?,What is the disadvantage of decision trees?,Decision tree learners may create biased trees if some classes dominate. What’s the solution of it?,Which of the following is a disadvantage of leave-one-out cross-validation (LOOCV)?,What is the advantage of using cross-validation over a single train-test split?,"What does the term ""stratified cross-validation"" refer to?",Which of the following is a method to handle imbalanced class distribution in decision trees?,Which of the following is a hyperparameter of Decision Trees:,Which of the following methods can help to fine-tune tree depth in Decision Trees:,Which of the following metrics can be used with a dataset having unbalanced classes:,How can you detect underfitting from a learning curve?,Which of the following can be a reason for overfitting:,Which of the following can be a reason for underfitting:,Which of the following is true about non-parametric models as compared to parametric models:,How can we handle the problem of underfitting in decision trees:,Which of the following evaluation methods is not appropriate if the size of the data is small?,What is a decision boundary in the context of decision trees?,The highest possible value of the Gini index for a set containing n different types of objects is:,The highest possible value of the miss classification error rate for a set containing n different types of objects is:,"If we use both Information gain and Gini gain to select the best split in a continuous variable, then:",Which scenario allows a decision tree to split all training data into pure leaves?,How does a decision tree classify an example after training if it encounters a new attribute value that was not considered in a splitting condition?,How does a decision tree manage an example with a missing value in a splitting condition during the testing phase?,How can overfitting be addressed in decision trees?,"To set a baseline for determining if a classifier is acceptable, which of the following could be utilized?",Why does a decision tree struggle with oblique splits?,"When providing a probability estimate for an example's classification using a decision tree, which method would be used?"
dF0r7wVjsLSV,2023-12-19 12:00:17.748,22,Model evaluation,The model performs well on training data but poorly on unseen data,Instances incorrectly identified as positive,Reduce overfitting,Prone to overfitting,Balance the dataset prior to fitting,High computational cost,It provides multiple evaluations and provides a robust estimation,Ensuring an equal distribution of target classes in each fold,Stratified sampling,All of the above,Trial and error,Accuracy,Bad results in both train and test,All of the above,All of the above,They don't make prior assumptions on data's probability distribution,Increase the size of the tree,Leave-One-Out Approach,Rectilinears that separate different classes in the feature space,1,(n-1)/n,We might find different split positions even though the measures (Gini and entropy) are consistent.,"If two examples belong to different classes, they must have at least one differing attribute.",The most frequent class at the current node is assigned to the example,The most common branch is chosen for the missing value.,All of the above.,None of the above,Only a single attribute is evaluated in each split condition.,The probability is estimated based on the class frequencies in the leaf node where the example is classified.
W0EkQhrkI3an,2023-12-19 12:23:59.491,25,Model evaluation,The model performs well on training data but poorly on unseen data,Instances incorrectly identified as positive,Reduce overfitting,Prone to overfitting,Balance the dataset prior to fitting,High computational cost,It provides multiple evaluations and provides a robust estimation,Ensuring an equal distribution of target classes in each fold,Stratified sampling,All of the above,All of the above,All of the above,Bad results in both train and test,All of the above,Insufficient model complexity,All of the above,Increase the size of the tree,Leave-One-Out Approach,Rectilinears that separate different classes in the feature space,log(n),(n-1)/n,We might find different split positions even though the measures (Gini and entropy) are consistent.,"If two examples belong to different classes, they must have at least one differing attribute.",The most frequent class at the current node is assigned to the example,The most common branch is chosen for the missing value.,All of the above.,The inverse of the number of classes (1 divided by the number of classes),Only a single attribute is evaluated in each split condition.,The probability is estimated based on the class frequencies in the leaf node where the example is classified.
d5279GvwAinX,2023-12-19 13:19:52.649,21,Model evaluation,The model performs well on training data but poorly on unseen data,Instances incorrectly identified as positive,Reduce overfitting,Prone to overfitting,Imbalance the dataset prior to fitting,High computational cost,It provides multiple evaluations and provides a robust estimation,Ensuring an equal distribution of target classes in each fold,Random shuffling,All of the above,Random search,All of the above,Bad results in both train and test,All of the above,All of the above,All of the above,All of the above,Holdout Method,Rectilinears that separate different classes in the feature space,None of the above,1,We might find different split positions even though the measures (Gini and entropy) are consistent.,Splitting into pure leaves is not possible.,The most frequent class at the current node is assigned to the example,The most common branch is chosen for the missing value.,All of the above.,The number of training examples in the minority class divided by the total number of training examples.,Oblique splits are nonlinear.,The probability is estimated based on the class frequencies in the leaf node where the example is classified.
AQklHbi5bt8l,2023-12-19 14:49:54.808,22,Model evaluation,The model performs well on training data but poorly on unseen data,Instances incorrectly identified as positive,Reduce overfitting,Prone to overfitting,Balance the dataset prior to fitting,High computational cost,It provides multiple evaluations and provides a robust estimation,Ensuring an equal distribution of target classes in each fold,Stratified sampling,All of the above,All of the above,All of the above,Bad results in both train and test,Excessive model complexity,Insufficient model complexity,All of the above,All of the above,Leave-One-Out Approach,Rectilinears that separate different classes in the feature space,1,(n-1)/n,We might find different split positions even though the measures (Gini and entropy) are consistent.,"If two examples belong to different classes, they must have at least one differing attribute.",None of the above,The example is not classified.,All of the above.,The number of training examples in the minority class divided by the total number of training examples.,Oblique splits are nonlinear.,The probability is estimated based on the class frequencies in the leaf node where the example is classified.
B0dezLVzpGHZ,2023-12-19 14:53:13.500,26,Model evaluation,The model performs well on training data but poorly on unseen data,Instances incorrectly identified as positive,Reduce overfitting,Prone to overfitting,Balance the dataset prior to fitting,High computational cost,It provides multiple evaluations and provides a robust estimation,Ensuring an equal distribution of target classes in each fold,Stratified sampling,All of the above,All of the above,F-Score,Bad results in both train and test,All of the above,Insufficient model complexity,All of the above,All of the above,Leave-One-Out Approach,Rectilinears that separate different classes in the feature space,1,(n-1)/n,We might find different split positions even though the measures (Gini and entropy) are consistent.,When some samples have identical attributes but belong to different classes.,The most frequent class at the current node is assigned to the example,The most common branch is chosen for the missing value.,All of the above.,The number of training examples in the majority class divided by the total number of training examples,Oblique splits are nonlinear.,The probability is estimated based on the class frequencies in the leaf node where the example is classified.
jkDHRLkdOO06,2023-12-19 14:57:08.442,28,Model evaluation,The model performs well on training data but poorly on unseen data,Instances incorrectly identified as positive,Reduce overfitting,Prone to overfitting,Balance the dataset prior to fitting,High computational cost,It provides multiple evaluations and provides a robust estimation,Ensuring an equal distribution of target classes in each fold,Stratified sampling,All of the above,All of the above,All of the above,Bad results in both train and test,All of the above,Insufficient model complexity,All of the above,All of the above,Holdout Method,Rectilinears that separate different classes in the feature space,None of the above,(n-1)/n,We might find different split positions even though the measures (Gini and entropy) are consistent.,"If two examples belong to different classes, they must have at least one differing attribute.",The most frequent class at the current node is assigned to the example,The most common branch is chosen for the missing value.,All of the above.,The inverse of the number of classes (1 divided by the number of classes),Only a single attribute is evaluated in each split condition.,The probability is estimated based on the class frequencies in the leaf node where the example is classified.
P76XnTmOjZzU,2023-12-19 14:57:12.870,27,Model evaluation,The model performs well on training data but poorly on unseen data,Instances incorrectly identified as positive,Reduce overfitting,Prone to overfitting,Balance the dataset prior to fitting,High computational cost,It provides multiple evaluations and provides a robust estimation,Ensuring an equal distribution of target classes in each fold,Stratified sampling,All of the above,All of the above,All of the above,Bad results in both train and test,All of the above,Insufficient model complexity,All of the above,All of the above,Holdout Method,Rectilinears that separate different classes in the feature space,None of the above,(n-1)/n,We might find different split positions even though the measures (Gini and entropy) are consistent.,"If two examples belong to different classes, they must have at least one differing attribute.",The most frequent class at the current node is assigned to the example,The most common branch is chosen for the missing value.,All of the above.,The inverse of the number of classes (1 divided by the number of classes),Only a single attribute is evaluated in each split condition.,The probability is derived using the entropy at the leaf node where the classification occurs.
cCanr1FJP4WP,2023-12-19 15:15:51.179,28,Model evaluation,The model performs well on training data but poorly on unseen data,Instances incorrectly identified as positive,Reduce overfitting,Prone to overfitting,Balance the dataset prior to fitting,High computational cost,It provides multiple evaluations and provides a robust estimation,Ensuring an equal distribution of target classes in each fold,Stratified sampling,All of the above,All of the above,All of the above,Bad results in both train and test,All of the above,Insufficient model complexity,All of the above,All of the above,Holdout Method,Rectilinears that separate different classes in the feature space,None of the above,(n-1)/n,We might find different split positions even though the measures (Gini and entropy) are consistent.,"If two examples belong to different classes, they must have at least one differing attribute.",The most frequent class at the current node is assigned to the example,The most common branch is chosen for the missing value.,All of the above.,The inverse of the number of classes (1 divided by the number of classes),Only a single attribute is evaluated in each split condition.,The probability is estimated based on the class frequencies in the leaf node where the example is classified.
k4QQVURTfMls,2023-12-19 15:16:37.808,19,Model evaluation,The model performs well on training data but poorly on unseen data,Instances incorrectly identified as positive,Reduce overfitting,Prone to overfitting,None of the above,High computational cost,It simplifies the model evaluation process,Ensuring an equal distribution of target classes in each fold,Stratified sampling,All of the above,All of the above,All of the above,Bad results in both train and test,Excessive model complexity,Insufficient model complexity,All of the above,Increase the size of the tree,All of the above,The point at which a decision tree splits the data,None of the above,None of the above,We might find different split positions even though the measures (Gini and entropy) are consistent.,"If two examples belong to different classes, they must have at least one differing attribute.",The most frequent class at the current node is assigned to the example,None of the above,All of the above.,None of the above,It results from underfitting.,The probability is estimated based on the class frequencies in the leaf node where the example is classified.
m7l9wOWJlnvS,2023-12-19 15:43:42.376,27,Model evaluation,The model performs well on training data but poorly on unseen data,Instances incorrectly identified as positive,Reduce overfitting,Prone to overfitting,Balance the dataset prior to fitting,High computational cost,It provides multiple evaluations and provides a robust estimation,Ensuring an equal distribution of target classes in each fold,Stratified sampling,All of the above,All of the above,All of the above,Bad results in both train and test,All of the above,Insufficient model complexity,All of the above,All of the above,Leave-One-Out Approach,Rectilinears that separate different classes in the feature space,None of the above,(n-1)/n,We might find different split positions even though the measures (Gini and entropy) are consistent.,"If two examples belong to different classes, they must have at least one differing attribute.",The most frequent class at the current node is assigned to the example,The most common branch is chosen for the missing value.,All of the above.,The number of training examples in the minority class divided by the total number of training examples.,Only a single attribute is evaluated in each split condition.,The probability is estimated based on the class frequencies in the leaf node where the example is classified.
kfwxRJXSzs3o,2023-12-19 15:44:33.864,18,Model evaluation,The model performs well on training data but poorly on unseen data,Instances incorrectly identified as positive,Reduce overfitting,Prone to overfitting,Balance the dataset prior to fitting,Overestimation of model performance,It provides multiple evaluations and provides a robust estimation,Ensuring an equal distribution of target classes in each fold,Random shuffling,All of the above,All of the above,All of the above,"Good results in train, but bad results in test",Excessive model complexity,Insufficient model complexity,They don't make prior assumptions on data's probability distribution,Increase the size of the tree,Cross-validation,The point at which a decision tree splits the data,log(n),(n-1)/n,"We may find the same split position, as both measures (Gini and entropy) are consistent.","If two examples belong to different classes, they must have at least one differing attribute.",The most frequent class at the current node is assigned to the example,The most common branch is chosen for the missing value.,All of the above.,The number of training examples in the minority class divided by the total number of training examples.,Only a single attribute is evaluated in each split condition.,The probability is estimated based on the class frequencies in the leaf node where the example is classified.
0Hpj01paAdfZ,2023-12-19 16:06:14.174,21,Model evaluation,The model performs well on training data but poorly on unseen data,Instances incorrectly identified as positive,Reduce overfitting,Prone to overfitting,Balance the dataset prior to fitting,High computational cost,It provides multiple evaluations and provides a robust estimation,Ensuring an equal distribution of target classes in each fold,Stratified sampling,All of the above,Learning curve,All of the above,Bad results in both train and test,All of the above,Insufficient model complexity,They don't make prior assumptions on data's probability distribution,Increase the size of the tree,Cross-validation,Rectilinears that separate different classes in the feature space,1,1,We might find different split positions even though the measures (Gini and entropy) are consistent.,"If two examples belong to different classes, they must have at least one differing attribute.",The most frequent class at the current node is assigned to the example,The most common branch is chosen for the missing value.,All of the above.,The number of training examples in the minority class divided by the total number of training examples.,Oblique splits are nonlinear.,The probability is estimated based on the class frequencies in the leaf node where the example is classified.
CprL2LITeTET,2023-12-19 17:09:07.048,28,Model evaluation,The model performs well on training data but poorly on unseen data,Instances incorrectly identified as positive,Reduce overfitting,Prone to overfitting,Balance the dataset prior to fitting,High computational cost,It provides multiple evaluations and provides a robust estimation,Ensuring an equal distribution of target classes in each fold,Stratified sampling,All of the above,All of the above,F-Score,Bad results in both train and test,All of the above,Insufficient model complexity,They don't make prior assumptions on data's probability distribution,All of the above,Holdout Method,Rectilinears that separate different classes in the feature space,None of the above,(n-1)/n,We might find different split positions even though the measures (Gini and entropy) are consistent.,"If two examples belong to different classes, they must have at least one differing attribute.",The most frequent class at the current node is assigned to the example,The most common branch is chosen for the missing value.,All of the above.,The inverse of the number of classes (1 divided by the number of classes),Only a single attribute is evaluated in each split condition.,The probability is estimated based on the class frequencies in the leaf node where the example is classified.
BhvtwuIg7wvF,2023-12-19 17:18:48.061,25,Model evaluation,The model performs well on training data but poorly on unseen data,Instances incorrectly identified as positive,Reduce overfitting,Prone to overfitting,Balance the dataset prior to fitting,High computational cost,It provides multiple evaluations and provides a robust estimation,Ensuring an equal distribution of target classes in each fold,Stratified sampling,All of the above,All of the above,F-Score,Bad results in both train and test,All of the above,Insufficient model complexity,All of the above,Increase the size of the tree,Leave-One-Out Approach,Rectilinears that separate different classes in the feature space,None of the above,(n-1)/n,We may find different split positions because the measures (Gini and entropy) used are inconsistent.,When some samples have identical attributes but belong to different classes.,The most frequent class at the current node is assigned to the example,The most common branch is chosen for the missing value.,All of the above.,The number of training examples in the majority class divided by the total number of training examples,Oblique splits are nonlinear.,The probability is estimated based on the class frequencies in the leaf node where the example is classified.
e35NZ2cItyz9,2023-12-19 17:36:52.026,22,Model evaluation,The model performs well on training data but poorly on unseen data,Instances incorrectly identified as positive,Reduce overfitting,Prone to overfitting,Balance the dataset prior to fitting,High computational cost,It provides multiple evaluations and provides a robust estimation,Ensuring an equal distribution of target classes in each fold,Stratified sampling,All of the above,All of the above,All of the above,Bad results in both train and test,All of the above,Insufficient model complexity,They don't make prior assumptions on data's probability distribution,All of the above,Leave-One-Out Approach,Rectilinears that separate different classes in the feature space,1,1,We might find different split positions even though the measures (Gini and entropy) are consistent.,When some samples have identical attributes but belong to different classes.,The most frequent class at the current node is assigned to the example,The most common branch is chosen for the missing value.,All of the above.,The number of training examples in the minority class divided by the total number of training examples.,Oblique splits are nonlinear.,The probability is estimated based on the class frequencies in the leaf node where the example is classified.
Za018kn2raFk,2023-12-19 17:51:38.779,26,Model evaluation,The model performs well on training data but poorly on unseen data,Instances incorrectly identified as positive,Reduce overfitting,Prone to overfitting,Balance the dataset prior to fitting,High computational cost,It provides multiple evaluations and provides a robust estimation,Ensuring an equal distribution of target classes in each fold,Stratified sampling,All of the above,All of the above,F-Score,Bad results in both train and test,All of the above,Insufficient model complexity,They don't make prior assumptions on data's probability distribution,Increase the size of the tree,Holdout Method,Rectilinears that separate different classes in the feature space,None of the above,(n-1)/n,We might find different split positions even though the measures (Gini and entropy) are consistent.,"If two examples belong to different classes, they must have at least one differing attribute.",The most frequent class at the current node is assigned to the example,The most common branch is chosen for the missing value.,All of the above.,None of the above,Oblique splits are nonlinear.,The probability is estimated based on the class frequencies in the leaf node where the example is classified.
I93EMGZEU4vI,2023-12-19 17:59:41.543,22,Model evaluation,The model performs well on training data but poorly on unseen data,Instances incorrectly identified as positive,Reduce overfitting,Prone to overfitting,Balance the dataset prior to fitting,High computational cost,It provides multiple evaluations and provides a robust estimation,Ensuring an equal distribution of target classes in each fold,Stratified sampling,All of the above,All of the above,All of the above,Bad results in both train and test,All of the above,Insufficient model complexity,They don't make prior assumptions on data's probability distribution,All of the above,Leave-One-Out Approach,Rectilinears that separate different classes in the feature space,1,1,We might find different split positions even though the measures (Gini and entropy) are consistent.,When some samples have identical attributes but belong to different classes.,The most frequent class at the current node is assigned to the example,The most common branch is chosen for the missing value.,All of the above.,The number of training examples in the minority class divided by the total number of training examples.,Oblique splits are nonlinear.,The probability is estimated based on the class frequencies in the leaf node where the example is classified.
xOKhxIy4WoKi,2023-12-19 18:02:29.266,25,Model evaluation,The model performs well on training data but poorly on unseen data,Instances incorrectly identified as positive,Reduce overfitting,Prone to overfitting,Balance the dataset prior to fitting,High computational cost,It provides multiple evaluations and provides a robust estimation,Ensuring an equal distribution of target classes in each fold,Stratified sampling,All of the above,All of the above,All of the above,Bad results in both train and test,All of the above,Insufficient model complexity,They don't make prior assumptions on data's probability distribution,All of the above,Leave-One-Out Approach,Rectilinears that separate different classes in the feature space,1,(n-1)/n,We might find different split positions even though the measures (Gini and entropy) are consistent.,"If two examples belong to different classes, they must have at least one differing attribute.",The most frequent class at the current node is assigned to the example,The most common branch is chosen for the missing value.,All of the above.,The number of training examples in the minority class divided by the total number of training examples.,Only a single attribute is evaluated in each split condition.,The probability is estimated based on the class frequencies in the leaf node where the example is classified.
xPRdKA5UBNGM,2023-12-19 18:16:10.274,22,Model evaluation,The model performs well on training data but poorly on unseen data,Instances incorrectly identified as positive,Reduce overfitting,Prone to overfitting,Balance the dataset prior to fitting,High computational cost,It provides multiple evaluations and provides a robust estimation,Ensuring an equal distribution of target classes in each fold,Stratified sampling,All of the above,All of the above,All of the above,Bad results in both train and test,All of the above,Insufficient model complexity,They don't make prior assumptions on data's probability distribution,All of the above,Leave-One-Out Approach,Rectilinears that separate different classes in the feature space,1,1,We might find different split positions even though the measures (Gini and entropy) are consistent.,When some samples have identical attributes but belong to different classes.,The most frequent class at the current node is assigned to the example,The most common branch is chosen for the missing value.,All of the above.,The number of training examples in the minority class divided by the total number of training examples.,Oblique splits are nonlinear.,The probability is estimated based on the class frequencies in the leaf node where the example is classified.
QJccKPT4nu7V,2023-12-19 18:18:44.490,25,All of the above,The model performs well on training data but poorly on unseen data,Instances incorrectly identified as positive,Reduce overfitting,Prone to overfitting,Balance the dataset prior to fitting,High computational cost,It provides multiple evaluations and provides a robust estimation,Ensuring an equal distribution of target classes in each fold,Stratified sampling,All of the above,All of the above,All of the above,Bad results in both train and test,All of the above,Insufficient model complexity,All of the above,Increase the size of the data,Cross-validation,Rectilinears that separate different classes in the feature space,None of the above,(n-1)/n,We might find different split positions even though the measures (Gini and entropy) are consistent.,"If two examples belong to different classes, they must have at least one differing attribute.",The most frequent class at the current node is assigned to the example,The most common branch is chosen for the missing value.,All of the above.,The number of training examples in the majority class divided by the total number of training examples,Oblique splits are nonlinear.,The probability is estimated based on the class frequencies in the leaf node where the example is classified.
Mr0bz3y2IHmW,2023-12-19 18:27:26.221,23,Model evaluation,The model performs well on training data but poorly on unseen data,Instances incorrectly identified as positive,Reduce overfitting,Prone to overfitting,None of the above,High computational cost,It provides multiple evaluations and provides a robust estimation,Ensuring an equal distribution of target classes in each fold,Stratified sampling,All of the above,All of the above,All of the above,Bad results in both train and test,All of the above,Insufficient model complexity,All of the above,All of the above,Leave-One-Out Approach,Rectilinears that separate different classes in the feature space,log(n),1,We might find different split positions even though the measures (Gini and entropy) are consistent.,"If two examples belong to different classes, they must have at least one differing attribute.",The most frequent class at the current node is assigned to the example,None of the above,All of the above.,The number of training examples in the majority class divided by the total number of training examples,Oblique splits are nonlinear.,The probability is estimated based on the class frequencies in the leaf node where the example is classified.
HDHPHpQGlRLt,2023-12-19 18:30:45.550,26,All of the above,The model performs well on training data but poorly on unseen data,Instances incorrectly identified as positive,Reduce overfitting,Prone to overfitting,Balance the dataset prior to fitting,High computational cost,It provides multiple evaluations and provides a robust estimation,Ensuring an equal distribution of target classes in each fold,Stratified sampling,All of the above,All of the above,All of the above,Bad results in both train and test,All of the above,Insufficient model complexity,All of the above,All of the above,Leave-One-Out Approach,Rectilinears that separate different classes in the feature space,None of the above,(n-1)/n,We might find different split positions even though the measures (Gini and entropy) are consistent.,"If two examples belong to different classes, they must have at least one differing attribute.",The most frequent class at the current node is assigned to the example,The most common branch is chosen for the missing value.,All of the above.,The number of training examples in the majority class divided by the total number of training examples,Oblique splits are nonlinear.,The probability is estimated based on the class frequencies in the leaf node where the example is classified.
nojDz9QSjRLy,2023-12-19 18:38:13.402,25,Model evaluation,The model performs well on training data but poorly on unseen data,Instances incorrectly identified as positive,Reduce overfitting,Prone to overfitting,Balance the dataset prior to fitting,High computational cost,It provides multiple evaluations and provides a robust estimation,Ensuring an equal distribution of target classes in each fold,Stratified sampling,All of the above,All of the above,All of the above,Bad results in both train and test,All of the above,Insufficient model complexity,All of the above,All of the above,Leave-One-Out Approach,Rectilinears that separate different classes in the feature space,None of the above,None of the above,We may find different split positions because the measures (Gini and entropy) used are inconsistent.,"If two examples belong to different classes, they must have at least one differing attribute.",The most frequent class at the current node is assigned to the example,The most common branch is chosen for the missing value.,All of the above.,The inverse of the number of classes (1 divided by the number of classes),Only a single attribute is evaluated in each split condition.,The probability is estimated based on the class frequencies in the leaf node where the example is classified.
7VLP2mvnxjRS,2023-12-19 18:50:10.094,23,All of the above,The model performs well on training data but poorly on unseen data,Instances incorrectly identified as positive,Reduce overfitting,Prone to overfitting,Balance the dataset prior to fitting,High computational cost,It provides multiple evaluations and provides a robust estimation,Ensuring an equal distribution of target classes in each fold,Stratified sampling,All of the above,All of the above,F-Score,Bad results in both train and test,Excessive model complexity,Insufficient model complexity,They don't make prior assumptions on data's probability distribution,All of the above,Cross-validation,Rectilinears that separate different classes in the feature space,1,None of the above,We might find different split positions even though the measures (Gini and entropy) are consistent.,"If two examples belong to different classes, they must have at least one differing attribute.",The most frequent class at the current node is assigned to the example,The most common branch is chosen for the missing value.,All of the above.,None of the above,Only a single attribute is evaluated in each split condition.,The probability is estimated based on the class frequencies in the leaf node where the example is classified.
WZiibWz2DWRQ,2023-12-19 18:51:45.286,23,Model evaluation,The model performs well on training data but poorly on unseen data,Instances incorrectly identified as positive,Reduce overfitting,Prone to overfitting,Balance the dataset prior to fitting,High computational cost,It provides multiple evaluations and provides a robust estimation,Ensuring an equal distribution of target classes in each fold,Stratified sampling,All of the above,All of the above,All of the above,Bad results in both train and test,All of the above,Insufficient model complexity,All of the above,Increase the size of the tree,Leave-One-Out Approach,Rectilinears that separate different classes in the feature space,1,(n-1)/n,We might find different split positions even though the measures (Gini and entropy) are consistent.,When some samples have identical attributes but belong to different classes.,The most frequent class at the current node is assigned to the example,The most common branch is chosen for the missing value.,All of the above.,The inverse of the number of classes (1 divided by the number of classes),Oblique splits are nonlinear.,The probability is estimated based on the class frequencies in the leaf node where the example is classified.
6k8WibIW0Img,2023-12-19 18:52:15.094,23,Model evaluation,The model performs well on training data but poorly on unseen data,Instances incorrectly identified as positive,Reduce overfitting,Prone to overfitting,Balance the dataset prior to fitting,High computational cost,It provides multiple evaluations and provides a robust estimation,Ensuring an equal distribution of target classes in each fold,Stratified sampling,All of the above,All of the above,All of the above,Bad results in both train and test,All of the above,Insufficient model complexity,All of the above,Increase the size of the tree,Leave-One-Out Approach,Rectilinears that separate different classes in the feature space,1,(n-1)/n,We might find different split positions even though the measures (Gini and entropy) are consistent.,When some samples have identical attributes but belong to different classes.,The most frequent class at the current node is assigned to the example,The most common branch is chosen for the missing value.,All of the above.,The inverse of the number of classes (1 divided by the number of classes),Oblique splits are nonlinear.,The probability is estimated based on the class frequencies in the leaf node where the example is classified.
C6BcTLw4mOKQ,2023-12-19 19:01:29.105,23,All of the above,The model performs well on training data but poorly on unseen data,Instances incorrectly identified as positive,Reduce overfitting,Prone to overfitting,Balance the dataset prior to fitting,High computational cost,It provides multiple evaluations and provides a robust estimation,Ensuring an equal distribution of target classes in each fold,Stratified sampling,All of the above,All of the above,F-Score,Bad results in both train and test,All of the above,Insufficient model complexity,All of the above,All of the above,Holdout Method,The point at which a decision tree splits the data,log(n),None of the above,We might find different split positions even though the measures (Gini and entropy) are consistent.,Splitting into pure leaves is not possible.,The most frequent class at the current node is assigned to the example,The most common branch is chosen for the missing value.,All of the above.,None of the above,Oblique splits are nonlinear.,The probability is estimated based on the class frequencies in the leaf node where the example is classified.
7VpB1pGsv71N,2023-12-19 19:09:39.728,15,All of the above,The model performs well on training data but poorly on unseen data,Instances incorrectly identified as positive,Reduce overfitting,Prone to overfitting,Balance the dataset prior to fitting,High computational cost,It provides multiple evaluations and provides a robust estimation,Ensuring an equal distribution of target classes in each fold,Feature scaling,Minimum number of samples in leafs,All of the above,All of the above,"Bad results in train, but good results in test",Insufficient training data,Insufficient model complexity,They don't make prior assumptions on data's probability distribution,All of the above,Holdout Method,The point at which a decision tree splits the data,1,(n-1)/n,We may find different split positions because the measures (Gini and entropy) used are inconsistent.,When some samples have identical attributes but belong to different classes.,"A random value from the supported attribute values is chosen, and the classification process continues.","A random value from the supported attribute values is chosen, and the classification process continues.",All of the above.,The number of training examples in the majority class divided by the total number of training examples,Oblique splits are nonlinear.,The probability is derived using the entropy at the leaf node where the classification occurs.
o2VbFpgtLwG2,2023-12-19 19:18:47.114,19,Model evaluation,The model performs well on training data but poorly on unseen data,Instances incorrectly identified as positive,Reduce overfitting,Prone to overfitting,Balance the dataset prior to fitting,Overestimation of model performance,It provides multiple evaluations and provides a robust estimation,Ensuring an equal distribution of target classes in each fold,Stratified sampling,All of the above,All of the above,All of the above,Bad results in both train and test,Excessive model complexity,Insufficient model complexity,They don't make prior assumptions on data's probability distribution,All of the above,Leave-One-Out Approach,Rectilinears that separate different classes in the feature space,1,(n-1)/n,We may find different split positions because the measures (Gini and entropy) used are inconsistent.,Splitting into pure leaves is not possible.,The most frequent class at the current node is assigned to the example,The most common branch is chosen for the missing value.,Use of post-pruning.,None of the above,Oblique splits are nonlinear.,The probability is estimated based on the class frequencies in the leaf node where the example is classified.
BSLGp0wdoAqj,2023-12-19 19:26:40.822,23,Model evaluation,The model performs well on training data but poorly on unseen data,Instances incorrectly identified as positive,Reduce overfitting,Prone to overfitting,Balance the dataset prior to fitting,High computational cost,It provides multiple evaluations and provides a robust estimation,Ensuring an equal distribution of target classes in each fold,Stratified sampling,All of the above,All of the above,All of the above,"Good results in train, but bad results in test",All of the above,Insufficient model complexity,They don't make prior assumptions on data's probability distribution,All of the above,Holdout Method,Rectilinears that separate different classes in the feature space,log(n),(n-1)/n,We might find different split positions even though the measures (Gini and entropy) are consistent.,Splitting into pure leaves is not possible.,The most frequent class at the current node is assigned to the example,The most common branch is chosen for the missing value.,All of the above.,The inverse of the number of classes (1 divided by the number of classes),Oblique splits are nonlinear.,The probability is estimated based on the class frequencies in the leaf node where the example is classified.
1ggBjCxnkaT8,2023-12-19 19:29:22.482,21,Model evaluation,The model performs well on training data but poorly on unseen data,Instances incorrectly identified as positive,Reduce overfitting,Suitable for linear relationships only,Balance the dataset prior to fitting,High computational cost,It provides multiple evaluations and provides a robust estimation,Ensuring an equal distribution of target classes in each fold,Stratified sampling,All of the above,All of the above,All of the above,Bad results in both train and test,All of the above,Insufficient model complexity,They don't make prior assumptions on data's probability distribution,Increase the size of the tree,All of the above,Rectilinears that separate different classes in the feature space,1,(n-1)/n,We might find different split positions even though the measures (Gini and entropy) are consistent.,"If two examples belong to different classes, they must have at least one differing attribute.","A random value from the supported attribute values is chosen, and the classification process continues.",The most common branch is chosen for the missing value.,All of the above.,The number of training examples in the minority class divided by the total number of training examples.,Oblique splits are nonlinear.,The probability is estimated based on the class frequencies in the leaf node where the example is classified.
jMkOnTydcqm6,2023-12-19 19:30:38.744,23,Model evaluation,The model performs well on training data but poorly on unseen data,Instances incorrectly identified as positive,Reduce overfitting,Prone to overfitting,Balance the dataset prior to fitting,High computational cost,It provides multiple evaluations and provides a robust estimation,Ensuring an equal distribution of target classes in each fold,Stratified sampling,All of the above,All of the above,Precision,Bad results in both train and test,All of the above,Insufficient model complexity,All of the above,All of the above,Holdout Method,Rectilinears that separate different classes in the feature space,log(n),(n-1)/n,We may find different split positions because the measures (Gini and entropy) used are inconsistent.,Splitting into pure leaves is not possible.,The most frequent class at the current node is assigned to the example,"A random value from the supported attribute values is chosen, and the classification process continues.",All of the above.,None of the above,Oblique splits are nonlinear.,The probability is estimated based on the class frequencies in the leaf node where the example is classified.
lOuE9tkR89Pk,2023-12-19 19:32:59.263,26,Model evaluation,The model performs well on training data but poorly on unseen data,Instances incorrectly identified as positive,Reduce overfitting,Prone to overfitting,Balance the dataset prior to fitting,High computational cost,It provides multiple evaluations and provides a robust estimation,Ensuring an equal distribution of target classes in each fold,Stratified sampling,All of the above,All of the above,All of the above,Bad results in both train and test,All of the above,Insufficient model complexity,All of the above,All of the above,All of the above,Rectilinears that separate different classes in the feature space,1,(n-1)/n,We might find different split positions even though the measures (Gini and entropy) are consistent.,"If two examples belong to different classes, they must have at least one differing attribute.",The most frequent class at the current node is assigned to the example,The most common branch is chosen for the missing value.,All of the above.,The inverse of the number of classes (1 divided by the number of classes),Only a single attribute is evaluated in each split condition.,The probability is estimated based on the class frequencies in the leaf node where the example is classified.
KNvidOVZPDzA,2023-12-19 19:37:32.570,25,Model evaluation,The model performs well on training data but poorly on unseen data,Instances incorrectly identified as positive,Reduce overfitting,Prone to overfitting,Imbalance the dataset prior to fitting,High computational cost,It provides multiple evaluations and provides a robust estimation,Ensuring an equal distribution of target classes in each fold,Stratified sampling,All of the above,All of the above,All of the above,Bad results in both train and test,All of the above,Insufficient model complexity,All of the above,All of the above,Holdout Method,Rectilinears that separate different classes in the feature space,1,(n-1)/n,We might find different split positions even though the measures (Gini and entropy) are consistent.,"If two examples belong to different classes, they must have at least one differing attribute.",The most frequent class at the current node is assigned to the example,None of the above,All of the above.,The inverse of the number of classes (1 divided by the number of classes),Only a single attribute is evaluated in each split condition.,The probability is estimated based on the class frequencies in the leaf node where the example is classified.
IWu147zvpRWb,2023-12-19 19:45:36.585,23,All of the above,The model performs well on training data but poorly on unseen data,Instances incorrectly identified as positive,Reduce overfitting,Prone to overfitting,Balance the dataset prior to fitting,High computational cost,It provides multiple evaluations and provides a robust estimation,Ensuring an equal distribution of target classes in each fold,Stratified sampling,All of the above,All of the above,All of the above,Bad results in both train and test,All of the above,Insufficient model complexity,All of the above,Increase the size of the tree,Leave-One-Out Approach,Rectilinears that separate different classes in the feature space,1,(n-1)/n,We might find different split positions even though the measures (Gini and entropy) are consistent.,Splitting into pure leaves is not possible.,The most frequent class at the current node is assigned to the example,The most common branch is chosen for the missing value.,All of the above.,The number of training examples in the majority class divided by the total number of training examples,Oblique splits are nonlinear.,The probability is estimated based on the class frequencies in the leaf node where the example is classified.
SOvsRqc7VPKI,2023-12-19 19:49:19.509,23,Model evaluation,The model performs well on training data but poorly on unseen data,Instances incorrectly identified as positive,Reduce overfitting,Prone to overfitting,Balance the dataset prior to fitting,High computational cost,It provides multiple evaluations and provides a robust estimation,Ensuring an equal distribution of target classes in each fold,Stratified sampling,All of the above,All of the above,All of the above,Bad results in both train and test,All of the above,Insufficient model complexity,All of the above,Increase the size of the tree,Leave-One-Out Approach,Rectilinears that separate different classes in the feature space,1,(n-1)/n,We might find different split positions even though the measures (Gini and entropy) are consistent.,When some samples have identical attributes but belong to different classes.,The most frequent class at the current node is assigned to the example,The most common branch is chosen for the missing value.,All of the above.,The inverse of the number of classes (1 divided by the number of classes),Oblique splits are nonlinear.,The probability is estimated based on the class frequencies in the leaf node where the example is classified.
vqNkppoZuHFA,2023-12-19 19:55:42.634,24,Model evaluation,The model performs well on training data but poorly on unseen data,Instances incorrectly identified as positive,Reduce overfitting,Prone to overfitting,Balance the dataset prior to fitting,High computational cost,It provides multiple evaluations and provides a robust estimation,Ensuring an equal distribution of target classes in each fold,Stratified sampling,All of the above,All of the above,Precision,Bad results in both train and test,All of the above,Insufficient model complexity,They don't make prior assumptions on data's probability distribution,Increase the size of the tree,All of the above,Rectilinears that separate different classes in the feature space,None of the above,(n-1)/n,We might find different split positions even though the measures (Gini and entropy) are consistent.,"If two examples belong to different classes, they must have at least one differing attribute.",The most frequent class at the current node is assigned to the example,The most common branch is chosen for the missing value.,All of the above.,The number of training examples in the minority class divided by the total number of training examples.,Oblique splits are nonlinear.,The probability is estimated based on the class frequencies in the leaf node where the example is classified.
bWRj9XHmvXaq,2023-12-19 20:00:30.423,24,Model evaluation,The model performs well on training data but poorly on unseen data,Instances incorrectly identified as positive,Reduce overfitting,Prone to overfitting,Balance the dataset prior to fitting,High computational cost,It provides multiple evaluations and provides a robust estimation,Ensuring an equal distribution of target classes in each fold,Stratified sampling,All of the above,All of the above,All of the above,Bad results in both train and test,All of the above,Insufficient model complexity,They don't make prior assumptions on data's probability distribution,All of the above,Cross-validation,Rectilinears that separate different classes in the feature space,None of the above,(n-1)/n,We might find different split positions even though the measures (Gini and entropy) are consistent.,"If two examples belong to different classes, they must have at least one differing attribute.",None of the above,None of the above,All of the above.,None of the above,Only a single attribute is evaluated in each split condition.,The probability is estimated based on the class frequencies in the leaf node where the example is classified.
SpXSTCkMzPni,2023-12-19 20:01:26.201,24,Model evaluation,The model performs well on training data but poorly on unseen data,Instances incorrectly identified as positive,Reduce overfitting,Prone to overfitting,Balance the dataset prior to fitting,High computational cost,It provides multiple evaluations and provides a robust estimation,Ensuring an equal distribution of target classes in each fold,Stratified sampling,All of the above,Learning curve,Precision,Bad results in both train and test,All of the above,Insufficient model complexity,All of the above,All of the above,Leave-One-Out Approach,All of the above,None of the above,(n-1)/n,We might find different split positions even though the measures (Gini and entropy) are consistent.,"If two examples belong to different classes, they must have at least one differing attribute.",The most frequent class at the current node is assigned to the example,The most common branch is chosen for the missing value.,All of the above.,The number of training examples in the minority class divided by the total number of training examples.,Oblique splits are nonlinear.,The probability is estimated based on the class frequencies in the leaf node where the example is classified.
pMrOo2QfC0Kp,2023-12-19 20:02:26.376,25,All of the above,The model performs well on training data but poorly on unseen data,Instances incorrectly identified as positive,Reduce overfitting,Prone to overfitting,Balance the dataset prior to fitting,High computational cost,It provides multiple evaluations and provides a robust estimation,Ensuring an equal distribution of target classes in each fold,Stratified sampling,All of the above,All of the above,All of the above,Bad results in both train and test,All of the above,Insufficient model complexity,All of the above,Increase the size of the data,Cross-validation,Rectilinears that separate different classes in the feature space,None of the above,(n-1)/n,We might find different split positions even though the measures (Gini and entropy) are consistent.,"If two examples belong to different classes, they must have at least one differing attribute.",The most frequent class at the current node is assigned to the example,The most common branch is chosen for the missing value.,All of the above.,The number of training examples in the majority class divided by the total number of training examples,Oblique splits are nonlinear.,The probability is estimated based on the class frequencies in the leaf node where the example is classified.
WNh0afD7QG4d,2023-12-19 20:02:27.472,25,All of the above,The model performs well on training data but poorly on unseen data,Instances incorrectly identified as positive,Reduce overfitting,Prone to overfitting,Balance the dataset prior to fitting,High computational cost,It provides multiple evaluations and provides a robust estimation,Ensuring an equal distribution of target classes in each fold,Stratified sampling,All of the above,All of the above,All of the above,Bad results in both train and test,All of the above,Insufficient model complexity,All of the above,Increase the size of the data,Cross-validation,Rectilinears that separate different classes in the feature space,None of the above,(n-1)/n,We might find different split positions even though the measures (Gini and entropy) are consistent.,"If two examples belong to different classes, they must have at least one differing attribute.",The most frequent class at the current node is assigned to the example,The most common branch is chosen for the missing value.,All of the above.,The number of training examples in the majority class divided by the total number of training examples,Oblique splits are nonlinear.,The probability is estimated based on the class frequencies in the leaf node where the example is classified.
aKKO0pyKuBaK,2023-12-19 20:04:54.030,27,Model evaluation,The model performs well on training data but poorly on unseen data,Instances incorrectly identified as positive,Reduce overfitting,Prone to overfitting,Balance the dataset prior to fitting,High computational cost,It provides multiple evaluations and provides a robust estimation,Ensuring an equal distribution of target classes in each fold,Stratified sampling,All of the above,All of the above,All of the above,Bad results in both train and test,All of the above,Insufficient model complexity,All of the above,All of the above,Holdout Method,Rectilinears that separate different classes in the feature space,None of the above,(n-1)/n,We might find different split positions even though the measures (Gini and entropy) are consistent.,"If two examples belong to different classes, they must have at least one differing attribute.",The most frequent class at the current node is assigned to the example,The most common branch is chosen for the missing value.,All of the above.,The inverse of the number of classes (1 divided by the number of classes),Oblique splits are nonlinear.,The probability is estimated based on the class frequencies in the leaf node where the example is classified.
w1PmKgj9FomZ,2023-12-19 20:05:09.230,27,Model evaluation,The model performs well on training data but poorly on unseen data,Instances incorrectly identified as positive,Reduce overfitting,Prone to overfitting,Balance the dataset prior to fitting,High computational cost,It provides multiple evaluations and provides a robust estimation,Ensuring an equal distribution of target classes in each fold,Stratified sampling,All of the above,All of the above,All of the above,Bad results in both train and test,All of the above,Insufficient model complexity,All of the above,All of the above,Holdout Method,Rectilinears that separate different classes in the feature space,None of the above,(n-1)/n,We might find different split positions even though the measures (Gini and entropy) are consistent.,"If two examples belong to different classes, they must have at least one differing attribute.",The most frequent class at the current node is assigned to the example,The most common branch is chosen for the missing value.,All of the above.,The inverse of the number of classes (1 divided by the number of classes),Oblique splits are nonlinear.,The probability is estimated based on the class frequencies in the leaf node where the example is classified.
No1fcFHRlYfg,2023-12-19 20:11:04.805,26,Model evaluation,The model performs well on training data but poorly on unseen data,Instances incorrectly identified as positive,Reduce overfitting,Prone to overfitting,Balance the dataset prior to fitting,High computational cost,It provides multiple evaluations and provides a robust estimation,Ensuring an equal distribution of target classes in each fold,Stratified sampling,All of the above,All of the above,All of the above,Bad results in both train and test,Excessive model complexity,Insufficient model complexity,They don't make prior assumptions on data's probability distribution,All of the above,Holdout Method,Rectilinears that separate different classes in the feature space,None of the above,(n-1)/n,We might find different split positions even though the measures (Gini and entropy) are consistent.,"If two examples belong to different classes, they must have at least one differing attribute.",The most frequent class at the current node is assigned to the example,The most common branch is chosen for the missing value.,All of the above.,The inverse of the number of classes (1 divided by the number of classes),Only a single attribute is evaluated in each split condition.,The probability is estimated based on the class frequencies in the leaf node where the example is classified.
Q7dfzHYyXvOT,2023-12-19 20:11:12.490,28,Model evaluation,The model performs well on training data but poorly on unseen data,Instances incorrectly identified as positive,Reduce overfitting,Prone to overfitting,Balance the dataset prior to fitting,High computational cost,It provides multiple evaluations and provides a robust estimation,Ensuring an equal distribution of target classes in each fold,Stratified sampling,All of the above,All of the above,All of the above,Bad results in both train and test,All of the above,Insufficient model complexity,All of the above,All of the above,Holdout Method,Rectilinears that separate different classes in the feature space,None of the above,(n-1)/n,We might find different split positions even though the measures (Gini and entropy) are consistent.,"If two examples belong to different classes, they must have at least one differing attribute.",The most frequent class at the current node is assigned to the example,The most common branch is chosen for the missing value.,All of the above.,The inverse of the number of classes (1 divided by the number of classes),Only a single attribute is evaluated in each split condition.,The probability is estimated based on the class frequencies in the leaf node where the example is classified.
tZNKhSZpzqOT,2023-12-19 20:14:09.269,23,Model evaluation,The model performs well on training data but poorly on unseen data,Instances incorrectly identified as positive,Reduce overfitting,Prone to overfitting,Balance the dataset prior to fitting,High computational cost,It provides multiple evaluations and provides a robust estimation,Ensuring an equal distribution of target classes in each fold,Stratified sampling,All of the above,Trial and error,Precision,Bad results in both train and test,All of the above,Insufficient model complexity,They don't make prior assumptions on data's probability distribution,Increase the size of the tree,Holdout Method,Rectilinears that separate different classes in the feature space,None of the above,(n-1)/n,We might find different split positions even though the measures (Gini and entropy) are consistent.,When some samples have identical attributes but belong to different classes.,The most frequent class at the current node is assigned to the example,The most common branch is chosen for the missing value.,All of the above.,The inverse of the number of classes (1 divided by the number of classes),Oblique splits are nonlinear.,The probability is estimated based on the class frequencies in the leaf node where the example is classified.
xlLz8YVMGkvs,2023-12-19 20:17:06.518,25,Model evaluation,The model performs well on training data but poorly on unseen data,Instances incorrectly identified as positive,Reduce overfitting,Prone to overfitting,Balance the dataset prior to fitting,High computational cost,It provides multiple evaluations and provides a robust estimation,Ensuring an equal distribution of target classes in each fold,Stratified sampling,All of the above,All of the above,F-Score,Bad results in both train and test,All of the above,Insufficient model complexity,All of the above,All of the above,All of the above,Rectilinears that separate different classes in the feature space,1,(n-1)/n,We might find different split positions even though the measures (Gini and entropy) are consistent.,When some samples have identical attributes but belong to different classes.,The most frequent class at the current node is assigned to the example,The most common branch is chosen for the missing value.,All of the above.,None of the above,All of the above.,The probability is estimated based on the class frequencies in the leaf node where the example is classified.
xbNryveuRsXc,2023-12-19 20:22:07.506,23,All of the above,The model performs well on training data but poorly on unseen data,Instances incorrectly identified as positive,Reduce overfitting,Prone to overfitting,Balance the dataset prior to fitting,High computational cost,It provides multiple evaluations and provides a robust estimation,Ensuring an equal distribution of target classes in each fold,Stratified sampling,All of the above,All of the above,All of the above,Bad results in both train and test,All of the above,Insufficient model complexity,All of the above,All of the above,All of the above,Rectilinears that separate different classes in the feature space,None of the above,(n-1)/n,We may find different split positions because the measures (Gini and entropy) used are inconsistent.,"If two examples belong to different classes, they must have at least one differing attribute.",The example is not classified.,The most common branch is chosen for the missing value.,All of the above.,The inverse of the number of classes (1 divided by the number of classes),All of the above.,The probability is estimated based on the class frequencies in the leaf node where the example is classified.
VTLAbK1PHg7B,2023-12-19 20:22:39.191,22,Model evaluation,The model performs well on training data but poorly on unseen data,Instances incorrectly identified as positive,Reduce overfitting,Prone to overfitting,Balance the dataset prior to fitting,Overestimation of model performance,It provides multiple evaluations and provides a robust estimation,Ensuring an equal distribution of target classes in each fold,Stratified sampling,All of the above,All of the above,All of the above,Bad results in both train and test,All of the above,Insufficient model complexity,They require more training data,All of the above,Cross-validation,Rectilinears that separate different classes in the feature space,None of the above,1,We might find different split positions even though the measures (Gini and entropy) are consistent.,"If two examples belong to different classes, they must have at least one differing attribute.",The example is not classified.,The most common branch is chosen for the missing value.,All of the above.,The inverse of the number of classes (1 divided by the number of classes),Oblique splits are nonlinear.,The probability is estimated based on the class frequencies in the leaf node where the example is classified.
ynjK3wP1cV18,2023-12-19 20:25:45.787,23,Model evaluation,The model performs well on training data but poorly on unseen data,Instances incorrectly identified as positive,Reduce overfitting,Prone to overfitting,Balance the dataset prior to fitting,Biased toward larger datasets,It provides multiple evaluations and provides a robust estimation,Ensuring an equal distribution of target classes in each fold,Stratified sampling,All of the above,All of the above,All of the above,Bad results in both train and test,All of the above,Insufficient model complexity,All of the above,Increase the size of the tree,Leave-One-Out Approach,Rectilinears that separate different classes in the feature space,1,(n-1)/n,We might find different split positions even though the measures (Gini and entropy) are consistent.,When some samples have identical attributes but belong to different classes.,The most frequent class at the current node is assigned to the example,The most common branch is chosen for the missing value.,All of the above.,The inverse of the number of classes (1 divided by the number of classes),Only a single attribute is evaluated in each split condition.,The probability is estimated based on the class frequencies in the leaf node where the example is classified.
By0gyab68WPW,2023-12-19 20:31:31.975,25,Model evaluation,The model performs well on training data but poorly on unseen data,Instances incorrectly identified as positive,Reduce overfitting,Prone to overfitting,Balance the dataset prior to fitting,High computational cost,It provides multiple evaluations and provides a robust estimation,Ensuring an equal distribution of target classes in each fold,Stratified sampling,All of the above,All of the above,All of the above,Bad results in both train and test,All of the above,Insufficient model complexity,All of the above,All of the above,Leave-One-Out Approach,Rectilinears that separate different classes in the feature space,1,1,We might find different split positions even though the measures (Gini and entropy) are consistent.,"If two examples belong to different classes, they must have at least one differing attribute.",The most frequent class at the current node is assigned to the example,The most common branch is chosen for the missing value.,All of the above.,The number of training examples in the majority class divided by the total number of training examples,Oblique splits are nonlinear.,The probability is estimated based on the class frequencies in the leaf node where the example is classified.
Kji96af6kzzA,2023-12-19 20:32:29.187,25,Model evaluation,The model performs well on training data but poorly on unseen data,Instances incorrectly identified as positive,Reduce overfitting,Prone to overfitting,Balance the dataset prior to fitting,High computational cost,It provides multiple evaluations and provides a robust estimation,Ensuring an equal distribution of target classes in each fold,Stratified sampling,All of the above,All of the above,All of the above,Bad results in both train and test,All of the above,Insufficient model complexity,All of the above,All of the above,Leave-One-Out Approach,Rectilinears that separate different classes in the feature space,None of the above,None of the above,We may find different split positions because the measures (Gini and entropy) used are inconsistent.,"If two examples belong to different classes, they must have at least one differing attribute.",The most frequent class at the current node is assigned to the example,The most common branch is chosen for the missing value.,All of the above.,The inverse of the number of classes (1 divided by the number of classes),Only a single attribute is evaluated in each split condition.,The probability is estimated based on the class frequencies in the leaf node where the example is classified.
YA6aMV1xcGv9,2023-12-19 20:39:23.061,26,All of the above,The model performs well on training data but poorly on unseen data,Instances incorrectly identified as positive,Reduce overfitting,Prone to overfitting,Balance the dataset prior to fitting,High computational cost,It provides multiple evaluations and provides a robust estimation,Ensuring an equal distribution of target classes in each fold,Stratified sampling,All of the above,All of the above,All of the above,Bad results in both train and test,All of the above,Insufficient model complexity,All of the above,All of the above,Holdout Method,Rectilinears that separate different classes in the feature space,None of the above,(n-1)/n,We might find different split positions even though the measures (Gini and entropy) are consistent.,"If two examples belong to different classes, they must have at least one differing attribute.",The most frequent class at the current node is assigned to the example,The most common branch is chosen for the missing value.,All of the above.,The inverse of the number of classes (1 divided by the number of classes),Oblique splits are nonlinear.,The probability is estimated based on the class frequencies in the leaf node where the example is classified.
RM55e8d3Jbjm,2023-12-19 20:39:34.315,21,All of the above,The model performs well on training data but poorly on unseen data,Instances incorrectly identified as positive,Reduce overfitting,Prone to overfitting,Balance the dataset prior to fitting,Biased toward larger datasets,It provides multiple evaluations and provides a robust estimation,Ensuring an equal distribution of target classes in each fold,Increasing the tree depth,Tree depth,All of the above,F-Score,Bad results in both train and test,All of the above,Insufficient model complexity,They don't make prior assumptions on data's probability distribution,Increase the size of the data,Cross-validation,Rectilinears that separate different classes in the feature space,None of the above,(n-1)/n,We might find different split positions even though the measures (Gini and entropy) are consistent.,When some samples have identical attributes but belong to different classes.,The most frequent class at the current node is assigned to the example,The most common branch is chosen for the missing value.,All of the above.,The number of training examples in the majority class divided by the total number of training examples,Oblique splits are nonlinear.,The probability is estimated based on the class frequencies in the leaf node where the example is classified.
AgiWXtLnmm9y,2023-12-19 20:42:04.454,23,Feature selection,The model performs well on training data but poorly on unseen data,Instances incorrectly identified as positive,Reduce overfitting,,Balance the dataset prior to fitting,High computational cost,It provides multiple evaluations and provides a robust estimation,Ensuring an equal distribution of target classes in each fold,Stratified sampling,All of the above,All of the above,All of the above,Bad results in both train and test,All of the above,Insufficient model complexity,They don't make prior assumptions on data's probability distribution,Increase the size of the data,Cross-validation,Rectilinears that separate different classes in the feature space,1,(n-1)/n,We might find different split positions even though the measures (Gini and entropy) are consistent.,"If two examples belong to different classes, they must have at least one differing attribute.",The most frequent class at the current node is assigned to the example,The most common branch is chosen for the missing value.,All of the above.,The number of training examples in the majority class divided by the total number of training examples,Only a single attribute is evaluated in each split condition.,The probability is estimated based on the class frequencies in the leaf node where the example is classified.
9eci54foOGc9,2023-12-19 20:47:43.564,21,All of the above,The model performs well on training data but poorly on unseen data,Instances incorrectly identified as positive,Reduce overfitting,Prone to overfitting,Balance the dataset prior to fitting,High computational cost,It provides multiple evaluations and provides a robust estimation,Ensuring an equal distribution of target classes in each fold,Stratified sampling,All of the above,All of the above,All of the above,"Good results in train, but bad results in test",All of the above,Insufficient model complexity,All of the above,Increase the size of the data,Cross-validation,Rectilinears that separate different classes in the feature space,1,(n-1)/n,We might find different split positions even though the measures (Gini and entropy) are consistent.,"If two examples belong to different classes, they must have at least one differing attribute.",The most frequent class at the current node is assigned to the example,None of the above,All of the above.,The number of training examples in the minority class divided by the total number of training examples.,Oblique splits are nonlinear.,The probability is estimated based on the class frequencies in the leaf node where the example is classified.
jxlFWYs7WyTt,2023-12-19 20:53:30.466,25,All of the above,The model performs well on training data but poorly on unseen data,Instances incorrectly identified as positive,Reduce overfitting,Prone to overfitting,Balance the dataset prior to fitting,High computational cost,It provides multiple evaluations and provides a robust estimation,Ensuring an equal distribution of target classes in each fold,Stratified sampling,All of the above,All of the above,All of the above,Bad results in both train and test,All of the above,Insufficient model complexity,All of the above,Increase the size of the data,Cross-validation,Rectilinears that separate different classes in the feature space,None of the above,(n-1)/n,We might find different split positions even though the measures (Gini and entropy) are consistent.,"If two examples belong to different classes, they must have at least one differing attribute.",The most frequent class at the current node is assigned to the example,The most common branch is chosen for the missing value.,All of the above.,The number of training examples in the majority class divided by the total number of training examples,Oblique splits are nonlinear.,The probability is estimated based on the class frequencies in the leaf node where the example is classified.
1tnkUsBnGX2u,2023-12-19 20:56:28.823,25,Model evaluation,The model performs well on training data but poorly on unseen data,Instances incorrectly identified as positive,Reduce overfitting,Prone to overfitting,Balance the dataset prior to fitting,High computational cost,It provides multiple evaluations and provides a robust estimation,Ensuring an equal distribution of target classes in each fold,Stratified sampling,All of the above,All of the above,All of the above,Bad results in both train and test,All of the above,Insufficient model complexity,They don't make prior assumptions on data's probability distribution,Increase the size of the tree,Holdout Method,Rectilinears that separate different classes in the feature space,None of the above,(n-1)/n,We might find different split positions even though the measures (Gini and entropy) are consistent.,"If two examples belong to different classes, they must have at least one differing attribute.",The most frequent class at the current node is assigned to the example,The most common branch is chosen for the missing value.,All of the above.,None of the above,All of the above.,The probability is estimated based on the class frequencies in the leaf node where the example is classified.
E9vMd75UB2be,2023-12-19 20:57:12.935,21,Model evaluation,The model performs well on training data but poorly on unseen data,Instances incorrectly identified as positive,Reduce overfitting,Sensitive to feature scaling,Balance the dataset prior to fitting,High computational cost,It provides multiple evaluations and provides a robust estimation,Ensuring an equal distribution of target classes in each fold,Stratified sampling,All of the above,All of the above,All of the above,Bad results in both train and test,All of the above,Insufficient model complexity,They don't make prior assumptions on data's probability distribution,All of the above,Holdout Method,The point at which a decision tree splits the data,1,1,We might find different split positions even though the measures (Gini and entropy) are consistent.,When some samples have identical attributes but belong to different classes.,The most frequent class at the current node is assigned to the example,None of the above,All of the above.,None of the above,Only a single attribute is evaluated in each split condition.,The probability is estimated based on the class frequencies in the leaf node where the example is classified.
oVyzGGgOFu4f,2023-12-19 21:02:02.729,25,Model evaluation,The model performs well on training data but poorly on unseen data,Instances incorrectly identified as positive,Reduce overfitting,Prone to overfitting,Balance the dataset prior to fitting,High computational cost,It provides multiple evaluations and provides a robust estimation,Ensuring an equal distribution of target classes in each fold,Stratified sampling,All of the above,All of the above,All of the above,Bad results in both train and test,All of the above,Insufficient model complexity,They don't make prior assumptions on data's probability distribution,Increase the size of the tree,Holdout Method,Rectilinears that separate different classes in the feature space,None of the above,(n-1)/n,We might find different split positions even though the measures (Gini and entropy) are consistent.,"If two examples belong to different classes, they must have at least one differing attribute.",The most frequent class at the current node is assigned to the example,The most common branch is chosen for the missing value.,All of the above.,None of the above,All of the above.,The probability is estimated based on the class frequencies in the leaf node where the example is classified.
bUBpyoQOQ4Ov,2023-12-19 21:05:25.721,25,Model evaluation,The model performs well on training data but poorly on unseen data,Instances incorrectly identified as positive,Reduce overfitting,Prone to overfitting,Balance the dataset prior to fitting,High computational cost,It provides multiple evaluations and provides a robust estimation,Ensuring an equal distribution of target classes in each fold,Stratified sampling,All of the above,All of the above,All of the above,Bad results in both train and test,All of the above,Insufficient model complexity,They don't make prior assumptions on data's probability distribution,Increase the size of the tree,Holdout Method,Rectilinears that separate different classes in the feature space,None of the above,(n-1)/n,We might find different split positions even though the measures (Gini and entropy) are consistent.,"If two examples belong to different classes, they must have at least one differing attribute.",The most frequent class at the current node is assigned to the example,The most common branch is chosen for the missing value.,All of the above.,None of the above,All of the above.,The probability is estimated based on the class frequencies in the leaf node where the example is classified.
N0qYmYE8QD78,2023-12-19 21:05:32.758,24,All of the above,The model performs well on training data but poorly on unseen data,Instances incorrectly identified as positive,Reduce overfitting,Prone to overfitting,Balance the dataset prior to fitting,High computational cost,It provides multiple evaluations and provides a robust estimation,Ensuring an equal distribution of target classes in each fold,Stratified sampling,All of the above,All of the above,F-Score,Bad results in both train and test,All of the above,Insufficient model complexity,They don't make prior assumptions on data's probability distribution,Increase the size of the tree,Holdout Method,Rectilinears that separate different classes in the feature space,None of the above,(n-1)/n,We might find different split positions even though the measures (Gini and entropy) are consistent.,"If two examples belong to different classes, they must have at least one differing attribute.",None of the above,The most common branch is chosen for the missing value.,All of the above.,None of the above,It results from underfitting.,The probability is estimated based on the class frequencies in the leaf node where the example is classified.
r5xiR4T4onQf,2023-12-19 21:11:00.875,18,Model evaluation,The model performs well on training data but poorly on unseen data,Instances incorrectly identified as positive,Reduce overfitting,Prone to overfitting,Balance the dataset prior to fitting,Biased toward larger datasets,It provides multiple evaluations and provides a robust estimation,Ensuring an equal distribution of target classes in each fold,Stratified sampling,Minimum number of samples in leafs,Random search,All of the above,Bad results in both train and test,All of the above,Insufficient model complexity,They require more training data,Add more attributes,Leave-One-Out Approach,The point at which a decision tree splits the data,None of the above,(n-1)/n,"We may find the same split position, as both measures (Gini and entropy) are consistent.","If two examples belong to different classes, they must have at least one differing attribute.",The most frequent class at the current node is assigned to the example,The most common branch is chosen for the missing value.,Use of post-pruning.,The number of training examples in the minority class divided by the total number of training examples.,Oblique splits are nonlinear.,The probability is estimated based on the class frequencies in the leaf node where the example is classified.
pS17HUA271Nx,2023-12-19 21:11:10.005,20,Model evaluation,The model performs well on training data but poorly on unseen data,Instances incorrectly identified as positive,Reduce overfitting,Sensitive to feature scaling,Balance the dataset prior to fitting,High computational cost,It provides multiple evaluations and provides a robust estimation,Prioritizing one class over others during validation,Stratified sampling,All of the above,All of the above,All of the above,Bad results in both train and test,All of the above,Insufficient model complexity,They don't make prior assumptions on data's probability distribution,All of the above,Holdout Method,The point at which a decision tree splits the data,1,1,We might find different split positions even though the measures (Gini and entropy) are consistent.,When some samples have identical attributes but belong to different classes.,The most frequent class at the current node is assigned to the example,None of the above,All of the above.,None of the above,Only a single attribute is evaluated in each split condition.,The probability is estimated based on the class frequencies in the leaf node where the example is classified.
Lo0o6MK08TyI,2023-12-19 21:11:41.628,26,Model evaluation,The model performs well on training data but poorly on unseen data,Instances incorrectly identified as positive,Reduce overfitting,Prone to overfitting,Balance the dataset prior to fitting,High computational cost,It provides multiple evaluations and provides a robust estimation,Ensuring an equal distribution of target classes in each fold,Stratified sampling,All of the above,All of the above,All of the above,Bad results in both train and test,All of the above,Insufficient model complexity,All of the above,Increase the size of the tree,Holdout Method,Rectilinears that separate different classes in the feature space,None of the above,(n-1)/n,We might find different split positions even though the measures (Gini and entropy) are consistent.,"If two examples belong to different classes, they must have at least one differing attribute.",The most frequent class at the current node is assigned to the example,The most common branch is chosen for the missing value.,All of the above.,None of the above,All of the above.,The probability is estimated based on the class frequencies in the leaf node where the example is classified.
OHaSXzUdzChO,2023-12-19 21:13:03.365,26,Model evaluation,The model performs well on training data but poorly on unseen data,Instances incorrectly identified as positive,Reduce overfitting,Prone to overfitting,Balance the dataset prior to fitting,High computational cost,It provides multiple evaluations and provides a robust estimation,Ensuring an equal distribution of target classes in each fold,Stratified sampling,All of the above,All of the above,All of the above,Bad results in both train and test,All of the above,Insufficient model complexity,All of the above,All of the above,Leave-One-Out Approach,Rectilinears that separate different classes in the feature space,None of the above,(n-1)/n,We might find different split positions even though the measures (Gini and entropy) are consistent.,"If two examples belong to different classes, they must have at least one differing attribute.",The most frequent class at the current node is assigned to the example,The most common branch is chosen for the missing value.,All of the above.,The inverse of the number of classes (1 divided by the number of classes),Oblique splits are nonlinear.,The probability is estimated based on the class frequencies in the leaf node where the example is classified.
0rzpTGhVxVJU,2023-12-19 21:13:41.570,23,Model evaluation,The model performs well on training data but poorly on unseen data,Instances incorrectly identified as positive,Reduce overfitting,Prone to overfitting,Balance the dataset prior to fitting,High computational cost,It provides multiple evaluations and provides a robust estimation,Ensuring an equal distribution of target classes in each fold,Stratified sampling,All of the above,All of the above,F-Score,Bad results in both train and test,Excessive model complexity,Insufficient model complexity,All of the above,All of the above,Holdout Method,Rectilinears that separate different classes in the feature space,None of the above,(n-1)/n,We may find different split positions because the measures (Gini and entropy) used are inconsistent.,When some samples have identical attributes but belong to different classes.,The most frequent class at the current node is assigned to the example,The most common branch is chosen for the missing value.,Use of pre-pruning.,The number of training examples in the minority class divided by the total number of training examples.,Oblique splits are nonlinear.,"The probability is considered 1, as the path to this node indicates certainty in the majority class occurrence."
Oc5QucHDsmjC,2023-12-19 21:15:08.341,27,Model evaluation,The model performs well on training data but poorly on unseen data,Instances incorrectly identified as positive,Reduce overfitting,Prone to overfitting,Balance the dataset prior to fitting,High computational cost,It provides multiple evaluations and provides a robust estimation,Ensuring an equal distribution of target classes in each fold,Stratified sampling,All of the above,All of the above,All of the above,Bad results in both train and test,All of the above,Insufficient model complexity,All of the above,All of the above,Leave-One-Out Approach,Rectilinears that separate different classes in the feature space,None of the above,(n-1)/n,We might find different split positions even though the measures (Gini and entropy) are consistent.,"If two examples belong to different classes, they must have at least one differing attribute.",The most frequent class at the current node is assigned to the example,The most common branch is chosen for the missing value.,All of the above.,The inverse of the number of classes (1 divided by the number of classes),Only a single attribute is evaluated in each split condition.,The probability is estimated based on the class frequencies in the leaf node where the example is classified.
GiNOB0aoa84q,2023-12-19 21:15:34.179,26,Model evaluation,The model performs well on training data but poorly on unseen data,Instances incorrectly identified as positive,Reduce overfitting,Prone to overfitting,Balance the dataset prior to fitting,High computational cost,It provides multiple evaluations and provides a robust estimation,Ensuring an equal distribution of target classes in each fold,Stratified sampling,All of the above,All of the above,F-Score,Bad results in both train and test,All of the above,Insufficient model complexity,All of the above,All of the above,Leave-One-Out Approach,Rectilinears that separate different classes in the feature space,None of the above,(n-1)/n,We might find different split positions even though the measures (Gini and entropy) are consistent.,When some samples have identical attributes but belong to different classes.,The most frequent class at the current node is assigned to the example,The most common branch is chosen for the missing value.,All of the above.,The number of training examples in the minority class divided by the total number of training examples.,Oblique splits are nonlinear.,The probability is estimated based on the class frequencies in the leaf node where the example is classified.
VgoqnXYkjUhL,2023-12-19 21:15:49.804,27,Model evaluation,The model performs well on training data but poorly on unseen data,Instances incorrectly identified as positive,Reduce overfitting,Prone to overfitting,Balance the dataset prior to fitting,High computational cost,It provides multiple evaluations and provides a robust estimation,Ensuring an equal distribution of target classes in each fold,Stratified sampling,All of the above,All of the above,All of the above,Bad results in both train and test,All of the above,Insufficient model complexity,All of the above,All of the above,Leave-One-Out Approach,Rectilinears that separate different classes in the feature space,None of the above,(n-1)/n,We might find different split positions even though the measures (Gini and entropy) are consistent.,"If two examples belong to different classes, they must have at least one differing attribute.",The most frequent class at the current node is assigned to the example,The most common branch is chosen for the missing value.,All of the above.,The inverse of the number of classes (1 divided by the number of classes),Only a single attribute is evaluated in each split condition.,The probability is estimated based on the class frequencies in the leaf node where the example is classified.
DI3Mqi034afd,2023-12-19 21:16:24.100,27,Model evaluation,The model performs well on training data but poorly on unseen data,Instances incorrectly identified as positive,Reduce overfitting,Prone to overfitting,Balance the dataset prior to fitting,High computational cost,It provides multiple evaluations and provides a robust estimation,Ensuring an equal distribution of target classes in each fold,Stratified sampling,All of the above,All of the above,All of the above,Bad results in both train and test,All of the above,Insufficient model complexity,All of the above,All of the above,Leave-One-Out Approach,Rectilinears that separate different classes in the feature space,None of the above,(n-1)/n,We might find different split positions even though the measures (Gini and entropy) are consistent.,"If two examples belong to different classes, they must have at least one differing attribute.",The most frequent class at the current node is assigned to the example,The most common branch is chosen for the missing value.,All of the above.,The inverse of the number of classes (1 divided by the number of classes),Only a single attribute is evaluated in each split condition.,The probability is estimated based on the class frequencies in the leaf node where the example is classified.
2AQDG30NeIzY,2023-12-19 21:20:01.719,25,Model evaluation,The model performs well on training data but poorly on unseen data,Instances incorrectly identified as positive,Reduce overfitting,Prone to overfitting,Balance the dataset prior to fitting,High computational cost,It provides multiple evaluations and provides a robust estimation,Ensuring an equal distribution of target classes in each fold,Stratified sampling,All of the above,All of the above,F-Score,Bad results in both train and test,All of the above,Insufficient model complexity,All of the above,All of the above,Leave-One-Out Approach,Rectilinears that separate different classes in the feature space,None of the above,(n-1)/n,We might find different split positions even though the measures (Gini and entropy) are consistent.,When some samples have identical attributes but belong to different classes.,The most frequent class at the current node is assigned to the example,The example is not classified.,All of the above.,The number of training examples in the minority class divided by the total number of training examples.,Oblique splits are nonlinear.,The probability is estimated based on the class frequencies in the leaf node where the example is classified.
y9lkze6lHiAa,2023-12-19 21:22:32.756,12,Model evaluation,The model performs well on training data but poorly on unseen data,Instances incorrectly identified as positive,Reduce overfitting,Suitable for linear relationships only,Balance the dataset prior to fitting,Overestimation of model performance,It speeds up the training process,Prioritizing one class over others during validation,Stratified sampling,Minimum number of samples to split nodes,Random search,Accuracy,"Good results in train, but bad results in test",All of the above,Too many training epochs,They don't make prior assumptions on data's probability distribution,Add more attributes,Leave-One-Out Approach,Rectilinears that separate different classes in the feature space,None of the above,1,We might find different split positions even though the measures (Gini and entropy) are consistent.,When some samples have identical attributes but belong to different classes.,The most frequent class at the current node is assigned to the example,The most common branch is chosen for the missing value.,Use of post-pruning.,The inverse of the number of classes (1 divided by the number of classes),All of the above.,"The probability is considered 1, as the path to this node indicates certainty in the majority class occurrence."
TYE4dgTYGdCn,2023-12-19 21:23:01.135,22,Model evaluation,The model performs well on training data but poorly on unseen data,Instances incorrectly identified as positive,Reduce overfitting,Prone to overfitting,Balance the dataset prior to fitting,Overestimation of model performance,It provides multiple evaluations and provides a robust estimation,Ensuring an equal distribution of target classes in each fold,Stratified sampling,All of the above,All of the above,All of the above,Bad results in both train and test,Insufficient training data,Insufficient model complexity,They don't make prior assumptions on data's probability distribution,All of the above,Leave-One-Out Approach,Rectilinears that separate different classes in the feature space,None of the above,(n-1)/n,We might find different split positions even though the measures (Gini and entropy) are consistent.,When some samples have identical attributes but belong to different classes.,The most frequent class at the current node is assigned to the example,None of the above,All of the above.,The inverse of the number of classes (1 divided by the number of classes),Only a single attribute is evaluated in each split condition.,The probability is estimated based on the class frequencies in the leaf node where the example is classified.
pJCSXvZHMyH1,2023-12-19 21:23:09.920,22,Model evaluation,The model performs well on training data but poorly on unseen data,Instances incorrectly identified as positive,Reduce overfitting,Prone to overfitting,Balance the dataset prior to fitting,Overestimation of model performance,It provides multiple evaluations and provides a robust estimation,Ensuring an equal distribution of target classes in each fold,Stratified sampling,All of the above,All of the above,All of the above,Bad results in both train and test,Insufficient training data,Insufficient model complexity,They don't make prior assumptions on data's probability distribution,All of the above,Leave-One-Out Approach,Rectilinears that separate different classes in the feature space,None of the above,(n-1)/n,We might find different split positions even though the measures (Gini and entropy) are consistent.,When some samples have identical attributes but belong to different classes.,The most frequent class at the current node is assigned to the example,None of the above,All of the above.,The inverse of the number of classes (1 divided by the number of classes),Only a single attribute is evaluated in each split condition.,The probability is estimated based on the class frequencies in the leaf node where the example is classified.
yKhvr1tKGpJF,2023-12-19 21:23:38.915,28,Model evaluation,The model performs well on training data but poorly on unseen data,Instances incorrectly identified as positive,Reduce overfitting,Prone to overfitting,Balance the dataset prior to fitting,High computational cost,It provides multiple evaluations and provides a robust estimation,Ensuring an equal distribution of target classes in each fold,Stratified sampling,All of the above,All of the above,All of the above,Bad results in both train and test,All of the above,Insufficient model complexity,All of the above,All of the above,Leave-One-Out Approach,Rectilinears that separate different classes in the feature space,None of the above,(n-1)/n,We might find different split positions even though the measures (Gini and entropy) are consistent.,"If two examples belong to different classes, they must have at least one differing attribute.",The most frequent class at the current node is assigned to the example,The most common branch is chosen for the missing value.,All of the above.,The number of training examples in the majority class divided by the total number of training examples,Only a single attribute is evaluated in each split condition.,The probability is estimated based on the class frequencies in the leaf node where the example is classified.
hpYESXQ1czwb,2023-12-19 21:23:44.843,22,Model evaluation,The model performs well on training data but poorly on unseen data,Instances incorrectly identified as positive,Reduce overfitting,Prone to overfitting,Balance the dataset prior to fitting,Overestimation of model performance,It provides multiple evaluations and provides a robust estimation,Ensuring an equal distribution of target classes in each fold,Stratified sampling,All of the above,All of the above,All of the above,Bad results in both train and test,Insufficient training data,Insufficient model complexity,They don't make prior assumptions on data's probability distribution,All of the above,Leave-One-Out Approach,Rectilinears that separate different classes in the feature space,None of the above,(n-1)/n,We might find different split positions even though the measures (Gini and entropy) are consistent.,When some samples have identical attributes but belong to different classes.,The most frequent class at the current node is assigned to the example,None of the above,All of the above.,The inverse of the number of classes (1 divided by the number of classes),Only a single attribute is evaluated in each split condition.,The probability is estimated based on the class frequencies in the leaf node where the example is classified.
Ui0yLwC2YxnT,2023-12-19 21:28:06.929,25,Model evaluation,The model performs well on training data but poorly on unseen data,Instances incorrectly identified as positive,Reduce overfitting,Prone to overfitting,Balance the dataset prior to fitting,High computational cost,It provides multiple evaluations and provides a robust estimation,Ensuring an equal distribution of target classes in each fold,Stratified sampling,All of the above,All of the above,All of the above,Bad results in both train and test,All of the above,Insufficient model complexity,They don't make prior assumptions on data's probability distribution,All of the above,Leave-One-Out Approach,Rectilinears that separate different classes in the feature space,1,(n-1)/n,We might find different split positions even though the measures (Gini and entropy) are consistent.,"If two examples belong to different classes, they must have at least one differing attribute.",The most frequent class at the current node is assigned to the example,The most common branch is chosen for the missing value.,All of the above.,The number of training examples in the majority class divided by the total number of training examples,Oblique splits are nonlinear.,The probability is estimated based on the class frequencies in the leaf node where the example is classified.
8JOElN1piVew,2023-12-19 21:29:00.844,23,Feature selection,The model performs well on training data but poorly on unseen data,Instances incorrectly identified as positive,Reduce overfitting,Not robust to outliers,Balance the dataset prior to fitting,High computational cost,It provides multiple evaluations and provides a robust estimation,Ensuring an equal distribution of target classes in each fold,Stratified sampling,All of the above,All of the above,All of the above,Bad results in both train and test,All of the above,Insufficient model complexity,They don't make prior assumptions on data's probability distribution,Increase the size of the data,Cross-validation,Rectilinears that separate different classes in the feature space,1,(n-1)/n,We might find different split positions even though the measures (Gini and entropy) are consistent.,"If two examples belong to different classes, they must have at least one differing attribute.",The most frequent class at the current node is assigned to the example,The most common branch is chosen for the missing value.,All of the above.,The number of training examples in the majority class divided by the total number of training examples,Only a single attribute is evaluated in each split condition.,The probability is estimated based on the class frequencies in the leaf node where the example is classified.
nIdSwhLzwJKt,2023-12-19 21:30:51.844,26,Model evaluation,The model performs well on training data but poorly on unseen data,Instances incorrectly identified as positive,Reduce overfitting,Prone to overfitting,Balance the dataset prior to fitting,High computational cost,It provides multiple evaluations and provides a robust estimation,Ensuring an equal distribution of target classes in each fold,Stratified sampling,All of the above,All of the above,All of the above,Bad results in both train and test,All of the above,Insufficient model complexity,All of the above,All of the above,Leave-One-Out Approach,Rectilinears that separate different classes in the feature space,1,(n-1)/n,We might find different split positions even though the measures (Gini and entropy) are consistent.,"If two examples belong to different classes, they must have at least one differing attribute.",The most frequent class at the current node is assigned to the example,The most common branch is chosen for the missing value.,All of the above.,The inverse of the number of classes (1 divided by the number of classes),Only a single attribute is evaluated in each split condition.,The probability is estimated based on the class frequencies in the leaf node where the example is classified.
m8rfSXHUenxh,2023-12-19 21:30:59.012,25,Model evaluation,The model performs well on training data but poorly on unseen data,Instances incorrectly identified as positive,Reduce overfitting,Prone to overfitting,Balance the dataset prior to fitting,High computational cost,It provides multiple evaluations and provides a robust estimation,Ensuring an equal distribution of target classes in each fold,Stratified sampling,All of the above,All of the above,All of the above,Bad results in both train and test,All of the above,Insufficient model complexity,All of the above,All of the above,Leave-One-Out Approach,Rectilinears that separate different classes in the feature space,None of the above,None of the above,We may find different split positions because the measures (Gini and entropy) used are inconsistent.,"If two examples belong to different classes, they must have at least one differing attribute.",The most frequent class at the current node is assigned to the example,The most common branch is chosen for the missing value.,All of the above.,The inverse of the number of classes (1 divided by the number of classes),Only a single attribute is evaluated in each split condition.,The probability is estimated based on the class frequencies in the leaf node where the example is classified.
wLeCyVvKyFT8,2023-12-19 21:32:25.461,25,Model evaluation,The model performs well on training data but poorly on unseen data,Instances incorrectly identified as positive,Reduce overfitting,Prone to overfitting,Balance the dataset prior to fitting,High computational cost,It provides multiple evaluations and provides a robust estimation,Ensuring an equal distribution of target classes in each fold,Stratified sampling,All of the above,All of the above,All of the above,Bad results in both train and test,All of the above,Insufficient model complexity,They don't make prior assumptions on data's probability distribution,Increase the size of the tree,Holdout Method,Rectilinears that separate different classes in the feature space,None of the above,(n-1)/n,We might find different split positions even though the measures (Gini and entropy) are consistent.,"If two examples belong to different classes, they must have at least one differing attribute.",The most frequent class at the current node is assigned to the example,The most common branch is chosen for the missing value.,All of the above.,None of the above,All of the above.,The probability is estimated based on the class frequencies in the leaf node where the example is classified.
5WCMaHHFn6WV,2023-12-19 21:33:30.779,24,Model evaluation,The model performs well on training data but poorly on unseen data,Instances incorrectly identified as positive,Reduce overfitting,Prone to overfitting,Balance the dataset prior to fitting,High computational cost,It provides multiple evaluations and provides a robust estimation,Ensuring an equal distribution of target classes in each fold,Stratified sampling,All of the above,All of the above,F-Score,Bad results in both train and test,Excessive model complexity,Insufficient model complexity,All of the above,All of the above,Leave-One-Out Approach,Rectilinears that separate different classes in the feature space,1,1,"We may find the same split position, as both measures (Gini and entropy) are consistent.","If two examples belong to different classes, they must have at least one differing attribute.",The most frequent class at the current node is assigned to the example,The most common branch is chosen for the missing value.,All of the above.,The number of training examples in the majority class divided by the total number of training examples,Oblique splits are nonlinear.,The probability is estimated based on the class frequencies in the leaf node where the example is classified.
OLMmduueQtv7,2023-12-19 21:34:28.833,26,Model evaluation,The model performs well on training data but poorly on unseen data,Instances incorrectly identified as positive,Reduce overfitting,Prone to overfitting,Balance the dataset prior to fitting,High computational cost,It provides multiple evaluations and provides a robust estimation,Ensuring an equal distribution of target classes in each fold,Stratified sampling,All of the above,All of the above,All of the above,Bad results in both train and test,All of the above,Insufficient model complexity,They don't make prior assumptions on data's probability distribution,Increase the size of the tree,Holdout Method,Rectilinears that separate different classes in the feature space,None of the above,(n-1)/n,We might find different split positions even though the measures (Gini and entropy) are consistent.,"If two examples belong to different classes, they must have at least one differing attribute.",The most frequent class at the current node is assigned to the example,The most common branch is chosen for the missing value.,All of the above.,None of the above,Only a single attribute is evaluated in each split condition.,The probability is estimated based on the class frequencies in the leaf node where the example is classified.
CyGywfdJf5VZ,2023-12-19 21:35:28.086,23,Model evaluation,The model performs well on training data but poorly on unseen data,Instances incorrectly identified as positive,Reduce overfitting,Prone to overfitting,Balance the dataset prior to fitting,High computational cost,It provides multiple evaluations and provides a robust estimation,Ensuring an equal distribution of target classes in each fold,Stratified sampling,All of the above,All of the above,All of the above,Bad results in both train and test,All of the above,Insufficient model complexity,They don't make prior assumptions on data's probability distribution,Increase the size of the tree,Holdout Method,Rectilinears that separate different classes in the feature space,1,(n-1)/n,We might find different split positions even though the measures (Gini and entropy) are consistent.,"If two examples belong to different classes, they must have at least one differing attribute.",The most frequent class at the current node is assigned to the example,The most common branch is chosen for the missing value.,All of the above.,None of the above,All of the above.,The probability is derived using the entropy at the leaf node where the classification occurs.
tE1MOwmVibN4,2023-12-19 21:37:57.604,23,Model evaluation,The model performs well on training data but poorly on unseen data,Instances incorrectly identified as positive,Reduce overfitting,Prone to overfitting,Balance the dataset prior to fitting,High computational cost,It provides multiple evaluations and provides a robust estimation,Ensuring an equal distribution of target classes in each fold,Stratified sampling,All of the above,All of the above,All of the above,Bad results in both train and test,All of the above,Insufficient model complexity,They don't make prior assumptions on data's probability distribution,Increase the size of the tree,Holdout Method,Rectilinears that separate different classes in the feature space,1,(n-1)/n,We might find different split positions even though the measures (Gini and entropy) are consistent.,"If two examples belong to different classes, they must have at least one differing attribute.",The most frequent class at the current node is assigned to the example,The most common branch is chosen for the missing value.,All of the above.,None of the above,All of the above.,The probability is derived using the entropy at the leaf node where the classification occurs.
aeQlX5jbZHXw,2023-12-19 21:40:25.896,25,Model evaluation,The model performs well on training data but poorly on unseen data,Instances incorrectly identified as positive,Reduce overfitting,Prone to overfitting,Balance the dataset prior to fitting,High computational cost,It provides multiple evaluations and provides a robust estimation,Ensuring an equal distribution of target classes in each fold,Stratified sampling,All of the above,All of the above,All of the above,Bad results in both train and test,All of the above,Insufficient model complexity,All of the above,Increase the size of the tree,Leave-One-Out Approach,Rectilinears that separate different classes in the feature space,None of the above,(n-1)/n,We might find different split positions even though the measures (Gini and entropy) are consistent.,"If two examples belong to different classes, they must have at least one differing attribute.",The most frequent class at the current node is assigned to the example,The most common branch is chosen for the missing value.,All of the above.,None of the above,Oblique splits are nonlinear.,The probability is estimated based on the class frequencies in the leaf node where the example is classified.
BJE8NOUNFGYz,2023-12-19 21:43:13.584,25,Model evaluation,The model performs well on training data but poorly on unseen data,Instances incorrectly identified as positive,Reduce overfitting,Prone to overfitting,Balance the dataset prior to fitting,High computational cost,It provides multiple evaluations and provides a robust estimation,Ensuring an equal distribution of target classes in each fold,Stratified sampling,All of the above,All of the above,F-Score,Bad results in both train and test,All of the above,Insufficient model complexity,All of the above,All of the above,All of the above,Rectilinears that separate different classes in the feature space,None of the above,1,We might find different split positions even though the measures (Gini and entropy) are consistent.,"If two examples belong to different classes, they must have at least one differing attribute.",The most frequent class at the current node is assigned to the example,None of the above,All of the above.,The number of training examples in the minority class divided by the total number of training examples.,Oblique splits are nonlinear.,The probability is estimated based on the class frequencies in the leaf node where the example is classified.
ROaS3EN46XLy,2023-12-19 21:45:06.454,23,Model evaluation,The model performs well on training data but poorly on unseen data,Instances incorrectly identified as positive,Reduce overfitting,Prone to overfitting,Balance the dataset prior to fitting,High computational cost,It provides multiple evaluations and provides a robust estimation,Ensuring an equal distribution of target classes in each fold,Stratified sampling,All of the above,All of the above,All of the above,Bad results in both train and test,All of the above,All of the above,They don't make prior assumptions on data's probability distribution,All of the above,Leave-One-Out Approach,Rectilinears that separate different classes in the feature space,None of the above,(n-1)/n,We might find different split positions even though the measures (Gini and entropy) are consistent.,When some samples have identical attributes but belong to different classes.,The most frequent class at the current node is assigned to the example,The most common branch is chosen for the missing value.,All of the above.,The inverse of the number of classes (1 divided by the number of classes),Oblique splits are nonlinear.,The probability is estimated based on the class frequencies in the leaf node where the example is classified.
zeQInY6w8eBY,2023-12-19 21:45:06.955,24,Model evaluation,The model performs well on training data but poorly on unseen data,Instances incorrectly identified as positive,Reduce overfitting,Prone to overfitting,Balance the dataset prior to fitting,High computational cost,It provides multiple evaluations and provides a robust estimation,Ensuring an equal distribution of target classes in each fold,Stratified sampling,All of the above,All of the above,All of the above,Bad results in both train and test,All of the above,Insufficient model complexity,They don't make prior assumptions on data's probability distribution,All of the above,Leave-One-Out Approach,Rectilinears that separate different classes in the feature space,None of the above,(n-1)/n,We might find different split positions even though the measures (Gini and entropy) are consistent.,When some samples have identical attributes but belong to different classes.,The most frequent class at the current node is assigned to the example,The most common branch is chosen for the missing value.,All of the above.,None of the above,Oblique splits are nonlinear.,The probability is estimated based on the class frequencies in the leaf node where the example is classified.
oXHAAQD8R9lF,2023-12-19 21:45:10.859,22,Model evaluation,The model performs well on training data but poorly on unseen data,Instances incorrectly identified as positive,Reduce overfitting,Prone to overfitting,Balance the dataset prior to fitting,High computational cost,It provides multiple evaluations and provides a robust estimation,Ensuring an equal distribution of target classes in each fold,Stratified sampling,All of the above,All of the above,All of the above,Bad results in both train and test,Excessive model complexity,Insufficient model complexity,They don't make prior assumptions on data's probability distribution,All of the above,Leave-One-Out Approach,Rectilinears that separate different classes in the feature space,None of the above,(n-1)/n,We may find different split positions because the measures (Gini and entropy) used are inconsistent.,When some samples have identical attributes but belong to different classes.,The most frequent class at the current node is assigned to the example,The most common branch is chosen for the missing value.,All of the above.,None of the above,All of the above.,The probability is estimated based on the class frequencies in the leaf node where the example is classified.
QJyEL3O7YA2f,2023-12-19 21:45:16.502,24,Model evaluation,The model performs well on training data but poorly on unseen data,Instances incorrectly identified as positive,Reduce overfitting,Prone to overfitting,Balance the dataset prior to fitting,High computational cost,It provides multiple evaluations and provides a robust estimation,Ensuring an equal distribution of target classes in each fold,Stratified sampling,All of the above,All of the above,All of the above,Bad results in both train and test,All of the above,Insufficient model complexity,They don't make prior assumptions on data's probability distribution,All of the above,Leave-One-Out Approach,Rectilinears that separate different classes in the feature space,None of the above,(n-1)/n,We might find different split positions even though the measures (Gini and entropy) are consistent.,When some samples have identical attributes but belong to different classes.,The most frequent class at the current node is assigned to the example,The most common branch is chosen for the missing value.,All of the above.,The inverse of the number of classes (1 divided by the number of classes),Oblique splits are nonlinear.,The probability is estimated based on the class frequencies in the leaf node where the example is classified.
sg62FVLFX6BW,2023-12-19 21:45:48.538,19,All of the above,The model performs well on training data but poorly on unseen data,Instances incorrectly identified as positive,Reduce overfitting,Prone to overfitting,Balance the dataset prior to fitting,High computational cost,It provides multiple evaluations and provides a robust estimation,Ensuring an equal distribution of target classes in each fold,Stratified sampling,All of the above,All of the above,All of the above,"Good results in train, but bad results in test",All of the above,Insufficient model complexity,All of the above,All of the above,Leave-One-Out Approach,Rectilinears that separate different classes in the feature space,1,1,We may find different split positions because the measures (Gini and entropy) used are inconsistent.,Splitting into pure leaves is not possible.,The most frequent class at the current node is assigned to the example,None of the above,All of the above.,None of the above,Oblique splits are nonlinear.,The probability is estimated based on the class frequencies in the leaf node where the example is classified.
KwlNeadgH2OL,2023-12-19 21:47:52.192,27,Model evaluation,The model performs well on training data but poorly on unseen data,Instances incorrectly identified as positive,Reduce overfitting,Prone to overfitting,Balance the dataset prior to fitting,High computational cost,It provides multiple evaluations and provides a robust estimation,Ensuring an equal distribution of target classes in each fold,Stratified sampling,All of the above,All of the above,F-Score,Bad results in both train and test,All of the above,Insufficient model complexity,They don't make prior assumptions on data's probability distribution,All of the above,Holdout Method,Rectilinears that separate different classes in the feature space,None of the above,(n-1)/n,We might find different split positions even though the measures (Gini and entropy) are consistent.,"If two examples belong to different classes, they must have at least one differing attribute.",The most frequent class at the current node is assigned to the example,The most common branch is chosen for the missing value.,All of the above.,None of the above,All of the above.,The probability is estimated based on the class frequencies in the leaf node where the example is classified.
VqXqgB6ructd,2023-12-19 21:48:47.370,27,Model evaluation,The model performs well on training data but poorly on unseen data,Instances incorrectly identified as positive,Reduce overfitting,Prone to overfitting,Balance the dataset prior to fitting,High computational cost,It provides multiple evaluations and provides a robust estimation,Ensuring an equal distribution of target classes in each fold,Stratified sampling,All of the above,All of the above,F-Score,Bad results in both train and test,All of the above,Insufficient model complexity,They don't make prior assumptions on data's probability distribution,All of the above,Holdout Method,Rectilinears that separate different classes in the feature space,None of the above,1,We might find different split positions even though the measures (Gini and entropy) are consistent.,"If two examples belong to different classes, they must have at least one differing attribute.",The most frequent class at the current node is assigned to the example,The most common branch is chosen for the missing value.,All of the above.,None of the above,Only a single attribute is evaluated in each split condition.,The probability is estimated based on the class frequencies in the leaf node where the example is classified.
GiEhMndZmOa5,2023-12-19 21:49:44.441,26,Model evaluation,The model performs well on training data but poorly on unseen data,Instances incorrectly identified as positive,Reduce overfitting,Prone to overfitting,Balance the dataset prior to fitting,High computational cost,It speeds up the training process,Ensuring an equal distribution of target classes in each fold,Stratified sampling,All of the above,Learning curve,F-Score,Bad results in both train and test,All of the above,Insufficient model complexity,All of the above,All of the above,Holdout Method,Rectilinears that separate different classes in the feature space,None of the above,(n-1)/n,We might find different split positions even though the measures (Gini and entropy) are consistent.,"If two examples belong to different classes, they must have at least one differing attribute.",The most frequent class at the current node is assigned to the example,The most common branch is chosen for the missing value.,All of the above.,The number of training examples in the majority class divided by the total number of training examples,Oblique splits are nonlinear.,"The probability is considered 1, as the path to this node indicates certainty in the majority class occurrence."
32nLuB1xqIO4,2023-12-19 21:49:58.012,26,Model evaluation,The model performs well on training data but poorly on unseen data,Instances incorrectly identified as positive,Reduce overfitting,Prone to overfitting,Balance the dataset prior to fitting,High computational cost,It provides multiple evaluations and provides a robust estimation,Ensuring an equal distribution of target classes in each fold,Stratified sampling,All of the above,All of the above,All of the above,Bad results in both train and test,All of the above,Insufficient model complexity,All of the above,All of the above,Leave-One-Out Approach,Rectilinears that separate different classes in the feature space,1,(n-1)/n,We might find different split positions even though the measures (Gini and entropy) are consistent.,"If two examples belong to different classes, they must have at least one differing attribute.",The most frequent class at the current node is assigned to the example,The most common branch is chosen for the missing value.,All of the above.,The number of training examples in the minority class divided by the total number of training examples.,Only a single attribute is evaluated in each split condition.,The probability is estimated based on the class frequencies in the leaf node where the example is classified.
iZblYCxqwouC,2023-12-19 21:52:37.613,27,Model evaluation,The model performs well on training data but poorly on unseen data,Instances incorrectly identified as positive,Reduce overfitting,Prone to overfitting,Balance the dataset prior to fitting,High computational cost,It provides multiple evaluations and provides a robust estimation,Ensuring an equal distribution of target classes in each fold,Stratified sampling,All of the above,All of the above,F-Score,Bad results in both train and test,All of the above,Insufficient model complexity,They don't make prior assumptions on data's probability distribution,All of the above,Holdout Method,Rectilinears that separate different classes in the feature space,None of the above,(n-1)/n,We might find different split positions even though the measures (Gini and entropy) are consistent.,"If two examples belong to different classes, they must have at least one differing attribute.",The most frequent class at the current node is assigned to the example,The most common branch is chosen for the missing value.,All of the above.,None of the above,All of the above.,The probability is estimated based on the class frequencies in the leaf node where the example is classified.
St7VKJfT2MTq,2023-12-19 21:53:16.392,22,Model evaluation,The model performs well on training data but poorly on unseen data,Instances incorrectly identified as positive,Reduce overfitting,Prone to overfitting,Balance the dataset prior to fitting,High computational cost,It provides multiple evaluations and provides a robust estimation,Ensuring an equal distribution of target classes in each fold,Increasing the tree depth,All of the above,All of the above,All of the above,Bad results in both train and test,All of the above,Insufficient model complexity,They don't make prior assumptions on data's probability distribution,Increase the size of the tree,Cross-validation,Rectilinears that separate different classes in the feature space,None of the above,(n-1)/n,We might find different split positions even though the measures (Gini and entropy) are consistent.,"If two examples belong to different classes, they must have at least one differing attribute.",None of the above,The most common branch is chosen for the missing value.,All of the above.,The number of training examples in the majority class divided by the total number of training examples,Oblique splits are nonlinear.,"The probability is considered 1, as the path to this node indicates certainty in the majority class occurrence."
9xt9EeOQtcXZ,2023-12-19 21:53:22.538,27,Model evaluation,The model performs well on training data but poorly on unseen data,Instances incorrectly identified as positive,Reduce overfitting,Prone to overfitting,Balance the dataset prior to fitting,High computational cost,It provides multiple evaluations and provides a robust estimation,Ensuring an equal distribution of target classes in each fold,Stratified sampling,All of the above,All of the above,F-Score,Bad results in both train and test,All of the above,Insufficient model complexity,They don't make prior assumptions on data's probability distribution,All of the above,Holdout Method,Rectilinears that separate different classes in the feature space,None of the above,(n-1)/n,We might find different split positions even though the measures (Gini and entropy) are consistent.,"If two examples belong to different classes, they must have at least one differing attribute.",The most frequent class at the current node is assigned to the example,The most common branch is chosen for the missing value.,All of the above.,None of the above,All of the above.,The probability is estimated based on the class frequencies in the leaf node where the example is classified.
RjR3B2X554Pn,2023-12-19 21:53:29.829,23,Model evaluation,The model performs well on training data but poorly on unseen data,Instances incorrectly identified as positive,Reduce overfitting,Prone to overfitting,Balance the dataset prior to fitting,High computational cost,It provides multiple evaluations and provides a robust estimation,Ensuring an equal distribution of target classes in each fold,Stratified sampling,All of the above,Learning curve,F-Score,Bad results in both train and test,All of the above,Insufficient model complexity,All of the above,Increase the size of the tree,Cross-validation,Rectilinears that separate different classes in the feature space,None of the above,1,"We may find the same split position, as both measures (Gini and entropy) are consistent.","If two examples belong to different classes, they must have at least one differing attribute.",None of the above,The most common branch is chosen for the missing value.,All of the above.,The number of training examples in the minority class divided by the total number of training examples.,Only a single attribute is evaluated in each split condition.,The probability is estimated based on the class frequencies in the leaf node where the example is classified.
a9ej6jzpNOPn,2023-12-19 21:53:56.539,22,Model evaluation,The model performs well on training data but poorly on unseen data,Instances incorrectly identified as positive,Reduce overfitting,Prone to overfitting,Balance the dataset prior to fitting,High computational cost,It provides multiple evaluations and provides a robust estimation,Ensuring an equal distribution of target classes in each fold,Stratified sampling,All of the above,All of the above,All of the above,Bad results in both train and test,All of the above,All of the above,They don't make prior assumptions on data's probability distribution,All of the above,Leave-One-Out Approach,Rectilinears that separate different classes in the feature space,None of the above,(n-1)/n,"We may find the same split position, as both measures (Gini and entropy) are consistent.",When some samples have identical attributes but belong to different classes.,The most frequent class at the current node is assigned to the example,The most common branch is chosen for the missing value.,All of the above.,The inverse of the number of classes (1 divided by the number of classes),Oblique splits are nonlinear.,The probability is estimated based on the class frequencies in the leaf node where the example is classified.
vgAkx62M3oPn,2023-12-19 21:54:22.634,23,Model evaluation,The model performs well on training data but poorly on unseen data,Instances incorrectly identified as positive,Reduce overfitting,Prone to overfitting,Balance the dataset prior to fitting,High computational cost,It provides multiple evaluations and provides a robust estimation,Ensuring an equal distribution of target classes in each fold,Stratified sampling,All of the above,Learning curve,F-Score,Bad results in both train and test,All of the above,Insufficient model complexity,They don't make prior assumptions on data's probability distribution,All of the above,Holdout Method,Rectilinears that separate different classes in the feature space,None of the above,1,"We may find the same split position, as both measures (Gini and entropy) are consistent.","If two examples belong to different classes, they must have at least one differing attribute.",The most frequent class at the current node is assigned to the example,The most common branch is chosen for the missing value.,All of the above.,None of the above,Oblique splits are nonlinear.,None of the above
ylh73EEFQ8CD,2023-12-19 21:54:38.522,25,Model evaluation,The model performs well on training data but poorly on unseen data,Instances incorrectly identified as positive,Reduce overfitting,Prone to overfitting,Balance the dataset prior to fitting,High computational cost,It provides multiple evaluations and provides a robust estimation,Ensuring an equal distribution of target classes in each fold,Stratified sampling,All of the above,All of the above,Precision,Bad results in both train and test,All of the above,Insufficient model complexity,All of the above,All of the above,Cross-validation,Rectilinears that separate different classes in the feature space,1,(n-1)/n,We might find different split positions even though the measures (Gini and entropy) are consistent.,"If two examples belong to different classes, they must have at least one differing attribute.",The most frequent class at the current node is assigned to the example,The most common branch is chosen for the missing value.,All of the above.,The inverse of the number of classes (1 divided by the number of classes),Oblique splits are nonlinear.,The probability is estimated based on the class frequencies in the leaf node where the example is classified.
tmTN8RB25aRn,2023-12-19 21:55:04.436,24,Model evaluation,The model performs well on training data but poorly on unseen data,Instances incorrectly identified as positive,Reduce overfitting,Prone to overfitting,Balance the dataset prior to fitting,High computational cost,It provides multiple evaluations and provides a robust estimation,Ensuring an equal distribution of target classes in each fold,Stratified sampling,All of the above,All of the above,All of the above,Bad results in both train and test,All of the above,Insufficient model complexity,They don't make prior assumptions on data's probability distribution,All of the above,Leave-One-Out Approach,Rectilinears that separate different classes in the feature space,None of the above,(n-1)/n,We might find different split positions even though the measures (Gini and entropy) are consistent.,When some samples have identical attributes but belong to different classes.,The most frequent class at the current node is assigned to the example,The most common branch is chosen for the missing value.,All of the above.,None of the above,Oblique splits are nonlinear.,The probability is estimated based on the class frequencies in the leaf node where the example is classified.
nWRIo9XQJBPf,2023-12-19 21:57:40.412,24,Model evaluation,The model performs well on training data but poorly on unseen data,Instances incorrectly identified as positive,Reduce overfitting,Prone to overfitting,Balance the dataset prior to fitting,High computational cost,It provides multiple evaluations and provides a robust estimation,Ensuring an equal distribution of target classes in each fold,Stratified sampling,All of the above,Learning curve,F-Score,Bad results in both train and test,Excessive model complexity,Insufficient model complexity,All of the above,Increase the size of the tree,Leave-One-Out Approach,Rectilinears that separate different classes in the feature space,None of the above,(n-1)/n,We might find different split positions even though the measures (Gini and entropy) are consistent.,When some samples have identical attributes but belong to different classes.,The most frequent class at the current node is assigned to the example,The most common branch is chosen for the missing value.,All of the above.,The number of training examples in the majority class divided by the total number of training examples,Oblique splits are nonlinear.,The probability is estimated based on the class frequencies in the leaf node where the example is classified.
QblvTIly9IZU,2023-12-19 21:58:09.727,19,Model evaluation,The model performs well on training data but poorly on unseen data,Instances incorrectly identified as positive,Reduce overfitting,Suitable for linear relationships only,Balance the dataset prior to fitting,High computational cost,It provides multiple evaluations and provides a robust estimation,Randomly shuffling the data before splitting,Feature scaling,All of the above,Learning curve,Accuracy,Bad results in both train and test,All of the above,Insufficient model complexity,They don't make prior assumptions on data's probability distribution,Increase the size of the tree,Holdout Method,Rectilinears that separate different classes in the feature space,None of the above,0,We might find different split positions even though the measures (Gini and entropy) are consistent.,Splitting into pure leaves is not possible.,The example is not classified.,The most common branch is chosen for the missing value.,All of the above.,The number of training examples in the majority class divided by the total number of training examples,Oblique splits are nonlinear.,The probability is estimated based on the class frequencies in the leaf node where the example is classified.
cn7NB6JfQDTq,2023-12-19 21:58:54.381,25,Model evaluation,The model performs well on training data but poorly on unseen data,Instances incorrectly identified as positive,Reduce overfitting,Prone to overfitting,Balance the dataset prior to fitting,High computational cost,It provides multiple evaluations and provides a robust estimation,Ensuring an equal distribution of target classes in each fold,Stratified sampling,All of the above,All of the above,F-Score,Bad results in both train and test,All of the above,Insufficient model complexity,All of the above,All of the above,Cross-validation,Rectilinears that separate different classes in the feature space,1,1,We might find different split positions even though the measures (Gini and entropy) are consistent.,"If two examples belong to different classes, they must have at least one differing attribute.",The most frequent class at the current node is assigned to the example,The most common branch is chosen for the missing value.,All of the above.,The number of training examples in the minority class divided by the total number of training examples.,Oblique splits are nonlinear.,The probability is estimated based on the class frequencies in the leaf node where the example is classified.
AG7urKue7Fzv,2023-12-19 21:59:02.744,25,Model evaluation,The model performs poorly on both training and unseen data,Instances incorrectly identified as positive,Reduce overfitting,Prone to overfitting,Balance the dataset prior to fitting,High computational cost,It provides multiple evaluations and provides a robust estimation,Ensuring an equal distribution of target classes in each fold,Stratified sampling,All of the above,All of the above,F-Score,Bad results in both train and test,All of the above,Insufficient model complexity,All of the above,Increase the size of the tree,Holdout Method,Rectilinears that separate different classes in the feature space,None of the above,(n-1)/n,We might find different split positions even though the measures (Gini and entropy) are consistent.,When some samples have identical attributes but belong to different classes.,The most frequent class at the current node is assigned to the example,The most common branch is chosen for the missing value.,All of the above.,The number of training examples in the minority class divided by the total number of training examples.,All of the above.,The probability is estimated based on the class frequencies in the leaf node where the example is classified.
PgdsGKsedBAl,2023-12-19 21:59:25.000,23,Model evaluation,The model performs well on training data but poorly on unseen data,Instances incorrectly identified as positive,Reduce overfitting,Suitable for linear relationships only,Balance the dataset prior to fitting,High computational cost,It provides multiple evaluations and provides a robust estimation,Ensuring an equal distribution of target classes in each fold,Stratified sampling,All of the above,All of the above,Precision,Bad results in both train and test,All of the above,Insufficient model complexity,They don't make prior assumptions on data's probability distribution,All of the above,Holdout Method,The point at which a decision tree splits the data,1,1,We might find different split positions even though the measures (Gini and entropy) are consistent.,"If two examples belong to different classes, they must have at least one differing attribute.",The most frequent class at the current node is assigned to the example,The most common branch is chosen for the missing value.,All of the above.,The inverse of the number of classes (1 divided by the number of classes),Only a single attribute is evaluated in each split condition.,The probability is estimated based on the class frequencies in the leaf node where the example is classified.
R8OVhINU7nka,2023-12-19 21:59:31.143,23,Model evaluation,The model performs well on training data but poorly on unseen data,Instances incorrectly identified as positive,Reduce overfitting,Prone to overfitting,Balance the dataset prior to fitting,High computational cost,It provides multiple evaluations and provides a robust estimation,Ensuring an equal distribution of target classes in each fold,Stratified sampling,All of the above,All of the above,Precision,Bad results in both train and test,All of the above,Insufficient model complexity,They don't make prior assumptions on data's probability distribution,All of the above,Holdout Method,The point at which a decision tree splits the data,1,1,We might find different split positions even though the measures (Gini and entropy) are consistent.,"If two examples belong to different classes, they must have at least one differing attribute.",The most frequent class at the current node is assigned to the example,None of the above,All of the above.,The inverse of the number of classes (1 divided by the number of classes),Only a single attribute is evaluated in each split condition.,The probability is estimated based on the class frequencies in the leaf node where the example is classified.
BOOMKrcykzvF,2023-12-19 22:00:43.070,16,All of the above,The model performs well on training data but poorly on unseen data,Instances incorrectly identified as positive,Reduce overfitting,Sensitive to feature scaling,Balance the dataset prior to fitting,High computational cost,It speeds up the training process,Prioritizing one class over others during validation,Stratified sampling,All of the above,All of the above,All of the above,Bad results in both train and test,Too many training iterations,Insufficient model complexity,All of the above,All of the above,All of the above,All of the above,log(n),(n-1)/n,We might find different split positions even though the measures (Gini and entropy) are consistent.,"If two examples belong to different classes, they must have at least one differing attribute.","A random value from the supported attribute values is chosen, and the classification process continues.","A random value from the supported attribute values is chosen, and the classification process continues.",All of the above.,The number of training examples in the minority class divided by the total number of training examples.,All of the above.,The probability is derived using the entropy at the leaf node where the classification occurs.
sCNAQlTJzusQ,2023-12-19 22:01:54.146,23,Model evaluation,The model performs well on training data but poorly on unseen data,Instances incorrectly identified as positive,Reduce overfitting,Prone to overfitting,Balance the dataset prior to fitting,High computational cost,It provides multiple evaluations and provides a robust estimation,Ensuring an equal distribution of target classes in each fold,Stratified sampling,All of the above,All of the above,All of the above,Bad results in both train and test,All of the above,Insufficient model complexity,They don't make prior assumptions on data's probability distribution,All of the above,Holdout Method,The point at which a decision tree splits the data,log(n),(n-1)/n,We might find different split positions even though the measures (Gini and entropy) are consistent.,When some samples have identical attributes but belong to different classes.,The most frequent class at the current node is assigned to the example,None of the above,All of the above.,The inverse of the number of classes (1 divided by the number of classes),Only a single attribute is evaluated in each split condition.,The probability is estimated based on the class frequencies in the leaf node where the example is classified.
