identifier,Timestamp,Score,What is the impact of outliers on K-means clustering?,How does the choice of the number of clusters (K) affect the performance of K-means?,"In agglomerative hierarchical clustering, what does the term ""linkage"" refer to?",What is the primary goal of unsupervised learning?,What is the primary challenge in evaluating the performance of unsupervised learning algorithms?,How does DBSCAN handle outliers?,"What does the ""dendrogram"" represent in hierarchical clustering?","In hierarchical clustering, what is the role of the ""cut-off"" in dendrogram visualization?",Which criterion is commonly used to determine the optimal number of clusters in K-means?," In K-means clustering, how do you determine the optimal number of clusters?",What is the purpose of a dendrogram in hierarchical clustering? ,Hierarchical clustering is a deterministic algorithm. What does this mean? ,Why is cluster evaluation important? ,"In clustering evaluation, what does entropy measure? "," In clustering evaluation, what does higher precision mean: ",Which points cannot be directly density-reachable from any border point?,What is the disadvantage of the DBSCAN algorithm? ,"Suppose that for a data set: there are m points and K clusters, half the points and clusters are in “more dense” regions, half the points and clusters are in “less dense” regions, and the two regions are well-separated from each other. Which of the following should occur to minimize the squared error when finding K clusters:",How is entropy used in cluster evaluation? ,"Can K-means yield different clusterings with the same K in two runs? If yes, how to determine the best clustering?","If DBSCAN has a very large radius (epsilon) and a small MinPoints, what can happen?"," If DBSCAN has a very small radius (epsilon) and a very large MinPoints, what can happen?","If we use K-means with K=1, where will the centroid be located?","If, in DBSCAN, the parameter MinPoints is set to two (2), then:","In a dataset with three clusters, where the density of the first cluster (C1) is smaller than the second cluster (C2), and the density of the second cluster is smaller than the third one. What cluster should be considered  When setting the radius (epsilon) of DBSCAN  ?","If the Silhouette coefficient of a data point x is zero, and all clusters are spherical with the same number of points, what does this imply?","If the Silhouette coefficient of a data point x is negative, and all clusters are spherical with the same number of points, what does this imply?","If the cluster shapes are non-elliptical, which of the following algorithms may cluster the data incorrectly?",The disadvantage of complete linkage when used to calculate the distance between clusters is:,"In supervised cluster evaluation, if all examples with a supervised class label are evenly split into two pure clusters, then:"
KwlNeadgH2OL,2023-12-05 13:14:58.805,25,Outliers can significantly influence the position of centroids.,An inappropriate choice can lead to poor clustering results.,The distance measure between clusters.,Discover patterns and relationships within data.,Lack of labeled data for comparison.,Labels them as noise/outliers,Cluster assignments,Define the number of clusters,Silhouette coefficient,Use a scree plot to identify the elbow point,To show the relationship between the clusters,"The results of the algorithm will be different, depending on the choice of linkage metho",To ensure that the clustering results are accurate and reliable,The homogeneity of the clusters in terms of class labels,More objects of a class in a cluster,A noise point,Poor performance on high-dimensional data,More centroids should be allocated to the denser region.,"Entropy can be used to measure the purity of a cluster, which is the proportion of data points in the cluster that belong to the same class.","Yes, SSE can be used to select the best cluster.",All the data points will be clustered together,All the data points will be considered outliers,The centroid will be the average of all points,All data points will be either core points or outliers (no border points).,Only the third cluster (C3) with the highest density is sufficient.,This data point x is equidistant from two clusters.,This data point is x is assigned to the incorrect cluster.,K-means,Tends to divide big clusters into small ones,"The entropy of the two clusters is 1, the recall of each one is 0.5."
AQklHbi5bt8l,2023-12-05 16:42:02.466,25,Outliers can significantly influence the position of centroids.,An inappropriate choice can lead to poor clustering results.,The distance measure between clusters.,Discover patterns and relationships within data.,Lack of labeled data for comparison.,Labels them as noise/outliers,Cluster assignments,Define the number of clusters,Silhouette coefficient,Use a scree plot to identify the elbow point,To show the relationship between the clusters,"The results of the algorithm will always be the same, regardless of the input data",All of the above,The homogeneity of the clusters in terms of class labels,More objects of a class in a cluster,Any of the above,Poor performance on high-dimensional data,More centroids should be allocated to the denser region.,"Entropy can be used to measure the purity of a cluster, which is the proportion of data points in the cluster that belong to the same class.","Yes, SSE can be used to select the best cluster.",None of the above,All the data points will be considered outliers,The centroid will be the average of all points,All data points will be either core points or outliers (no border points).,Only the third cluster (C3) with the highest density is sufficient.,This data point x is equidistant from two clusters.,This data point is x is assigned to the incorrect cluster.,K-means,Tends to divide big clusters into small ones,"The entropy of the two clusters is 1, the recall of each one is 1."
X0HFePMCkBsP,2023-12-05 17:24:42.669,26,Outliers can significantly influence the position of centroids.,An inappropriate choice can lead to poor clustering results.,The distance measure between clusters.,Discover patterns and relationships within data.,Lack of labeled data for comparison.,Labels them as noise/outliers,Cluster assignments,Define the number of clusters,Silhouette coefficient,Use a scree plot to identify the elbow point,To show the relationship between the clusters,"The results of the algorithm will always be the same, regardless of the input data",All of the above,The homogeneity of the clusters in terms of class labels,More objects of a class in a cluster,A noise point,Unable to detect clusters of varying density,More centroids should be allocated to the denser region.,"Entropy can be used to measure the purity of a cluster, which is the proportion of data points in the cluster that belong to the same class.","Yes, SSE can be used to select the best cluster.",None of the above,All the data points will be considered outliers,The centroid will be the average of all points,All data points will be either core points or outliers (no border points).,Only the first cluster (C1) with the lowest density is sufficient.,This data point x is equidistant from two clusters.,This data point is x is assigned to the incorrect cluster.,K-means,Tends to divide big clusters into small ones,"The entropy of the two clusters is 0, the recall of each one is 1."
QJccKPT4nu7V,2023-12-05 17:25:18.214,26,Outliers can significantly influence the position of centroids.,An inappropriate choice can lead to poor clustering results.,The distance measure between clusters.,Discover patterns and relationships within data.,Lack of labeled data for comparison.,Labels them as noise/outliers,Cluster assignments,Define the number of clusters,Silhouette coefficient,Use a scree plot to identify the elbow point,To show the relationship between the clusters,"The results of the algorithm will always be the same, regardless of the input data",All of the above,The homogeneity of the clusters in terms of class labels,More objects of a class in a cluster,A noise point,Unable to detect clusters of varying density,More centroids should be allocated to the denser region.,"Entropy can be used to measure the purity of a cluster, which is the proportion of data points in the cluster that belong to the same class.","Yes, SSE can be used to select the best cluster.",None of the above,All the data points will be considered outliers,The centroid will be the average of all points,All data points will be either core points or outliers (no border points).,Only the first cluster (C1) with the lowest density is sufficient.,This data point x is equidistant from two clusters.,This data point is x is assigned to the incorrect cluster.,K-means,Tends to divide big clusters into small ones,"The entropy of the two clusters is 0, the recall of each one is 1."
W0EkQhrkI3an,2023-12-05 17:34:36.131,25,Outliers can significantly influence the position of centroids.,An inappropriate choice can lead to poor clustering results.,The distance measure between clusters.,Discover patterns and relationships within data.,Lack of labeled data for comparison.,Labels them as noise/outliers,None of the above,Define the number of clusters,Silhouette coefficient,Use a scree plot to identify the elbow point,To show the relationship between the clusters,"The results of the algorithm will always be the same, regardless of the input data",All of the above,The homogeneity of the clusters in terms of class labels,Larger fraction of a cluster is one class,A noise point,Unable to detect clusters of varying density,More centroids should be allocated to the denser region.,"Entropy can be used to measure the purity of a cluster, which is the proportion of data points in the cluster that belong to the same class.",None of the above,All the data points will be clustered together,All the data points will be considered outliers,The centroid will be the average of all points,All data points will be either core points or outliers (no border points).,None of the above.,This data point x is equidistant from two clusters.,This data point is x is assigned to the incorrect cluster.,K-means,Tends to divide big clusters into small ones,"The entropy of the two clusters is 0, the recall of each one is 1."
9eci54foOGc9,2023-12-05 17:56:40.830,27,Outliers can significantly influence the position of centroids.,An inappropriate choice can lead to poor clustering results.,The distance measure between clusters.,Discover patterns and relationships within data.,Lack of labeled data for comparison.,Labels them as noise/outliers,Cluster assignments,Define the number of clusters,Silhouette coefficient,Use a scree plot to identify the elbow point,To show the relationship between the clusters,"The results of the algorithm will always be the same, regardless of the input data",All of the above,The homogeneity of the clusters in terms of class labels,Larger fraction of a cluster is one class,A noise point,Poor performance on high-dimensional data,More centroids should be allocated to the denser region.,All of the above,"Yes, SSE can be used to select the best cluster.",All the data points will be clustered together,All the data points will be considered outliers,The centroid will be the average of all points,All data points will be either core points or outliers (no border points).,None of the above.,This data point x is equidistant from two clusters.,This data point is x is assigned to the incorrect cluster.,K-means,Tends to divide big clusters into small ones,"The entropy of the two clusters is 0, the recall of each one is 1."
HDHPHpQGlRLt,2023-12-05 18:01:24.414,27,Outliers can significantly influence the position of centroids.,An inappropriate choice can lead to poor clustering results.,The distance measure between clusters.,Discover patterns and relationships within data.,Lack of labeled data for comparison.,Labels them as noise/outliers,None of the above,Define the number of clusters,Silhouette coefficient,Use a scree plot to identify the elbow point,To show the relationship between the clusters,"The results of the algorithm will always be the same, regardless of the input data",All of the above,The homogeneity of the clusters in terms of class labels,Larger fraction of a cluster is one class,A noise point,Poor performance on high-dimensional data,More centroids should be allocated to the denser region.,"Entropy can be used to measure the purity of a cluster, which is the proportion of data points in the cluster that belong to the same class.","Yes, SSE can be used to select the best cluster.",All the data points will be clustered together,All the data points will be considered outliers,The centroid will be the average of all points,All data points will be either core points or outliers (no border points).,Only the first cluster (C1) with the lowest density is sufficient.,This data point x is equidistant from two clusters.,This data point x is equidistant from two clusters.,K-means,Tends to divide big clusters into small ones,"The entropy of the two clusters is 0, the recall of each one is 1."
y9lkze6lHiAa,2023-12-05 18:23:37.642,14,Outliers can significantly influence the position of centroids.,An inappropriate choice can lead to poor clustering results.,The distance measure between clusters.,Discover patterns and relationships within data.,Overfitting to the training dataset.,Labels them as noise/outliers,None of the above,Set the convergence threshold,Entropy,Use a scree plot to identify the elbow point,To show the relationship between the clusters,"The results of the algorithm will be different, depending on the order in which the data is processe",To ensure that the clustering results are accurate and reliable,The homogeneity of the clusters in terms of class labels,More distinct clusters,A noise point,Unable to detect clusters of varying density,More centroids should be allocated to the less dense region.,All of the above,"No, this is mathematically impossible.",All the data points will be clustered together,All the data points will be border points,The centroid will be located at some cluster,None of the above.,Only the second cluster (C2) is sufficient.,This data point x is equidistant from two clusters.,This data point is x is assigned to the incorrect cluster.,K-means,Sensitive to outliers,"The entropy of the two clusters is 0, the recall of each one is 0.5."
B0dezLVzpGHZ,2023-12-05 18:23:41.869,22,Outliers can significantly influence the position of centroids.,An inappropriate choice can lead to poor clustering results.,The distance measure between clusters.,Discover patterns and relationships within data.,Lack of labeled data for comparison.,Labels them as noise/outliers,Cluster assignments,Define the number of clusters,Silhouette coefficient,Use a scree plot to identify the elbow point,To show the relationship between the clusters,"The results of the algorithm will be different, depending on the initialization of the clusters.",All of the above,The homogeneity of the clusters in terms of class labels,More objects of a class in a cluster,Any of the above,Unable to detect clusters of varying density,More centroids should be allocated to the denser region.,All of the above,"Yes, SSE can be used to select the best cluster.",All the data points will be clustered together,All the data points will be considered outliers,The centroid will be the average of all points,All data points will be either core points or outliers (no border points).,Only the first cluster (C1) with the lowest density is sufficient.,This data point x is equidistant from two clusters.,This data point is x is assigned to the incorrect cluster.,DBSCAN,Sensitive to outliers,"The entropy of the two clusters is 0, the recall of each one is 1."
xPRdKA5UBNGM,2023-12-05 18:26:03.327,25,Outliers can significantly influence the position of centroids.,An inappropriate choice can lead to poor clustering results.,The distance measure between clusters.,Discover patterns and relationships within data.,Lack of labeled data for comparison.,Labels them as noise/outliers,None of the above,Define the number of clusters,Silhouette coefficient,Use a scree plot to identify the elbow point,To show the relationship between the clusters,"The results of the algorithm will always be the same, regardless of the input data",All of the above,The homogeneity of the clusters in terms of class labels,Larger fraction of a cluster is one class,Any of the above,Poor performance on high-dimensional data,More centroids should be allocated to the denser region.,"Entropy can be used to measure the purity of a cluster, which is the proportion of data points in the cluster that belong to the same class.","Yes, SSE can be used to select the best cluster.",All the data points will be clustered together,All the data points will be considered outliers,The centroid will be the average of all points,All data points will be either core points or outliers (no border points).,None of the above.,This data point x is equidistant from two clusters.,This data point is x is assigned to the incorrect cluster.,K-means,Sensitive to outliers,"The entropy of the two clusters is 0, the recall of each one is 1."
P76XnTmOjZzU,2023-12-05 18:32:06.842,25,Outliers can significantly influence the position of centroids.,An inappropriate choice can lead to poor clustering results.,The distance measure between clusters.,Discover patterns and relationships within data.,Lack of labeled data for comparison.,Labels them as noise/outliers,None of the above,Define the number of clusters,Silhouette coefficient,Use a scree plot to identify the elbow point,To show the relationship between the clusters,"The results of the algorithm will be different, depending on the choice of linkage metho",All of the above,The homogeneity of the clusters in terms of class labels,Larger fraction of a cluster is one class,Any of the above,Poor performance on high-dimensional data,More centroids should be allocated to the less dense region.,"Entropy can be used to measure the purity of a cluster, which is the proportion of data points in the cluster that belong to the same class.","Yes, SSE can be used to select the best cluster.",All the data points will be clustered together,All the data points will be considered outliers,The centroid will be the average of all points,All data points will be either core points or outliers (no border points).,Only the first cluster (C1) with the lowest density is sufficient.,This data point x is equidistant from two clusters.,This data point is x is assigned to the incorrect cluster.,K-means,Tends to divide big clusters into small ones,"The entropy of the two clusters is 0, the recall of each one is 1."
jkDHRLkdOO06,2023-12-05 18:32:07.012,25,Outliers can significantly influence the position of centroids.,An inappropriate choice can lead to poor clustering results.,The distance measure between clusters.,Discover patterns and relationships within data.,Lack of labeled data for comparison.,Labels them as noise/outliers,None of the above,Define the number of clusters,Silhouette coefficient,Use a scree plot to identify the elbow point,To show the relationship between the clusters,"The results of the algorithm will be different, depending on the choice of linkage metho",All of the above,The homogeneity of the clusters in terms of class labels,Larger fraction of a cluster is one class,Any of the above,Poor performance on high-dimensional data,More centroids should be allocated to the less dense region.,"Entropy can be used to measure the purity of a cluster, which is the proportion of data points in the cluster that belong to the same class.","Yes, SSE can be used to select the best cluster.",All the data points will be clustered together,All the data points will be considered outliers,The centroid will be the average of all points,All data points will be either core points or outliers (no border points).,Only the first cluster (C1) with the lowest density is sufficient.,This data point x is equidistant from two clusters.,This data point is x is assigned to the incorrect cluster.,K-means,Tends to divide big clusters into small ones,"The entropy of the two clusters is 0, the recall of each one is 1."
cCanr1FJP4WP,2023-12-05 18:32:32.170,25,Outliers can significantly influence the position of centroids.,An inappropriate choice can lead to poor clustering results.,The distance measure between clusters.,Discover patterns and relationships within data.,Lack of labeled data for comparison.,Labels them as noise/outliers,None of the above,Define the number of clusters,Silhouette coefficient,Use a scree plot to identify the elbow point,To show the relationship between the clusters,"The results of the algorithm will be different, depending on the choice of linkage metho",All of the above,The homogeneity of the clusters in terms of class labels,Larger fraction of a cluster is one class,Any of the above,Poor performance on high-dimensional data,More centroids should be allocated to the less dense region.,"Entropy can be used to measure the purity of a cluster, which is the proportion of data points in the cluster that belong to the same class.","Yes, SSE can be used to select the best cluster.",All the data points will be clustered together,All the data points will be considered outliers,The centroid will be the average of all points,All data points will be either core points or outliers (no border points).,Only the first cluster (C1) with the lowest density is sufficient.,This data point x is equidistant from two clusters.,This data point is x is assigned to the incorrect cluster.,K-means,Tends to divide big clusters into small ones,"The entropy of the two clusters is 0, the recall of each one is 1."
m7l9wOWJlnvS,2023-12-05 18:32:42.770,25,Outliers can significantly influence the position of centroids.,An inappropriate choice can lead to poor clustering results.,The distance measure between clusters.,Discover patterns and relationships within data.,Lack of labeled data for comparison.,Labels them as noise/outliers,None of the above,Define the number of clusters,Silhouette coefficient,Use a scree plot to identify the elbow point,To show the relationship between the clusters,"The results of the algorithm will be different, depending on the choice of linkage metho",All of the above,The homogeneity of the clusters in terms of class labels,Larger fraction of a cluster is one class,Any of the above,Poor performance on high-dimensional data,More centroids should be allocated to the less dense region.,"Entropy can be used to measure the purity of a cluster, which is the proportion of data points in the cluster that belong to the same class.","Yes, SSE can be used to select the best cluster.",All the data points will be clustered together,All the data points will be considered outliers,The centroid will be the average of all points,All data points will be either core points or outliers (no border points).,Only the first cluster (C1) with the lowest density is sufficient.,This data point x is equidistant from two clusters.,This data point is x is assigned to the incorrect cluster.,K-means,Tends to divide big clusters into small ones,"The entropy of the two clusters is 0, the recall of each one is 1."
oVyzGGgOFu4f,2023-12-05 18:38:50.153,25,Outliers can significantly influence the position of centroids.,An inappropriate choice may label some data points as outliers.,The distance measure between clusters.,Discover patterns and relationships within data.,Lack of labeled data for comparison.,Labels them as noise/outliers,Cluster assignments,Define the number of clusters,Silhouette coefficient,Use a scree plot to identify the elbow point,To show the relationship between the clusters,"The results of the algorithm will always be the same, regardless of the input data",All of the above,The homogeneity of the clusters in terms of class labels,Larger fraction of a cluster is one class,A noise point,Unable to detect clusters of varying density,More centroids should be allocated to the denser region.,"Entropy can be used to measure the purity of a cluster, which is the proportion of data points in the cluster that belong to the same class.","Yes, SSE can be used to select the best cluster.",All the data points will be clustered together,All the data points will be considered outliers,The centroid will be the average of all points,All data points will be either core points or outliers (no border points).,Only the first cluster (C1) with the lowest density is sufficient.,None of the above.,This data point x is equidistant from two clusters.,K-means,Tends to divide big clusters into small ones,"The entropy of the two clusters is 0, the recall of each one is 1."
w1PmKgj9FomZ,2023-12-05 18:47:34.751,20,Outliers can significantly influence the position of centroids.,An inappropriate choice can lead to poor clustering results.,The distance measure between clusters.,Discover patterns and relationships within data.,Lack of labeled data for comparison.,Labels them as noise/outliers,Cluster assignments,Define the number of clusters,Entropy,Use a scree plot to identify the elbow point,To show the relationship between the clusters,"The results of the algorithm will be different, depending on the choice of linkage metho",All of the above,The homogeneity of the clusters in terms of class labels,More objects of a class in a cluster,A noise point,Unable to detect clusters of varying density,More centroids should be allocated to the less dense region.,"Entropy can be used to measure the balance of a cluster, which is the distribution of data points from different classes within the cluster.","Yes, SSE can be used to select the best cluster.",All the data points will be clustered together,None of the above,The centroid will be the average of all points,All data points will be either core points or outliers (no border points).,None of the above.,This data point x is equidistant from two clusters.,This data point is x is assigned to the incorrect cluster.,K-means,Sensitive to outliers,"The entropy of the two clusters is 0, the recall of each one is 1."
Mr0bz3y2IHmW,2023-12-05 18:48:20.210,26,Outliers can significantly influence the position of centroids.,An inappropriate choice can lead to poor clustering results.,The distance measure between clusters.,Discover patterns and relationships within data.,Lack of labeled data for comparison.,Labels them as noise/outliers,None of the above,Define the number of clusters,Silhouette coefficient,Use a scree plot to identify the elbow point,To show the relationship between the clusters,"The results of the algorithm will always be the same, regardless of the input data",All of the above,The homogeneity of the clusters in terms of class labels,Larger fraction of a cluster is one class,A noise point,Poor performance on high-dimensional data,More centroids should be allocated to the denser region.,All of the above,"Yes, SSE can be used to select the best cluster.",All the data points will be clustered together,All the data points will be considered outliers,The centroid will be the average of all points,All data points will be either core points or outliers (no border points).,Only the first cluster (C1) with the lowest density is sufficient.,This data point x is equidistant from two clusters.,This data point is x is assigned to the incorrect cluster.,K-means,Sensitive to outliers,"The entropy of the two clusters is 0, the recall of each one is 1."
aKKO0pyKuBaK,2023-12-05 18:49:25.195,20,Outliers can significantly influence the position of centroids.,An inappropriate choice can lead to poor clustering results.,The distance measure between clusters.,Discover patterns and relationships within data.,Lack of labeled data for comparison.,Labels them as noise/outliers,Cluster assignments,Define the number of clusters,Entropy,Use a scree plot to identify the elbow point,To show the relationship between the clusters,"The results of the algorithm will be different, depending on the choice of linkage metho",All of the above,The homogeneity of the clusters in terms of class labels,More objects of a class in a cluster,A noise point,Unable to detect clusters of varying density,More centroids should be allocated to the less dense region.,"Entropy can be used to measure the balance of a cluster, which is the distribution of data points from different classes within the cluster.","Yes, SSE can be used to select the best cluster.",All the data points will be clustered together,None of the above,The centroid will be the average of all points,All data points will be either core points or outliers (no border points).,None of the above.,This data point x is equidistant from two clusters.,This data point is x is assigned to the incorrect cluster.,K-means,Sensitive to outliers,"The entropy of the two clusters is 0, the recall of each one is 1."
OHaSXzUdzChO,2023-12-05 18:49:27.384,20,Outliers can significantly influence the position of centroids.,An inappropriate choice can lead to poor clustering results.,The distance measure between clusters.,Discover patterns and relationships within data.,Lack of labeled data for comparison.,Labels them as noise/outliers,Cluster assignments,Define the number of clusters,Entropy,Use a scree plot to identify the elbow point,To show the relationship between the clusters,"The results of the algorithm will be different, depending on the choice of linkage metho",All of the above,The homogeneity of the clusters in terms of class labels,More objects of a class in a cluster,A noise point,Unable to detect clusters of varying density,More centroids should be allocated to the less dense region.,"Entropy can be used to measure the balance of a cluster, which is the distribution of data points from different classes within the cluster.","Yes, SSE can be used to select the best cluster.",All the data points will be clustered together,None of the above,The centroid will be the average of all points,All data points will be either core points or outliers (no border points).,None of the above.,This data point x is equidistant from two clusters.,This data point is x is assigned to the incorrect cluster.,K-means,Sensitive to outliers,"The entropy of the two clusters is 0, the recall of each one is 1."
e35NZ2cItyz9,2023-12-05 18:52:29.754,26,Outliers can significantly influence the position of centroids.,An inappropriate choice can lead to poor clustering results.,The distance measure between clusters.,Discover patterns and relationships within data.,Lack of labeled data for comparison.,Labels them as noise/outliers,None of the above,Define the number of clusters,Silhouette coefficient,Use a scree plot to identify the elbow point,To show the relationship between the clusters,"The results of the algorithm will always be the same, regardless of the input data",All of the above,The homogeneity of the clusters in terms of class labels,Larger fraction of a cluster is one class,A noise point,Unable to detect clusters of varying density,More centroids should be allocated to the denser region.,"Entropy can be used to measure the purity of a cluster, which is the proportion of data points in the cluster that belong to the same class.","Yes, SSE can be used to select the best cluster.",All the data points will be clustered together,All the data points will be considered outliers,The centroid will be the average of all points,All data points will be either core points or outliers (no border points).,None of the above.,This data point x is equidistant from two clusters.,This data point is x is assigned to the incorrect cluster.,K-means,Tends to divide big clusters into small ones,"The entropy of the two clusters is 1, the recall of each one is 0.5."
C6BcTLw4mOKQ,2023-12-05 19:10:20.428,25,Outliers can significantly influence the position of centroids.,An inappropriate choice can lead to poor clustering results.,The distance measure between clusters.,Discover patterns and relationships within data.,Lack of labeled data for comparison.,Labels them as noise/outliers,None of the above,Define the number of clusters,Silhouette coefficient,Use a scree plot to identify the elbow point,To show the relationship between the clusters,"The results of the algorithm will always be the same, regardless of the input data",All of the above,The homogeneity of the clusters in terms of class labels,Larger fraction of a cluster is one class,Another border point,Poor performance on high-dimensional data,More centroids should be allocated to the denser region.,All of the above,"Yes, SSE can be used to select the best cluster.",All the data points will be clustered together,All the data points will be considered outliers,The centroid will be the average of all points,All data points will be either core points or outliers (no border points).,None of the above.,This data point x is equidistant from two clusters.,This data point is x is assigned to the incorrect cluster.,K-means,Tends to divide big clusters into small ones,"The entropy of the two clusters is 0, the recall of each one is 1."
1ggBjCxnkaT8,2023-12-05 19:12:58.344,24,Outliers can significantly influence the position of centroids.,An inappropriate choice can lead to poor clustering results.,The distance measure between clusters.,Discover patterns and relationships within data.,Lack of labeled data for comparison.,Labels them as noise/outliers,None of the above,Define the number of clusters,Silhouette coefficient,Use a scree plot to identify the elbow point,To show the relationship between the clusters,"The results of the algorithm will always be the same, regardless of the input data",All of the above,The homogeneity of the clusters in terms of class labels,Larger fraction of a cluster is one class,A noise point,Unable to detect clusters of varying density,More centroids should be allocated to the denser region.,"Entropy can be used to measure the purity of a cluster, which is the proportion of data points in the cluster that belong to the same class.",None of the above,All the data points will be clustered together,All the data points will be considered outliers,The centroid will be the average of all points,All data points will be either core points or outliers (no border points).,Only the third cluster (C3) with the highest density is sufficient.,This data point x is equidistant from two clusters.,This data point is x is assigned to the incorrect cluster.,Hierarchical clustering,Tends to divide big clusters into small ones,"The entropy of the two clusters is 0, the recall of each one is 1."
6k8WibIW0Img,2023-12-05 19:13:31.617,27,Outliers can significantly influence the position of centroids.,An inappropriate choice can lead to poor clustering results.,The distance measure between clusters.,Discover patterns and relationships within data.,Lack of labeled data for comparison.,Labels them as noise/outliers,None of the above,Define the number of clusters,Silhouette coefficient,Use a scree plot to identify the elbow point,To show the relationship between the clusters,"The results of the algorithm will be different, depending on the choice of linkage metho",All of the above,The homogeneity of the clusters in terms of class labels,Larger fraction of a cluster is one class,A noise point,Poor performance on high-dimensional data,More centroids should be allocated to the denser region.,"Entropy can be used to measure the purity of a cluster, which is the proportion of data points in the cluster that belong to the same class.","Yes, SSE can be used to select the best cluster.",All the data points will be clustered together,All the data points will be considered outliers,The centroid will be the average of all points,All data points will be either core points or outliers (no border points).,Only the first cluster (C1) with the lowest density is sufficient.,This data point x is equidistant from two clusters.,This data point is x is assigned to the incorrect cluster.,K-means,Tends to divide big clusters into small ones,"The entropy of the two clusters is 0, the recall of each one is 1."
SOvsRqc7VPKI,2023-12-05 19:13:53.536,28,Outliers can significantly influence the position of centroids.,An inappropriate choice can lead to poor clustering results.,The distance measure between clusters.,Discover patterns and relationships within data.,Lack of labeled data for comparison.,Labels them as noise/outliers,Cluster assignments,Define the number of clusters,Silhouette coefficient,Use a scree plot to identify the elbow point,To show the relationship between the clusters,"The results of the algorithm will be different, depending on the choice of linkage metho",All of the above,The homogeneity of the clusters in terms of class labels,Larger fraction of a cluster is one class,A noise point,Poor performance on high-dimensional data,More centroids should be allocated to the denser region.,"Entropy can be used to measure the purity of a cluster, which is the proportion of data points in the cluster that belong to the same class.","Yes, SSE can be used to select the best cluster.",All the data points will be clustered together,All the data points will be considered outliers,The centroid will be the average of all points,All data points will be either core points or outliers (no border points).,Only the first cluster (C1) with the lowest density is sufficient.,This data point x is equidistant from two clusters.,This data point is x is assigned to the incorrect cluster.,K-means,Tends to divide big clusters into small ones,"The entropy of the two clusters is 0, the recall of each one is 1."
o2VbFpgtLwG2,2023-12-05 19:14:04.281,21,Outliers can significantly influence the position of centroids.,An inappropriate choice may label some data points as outliers.,The distance measure between clusters.,Discover patterns and relationships within data.,Lack of labeled data for comparison.,Labels them as noise/outliers,None of the above,Define the number of clusters,Silhouette coefficient,Use a scree plot to identify the elbow point,To show the relationship between the clusters,"The results of the algorithm will be different, depending on the choice of linkage metho",All of the above,The homogeneity of the clusters in terms of class labels,Larger fraction of a cluster is one class,A noise point,Sensitive to the order of data points,More centroids should be allocated to the denser region.,"Entropy can be used to measure the purity of a cluster, which is the proportion of data points in the cluster that belong to the same class.",None of the above,All the data points will be clustered together,All the data points will be considered outliers,The centroid will be the average of all points,All data points will be either core points or outliers (no border points).,None of the above.,This data point x is equidistant from two clusters.,This data point x is equidistant from two clusters.,K-means,None of the above,"The entropy of the two clusters is 0, the recall of each one is 1."
ylh73EEFQ8CD,2023-12-05 19:14:10.712,27,Outliers can significantly influence the position of centroids.,An inappropriate choice can lead to poor clustering results.,The distance measure between clusters.,Discover patterns and relationships within data.,Lack of labeled data for comparison.,Labels them as noise/outliers,None of the above,Define the number of clusters,Silhouette coefficient,Use a scree plot to identify the elbow point,To show the relationship between the clusters,"The results of the algorithm will always be the same, regardless of the input data",All of the above,The homogeneity of the clusters in terms of class labels,More objects of a class in a cluster,A noise point,Poor performance on high-dimensional data,More centroids should be allocated to the denser region.,"Entropy can be used to measure the purity of a cluster, which is the proportion of data points in the cluster that belong to the same class.","Yes, SSE can be used to select the best cluster.",All the data points will be clustered together,All the data points will be considered outliers,The centroid will be the average of all points,All data points will be either core points or outliers (no border points).,None of the above.,This data point x is equidistant from two clusters.,This data point is x is assigned to the incorrect cluster.,K-means,Tends to divide big clusters into small ones,"The entropy of the two clusters is 0, the recall of each one is 0.5."
WZiibWz2DWRQ,2023-12-05 19:14:12.598,25,Outliers can significantly influence the position of centroids.,An inappropriate choice can lead to poor clustering results.,The distance measure between clusters.,Discover patterns and relationships within data.,Lack of labeled data for comparison.,Labels them as noise/outliers,None of the above,Define the number of clusters,Silhouette coefficient,Use a scree plot to identify the elbow point,To show the relationship between the clusters,"The results of the algorithm will be different, depending on the choice of linkage metho",All of the above,The homogeneity of the clusters in terms of class labels,Larger fraction of a cluster is one class,Any of the above,Poor performance on high-dimensional data,More centroids should be allocated to the denser region.,"Entropy can be used to measure the purity of a cluster, which is the proportion of data points in the cluster that belong to the same class.","Yes, SSE can be used to select the best cluster.",All the data points will be clustered together,All the data points will be considered outliers,The centroid will be the average of all points,All data points will be either core points or outliers (no border points).,Only the third cluster (C3) with the highest density is sufficient.,This data point x is equidistant from two clusters.,This data point is x is assigned to the incorrect cluster.,K-means,Tends to divide big clusters into small ones,"The entropy of the two clusters is 0, the recall of each one is 1."
SpXSTCkMzPni,2023-12-05 19:14:32.199,27,Outliers can significantly influence the position of centroids.,An inappropriate choice can lead to poor clustering results.,The distance measure between clusters.,Discover patterns and relationships within data.,Lack of labeled data for comparison.,Labels them as noise/outliers,None of the above,Define the number of clusters,Silhouette coefficient,Use a scree plot to identify the elbow point,To show the relationship between the clusters,"The results of the algorithm will always be the same, regardless of the input data",All of the above,The homogeneity of the clusters in terms of class labels,More objects of a class in a cluster,A noise point,Poor performance on high-dimensional data,More centroids should be allocated to the denser region.,"Entropy can be used to measure the purity of a cluster, which is the proportion of data points in the cluster that belong to the same class.","Yes, SSE can be used to select the best cluster.",All the data points will be clustered together,All the data points will be considered outliers,The centroid will be the average of all points,All data points will be either core points or outliers (no border points).,None of the above.,This data point x is equidistant from two clusters.,This data point is x is assigned to the incorrect cluster.,K-means,Tends to divide big clusters into small ones,"The entropy of the two clusters is 0, the recall of each one is 0.5."
I93EMGZEU4vI,2023-12-05 19:16:33.967,26,Outliers can significantly influence the position of centroids.,An inappropriate choice can lead to poor clustering results.,The distance measure between clusters.,Discover patterns and relationships within data.,Lack of labeled data for comparison.,Labels them as noise/outliers,None of the above,Define the number of clusters,Silhouette coefficient,Use a scree plot to identify the elbow point,To show the relationship between the clusters,"The results of the algorithm will be different, depending on the initialization of the clusters.",All of the above,The homogeneity of the clusters in terms of class labels,More objects of a class in a cluster,A noise point,Poor performance on high-dimensional data,More centroids should be allocated to the denser region.,"Entropy can be used to measure the purity of a cluster, which is the proportion of data points in the cluster that belong to the same class.","Yes, SSE can be used to select the best cluster.",All the data points will be clustered together,All the data points will be considered outliers,The centroid will be the average of all points,All data points will be either core points or outliers (no border points).,None of the above.,This data point x is equidistant from two clusters.,This data point is x is assigned to the incorrect cluster.,K-means,Tends to divide big clusters into small ones,"The entropy of the two clusters is 0, the recall of each one is 0.5."
N0qYmYE8QD78,2023-12-05 19:20:43.638,23,Outliers can significantly influence the position of centroids.,An inappropriate choice can lead to poor clustering results.,The distance measure between clusters.,Discover patterns and relationships within data.,Lack of labeled data for comparison.,Labels them as noise/outliers,Cluster assignments,Define the number of clusters,Silhouette coefficient,Use a scree plot to identify the elbow point,To show the relationship between the clusters,,All of the above,How compact clusters are,More objects of a class in a cluster,A noise point,Unable to detect clusters of varying density,More centroids should be allocated to the less dense region.,"Entropy can be used to measure the purity of a cluster, which is the proportion of data points in the cluster that belong to the same class.","Yes, SSE can be used to select the best cluster.",All the data points will be clustered together,All the data points will be considered outliers,The centroid will be the average of all points,All data points will be either core points or outliers (no border points).,None of the above.,This data point x is equidistant from two clusters.,This data point is x is assigned to the incorrect cluster.,K-means,Tends to divide big clusters into small ones,"The entropy of the two clusters is 0, the recall of each one is 1."
k4QQVURTfMls,2023-12-05 19:30:28.044,17,Outliers can significantly influence the position of centroids.,An inappropriate choice can lead to poor clustering results.,The distance measure between clusters.,Discover patterns and relationships within data.,Lack of labeled data for comparison.,Labels them as noise/outliers,None of the above,Define the number of clusters,Silhouette coefficient,Use a random number generator to pick the number of clusters,To show the relationship between the clusters,"The results of the algorithm will always be the same, regardless of the input data",All of the above,The homogeneity of the clusters in terms of class labels,More distinct clusters,A noise point,Poor performance on high-dimensional data,Centroids should be equally distributed between more dense and less,All of the above,None of the above,All the data points will be clustered together,All the data points will be clustered together,The centroid will be the average of all points,All data points will be border points.,Only the second cluster (C2) is sufficient.,None of the above.,None of the above,K-means,None of the above,"The entropy of the two clusters is 0, the recall of each one is 1."
ynjK3wP1cV18,2023-12-05 19:31:12.156,26,Outliers can significantly influence the position of centroids.,An inappropriate choice can lead to poor clustering results.,The distance measure between clusters.,Discover patterns and relationships within data.,Lack of labeled data for comparison.,Labels them as noise/outliers,None of the above,Define the number of clusters,Silhouette coefficient,Use a scree plot to identify the elbow point,To show the relationship between the clusters,"The results of the algorithm will be different, depending on the choice of linkage metho",All of the above,The homogeneity of the clusters in terms of class labels,Larger fraction of a cluster is one class,A noise point,Poor performance on high-dimensional data,More centroids should be allocated to the denser region.,"Entropy can be used to measure the purity of a cluster, which is the proportion of data points in the cluster that belong to the same class.","Yes, SSE can be used to select the best cluster.",All the data points will be clustered together,All the data points will be considered outliers,The centroid will be the average of all points,All data points will be either core points or outliers (no border points).,None of the above.,This data point x is equidistant from two clusters.,This data point is x is assigned to the incorrect cluster.,K-means,Tends to divide big clusters into small ones,"The entropy of the two clusters is 0, the recall of each one is 1."
YA6aMV1xcGv9,2023-12-05 19:33:28.321,25,Outliers can significantly influence the position of centroids.,An inappropriate choice can lead to poor clustering results.,The distance measure between clusters.,Discover patterns and relationships within data.,Lack of labeled data for comparison.,Labels them as noise/outliers,None of the above,Define the number of clusters,Silhouette coefficient,Use a scree plot to identify the elbow point,To show the relationship between the clusters,"The results of the algorithm will always be the same, regardless of the input data",All of the above,The homogeneity of the clusters in terms of class labels,More objects of a class in a cluster,A noise point,Unable to detect clusters of varying density,Centroids should be equally distributed between more dense and less,"Entropy can be used to measure the purity of a cluster, which is the proportion of data points in the cluster that belong to the same class.","Yes, SSE can be used to select the best cluster.",All the data points will be clustered together,All the data points will be considered outliers,The centroid will be the average of all points,All data points will be either core points or outliers (no border points).,Only the first cluster (C1) with the lowest density is sufficient.,This data point x is equidistant from two clusters.,This data point is x is assigned to the incorrect cluster.,K-means,Tends to divide big clusters into small ones,"The entropy of the two clusters is 0, the recall of each one is 1."
Q7dfzHYyXvOT,2023-12-05 19:34:25.712,28,Outliers can significantly influence the position of centroids.,An inappropriate choice can lead to poor clustering results.,The distance measure between clusters.,Discover patterns and relationships within data.,Lack of labeled data for comparison.,Labels them as noise/outliers,None of the above,Define the number of clusters,Silhouette coefficient,Use a scree plot to identify the elbow point,To show the relationship between the clusters,"The results of the algorithm will always be the same, regardless of the input data",All of the above,The homogeneity of the clusters in terms of class labels,Larger fraction of a cluster is one class,A noise point,Poor performance on high-dimensional data,Centroids should be equally distributed between more dense and less,"Entropy can be used to measure the purity of a cluster, which is the proportion of data points in the cluster that belong to the same class.","Yes, SSE can be used to select the best cluster.",All the data points will be clustered together,All the data points will be considered outliers,The centroid will be the average of all points,All data points will be either core points or outliers (no border points).,Only the first cluster (C1) with the lowest density is sufficient.,This data point x is equidistant from two clusters.,This data point is x is assigned to the incorrect cluster.,K-means,Tends to divide big clusters into small ones,"The entropy of the two clusters is 0, the recall of each one is 0.5."
nIdSwhLzwJKt,2023-12-05 19:34:37.133,19,Outliers can significantly influence the position of centroids.,An inappropriate choice can lead to poor clustering results.,The distance measure between clusters.,Discover patterns and relationships within data.,Lack of labeled data for comparison.,Computes a separate cluster for outliers,Cluster assignments,Define the number of clusters,Silhouette coefficient,Use a scree plot to identify the elbow point,To show the relationship between the clusters,"The results of the algorithm will be different, depending on the initialization of the clusters.",To select the best clustering algorithm for a particular task,The homogeneity of the clusters in terms of class labels,,A noise point,Unable to detect clusters of varying density,More centroids should be allocated to the less dense region.,All of the above,"Yes, SSE can be used to select the best cluster.",All the data points will be border points,All the data points will be considered outliers,The centroid will be the average of all points,All data points will be either core points or outliers (no border points).,Only the first cluster (C1) with the lowest density is sufficient.,This data point x is equidistant from two clusters.,This data point is x is assigned to the incorrect cluster.,DBSCAN,Sensitive to outliers,"The entropy of the two clusters is 1, the recall of each one is 0.5."
No1fcFHRlYfg,2023-12-05 19:35:22.558,28,Outliers can significantly influence the position of centroids.,An inappropriate choice can lead to poor clustering results.,The distance measure between clusters.,Discover patterns and relationships within data.,Lack of labeled data for comparison.,Labels them as noise/outliers,None of the above,Define the number of clusters,Silhouette coefficient,Use a scree plot to identify the elbow point,To show the relationship between the clusters,"The results of the algorithm will always be the same, regardless of the input data",All of the above,The homogeneity of the clusters in terms of class labels,Larger fraction of a cluster is one class,A noise point,Poor performance on high-dimensional data,Centroids should be equally distributed between more dense and less,"Entropy can be used to measure the purity of a cluster, which is the proportion of data points in the cluster that belong to the same class.","Yes, SSE can be used to select the best cluster.",All the data points will be clustered together,All the data points will be considered outliers,The centroid will be the average of all points,All data points will be either core points or outliers (no border points).,Only the first cluster (C1) with the lowest density is sufficient.,This data point x is equidistant from two clusters.,This data point is x is assigned to the incorrect cluster.,K-means,Tends to divide big clusters into small ones,"The entropy of the two clusters is 0, the recall of each one is 0.5."
E9vMd75UB2be,2023-12-05 19:44:19.438,21,Outliers can significantly influence the position of centroids.,An inappropriate choice can lead to poor clustering results.,The connectivity between data points.,Discover patterns and relationships within data.,Lack of labeled data for comparison.,Labels them as noise/outliers,Cluster assignments,Define the number of clusters,Silhouette coefficient,Use a confusion matrix to assess the accuracy of the clustering,To identify the optimal number of clusters,"The results of the algorithm will be different, depending on the choice of linkage metho",All of the above,The homogeneity of the clusters in terms of class labels,More objects of a class in a cluster,A noise point,Poor performance on high-dimensional data,More centroids should be allocated to the less dense region.,"Entropy can be used to measure the purity of a cluster, which is the proportion of data points in the cluster that belong to the same class.","Yes, SSE can be used to select the best cluster.",All the data points will be clustered together,None of the above,The centroid will be the average of all points,All data points will be either core points or outliers (no border points).,Only the first cluster (C1) with the lowest density is sufficient.,This data point x is equidistant from two clusters.,This data point is x is assigned to the incorrect cluster.,DBSCAN,Tends to divide big clusters into small ones,"The entropy of the two clusters is 0, the recall of each one is 1."
wLeCyVvKyFT8,2023-12-05 19:45:17.471,24,Outliers can significantly influence the position of centroids.,An inappropriate choice can lead to poor clustering results.,The distance measure between clusters.,Discover patterns and relationships within data.,Lack of labeled data for comparison.,Labels them as noise/outliers,None of the above,Define the number of clusters,Silhouette coefficient,Use a scree plot to identify the elbow point,To show the relationship between the clusters,"The results of the algorithm will always be the same, regardless of the input data",All of the above,The homogeneity of the clusters in terms of class labels,More objects of a class in a cluster,A noise point,Poor performance on high-dimensional data,More centroids should be allocated to the denser region.,All of the above,"Yes, SSE can be used to select the best cluster.",All the data points will be clustered together,All the data points will be considered outliers,The centroid will be the average of all points,All data points will be either core points or outliers (no border points).,None of the above.,This data point x is equidistant from two clusters.,This data point is x is assigned to the incorrect cluster.,K-means,Sensitive to outliers,"The entropy of the two clusters is 0, the recall of each one is 1."
32nLuB1xqIO4,2023-12-05 19:45:38.737,26,Outliers can significantly influence the position of centroids.,An inappropriate choice can lead to poor clustering results.,The distance measure between clusters.,Discover patterns and relationships within data.,Lack of labeled data for comparison.,Labels them as noise/outliers,None of the above,Define the number of clusters,Silhouette coefficient,Use a scree plot to identify the elbow point,To show the relationship between the clusters,"The results of the algorithm will always be the same, regardless of the input data",All of the above,The homogeneity of the clusters in terms of class labels,Larger fraction of a cluster is one class,Any of the above,Unable to detect clusters of varying density,More centroids should be allocated to the denser region.,All of the above,"Yes, SSE can be used to select the best cluster.",All the data points will be clustered together,All the data points will be considered outliers,The centroid will be the average of all points,All data points will be either core points or outliers (no border points).,Only the first cluster (C1) with the lowest density is sufficient.,This data point x is equidistant from two clusters.,This data point is x is assigned to the incorrect cluster.,K-means,Tends to divide big clusters into small ones,"The entropy of the two clusters is 0, the recall of each one is 0.5."
AG7urKue7Fzv,2023-12-05 19:45:53.847,28,Outliers can significantly influence the position of centroids.,An inappropriate choice can lead to poor clustering results.,The distance measure between clusters.,Discover patterns and relationships within data.,Lack of labeled data for comparison.,Labels them as noise/outliers,None of the above,Define the number of clusters,Silhouette coefficient,Use a scree plot to identify the elbow point,To show the relationship between the clusters,"The results of the algorithm will always be the same, regardless of the input data",All of the above,The homogeneity of the clusters in terms of class labels,Larger fraction of a cluster is one class,A noise point,Unable to detect clusters of varying density,More centroids should be allocated to the denser region.,"Entropy can be used to measure the purity of a cluster, which is the proportion of data points in the cluster that belong to the same class.","Yes, SSE can be used to select the best cluster.",All the data points will be clustered together,All the data points will be considered outliers,The centroid will be the average of all points,All data points will be either core points or outliers (no border points).,Only the first cluster (C1) with the lowest density is sufficient.,This data point x is equidistant from two clusters.,This data point is x is assigned to the incorrect cluster.,K-means,Tends to divide big clusters into small ones,"The entropy of the two clusters is 0, the recall of each one is 0.5."
By0gyab68WPW,2023-12-05 19:46:57.199,20,Outliers can significantly influence the position of centroids.,An inappropriate choice can lead to poor clustering results.,The distance measure between clusters.,Discover patterns and relationships within data.,Lack of labeled data for comparison.,Labels them as noise/outliers,None of the above,Define the number of clusters,Silhouette coefficient,Use a scree plot to identify the elbow point,To show the relationship between the clusters,"The results of the algorithm will be different, depending on the choice of linkage metho",All of the above,The homogeneity of the clusters in terms of class labels,More objects of a class in a cluster,A noise point,Unable to detect clusters of varying density,Centroids should be equally distributed between more dense and less,All of the above,"Yes, SSE can be used to select the best cluster.",All the data points will be clustered together,All the data points will be border points,The centroid will be the average of all points,None of the above.,Only the first cluster (C1) with the lowest density is sufficient.,This data point x is equidistant from two clusters.,This data point is x is assigned to the incorrect cluster.,K-means,Sensitive to outliers,"The entropy of the two clusters is 0, the recall of each one is 1."
xbNryveuRsXc,2023-12-05 20:03:40.905,26,Outliers can significantly influence the position of centroids.,An inappropriate choice can lead to poor clustering results.,The distance measure between clusters.,Discover patterns and relationships within data.,Lack of labeled data for comparison.,Labels them as noise/outliers,Cluster assignments,Set the convergence threshold,Silhouette coefficient,Use a scree plot to identify the elbow point,To show the relationship between the clusters,"The results of the algorithm will be different, depending on the choice of linkage metho",All of the above,The homogeneity of the clusters in terms of class labels,Larger fraction of a cluster is one class,A noise point,Unable to detect clusters of varying density,More centroids should be allocated to the denser region.,All of the above,"Yes, SSE can be used to select the best cluster.",All the data points will be clustered together,All the data points will be considered outliers,The centroid will be the average of all points,All data points will be either core points or outliers (no border points).,Only the first cluster (C1) with the lowest density is sufficient.,This data point x is equidistant from two clusters.,This data point is x is assigned to the incorrect cluster.,K-means,Tends to divide big clusters into small ones,"The entropy of the two clusters is 0, the recall of each one is 0.5."
d5279GvwAinX,2023-12-05 20:06:15.556,24,Outliers can significantly influence the position of centroids.,An inappropriate choice can lead to poor clustering results.,The distance measure between clusters.,Discover patterns and relationships within data.,Lack of labeled data for comparison.,Labels them as noise/outliers,Cluster assignments,Define the number of clusters,Silhouette coefficient,Use a scree plot to identify the elbow point,To show the relationship between the clusters,"The results of the algorithm will be different, depending on the order in which the data is processe",All of the above,The homogeneity of the clusters in terms of class labels,Larger fraction of a cluster is one class,A noise point,Poor performance on high-dimensional data,Centroids should be equally distributed between more dense and less,All of the above,"Yes, SSE can be used to select the best cluster.",All the data points will be clustered together,All the data points will be considered outliers,The centroid will be the average of all points,None of the above.,Only the third cluster (C3) with the highest density is sufficient.,None of the above.,This data point is x is assigned to the incorrect cluster.,K-means,Tends to divide big clusters into small ones,"The entropy of the two clusters is 0, the recall of each one is 0.5."
AgiWXtLnmm9y,2023-12-05 20:09:28.172,23,Outliers can significantly influence the position of centroids.,An inappropriate choice can lead to poor clustering results.,The distance measure between clusters.,Discover patterns and relationships within data.,Lack of labeled data for comparison.,Labels them as noise/outliers,None of the above,Define the number of clusters,Silhouette coefficient,Use a scree plot to identify the elbow point,To show the relationship between the clusters,"The results of the algorithm will always be the same, regardless of the input data",All of the above,The homogeneity of the clusters in terms of class labels,More objects of a class in a cluster,A noise point,Unable to detect clusters of varying density,Centroids should be equally distributed between more dense and less,"Entropy can be used to measure the purity of a cluster, which is the proportion of data points in the cluster that belong to the same class.","Yes, SSE can be used to select the best cluster.",All the data points will be considered outliers,All the data points will be clustered together,The centroid will be the average of all points,All data points will be either core points or outliers (no border points).,Only the first cluster (C1) with the lowest density is sufficient.,This data point x is equidistant from two clusters.,This data point is x is assigned to the incorrect cluster.,K-means,Tends to divide big clusters into small ones,"The entropy of the two clusters is 0, the recall of each one is 1."
pMrOo2QfC0Kp,2023-12-05 20:09:33.038,22,Outliers can significantly influence the position of centroids.,An inappropriate choice can lead to poor clustering results.,The distance measure between clusters.,Discover patterns and relationships within data.,Lack of labeled data for comparison.,Labels them as noise/outliers,None of the above,Define the number of clusters,Silhouette coefficient,Use a scree plot to identify the elbow point,To show the relationship between the clusters,"The results of the algorithm will always be the same, regardless of the input data",All of the above,The homogeneity of the clusters in terms of class labels,More objects of a class in a cluster,A noise point,Unable to detect clusters of varying density,Centroids should be equally distributed between more dense and less,"Entropy can be used to measure the purity of a cluster, which is the proportion of data points in the cluster that belong to the same class.",,All the data points will be considered outliers,All the data points will be clustered together,The centroid will be the average of all points,All data points will be either core points or outliers (no border points).,Only the first cluster (C1) with the lowest density is sufficient.,This data point x is equidistant from two clusters.,This data point is x is assigned to the incorrect cluster.,K-means,Tends to divide big clusters into small ones,"The entropy of the two clusters is 0, the recall of each one is 1."
OLMmduueQtv7,2023-12-05 20:11:07.475,25,Outliers can significantly influence the position of centroids.,An inappropriate choice can lead to poor clustering results.,The distance measure between clusters.,Discover patterns and relationships within data.,Lack of labeled data for comparison.,Labels them as noise/outliers,None of the above,Define the number of clusters,Silhouette coefficient,Use a scree plot to identify the elbow point,To show the relationship between the clusters,"The results of the algorithm will be different, depending on the choice of linkage metho",All of the above,The homogeneity of the clusters in terms of class labels,Larger fraction of a cluster is one class,A noise point,Unable to detect clusters of varying density,Centroids should be equally distributed between more dense and less,"Entropy can be used to measure the purity of a cluster, which is the proportion of data points in the cluster that belong to the same class.","Yes, SSE can be used to select the best cluster.",All the data points will be clustered together,All the data points will be considered outliers,The centroid will be the average of all points,All data points will be either core points or outliers (no border points).,None of the above.,This data point x is equidistant from two clusters.,This data point is x is assigned to the incorrect cluster.,K-means,Tends to divide big clusters into small ones,"The entropy of the two clusters is 0, the recall of each one is 0.5."
Za018kn2raFk,2023-12-05 20:11:48.375,28,Outliers can significantly influence the position of centroids.,An inappropriate choice can lead to poor clustering results.,The distance measure between clusters.,Discover patterns and relationships within data.,Lack of labeled data for comparison.,Labels them as noise/outliers,None of the above,Define the number of clusters,Silhouette coefficient,Use a scree plot to identify the elbow point,To show the relationship between the clusters,"The results of the algorithm will always be the same, regardless of the input data",All of the above,The homogeneity of the clusters in terms of class labels,More objects of a class in a cluster,A noise point,Poor performance on high-dimensional data,More centroids should be allocated to the denser region.,"Entropy can be used to measure the purity of a cluster, which is the proportion of data points in the cluster that belong to the same class.","Yes, SSE can be used to select the best cluster.",All the data points will be clustered together,All the data points will be considered outliers,The centroid will be the average of all points,All data points will be either core points or outliers (no border points).,Only the first cluster (C1) with the lowest density is sufficient.,This data point x is equidistant from two clusters.,This data point is x is assigned to the incorrect cluster.,K-means,Tends to divide big clusters into small ones,"The entropy of the two clusters is 0, the recall of each one is 0.5."
m8rfSXHUenxh,2023-12-05 20:15:19.162,24,Outliers can significantly influence the position of centroids.,An inappropriate choice can lead to poor clustering results.,The distance measure between clusters.,Discover patterns and relationships within data.,Lack of labeled data for comparison.,Labels them as noise/outliers,None of the above,Define the number of clusters,Silhouette coefficient,Use a scree plot to identify the elbow point,To show the relationship between the clusters,"The results of the algorithm will always be the same, regardless of the input data",All of the above,The homogeneity of the clusters in terms of class labels,Larger fraction of a cluster is one class,A noise point,Poor performance on high-dimensional data,Centroids should be equally distributed between more dense and less,"Entropy can be used to measure the purity of a cluster, which is the proportion of data points in the cluster that belong to the same class.","Yes, SSE can be used to select the best cluster.",All the data points will be clustered together,All the data points will be considered outliers,The centroid will be the average of all points,All data points will be either core points or outliers (no border points).,Only the third cluster (C3) with the highest density is sufficient.,This data point x is equidistant from two clusters.,This data point x is a centroid of one cluster.,None of the above,Tends to divide big clusters into small ones,"The entropy of the two clusters is 0, the recall of each one is 1."
oXHAAQD8R9lF,2023-12-05 20:17:41.181,18,Outliers have no impact on K-means.,An inappropriate choice can lead to poor clustering results.,The connectivity between data points.,Predict target labels for new data points.,Lack of labeled data for comparison.,,None of the above,Define the number of clusters,Silhouette coefficient,Use a scree plot to identify the elbow point,To determine the direction of the clusters,"The results of the algorithm will be different, depending on the choice of linkage metho",To ensure that the clustering results are accurate and reliable,The homogeneity of the clusters in terms of class labels,Larger fraction of a cluster is one class,A noise point,Poor performance on high-dimensional data,,All of the above,"Yes, SSE can be used to select the best cluster.",All the data points will be clustered together,All the data points will be considered outliers,The centroid will be the average of all points,All data points will be either core points or outliers (no border points).,,This data point x is equidistant from two clusters.,This data point is x is assigned to the incorrect cluster.,K-means,Tends to divide big clusters into small ones,"The entropy of the two clusters is 0, the recall of each one is 1."
dF0r7wVjsLSV,2023-12-05 20:19:13.874,22,Outliers can significantly influence the position of centroids.,An inappropriate choice may label some data points as outliers.,The distance measure between clusters.,Discover patterns and relationships within data.,Lack of labeled data for comparison.,Computes a separate cluster for outliers,None of the above,Define the number of clusters,Entropy,Use a scree plot to identify the elbow point,To show the relationship between the clusters,"The results of the algorithm will always be the same, regardless of the input data",All of the above,The homogeneity of the clusters in terms of class labels,More objects of a class in a cluster,A noise point,Poor performance on high-dimensional data,More centroids should be allocated to the less dense region.,"Entropy can be used to measure the purity of a cluster, which is the proportion of data points in the cluster that belong to the same class.","Yes, SSE can be used to select the best cluster.",All the data points will be clustered together,All the data points will be considered outliers,The centroid will be the average of all points,All data points will be border points.,None of the above.,This data point x is equidistant from two clusters.,This data point is x is assigned to the incorrect cluster.,K-means,Tends to divide big clusters into small ones,"The entropy of the two clusters is 0, the recall of each one is 0.5."
vqNkppoZuHFA,2023-12-05 20:23:54.745,24,Outliers can significantly influence the position of centroids.,An inappropriate choice can lead to poor clustering results.,The distance measure between clusters.,Discover patterns and relationships within data.,Lack of labeled data for comparison.,Labels them as noise/outliers,None of the above,Define the number of clusters,Silhouette coefficient,Use a scree plot to identify the elbow point,To show the relationship between the clusters,"The results of the algorithm will always be the same, regardless of the input data",All of the above,The homogeneity of the clusters in terms of class labels,Larger fraction of a cluster is one class,A noise point,Unable to detect clusters of varying density,Centroids should be equally distributed between more dense and less,"Entropy can be used to measure the balance of a cluster, which is the distribution of data points from different classes within the cluster.","Yes, SSE can be used to select the best cluster.",All the data points will be clustered together,All the data points will be considered outliers,None of the above,All data points will be either core points or outliers (no border points).,Only the first cluster (C1) with the lowest density is sufficient.,This data point x is equidistant from two clusters.,This data point x is equidistant from two clusters.,K-means,Tends to divide big clusters into small ones,"The entropy of the two clusters is 0, the recall of each one is 0.5."
R8OVhINU7nka,2023-12-05 20:28:31.564,24,Outliers can significantly influence the position of centroids.,An inappropriate choice can lead to poor clustering results.,The distance measure between clusters.,Discover patterns and relationships within data.,Lack of labeled data for comparison.,Labels them as noise/outliers,None of the above,Define the number of clusters,Silhouette coefficient,Use a scree plot to identify the elbow point,To show the relationship between the clusters,"The results of the algorithm will be different, depending on the initialization of the clusters.",All of the above,The homogeneity of the clusters in terms of class labels,More objects of a class in a cluster,A noise point,Poor performance on high-dimensional data,More centroids should be allocated to the denser region.,"Entropy can be used to measure the purity of a cluster, which is the proportion of data points in the cluster that belong to the same class.","Yes, SSE can be used to select the best cluster.",All the data points will be clustered together,All the data points will be considered outliers,The centroid will be the average of all points,All data points will be either core points or outliers (no border points).,None of the above.,This data point x is equidistant from two clusters.,None of the above,K-means,Sensitive to outliers,"The entropy of the two clusters is 0, the recall of each one is 0.5."
vgAkx62M3oPn,2023-12-05 20:32:04.929,25,Outliers can significantly influence the position of centroids.,An inappropriate choice can lead to poor clustering results.,The distance measure between clusters.,Discover patterns and relationships within data.,Lack of labeled data for comparison.,Labels them as noise/outliers,Cluster assignments,Define the number of clusters,Silhouette coefficient,Use a scree plot to identify the elbow point,To show the relationship between the clusters,"The results of the algorithm will be different, depending on the choice of linkage metho",All of the above,The homogeneity of the clusters in terms of class labels,Larger fraction of a cluster is one class,A noise point,Unable to detect clusters of varying density,Centroids should be equally distributed between more dense and less,"Entropy can be used to measure the purity of a cluster, which is the proportion of data points in the cluster that belong to the same class.","Yes, SSE can be used to select the best cluster.",All the data points will be clustered together,All the data points will be considered outliers,The centroid will be the average of all points,All data points will be border points.,None of the above.,This data point x is equidistant from two clusters.,This data point is x is assigned to the incorrect cluster.,K-means,Tends to divide big clusters into small ones,"The entropy of the two clusters is 0, the recall of each one is 0.5."
KNvidOVZPDzA,2023-12-05 20:35:06.217,23,Outliers can significantly influence the position of centroids.,An inappropriate choice can lead to poor clustering results.,The order in which clusters are merged.,Discover patterns and relationships within data.,Lack of labeled data for comparison.,Labels them as noise/outliers,None of the above,Define the number of clusters,Silhouette coefficient,Use a scree plot to identify the elbow point,To show the relationship between the clusters,"The results of the algorithm will always be the same, regardless of the input data",All of the above,The homogeneity of the clusters in terms of class labels,Larger fraction of a cluster is one class,A noise point,Poor performance on high-dimensional data,More centroids should be allocated to the denser region.,All of the above,"Yes, SSE can be used to select the best cluster.",All the data points will be clustered together,All the data points will be considered outliers,The centroid will be located at some cluster,All data points will be either core points or outliers (no border points).,Only the third cluster (C3) with the highest density is sufficient.,This data point x is equidistant from two clusters.,This data point x is equidistant from two clusters.,K-means,Tends to divide big clusters into small ones,"The entropy of the two clusters is 0, the recall of each one is 1."
VTLAbK1PHg7B,2023-12-05 20:36:19.937,22,Outliers can significantly influence the position of centroids.,An inappropriate choice can lead to poor clustering results.,The distance measure between clusters.,Discover patterns and relationships within data.,Lack of labeled data for comparison.,Labels them as noise/outliers,None of the above,Define the number of clusters,Silhouette coefficient,Use a scree plot to identify the elbow point,To show the relationship between the clusters,"The results of the algorithm will always be the same, regardless of the input data",All of the above,The homogeneity of the clusters in terms of class labels,More objects of a class in a cluster,A noise point,Unable to detect clusters of varying density,Centroids should be equally distributed between more dense and less,"Entropy can be used to measure the purity of a cluster, which is the proportion of data points in the cluster that belong to the same class.",None of the above,All the data points will be considered outliers,All the data points will be clustered together,The centroid will be the average of all points,All data points will be either core points or outliers (no border points).,Only the first cluster (C1) with the lowest density is sufficient.,This data point x is equidistant from two clusters.,This data point is x is assigned to the incorrect cluster.,K-means,Tends to divide big clusters into small ones,"The entropy of the two clusters is 0, the recall of each one is 1."
7VpB1pGsv71N,2023-12-05 20:41:36.926,20,Outliers can significantly influence the position of centroids.,An inappropriate choice can lead to poor clustering results.,The distance measure between clusters.,Discover patterns and relationships within data.,Lack of labeled data for comparison.,Labels them as noise/outliers,Cluster assignments,Define the number of clusters,F1-score,Use a scree plot to identify the elbow point,To determine the direction of the clusters,"The results of the algorithm will always be the same, regardless of the input data",All of the above,The homogeneity of the clusters in terms of class labels,Larger fraction of a cluster is one class,A noise point,Poor performance on high-dimensional data,More centroids should be allocated to the less dense region.,"Entropy can be used to measure the purity of a cluster, which is the proportion of data points in the cluster that belong to the same class.","Yes, SSE can be used to select the best cluster.",None of the above,All the data points will be considered outliers,None of the above,None of the above.,None of the above.,This data point x is equidistant from two clusters.,This data point is x is assigned to the incorrect cluster.,None of the above,Sensitive to outliers,"The entropy of the two clusters is 0, the recall of each one is 1."
1tnkUsBnGX2u,2023-12-05 20:45:03.742,27,Outliers can significantly influence the position of centroids.,An inappropriate choice can lead to poor clustering results.,The distance measure between clusters.,Discover patterns and relationships within data.,Lack of labeled data for comparison.,Labels them as noise/outliers,Cluster assignments,Define the number of clusters,F1-score,Use a scree plot to identify the elbow point,To show the relationship between the clusters,"The results of the algorithm will always be the same, regardless of the input data",All of the above,The homogeneity of the clusters in terms of class labels,Larger fraction of a cluster is one class,Any of the above,Poor performance on high-dimensional data,More centroids should be allocated to the denser region.,"Entropy can be used to measure the purity of a cluster, which is the proportion of data points in the cluster that belong to the same class.","Yes, SSE can be used to select the best cluster.",All the data points will be clustered together,All the data points will be considered outliers,The centroid will be the average of all points,All data points will be either core points or outliers (no border points).,Only the third cluster (C3) with the highest density is sufficient.,This data point x is equidistant from two clusters.,This data point is x is assigned to the incorrect cluster.,K-means,Tends to divide big clusters into small ones,"The entropy of the two clusters is 0, the recall of each one is 0.5."
bUBpyoQOQ4Ov,2023-12-05 20:45:14.743,26,Outliers can significantly influence the position of centroids.,An inappropriate choice can lead to poor clustering results.,The distance measure between clusters.,Discover patterns and relationships within data.,Lack of labeled data for comparison.,Labels them as noise/outliers,Cluster assignments,Set the convergence threshold,F1-score,Use a scree plot to identify the elbow point,To show the relationship between the clusters,"The results of the algorithm will always be the same, regardless of the input data",All of the above,The homogeneity of the clusters in terms of class labels,Larger fraction of a cluster is one class,Any of the above,Poor performance on high-dimensional data,More centroids should be allocated to the denser region.,"Entropy can be used to measure the purity of a cluster, which is the proportion of data points in the cluster that belong to the same class.","Yes, SSE can be used to select the best cluster.",All the data points will be clustered together,All the data points will be considered outliers,The centroid will be the average of all points,All data points will be either core points or outliers (no border points).,Only the third cluster (C3) with the highest density is sufficient.,This data point x is equidistant from two clusters.,This data point is x is assigned to the incorrect cluster.,K-means,Tends to divide big clusters into small ones,"The entropy of the two clusters is 0, the recall of each one is 0.5."
CprL2LITeTET,2023-12-05 20:45:37.523,25,Outliers can significantly influence the position of centroids.,An inappropriate choice can lead to poor clustering results.,The distance measure between clusters.,Discover patterns and relationships within data.,Lack of labeled data for comparison.,Labels them as noise/outliers,None of the above,Define the number of clusters,Silhouette coefficient,Use a scree plot to identify the elbow point,To show the relationship between the clusters,"The results of the algorithm will be different, depending on the choice of linkage metho",All of the above,The homogeneity of the clusters in terms of class labels,Larger fraction of a cluster is one class,Any of the above,Poor performance on high-dimensional data,More centroids should be allocated to the less dense region.,"Entropy can be used to measure the purity of a cluster, which is the proportion of data points in the cluster that belong to the same class.","Yes, SSE can be used to select the best cluster.",All the data points will be clustered together,All the data points will be considered outliers,The centroid will be the average of all points,All data points will be either core points or outliers (no border points).,Only the first cluster (C1) with the lowest density is sufficient.,This data point x is equidistant from two clusters.,This data point is x is assigned to the incorrect cluster.,K-means,Tends to divide big clusters into small ones,"The entropy of the two clusters is 0, the recall of each one is 1."
oF1pjrJTOBWB,2023-12-05 20:54:09.712,23,Outliers can significantly influence the position of centroids.,An inappropriate choice can lead to poor clustering results.,The distance measure between clusters.,Discover patterns and relationships within data.,Lack of labeled data for comparison.,Labels them as noise/outliers,None of the above,Define the number of clusters,Silhouette coefficient,Use a scree plot to identify the elbow point,To show the relationship between the clusters,"The results of the algorithm will be different, depending on the choice of linkage metho",All of the above,The homogeneity of the clusters in terms of class labels,More distinct clusters,A noise point,Poor performance on high-dimensional data,More centroids should be allocated to the less dense region.,"Entropy can be used to measure the purity of a cluster, which is the proportion of data points in the cluster that belong to the same class.","Yes, SSE can be used to select the best cluster.",All the data points will be clustered together,All the data points will be considered outliers,The centroid will be the average of all points,None of the above.,Only the third cluster (C3) with the highest density is sufficient.,This data point x is equidistant from two clusters.,This data point is x is assigned to the incorrect cluster.,K-means,Tends to divide big clusters into small ones,"The entropy of the two clusters is 0, the recall of each one is 1."
VqXqgB6ructd,2023-12-05 20:54:23.877,25,Outliers can significantly influence the position of centroids.,An inappropriate choice can lead to poor clustering results.,The distance measure between clusters.,Discover patterns and relationships within data.,Lack of labeled data for comparison.,Labels them as noise/outliers,Cluster assignments,Define the number of clusters,Silhouette coefficient,Use a scree plot to identify the elbow point,To identify the optimal number of clusters,"The results of the algorithm will be different, depending on the choice of linkage metho",All of the above,The homogeneity of the clusters in terms of class labels,More distinct clusters,A noise point,Poor performance on high-dimensional data,Centroids should be equally distributed between more dense and less,"Entropy can be used to measure the purity of a cluster, which is the proportion of data points in the cluster that belong to the same class.","Yes, SSE can be used to select the best cluster.",All the data points will be clustered together,All the data points will be considered outliers,The centroid will be the average of all points,All data points will be either core points or outliers (no border points).,Only the first cluster (C1) with the lowest density is sufficient.,This data point x is equidistant from two clusters.,This data point is x is assigned to the incorrect cluster.,K-means,Tends to divide big clusters into small ones,"The entropy of the two clusters is 0, the recall of each one is 1."
Lo0o6MK08TyI,2023-12-05 20:58:59.339,26,Outliers can significantly influence the position of centroids.,An inappropriate choice can lead to poor clustering results.,The distance measure between clusters.,Discover patterns and relationships within data.,Lack of labeled data for comparison.,Labels them as noise/outliers,Cluster assignments,Define the number of clusters,Silhouette coefficient,Use a scree plot to identify the elbow point,To show the relationship between the clusters,"The results of the algorithm will be different, depending on the choice of linkage metho",All of the above,The homogeneity of the clusters in terms of class labels,Larger fraction of a cluster is one class,Any of the above,Poor performance on high-dimensional data,More centroids should be allocated to the denser region.,"Entropy can be used to measure the purity of a cluster, which is the proportion of data points in the cluster that belong to the same class.","Yes, SSE can be used to select the best cluster.",All the data points will be clustered together,All the data points will be clustered together,The centroid will be the average of all points,All data points will be either core points or outliers (no border points).,Only the third cluster (C3) with the highest density is sufficient.,This data point x is equidistant from two clusters.,This data point is x is assigned to the incorrect cluster.,K-means,Tends to divide big clusters into small ones,"The entropy of the two clusters is 0, the recall of each one is 0.5."
Ui0yLwC2YxnT,2023-12-05 20:59:44.322,28,Outliers can significantly influence the position of centroids.,An inappropriate choice can lead to poor clustering results.,The distance measure between clusters.,Discover patterns and relationships within data.,Lack of labeled data for comparison.,Labels them as noise/outliers,None of the above,Define the number of clusters,Silhouette coefficient,Use a scree plot to identify the elbow point,To show the relationship between the clusters,"The results of the algorithm will always be the same, regardless of the input data",All of the above,The homogeneity of the clusters in terms of class labels,Larger fraction of a cluster is one class,A noise point,Poor performance on high-dimensional data,More centroids should be allocated to the denser region.,"Entropy can be used to measure the purity of a cluster, which is the proportion of data points in the cluster that belong to the same class.","Yes, SSE can be used to select the best cluster.",All the data points will be clustered together,All the data points will be considered outliers,The centroid will be the average of all points,All data points will be either core points or outliers (no border points).,Only the first cluster (C1) with the lowest density is sufficient.,This data point x is equidistant from two clusters.,This data point is x is assigned to the incorrect cluster.,K-means,Tends to divide big clusters into small ones,"The entropy of the two clusters is 0, the recall of each one is 1."
WNh0afD7QG4d,2023-12-05 21:02:01.304,28,Outliers can significantly influence the position of centroids.,An inappropriate choice can lead to poor clustering results.,The distance measure between clusters.,Discover patterns and relationships within data.,Lack of labeled data for comparison.,Labels them as noise/outliers,Cluster assignments,Define the number of clusters,Silhouette coefficient,Use a scree plot to identify the elbow point,To show the relationship between the clusters,"The results of the algorithm will always be the same, regardless of the input data",All of the above,The homogeneity of the clusters in terms of class labels,More objects of a class in a cluster,A noise point,Poor performance on high-dimensional data,More centroids should be allocated to the denser region.,"Entropy can be used to measure the purity of a cluster, which is the proportion of data points in the cluster that belong to the same class.","Yes, SSE can be used to select the best cluster.",All the data points will be clustered together,All the data points will be considered outliers,The centroid will be the average of all points,All data points will be either core points or outliers (no border points).,Only the third cluster (C3) with the highest density is sufficient.,This data point x is equidistant from two clusters.,This data point is x is assigned to the incorrect cluster.,K-means,Tends to divide big clusters into small ones,"The entropy of the two clusters is 0, the recall of each one is 0.5."
nojDz9QSjRLy,2023-12-05 21:02:27.083,22,Outliers can significantly influence the position of centroids.,An inappropriate choice can lead to poor clustering results.,The distance measure between clusters.,Discover patterns and relationships within data.,Lack of labeled data for comparison.,Labels them as noise/outliers,None of the above,Define the number of clusters,Silhouette coefficient,Use a scree plot to identify the elbow point,To show the relationship between the clusters,"The results of the algorithm will be different, depending on the initialization of the clusters.",To ensure that the clustering results are accurate and reliable,The homogeneity of the clusters in terms of class labels,More objects of a class in a cluster,Any of the above,Poor performance on high-dimensional data,More centroids should be allocated to the denser region.,"Entropy can be used to measure the purity of a cluster, which is the proportion of data points in the cluster that belong to the same class.","Yes, SSE can be used to select the best cluster.",All the data points will be clustered together,All the data points will be considered outliers,The centroid will be the average of all points,All data points will be either core points or outliers (no border points).,None of the above.,This data point x is equidistant from two clusters.,None of the above,K-means,Sensitive to outliers,"The entropy of the two clusters is 0, the recall of each one is 0.5."
bWRj9XHmvXaq,2023-12-05 21:08:11.312,24,Outliers can significantly influence the position of centroids.,An inappropriate choice can lead to poor clustering results.,The distance measure between clusters.,Discover patterns and relationships within data.,Lack of labeled data for comparison.,Labels them as noise/outliers,Cluster assignments,Define the number of clusters,Silhouette coefficient,Use a scree plot to identify the elbow point,To show the relationship between the clusters,"The results of the algorithm will be different, depending on the choice of linkage metho",All of the above,The homogeneity of the clusters in terms of class labels,More objects of a class in a cluster,Any of the above,Unable to detect clusters of varying density,More centroids should be allocated to the less dense region.,"Entropy can be used to measure the purity of a cluster, which is the proportion of data points in the cluster that belong to the same class.","Yes, SSE can be used to select the best cluster.",All the data points will be clustered together,All the data points will be considered outliers,The centroid will be the average of all points,All data points will be either core points or outliers (no border points).,Only the first cluster (C1) with the lowest density is sufficient.,This data point x is equidistant from two clusters.,This data point is x is assigned to the incorrect cluster.,None of the above,Tends to divide big clusters into small ones,"The entropy of the two clusters is 0, the recall of each one is 0.5."
xOKhxIy4WoKi,2023-12-05 21:11:52.689,24,Outliers can significantly influence the position of centroids.,An inappropriate choice can lead to poor clustering results.,The distance measure between clusters.,Discover patterns and relationships within data.,Lack of labeled data for comparison.,Labels them as noise/outliers,Cluster assignments,Define the number of clusters,Silhouette coefficient,Use a scree plot to identify the elbow point,To show the relationship between the clusters,"The results of the algorithm will be different, depending on the choice of linkage metho",All of the above,The homogeneity of the clusters in terms of class labels,More objects of a class in a cluster,A noise point,Poor performance on high-dimensional data,More centroids should be allocated to the denser region.,All of the above,"Yes, SSE can be used to select the best cluster.",All the data points will be clustered together,All the data points will be considered outliers,None of the above,All data points will be either core points or outliers (no border points).,None of the above.,This data point x is equidistant from two clusters.,This data point is x is assigned to the incorrect cluster.,K-means,Tends to divide big clusters into small ones,"The entropy of the two clusters is 0, the recall of each one is 1."
7VLP2mvnxjRS,2023-12-05 21:15:13.754,23,Outliers can significantly influence the position of centroids.,An inappropriate choice can lead to poor clustering results.,The distance measure between clusters.,Discover patterns and relationships within data.,Lack of labeled data for comparison.,Labels them as noise/outliers,Cluster assignments,Set the convergence threshold,Silhouette coefficient,Use a scree plot to identify the elbow point,To show the relationship between the clusters,"The results of the algorithm will always be the same, regardless of the input data",All of the above,The homogeneity of the clusters in terms of class labels,More objects of a class in a cluster,Any of the above,Poor performance on high-dimensional data,More centroids should be allocated to the less dense region.,"Entropy can be used to measure the purity of a cluster, which is the proportion of data points in the cluster that belong to the same class.","Yes, SSE can be used to select the best cluster.",All the data points will be clustered together,All the data points will be considered outliers,The centroid will be the average of all points,None of the above.,Only the first cluster (C1) with the lowest density is sufficient.,None of the above.,This data point is x is assigned to the incorrect cluster.,DBSCAN,Tends to divide big clusters into small ones,"The entropy of the two clusters is 0, the recall of each one is 0.5."
BhvtwuIg7wvF,2023-12-05 21:17:06.961,27,Outliers can significantly influence the position of centroids.,An inappropriate choice can lead to poor clustering results.,The distance measure between clusters.,Discover patterns and relationships within data.,Lack of labeled data for comparison.,Labels them as noise/outliers,None of the above,Define the number of clusters,Silhouette coefficient,Use a scree plot to identify the elbow point,To show the relationship between the clusters,"The results of the algorithm will always be the same, regardless of the input data",All of the above,The homogeneity of the clusters in terms of class labels,Larger fraction of a cluster is one class,A noise point,Unable to detect clusters of varying density,More centroids should be allocated to the denser region.,"Entropy can be used to measure the purity of a cluster, which is the proportion of data points in the cluster that belong to the same class.","Yes, SSE can be used to select the best cluster.",All the data points will be clustered together,All the data points will be considered outliers,The centroid will be the average of all points,All data points will be either core points or outliers (no border points).,Only the first cluster (C1) with the lowest density is sufficient.,This data point x is equidistant from two clusters.,This data point is x is assigned to the incorrect cluster.,K-means,Tends to divide big clusters into small ones,"The entropy of the two clusters is 0, the recall of each one is 1."
RM55e8d3Jbjm,2023-12-05 21:17:56.480,25,Outliers can significantly influence the position of centroids.,An inappropriate choice may label some data points as outliers.,The distance measure between clusters.,Discover patterns and relationships within data.,Lack of labeled data for comparison.,Labels them as noise/outliers,None of the above,Define the number of clusters,Silhouette coefficient,Use a scree plot to identify the elbow point,To show the relationship between the clusters,"The results of the algorithm will always be the same, regardless of the input data",All of the above,The homogeneity of the clusters in terms of class labels,Larger fraction of a cluster is one class,A noise point,Unable to detect clusters of varying density,More centroids should be allocated to the denser region.,"Entropy can be used to measure the purity of a cluster, which is the proportion of data points in the cluster that belong to the same class.","Yes, SSE can be used to select the best cluster.",All the data points will be clustered together,All the data points will be considered outliers,The centroid will be the average of all points,All data points will be either core points or outliers (no border points).,Only the third cluster (C3) with the highest density is sufficient.,This data point x is equidistant from two clusters.,This data point is x is assigned to the incorrect cluster.,K-means,Tends to divide big clusters into small ones,"The entropy of the two clusters is 0, the recall of each one is 1."
r5xiR4T4onQf,2023-12-05 21:19:35.861,24,Outliers can significantly influence the position of centroids.,An inappropriate choice can lead to poor clustering results.,The distance measure between clusters.,Discover patterns and relationships within data.,Lack of labeled data for comparison.,Labels them as noise/outliers,None of the above,Define the number of clusters,Silhouette coefficient,Use a scree plot to identify the elbow point,To show the relationship between the clusters,"The results of the algorithm will always be the same, regardless of the input data",All of the above,The homogeneity of the clusters in terms of class labels,Larger fraction of a cluster is one class,Any of the above,Unable to detect clusters of varying density,More centroids should be allocated to the denser region.,All of the above,"Yes, SSE can be used to select the best cluster.",All the data points will be clustered together,All the data points will be considered outliers,The centroid will be the average of all points,All data points will be border points.,Only the third cluster (C3) with the highest density is sufficient.,This data point x is equidistant from two clusters.,This data point is x is assigned to the incorrect cluster.,K-means,Tends to divide big clusters into small ones,"The entropy of the two clusters is 0, the recall of each one is 0.5."
2AQDG30NeIzY,2023-12-05 21:20:08.561,26,Outliers can significantly influence the position of centroids.,An inappropriate choice can lead to poor clustering results.,The distance measure between clusters.,Discover patterns and relationships within data.,Lack of labeled data for comparison.,Labels them as noise/outliers,None of the above,Define the number of clusters,Silhouette coefficient,Use a scree plot to identify the elbow point,To show the relationship between the clusters,"The results of the algorithm will always be the same, regardless of the input data",All of the above,The homogeneity of the clusters in terms of class labels,Larger fraction of a cluster is one class,A noise point,Unable to detect clusters of varying density,More centroids should be allocated to the denser region.,"Entropy can be used to measure the purity of a cluster, which is the proportion of data points in the cluster that belong to the same class.","Yes, SSE can be used to select the best cluster.",All the data points will be clustered together,All the data points will be considered outliers,The centroid will be the average of all points,All data points will be either core points or outliers (no border points).,Only the first cluster (C1) with the lowest density is sufficient.,,This data point is x is assigned to the incorrect cluster.,K-means,Tends to divide big clusters into small ones,"The entropy of the two clusters is 0, the recall of each one is 1."
sCNAQlTJzusQ,2023-12-05 21:24:55.281,25,Outliers can significantly influence the position of centroids.,An inappropriate choice can lead to poor clustering results.,The distance measure between clusters.,Discover patterns and relationships within data.,Lack of labeled data for comparison.,Labels them as noise/outliers,Cluster assignments,Define the number of clusters,Silhouette coefficient,Use a scree plot to identify the elbow point,To identify the optimal number of clusters,"The results of the algorithm will always be the same, regardless of the input data",All of the above,The homogeneity of the clusters in terms of class labels,More objects of a class in a cluster,Any of the above,Unable to detect clusters of varying density,Centroids should be equally distributed between more dense and less,"Entropy can be used to measure the purity of a cluster, which is the proportion of data points in the cluster that belong to the same class.","Yes, SSE can be used to select the best cluster.",All the data points will be clustered together,All the data points will be considered outliers,The centroid will be the average of all points,All data points will be either core points or outliers (no border points).,Only the first cluster (C1) with the lowest density is sufficient.,This data point x is equidistant from two clusters.,This data point is x is assigned to the incorrect cluster.,K-means,Tends to divide big clusters into small ones,"The entropy of the two clusters is 0, the recall of each one is 0.5."
yKhvr1tKGpJF,2023-12-05 21:25:30.484,25,Outliers can significantly influence the position of centroids.,An inappropriate choice can lead to poor clustering results.,The distance measure between clusters.,Discover patterns and relationships within data.,Lack of labeled data for comparison.,Labels them as noise/outliers,None of the above,Define the number of clusters,Silhouette coefficient,Use a scree plot to identify the elbow point,To show the relationship between the clusters,"The results of the algorithm will always be the same, regardless of the input data",All of the above,The homogeneity of the clusters in terms of class labels,Larger fraction of a cluster is one class,A noise point,Unable to detect clusters of varying density,More centroids should be allocated to the denser region.,"Entropy can be used to measure the purity of a cluster, which is the proportion of data points in the cluster that belong to the same class.",None of the above,All the data points will be clustered together,All the data points will be considered outliers,The centroid will be the average of all points,All data points will be either core points or outliers (no border points).,Only the third cluster (C3) with the highest density is sufficient.,This data point x is equidistant from two clusters.,This data point is x is assigned to the incorrect cluster.,K-means,Tends to divide big clusters into small ones,"The entropy of the two clusters is 0, the recall of each one is 1."
IWu147zvpRWb,2023-12-05 21:26:16.043,21,Outliers can significantly influence the position of centroids.,An inappropriate choice may label some data points as outliers.,The distance measure between clusters.,Discover patterns and relationships within data.,Lack of labeled data for comparison.,Labels them as noise/outliers,Cluster assignments,Define the number of clusters,Silhouette coefficient,Use a scree plot to identify the elbow point,To show the relationship between the clusters,"The results of the algorithm will be different, depending on the choice of linkage metho",All of the above,The homogeneity of the clusters in terms of class labels,More objects of a class in a cluster,Any of the above,Poor performance on high-dimensional data,More centroids should be allocated to the less dense region.,"Entropy can be used to measure the purity of a cluster, which is the proportion of data points in the cluster that belong to the same class.","Yes, SSE can be used to select the best cluster.",All the data points will be considered outliers,All the data points will be considered outliers,The centroid will be the average of all points,None of the above.,None of the above.,This data point x is equidistant from two clusters.,This data point is x is assigned to the incorrect cluster.,DBSCAN,Tends to divide big clusters into small ones,"The entropy of the two clusters is 0, the recall of each one is 0.5."
9znYM6tmzKLF,2023-12-05 21:28:17.611,24,Outliers can significantly influence the position of centroids.,An inappropriate choice can lead to poor clustering results.,The distance measure between clusters.,Discover patterns and relationships within data.,Lack of labeled data for comparison.,Labels them as noise/outliers,Cluster assignments,Set the convergence threshold,Silhouette coefficient,Use a scree plot to identify the elbow point,To show the relationship between the clusters,"The results of the algorithm will be different, depending on the choice of linkage metho",All of the above,The homogeneity of the clusters in terms of class labels,More objects of a class in a cluster,A noise point,Poor performance on high-dimensional data,Centroids should be equally distributed between more dense and less,All of the above,"Yes, SSE can be used to select the best cluster.",All the data points will be clustered together,All the data points will be considered outliers,The centroid will be the average of all points,All data points will be either core points or outliers (no border points).,Only the first cluster (C1) with the lowest density is sufficient.,This data point x is equidistant from two clusters.,This data point is x is assigned to the incorrect cluster.,DBSCAN,Tends to divide big clusters into small ones,"The entropy of the two clusters is 0, the recall of each one is 0.5."
9xt9EeOQtcXZ,2023-12-05 21:29:14.101,24,Outliers can significantly influence the position of centroids.,An inappropriate choice can lead to poor clustering results.,The distance measure between clusters.,Discover patterns and relationships within data.,Lack of labeled data for comparison.,Labels them as noise/outliers,Cluster assignments,Define the number of clusters,Silhouette coefficient,Use a scree plot to identify the elbow point,To identify the optimal number of clusters,"The results of the algorithm will always be the same, regardless of the input data",All of the above,The homogeneity of the clusters in terms of class labels,More objects of a class in a cluster,Any of the above,Unable to detect clusters of varying density,Centroids should be equally distributed between more dense and less,"Entropy can be used to measure the purity of a cluster, which is the proportion of data points in the cluster that belong to the same class.","Yes, SSE can be used to select the best cluster.",All the data points will be clustered together,All the data points will be considered outliers,None of the above,All data points will be either core points or outliers (no border points).,Only the first cluster (C1) with the lowest density is sufficient.,This data point x is equidistant from two clusters.,This data point is x is assigned to the incorrect cluster.,K-means,Tends to divide big clusters into small ones,"The entropy of the two clusters is 0, the recall of each one is 0.5."
pJCSXvZHMyH1,2023-12-05 21:29:23.700,26,Outliers can significantly influence the position of centroids.,An inappropriate choice can lead to poor clustering results.,The distance measure between clusters.,Discover patterns and relationships within data.,Lack of labeled data for comparison.,Labels them as noise/outliers,Cluster assignments,Define the number of clusters,Silhouette coefficient,Use a scree plot to identify the elbow point,To show the relationship between the clusters,"The results of the algorithm will always be the same, regardless of the input data",All of the above,The homogeneity of the clusters in terms of class labels,Larger fraction of a cluster is one class,Any of the above,Poor performance on high-dimensional data,More centroids should be allocated to the denser region.,"Entropy can be used to measure the purity of a cluster, which is the proportion of data points in the cluster that belong to the same class.","Yes, SSE can be used to select the best cluster.",All the data points will be considered outliers,All the data points will be considered outliers,The centroid will be the average of all points,All data points will be either core points or outliers (no border points).,Only the third cluster (C3) with the highest density is sufficient.,This data point x is equidistant from two clusters.,This data point is x is assigned to the incorrect cluster.,K-means,Tends to divide big clusters into small ones,"The entropy of the two clusters is 0, the recall of each one is 1."
TYE4dgTYGdCn,2023-12-05 21:29:28.402,26,Outliers can significantly influence the position of centroids.,An inappropriate choice can lead to poor clustering results.,The distance measure between clusters.,Discover patterns and relationships within data.,Lack of labeled data for comparison.,Labels them as noise/outliers,Cluster assignments,Define the number of clusters,Silhouette coefficient,Use a scree plot to identify the elbow point,To show the relationship between the clusters,"The results of the algorithm will always be the same, regardless of the input data",All of the above,The homogeneity of the clusters in terms of class labels,Larger fraction of a cluster is one class,Any of the above,Poor performance on high-dimensional data,More centroids should be allocated to the denser region.,"Entropy can be used to measure the purity of a cluster, which is the proportion of data points in the cluster that belong to the same class.","Yes, SSE can be used to select the best cluster.",All the data points will be considered outliers,All the data points will be considered outliers,The centroid will be the average of all points,All data points will be either core points or outliers (no border points).,Only the third cluster (C3) with the highest density is sufficient.,This data point x is equidistant from two clusters.,This data point is x is assigned to the incorrect cluster.,K-means,Tends to divide big clusters into small ones,"The entropy of the two clusters is 0, the recall of each one is 1."
Oc5QucHDsmjC,2023-12-05 21:29:39.134,27,Outliers can significantly influence the position of centroids.,An inappropriate choice can lead to poor clustering results.,The distance measure between clusters.,Discover patterns and relationships within data.,Lack of labeled data for comparison.,Labels them as noise/outliers,None of the above,Define the number of clusters,Silhouette coefficient,Use a scree plot to identify the elbow point,To show the relationship between the clusters,"The results of the algorithm will always be the same, regardless of the input data",All of the above,The homogeneity of the clusters in terms of class labels,Larger fraction of a cluster is one class,A noise point,Unable to detect clusters of varying density,Centroids should be equally distributed between more dense and less,"Entropy can be used to measure the purity of a cluster, which is the proportion of data points in the cluster that belong to the same class.","Yes, SSE can be used to select the best cluster.",All the data points will be clustered together,All the data points will be considered outliers,The centroid will be the average of all points,All data points will be either core points or outliers (no border points).,Only the first cluster (C1) with the lowest density is sufficient.,This data point x is equidistant from two clusters.,This data point is x is assigned to the incorrect cluster.,K-means,Tends to divide big clusters into small ones,"The entropy of the two clusters is 0, the recall of each one is 0.5."
hpYESXQ1czwb,2023-12-05 21:29:40.294,27,Outliers can significantly influence the position of centroids.,An inappropriate choice can lead to poor clustering results.,The distance measure between clusters.,Discover patterns and relationships within data.,Lack of labeled data for comparison.,Labels them as noise/outliers,Cluster assignments,Define the number of clusters,Silhouette coefficient,Use a scree plot to identify the elbow point,To show the relationship between the clusters,"The results of the algorithm will always be the same, regardless of the input data",All of the above,The homogeneity of the clusters in terms of class labels,Larger fraction of a cluster is one class,Any of the above,Poor performance on high-dimensional data,More centroids should be allocated to the denser region.,"Entropy can be used to measure the purity of a cluster, which is the proportion of data points in the cluster that belong to the same class.","Yes, SSE can be used to select the best cluster.",All the data points will be clustered together,All the data points will be considered outliers,The centroid will be the average of all points,All data points will be either core points or outliers (no border points).,Only the third cluster (C3) with the highest density is sufficient.,This data point x is equidistant from two clusters.,This data point is x is assigned to the incorrect cluster.,K-means,Tends to divide big clusters into small ones,"The entropy of the two clusters is 0, the recall of each one is 1."
St7VKJfT2MTq,2023-12-05 21:29:47.153,24,Outliers can significantly influence the position of centroids.,An inappropriate choice can lead to poor clustering results.,The distance measure between clusters.,Discover patterns and relationships within data.,Lack of labeled data for comparison.,Labels them as noise/outliers,Cluster assignments,Set the convergence threshold,Silhouette coefficient,Use a scree plot to identify the elbow point,To show the relationship between the clusters,"The results of the algorithm will be different, depending on the choice of linkage metho",All of the above,The homogeneity of the clusters in terms of class labels,More objects of a class in a cluster,Any of the above,Unable to detect clusters of varying density,More centroids should be allocated to the less dense region.,"Entropy can be used to measure the purity of a cluster, which is the proportion of data points in the cluster that belong to the same class.","Yes, SSE can be used to select the best cluster.",All the data points will be clustered together,All the data points will be considered outliers,The centroid will be the average of all points,All data points will be either core points or outliers (no border points).,Only the first cluster (C1) with the lowest density is sufficient.,This data point x is equidistant from two clusters.,This data point is x is assigned to the incorrect cluster.,K-means,Tends to divide big clusters into small ones,"The entropy of the two clusters is 0, the recall of each one is 0.5."
VgoqnXYkjUhL,2023-12-05 21:29:59.547,27,Outliers can significantly influence the position of centroids.,An inappropriate choice can lead to poor clustering results.,The distance measure between clusters.,Discover patterns and relationships within data.,Lack of labeled data for comparison.,Labels them as noise/outliers,None of the above,Define the number of clusters,Silhouette coefficient,Use a scree plot to identify the elbow point,To show the relationship between the clusters,"The results of the algorithm will always be the same, regardless of the input data",All of the above,The homogeneity of the clusters in terms of class labels,Larger fraction of a cluster is one class,A noise point,Unable to detect clusters of varying density,Centroids should be equally distributed between more dense and less,"Entropy can be used to measure the purity of a cluster, which is the proportion of data points in the cluster that belong to the same class.","Yes, SSE can be used to select the best cluster.",All the data points will be clustered together,All the data points will be considered outliers,The centroid will be the average of all points,All data points will be either core points or outliers (no border points).,Only the first cluster (C1) with the lowest density is sufficient.,This data point x is equidistant from two clusters.,This data point is x is assigned to the incorrect cluster.,K-means,Tends to divide big clusters into small ones,"The entropy of the two clusters is 0, the recall of each one is 0.5."
DI3Mqi034afd,2023-12-05 21:31:03.379,27,Outliers can significantly influence the position of centroids.,An inappropriate choice can lead to poor clustering results.,The distance measure between clusters.,Discover patterns and relationships within data.,Lack of labeled data for comparison.,Labels them as noise/outliers,None of the above,Define the number of clusters,Silhouette coefficient,Use a scree plot to identify the elbow point,To show the relationship between the clusters,"The results of the algorithm will always be the same, regardless of the input data",All of the above,The homogeneity of the clusters in terms of class labels,Larger fraction of a cluster is one class,A noise point,Unable to detect clusters of varying density,Centroids should be equally distributed between more dense and less,"Entropy can be used to measure the purity of a cluster, which is the proportion of data points in the cluster that belong to the same class.","Yes, SSE can be used to select the best cluster.",All the data points will be clustered together,All the data points will be considered outliers,The centroid will be the average of all points,All data points will be either core points or outliers (no border points).,Only the first cluster (C1) with the lowest density is sufficient.,This data point x is equidistant from two clusters.,This data point is x is assigned to the incorrect cluster.,K-means,Tends to divide big clusters into small ones,"The entropy of the two clusters is 0, the recall of each one is 0.5."
tZNKhSZpzqOT,2023-12-05 21:31:14.848,26,Outliers can significantly influence the position of centroids.,An inappropriate choice can lead to poor clustering results.,The distance measure between clusters.,Discover patterns and relationships within data.,Lack of labeled data for comparison.,Labels them as noise/outliers,None of the above,Define the number of clusters,Silhouette coefficient,Use a scree plot to identify the elbow point,To show the relationship between the clusters,"The results of the algorithm will always be the same, regardless of the input data",All of the above,The homogeneity of the clusters in terms of class labels,Larger fraction of a cluster is one class,A noise point,Poor performance on high-dimensional data,More centroids should be allocated to the denser region.,"Entropy can be used to measure the purity of a cluster, which is the proportion of data points in the cluster that belong to the same class.",None of the above,All the data points will be clustered together,All the data points will be considered outliers,The centroid will be the average of all points,All data points will be either core points or outliers (no border points).,Only the third cluster (C3) with the highest density is sufficient.,This data point x is equidistant from two clusters.,This data point is x is assigned to the incorrect cluster.,K-means,Tends to divide big clusters into small ones,"The entropy of the two clusters is 0, the recall of each one is 1."
xlLz8YVMGkvs,2023-12-05 21:32:21.910,24,Outliers can significantly influence the position of centroids.,An inappropriate choice can lead to poor clustering results.,The distance measure between clusters.,Predict target labels for new data points.,Lack of labeled data for comparison.,Labels them as noise/outliers,None of the above,Define the number of clusters,Silhouette coefficient,Use a scree plot to identify the elbow point,To show the relationship between the clusters,"The results of the algorithm will be different, depending on the choice of linkage metho",All of the above,The homogeneity of the clusters in terms of class labels,More objects of a class in a cluster,Any of the above,Poor performance on high-dimensional data,More centroids should be allocated to the denser region.,"Entropy can be used to measure the purity of a cluster, which is the proportion of data points in the cluster that belong to the same class.","Yes, SSE can be used to select the best cluster.",All the data points will be clustered together,All the data points will be considered outliers,The centroid will be the average of all points,All data points will be either core points or outliers (no border points).,Only the first cluster (C1) with the lowest density is sufficient.,This data point x is equidistant from two clusters.,This data point is x is assigned to the incorrect cluster.,K-means,Tends to divide big clusters into small ones,"The entropy of the two clusters is 0, the recall of each one is 1."
8JOElN1piVew,2023-12-05 21:33:35.292,25,Outliers can significantly influence the position of centroids.,An inappropriate choice can lead to poor clustering results.,The distance measure between clusters.,Discover patterns and relationships within data.,Lack of labeled data for comparison.,Labels them as noise/outliers,Cluster assignments,Define the number of clusters,Silhouette coefficient,Use a scree plot to identify the elbow point,To identify the optimal number of clusters,"The results of the algorithm will be different, depending on the choice of linkage metho",All of the above,The homogeneity of the clusters in terms of class labels,More distinct clusters,A noise point,Poor performance on high-dimensional data,Centroids should be equally distributed between more dense and less,"Entropy can be used to measure the purity of a cluster, which is the proportion of data points in the cluster that belong to the same class.","Yes, SSE can be used to select the best cluster.",All the data points will be clustered together,All the data points will be considered outliers,The centroid will be the average of all points,All data points will be either core points or outliers (no border points).,Only the first cluster (C1) with the lowest density is sufficient.,This data point x is equidistant from two clusters.,This data point is x is assigned to the incorrect cluster.,K-means,Tends to divide big clusters into small ones,"The entropy of the two clusters is 0, the recall of each one is 1."
0rzpTGhVxVJU,2023-12-05 21:35:19.292,21,Outliers can significantly influence the position of centroids.,An inappropriate choice can lead to poor clustering results.,The distance measure between clusters.,Discover patterns and relationships within data.,Lack of labeled data for comparison.,Labels them as noise/outliers,None of the above,Define the number of clusters,F1-score,Use a scree plot to identify the elbow point,To identify the optimal number of clusters,"The results of the algorithm will always be the same, regardless of the input data",All of the above,The homogeneity of the clusters in terms of class labels,More distinct clusters,A noise point,Unable to detect clusters of varying density,More centroids should be allocated to the less dense region.,"Entropy can be used to measure the purity of a cluster, which is the proportion of data points in the cluster that belong to the same class.","Yes, SSE can be used to select the best cluster.",All the data points will be considered outliers,All the data points will be clustered together,The centroid will be the average of all points,All data points will be either core points or outliers (no border points).,Only the first cluster (C1) with the lowest density is sufficient.,This data point x is equidistant from two clusters.,This data point is x is assigned to the incorrect cluster.,K-means,Tends to divide big clusters into small ones,"The entropy of the two clusters is 0, the recall of each one is 1."
iZblYCxqwouC,2023-12-05 21:36:58.538,25,Outliers can significantly influence the position of centroids.,An inappropriate choice can lead to poor clustering results.,The connectivity between data points.,Discover patterns and relationships within data.,Lack of labeled data for comparison.,Labels them as noise/outliers,None of the above,Define the number of clusters,Silhouette coefficient,Use a scree plot to identify the elbow point,To show the relationship between the clusters,"The results of the algorithm will always be the same, regardless of the input data",All of the above,The homogeneity of the clusters in terms of class labels,More objects of a class in a cluster,A noise point,Poor performance on high-dimensional data,More centroids should be allocated to the denser region.,"Entropy can be used to measure the purity of a cluster, which is the proportion of data points in the cluster that belong to the same class.","Yes, SSE can be used to select the best cluster.",All the data points will be clustered together,All the data points will be considered outliers,The centroid will be the average of all points,All data points will be either core points or outliers (no border points).,Only the first cluster (C1) with the lowest density is sufficient.,This data point is x is assigned to the incorrect cluster.,This data point x is equidistant from two clusters.,K-means,Tends to divide big clusters into small ones,"The entropy of the two clusters is 0, the recall of each one is 0.5."
sg62FVLFX6BW,2023-12-05 21:39:53.833,27,Outliers can significantly influence the position of centroids.,An inappropriate choice can lead to poor clustering results.,The distance measure between clusters.,Discover patterns and relationships within data.,Lack of labeled data for comparison.,Labels them as noise/outliers,None of the above,Define the number of clusters,Silhouette coefficient,Use a scree plot to identify the elbow point,To show the relationship between the clusters,"The results of the algorithm will always be the same, regardless of the input data",All of the above,The homogeneity of the clusters in terms of class labels,More objects of a class in a cluster,A noise point,Poor performance on high-dimensional data,More centroids should be allocated to the denser region.,All of the above,"Yes, SSE can be used to select the best cluster.",All the data points will be clustered together,All the data points will be considered outliers,The centroid will be the average of all points,All data points will be either core points or outliers (no border points).,Only the first cluster (C1) with the lowest density is sufficient.,This data point x is equidistant from two clusters.,This data point is x is assigned to the incorrect cluster.,K-means,Tends to divide big clusters into small ones,"The entropy of the two clusters is 0, the recall of each one is 0.5."
zeQInY6w8eBY,2023-12-05 21:40:00.611,27,Outliers can significantly influence the position of centroids.,An inappropriate choice can lead to poor clustering results.,The distance measure between clusters.,Discover patterns and relationships within data.,Lack of labeled data for comparison.,Labels them as noise/outliers,None of the above,Define the number of clusters,Silhouette coefficient,Use a scree plot to identify the elbow point,To show the relationship between the clusters,"The results of the algorithm will always be the same, regardless of the input data",All of the above,The homogeneity of the clusters in terms of class labels,Larger fraction of a cluster is one class,A noise point,Poor performance on high-dimensional data,More centroids should be allocated to the less dense region.,"Entropy can be used to measure the purity of a cluster, which is the proportion of data points in the cluster that belong to the same class.","Yes, SSE can be used to select the best cluster.",All the data points will be clustered together,All the data points will be considered outliers,The centroid will be the average of all points,All data points will be either core points or outliers (no border points).,Only the first cluster (C1) with the lowest density is sufficient.,This data point x is equidistant from two clusters.,This data point is x is assigned to the incorrect cluster.,K-means,Tends to divide big clusters into small ones,"The entropy of the two clusters is 0, the recall of each one is 1."
5WCMaHHFn6WV,2023-12-05 21:40:39.158,26,Outliers can significantly influence the position of centroids.,An inappropriate choice can lead to poor clustering results.,The distance measure between clusters.,Discover patterns and relationships within data.,Lack of labeled data for comparison.,Labels them as noise/outliers,None of the above,Define the number of clusters,Silhouette coefficient,Use a scree plot to identify the elbow point,To show the relationship between the clusters,"The results of the algorithm will always be the same, regardless of the input data",To ensure that the clustering results are accurate and reliable,The homogeneity of the clusters in terms of class labels,Larger fraction of a cluster is one class,A noise point,Poor performance on high-dimensional data,More centroids should be allocated to the denser region.,"Entropy can be used to measure the purity of a cluster, which is the proportion of data points in the cluster that belong to the same class.","Yes, SSE can be used to select the best cluster.",All the data points will be clustered together,All the data points will be considered outliers,The centroid will be the average of all points,All data points will be either core points or outliers (no border points).,Only the third cluster (C3) with the highest density is sufficient.,This data point x is equidistant from two clusters.,This data point is x is assigned to the incorrect cluster.,K-means,Tends to divide big clusters into small ones,"The entropy of the two clusters is 0, the recall of each one is 1."
RjR3B2X554Pn,2023-12-05 21:41:03.395,26,Outliers can significantly influence the position of centroids.,An inappropriate choice can lead to poor clustering results.,The distance measure between clusters.,Discover patterns and relationships within data.,Lack of labeled data for comparison.,Labels them as noise/outliers,Cluster assignments,Define the number of clusters,Silhouette coefficient,Use a scree plot to identify the elbow point,To show the relationship between the clusters,"The results of the algorithm will be different, depending on the choice of linkage metho",All of the above,The homogeneity of the clusters in terms of class labels,More objects of a class in a cluster,Any of the above,Unable to detect clusters of varying density,More centroids should be allocated to the denser region.,"Entropy can be used to measure the purity of a cluster, which is the proportion of data points in the cluster that belong to the same class.","Yes, SSE can be used to select the best cluster.",All the data points will be clustered together,All the data points will be considered outliers,The centroid will be the average of all points,All data points will be either core points or outliers (no border points).,Only the first cluster (C1) with the lowest density is sufficient.,This data point x is equidistant from two clusters.,This data point is x is assigned to the incorrect cluster.,K-means,Tends to divide big clusters into small ones,"The entropy of the two clusters is 0, the recall of each one is 0.5."
aeQlX5jbZHXw,2023-12-05 21:41:11.566,26,Outliers can significantly influence the position of centroids.,An inappropriate choice can lead to poor clustering results.,The distance measure between clusters.,Discover patterns and relationships within data.,Lack of labeled data for comparison.,Labels them as noise/outliers,None of the above,Define the number of clusters,Silhouette coefficient,Use a scree plot to identify the elbow point,To show the relationship between the clusters,"The results of the algorithm will always be the same, regardless of the input data",All of the above,The homogeneity of the clusters in terms of class labels,More objects of a class in a cluster,A noise point,Poor performance on high-dimensional data,More centroids should be allocated to the denser region.,"Entropy can be used to measure the purity of a cluster, which is the proportion of data points in the cluster that belong to the same class.","Yes, SSE can be used to select the best cluster.",All the data points will be clustered together,All the data points will be considered outliers,The centroid will be the average of all points,All data points will be either core points or outliers (no border points).,Only the first cluster (C1) with the lowest density is sufficient.,This data point is x is assigned to the incorrect cluster.,This data point x is equidistant from two clusters.,K-means,Tends to divide big clusters into small ones,"The entropy of the two clusters is 0, the recall of each one is 0.5."
ROaS3EN46XLy,2023-12-05 21:41:16.748,25,Outliers can significantly influence the position of centroids.,An inappropriate choice can lead to poor clustering results.,The distance measure between clusters.,Discover patterns and relationships within data.,Lack of labeled data for comparison.,Labels them as noise/outliers,None of the above,Define the number of clusters,Silhouette coefficient,Use a scree plot to identify the elbow point,To show the relationship between the clusters,"The results of the algorithm will always be the same, regardless of the input data",All of the above,The homogeneity of the clusters in terms of class labels,More objects of a class in a cluster,A noise point,Poor performance on high-dimensional data,More centroids should be allocated to the denser region.,"Entropy can be used to measure the purity of a cluster, which is the proportion of data points in the cluster that belong to the same class.","Yes, SSE can be used to select the best cluster.",All the data points will be considered outliers,All the data points will be considered outliers,The centroid will be the average of all points,All data points will be either core points or outliers (no border points).,Only the first cluster (C1) with the lowest density is sufficient.,This data point is x is assigned to the incorrect cluster.,This data point x is equidistant from two clusters.,K-means,Tends to divide big clusters into small ones,"The entropy of the two clusters is 0, the recall of each one is 0.5."
lOuE9tkR89Pk,2023-12-05 21:41:16.915,24,Outliers can significantly influence the position of centroids.,An inappropriate choice can lead to poor clustering results.,The distance measure between clusters.,Discover patterns and relationships within data.,Lack of labeled data for comparison.,Labels them as noise/outliers,Cluster assignments,Define the number of clusters,F1-score,Use a scree plot to identify the elbow point,To identify the optimal number of clusters,"The results of the algorithm will be different, depending on the choice of linkage metho",All of the above,The fraction of correct assignments,More objects of a class in a cluster,A noise point,Poor performance on high-dimensional data,More centroids should be allocated to the denser region.,"Entropy can be used to measure the purity of a cluster, which is the proportion of data points in the cluster that belong to the same class.","Yes, SSE can be used to select the best cluster.",All the data points will be clustered together,All the data points will be considered outliers,The centroid will be the average of all points,All data points will be either core points or outliers (no border points).,Only the first cluster (C1) with the lowest density is sufficient.,This data point x is equidistant from two clusters.,This data point is x is assigned to the incorrect cluster.,K-means,Tends to divide big clusters into small ones,"The entropy of the two clusters is 0, the recall of each one is 1."
Kji96af6kzzA,2023-12-05 21:41:25.271,24,Outliers can significantly influence the position of centroids.,An inappropriate choice can lead to poor clustering results.,The distance measure between clusters.,Discover patterns and relationships within data.,Lack of labeled data for comparison.,Labels them as noise/outliers,Cluster assignments,Define the number of clusters,F1-score,Use a scree plot to identify the elbow point,To identify the optimal number of clusters,"The results of the algorithm will be different, depending on the choice of linkage metho",All of the above,The fraction of correct assignments,More objects of a class in a cluster,A noise point,Poor performance on high-dimensional data,More centroids should be allocated to the denser region.,"Entropy can be used to measure the purity of a cluster, which is the proportion of data points in the cluster that belong to the same class.","Yes, SSE can be used to select the best cluster.",All the data points will be clustered together,All the data points will be considered outliers,The centroid will be the average of all points,All data points will be either core points or outliers (no border points).,Only the first cluster (C1) with the lowest density is sufficient.,This data point x is equidistant from two clusters.,This data point is x is assigned to the incorrect cluster.,K-means,Tends to divide big clusters into small ones,"The entropy of the two clusters is 0, the recall of each one is 1."
QJyEL3O7YA2f,2023-12-05 21:41:40.950,26,Outliers can significantly influence the position of centroids.,An inappropriate choice can lead to poor clustering results.,The distance measure between clusters.,Discover patterns and relationships within data.,Lack of labeled data for comparison.,Labels them as noise/outliers,None of the above,Define the number of clusters,Silhouette coefficient,Use a scree plot to identify the elbow point,To show the relationship between the clusters,"The results of the algorithm will always be the same, regardless of the input data",All of the above,The homogeneity of the clusters in terms of class labels,Larger fraction of a cluster is one class,A noise point,Poor performance on high-dimensional data,More centroids should be allocated to the less dense region.,"Entropy can be used to measure the purity of a cluster, which is the proportion of data points in the cluster that belong to the same class.","Yes, SSE can be used to select the best cluster.",None of the above,All the data points will be considered outliers,The centroid will be the average of all points,All data points will be either core points or outliers (no border points).,Only the first cluster (C1) with the lowest density is sufficient.,This data point x is equidistant from two clusters.,This data point is x is assigned to the incorrect cluster.,K-means,Tends to divide big clusters into small ones,"The entropy of the two clusters is 0, the recall of each one is 1."
GiNOB0aoa84q,2023-12-05 21:44:06.630,25,Outliers can significantly influence the position of centroids.,An inappropriate choice can lead to poor clustering results.,The distance measure between clusters.,Predict target labels for new data points.,Lack of labeled data for comparison.,Labels them as noise/outliers,None of the above,Define the number of clusters,Silhouette coefficient,Use a scree plot to identify the elbow point,To show the relationship between the clusters,"The results of the algorithm will always be the same, regardless of the input data",All of the above,The homogeneity of the clusters in terms of class labels,More objects of a class in a cluster,A noise point,Poor performance on high-dimensional data,More centroids should be allocated to the denser region.,"Entropy can be used to measure the purity of a cluster, which is the proportion of data points in the cluster that belong to the same class.","Yes, SSE can be used to select the best cluster.",All the data points will be clustered together,All the data points will be considered outliers,The centroid will be the average of all points,All data points will be either core points or outliers (no border points).,Only the third cluster (C3) with the highest density is sufficient.,This data point x is equidistant from two clusters.,This data point is x is assigned to the incorrect cluster.,K-means,Sensitive to outliers,"The entropy of the two clusters is 0, the recall of each one is 0.5."
PgdsGKsedBAl,2023-12-05 21:45:53.851,26,Outliers can significantly influence the position of centroids.,An inappropriate choice can lead to poor clustering results.,The distance measure between clusters.,Discover patterns and relationships within data.,Lack of labeled data for comparison.,Labels them as noise/outliers,Cluster assignments,Define the number of clusters,Silhouette coefficient,Use a scree plot to identify the elbow point,To show the relationship between the clusters,"The results of the algorithm will always be the same, regardless of the input data",All of the above,The homogeneity of the clusters in terms of class labels,More objects of a class in a cluster,A noise point,Unable to detect clusters of varying density,More centroids should be allocated to the less dense region.,"Entropy can be used to measure the purity of a cluster, which is the proportion of data points in the cluster that belong to the same class.","Yes, SSE can be used to select the best cluster.",All the data points will be clustered together,All the data points will be considered outliers,The centroid will be the average of all points,All data points will be either core points or outliers (no border points).,Only the first cluster (C1) with the lowest density is sufficient.,This data point x is equidistant from two clusters.,This data point is x is assigned to the incorrect cluster.,K-means,Tends to divide big clusters into small ones,"The entropy of the two clusters is 0, the recall of each one is 1."
AwYMPKmPfMTD,2023-12-05 21:46:53.447,24,Outliers can significantly influence the position of centroids.,An inappropriate choice can lead to poor clustering results.,The distance measure between clusters.,Discover patterns and relationships within data.,Lack of labeled data for comparison.,Labels them as noise/outliers,Cluster assignments,Define the number of clusters,Silhouette coefficient,Use a scree plot to identify the elbow point,To identify the optimal number of clusters,"The results of the algorithm will be different, depending on the choice of linkage metho",All of the above,The homogeneity of the clusters in terms of class labels,More distinct clusters,A noise point,Poor performance on high-dimensional data,Centroids should be equally distributed between more dense and less,"Entropy can be used to measure the purity of a cluster, which is the proportion of data points in the cluster that belong to the same class.","Yes, SSE can be used to select the best cluster.",All the data points will be considered outliers,All the data points will be considered outliers,The centroid will be the average of all points,All data points will be either core points or outliers (no border points).,Only the first cluster (C1) with the lowest density is sufficient.,This data point x is equidistant from two clusters.,This data point is x is assigned to the incorrect cluster.,K-means,Tends to divide big clusters into small ones,"The entropy of the two clusters is 0, the recall of each one is 1."
jxlFWYs7WyTt,2023-12-05 21:47:01.319,25,Outliers can significantly influence the position of centroids.,An inappropriate choice can lead to poor clustering results.,The distance measure between clusters.,Discover patterns and relationships within data.,Lack of labeled data for comparison.,Labels them as noise/outliers,Cluster assignments,Define the number of clusters,Silhouette coefficient,Use a scree plot to identify the elbow point,To identify the optimal number of clusters,"The results of the algorithm will be different, depending on the choice of linkage metho",All of the above,The homogeneity of the clusters in terms of class labels,More distinct clusters,A noise point,Poor performance on high-dimensional data,Centroids should be equally distributed between more dense and less,"Entropy can be used to measure the purity of a cluster, which is the proportion of data points in the cluster that belong to the same class.","Yes, SSE can be used to select the best cluster.",All the data points will be clustered together,All the data points will be considered outliers,The centroid will be the average of all points,All data points will be either core points or outliers (no border points).,Only the first cluster (C1) with the lowest density is sufficient.,This data point x is equidistant from two clusters.,This data point is x is assigned to the incorrect cluster.,K-means,Tends to divide big clusters into small ones,"The entropy of the two clusters is 0, the recall of each one is 1."
wlfxRfJtBw5L,2023-12-05 21:47:36.279,24,Outliers can significantly influence the position of centroids.,An inappropriate choice can lead to poor clustering results.,The order in which clusters are merged.,Discover patterns and relationships within data.,Lack of labeled data for comparison.,Labels them as noise/outliers,Cluster assignments,Define the number of clusters,Silhouette coefficient,Use a scree plot to identify the elbow point,To show the relationship between the clusters,"The results of the algorithm will be different, depending on the initialization of the clusters.",All of the above,The homogeneity of the clusters in terms of class labels,Larger fraction of a cluster is one class,Another border point,Poor performance on high-dimensional data,More centroids should be allocated to the denser region.,All of the above,"Yes, SSE can be used to select the best cluster.",All the data points will be clustered together,All the data points will be considered outliers,The centroid will be the average of all points,All data points will be either core points or outliers (no border points).,None of the above.,This data point x is equidistant from two clusters.,This data point is x is assigned to the incorrect cluster.,K-means,Tends to divide big clusters into small ones,"The entropy of the two clusters is 0, the recall of each one is 1."
jMkOnTydcqm6,2023-12-05 21:47:37.783,25,Outliers can significantly influence the position of centroids.,An inappropriate choice can lead to poor clustering results.,The order in which clusters are merged.,Discover patterns and relationships within data.,Lack of labeled data for comparison.,Labels them as noise/outliers,Cluster assignments,Define the number of clusters,Silhouette coefficient,Use a scree plot to identify the elbow point,To show the relationship between the clusters,"The results of the algorithm will always be the same, regardless of the input data",All of the above,The homogeneity of the clusters in terms of class labels,Larger fraction of a cluster is one class,Another border point,Poor performance on high-dimensional data,More centroids should be allocated to the denser region.,All of the above,"Yes, SSE can be used to select the best cluster.",All the data points will be clustered together,All the data points will be considered outliers,The centroid will be the average of all points,All data points will be either core points or outliers (no border points).,None of the above.,This data point x is equidistant from two clusters.,This data point is x is assigned to the incorrect cluster.,K-means,Tends to divide big clusters into small ones,"The entropy of the two clusters is 0, the recall of each one is 1."
BSLGp0wdoAqj,2023-12-05 21:47:57.306,22,Outliers can significantly influence the position of centroids.,An inappropriate choice can lead to poor clustering results.,The order in which clusters are merged.,Discover patterns and relationships within data.,Lack of labeled data for comparison.,Labels them as noise/outliers,Cluster assignments,Define the number of clusters,Silhouette coefficient,Use a scree plot to identify the elbow point,To show the relationship between the clusters,"The results of the algorithm will be different, depending on the initialization of the clusters.",All of the above,The homogeneity of the clusters in terms of class labels,Larger fraction of a cluster is one class,Another border point,Poor performance on high-dimensional data,More centroids should be allocated to the denser region.,All of the above,"Yes, SSE can be used to select the best cluster.",All the data points will be considered outliers,All the data points will be clustered together,The centroid will be the average of all points,All data points will be either core points or outliers (no border points).,None of the above.,This data point x is equidistant from two clusters.,This data point is x is assigned to the incorrect cluster.,K-means,Tends to divide big clusters into small ones,"The entropy of the two clusters is 0, the recall of each one is 1."
a9ej6jzpNOPn,2023-12-05 21:49:18.258,26,Outliers can significantly influence the position of centroids.,An inappropriate choice can lead to poor clustering results.,The distance measure between clusters.,Discover patterns and relationships within data.,Lack of labeled data for comparison.,Labels them as noise/outliers,Cluster assignments,Define the number of clusters,Silhouette coefficient,Use a scree plot to identify the elbow point,To show the relationship between the clusters,"The results of the algorithm will always be the same, regardless of the input data",All of the above,The homogeneity of the clusters in terms of class labels,More objects of a class in a cluster,A noise point,Unable to detect clusters of varying density,More centroids should be allocated to the denser region.,"Entropy can be used to measure the purity of a cluster, which is the proportion of data points in the cluster that belong to the same class.","Yes, SSE can be used to select the best cluster.",None of the above,All the data points will be considered outliers,The centroid will be the average of all points,All data points will be either core points or outliers (no border points).,Only the first cluster (C1) with the lowest density is sufficient.,This data point x is equidistant from two clusters.,This data point is x is assigned to the incorrect cluster.,K-means,Tends to divide big clusters into small ones,"The entropy of the two clusters is 0, the recall of each one is 1."
eH9XZKUjDCDF,2023-12-05 21:51:37.479,27,Outliers can significantly influence the position of centroids.,An inappropriate choice can lead to poor clustering results.,The distance measure between clusters.,Discover patterns and relationships within data.,Lack of labeled data for comparison.,Labels them as noise/outliers,Cluster assignments,Define the number of clusters,Silhouette coefficient,Use a scree plot to identify the elbow point,To show the relationship between the clusters,"The results of the algorithm will always be the same, regardless of the input data",To ensure that the clustering results are accurate and reliable,The homogeneity of the clusters in terms of class labels,More distinct clusters,A noise point,Poor performance on high-dimensional data,More centroids should be allocated to the denser region.,"Entropy can be used to measure the purity of a cluster, which is the proportion of data points in the cluster that belong to the same class.","Yes, SSE can be used to select the best cluster.",All the data points will be clustered together,All the data points will be considered outliers,The centroid will be the average of all points,All data points will be either core points or outliers (no border points).,Only the first cluster (C1) with the lowest density is sufficient.,This data point x is equidistant from two clusters.,This data point is x is assigned to the incorrect cluster.,K-means,Tends to divide big clusters into small ones,"The entropy of the two clusters is 1, the recall of each one is 0.5."
RZdtks4i4HNy,2023-12-05 21:51:37.891,19,Outliers can significantly influence the position of centroids.,It has no impact on the performance.,The distance measure between clusters.,Discover patterns and relationships within data.,Lack of labeled data for comparison.,Labels them as noise/outliers,Cluster assignments,Set the convergence threshold,F1-score,Use a scree plot to identify the elbow point,To determine the direction of the clusters,"The results of the algorithm will be different, depending on the choice of linkage metho",To ensure that the clustering results are accurate and reliable,The homogeneity of the clusters in terms of class labels,More objects of a class in a cluster,A noise point,Poor performance on high-dimensional data,More centroids should be allocated to the denser region.,"Entropy can be used to measure the purity of a cluster, which is the proportion of data points in the cluster that belong to the same class.","Yes, SSE can be used to select the best cluster.",All the data points will be clustered together,All the data points will be considered outliers,The centroid will be the average of all points,All data points will be border points.,None of the above.,This data point x is equidistant from two clusters.,None of the above,K-means,Tends to divide big clusters into small ones,"The entropy of the two clusters is 0, the recall of each one is 1."
cn7NB6JfQDTq,2023-12-05 21:52:44.899,24,Outliers can significantly influence the position of centroids.,An inappropriate choice can lead to poor clustering results.,The distance measure between clusters.,Discover patterns and relationships within data.,Lack of labeled data for comparison.,Labels them as noise/outliers,Cluster centroids,Define the number of clusters,Silhouette coefficient,Use a scree plot to identify the elbow point,To show the relationship between the clusters,"The results of the algorithm will always be the same, regardless of the input data",All of the above,The homogeneity of the clusters in terms of class labels,Larger fraction of a cluster is one class,A noise point,Unable to detect clusters of varying density,More centroids should be allocated to the denser region.,"Entropy can be used to measure the purity of a cluster, which is the proportion of data points in the cluster that belong to the same class.","Yes, SSE can be used to select the best cluster.",All the data points will be clustered together,All the data points will be considered outliers,The centroid will be the average of all points,All data points will be either core points or outliers (no border points).,None of the above.,This data point x is equidistant from two clusters.,This data point x is equidistant from two clusters.,K-means,Sensitive to outliers,"The entropy of the two clusters is 0, the recall of each one is 1."
tE1MOwmVibN4,2023-12-05 21:53:51.120,24,Outliers can significantly influence the position of centroids.,An inappropriate choice can lead to poor clustering results.,The distance measure between clusters.,Discover patterns and relationships within data.,Lack of labeled data for comparison.,Labels them as noise/outliers,Cluster assignments,Define the number of clusters,Silhouette coefficient,Use a scree plot to identify the elbow point,To show the relationship between the clusters,"The results of the algorithm will be different, depending on the choice of linkage metho",All of the above,The homogeneity of the clusters in terms of class labels,More objects of a class in a cluster,A noise point,Unable to detect clusters of varying density,More centroids should be allocated to the denser region.,All of the above,"Yes, SSE can be used to select the best cluster.",All the data points will be considered outliers,All the data points will be considered outliers,The centroid will be the average of all points,All data points will be either core points or outliers (no border points).,Only the first cluster (C1) with the lowest density is sufficient.,This data point x is equidistant from two clusters.,This data point is x is assigned to the incorrect cluster.,K-means,Sensitive to outliers,"The entropy of the two clusters is 0, the recall of each one is 0.5."
CyGywfdJf5VZ,2023-12-05 21:54:34.295,27,Outliers can significantly influence the position of centroids.,An inappropriate choice can lead to poor clustering results.,The distance measure between clusters.,Discover patterns and relationships within data.,Lack of labeled data for comparison.,Labels them as noise/outliers,Cluster assignments,Define the number of clusters,Silhouette coefficient,Use a scree plot to identify the elbow point,To show the relationship between the clusters,"The results of the algorithm will be different, depending on the choice of linkage metho",All of the above,The homogeneity of the clusters in terms of class labels,Larger fraction of a cluster is one class,A noise point,Unable to detect clusters of varying density,More centroids should be allocated to the denser region.,All of the above,"Yes, SSE can be used to select the best cluster.",All the data points will be clustered together,All the data points will be considered outliers,The centroid will be the average of all points,All data points will be either core points or outliers (no border points).,Only the first cluster (C1) with the lowest density is sufficient.,This data point x is equidistant from two clusters.,This data point is x is assigned to the incorrect cluster.,K-means,Tends to divide big clusters into small ones,"The entropy of the two clusters is 0, the recall of each one is 0.5."
nWRIo9XQJBPf,2023-12-05 21:54:59.164,24,Outliers can significantly influence the position of centroids.,An inappropriate choice can lead to poor clustering results.,The distance measure between clusters.,Discover patterns and relationships within data.,Lack of labeled data for comparison.,Labels them as noise/outliers,Cluster assignments,Define the number of clusters,Silhouette coefficient,Use a scree plot to identify the elbow point,To determine the direction of the clusters,"The results of the algorithm will be different, depending on the choice of linkage metho",All of the above,The homogeneity of the clusters in terms of class labels,Larger fraction of a cluster is one class,Any of the above,Unable to detect clusters of varying density,More centroids should be allocated to the less dense region.,"Entropy can be used to measure the purity of a cluster, which is the proportion of data points in the cluster that belong to the same class.","Yes, SSE can be used to select the best cluster.",All the data points will be clustered together,All the data points will be considered outliers,The centroid will be the average of all points,All data points will be either core points or outliers (no border points).,Only the first cluster (C1) with the lowest density is sufficient.,This data point x is equidistant from two clusters.,This data point is x is assigned to the incorrect cluster.,K-means,Tends to divide big clusters into small ones,"The entropy of the two clusters is 0, the recall of each one is 1."
BOOMKrcykzvF,2023-12-05 21:55:00.487,21,Outliers can significantly influence the position of centroids.,An inappropriate choice can lead to poor clustering results.,The distance measure between clusters.,Discover patterns and relationships within data.,Lack of labeled data for comparison.,Labels them as noise/outliers,Cluster assignments,Define the number of clusters,Silhouette coefficient,Use a dendrogram to visualize the hierarchical structure of the data,To show the relationship between the clusters,"The results of the algorithm will be different, depending on the choice of linkage metho",All of the above,The homogeneity of the clusters in terms of class labels,More objects of a class in a cluster,A noise point,Poor performance on high-dimensional data,More centroids should be allocated to the denser region.,All of the above,"Yes, SSE can be used to select the best cluster.",All the data points will be clustered together,All the data points will be clustered together,The centroid will be the average of all points,All data points will be either core points or outliers (no border points).,Only the first cluster (C1) with the lowest density is sufficient.,This data point x is equidistant from two clusters.,This data point x is a centroid of one cluster.,Hierarchical clustering,Sensitive to outliers,"The entropy of the two clusters is 0, the recall of each one is 1."
tmTN8RB25aRn,2023-12-05 21:58:03.544,27,Outliers can significantly influence the position of centroids.,An inappropriate choice can lead to poor clustering results.,The distance measure between clusters.,Discover patterns and relationships within data.,Lack of labeled data for comparison.,Labels them as noise/outliers,None of the above,Define the number of clusters,Silhouette coefficient,Use a scree plot to identify the elbow point,To show the relationship between the clusters,"The results of the algorithm will always be the same, regardless of the input data",All of the above,The homogeneity of the clusters in terms of class labels,Larger fraction of a cluster is one class,A noise point,Poor performance on high-dimensional data,More centroids should be allocated to the less dense region.,"Entropy can be used to measure the purity of a cluster, which is the proportion of data points in the cluster that belong to the same class.","Yes, SSE can be used to select the best cluster.",All the data points will be clustered together,All the data points will be considered outliers,The centroid will be the average of all points,All data points will be either core points or outliers (no border points).,Only the first cluster (C1) with the lowest density is sufficient.,This data point x is equidistant from two clusters.,This data point is x is assigned to the incorrect cluster.,K-means,Tends to divide big clusters into small ones,"The entropy of the two clusters is 0, the recall of each one is 1."
kfwxRJXSzs3o,2023-12-05 21:59:21.761,24,Outliers can significantly influence the position of centroids.,An inappropriate choice can lead to poor clustering results.,The distance measure between clusters.,Discover patterns and relationships within data.,Lack of labeled data for comparison.,Labels them as noise/outliers,Cluster assignments,Define the number of clusters,Silhouette coefficient,Use a scree plot to identify the elbow point,To show the relationship between the clusters,"The results of the algorithm will be different, depending on the choice of linkage metho",All of the above,The homogeneity of the clusters in terms of class labels,Larger fraction of a cluster is one class,Any of the above,Poor performance on high-dimensional data,More centroids should be allocated to the denser region.,All of the above,"Yes, SSE can be used to select the best cluster.",All the data points will be clustered together,All the data points will be border points,The centroid will be the average of all points,All data points will be either core points or outliers (no border points).,Only the third cluster (C3) with the highest density is sufficient.,This data point x is equidistant from two clusters.,This data point is x is assigned to the incorrect cluster.,K-means,Tends to divide big clusters into small ones,"The entropy of the two clusters is 0, the recall of each one is 1."
BJE8NOUNFGYz,2023-12-05 21:59:23.189,22,Outliers can significantly influence the position of centroids.,An inappropriate choice can lead to poor clustering results.,The distance measure between clusters.,Discover patterns and relationships within data.,Lack of labeled data for comparison.,Labels them as noise/outliers,None of the above,Define the number of clusters,Silhouette coefficient,Use a scree plot to identify the elbow point,To identify the optimal number of clusters,"The results of the algorithm will always be the same, regardless of the input data",All of the above,The homogeneity of the clusters in terms of class labels,More objects of a class in a cluster,A noise point,Poor performance on high-dimensional data,Centroids should be equally distributed between more dense and less,"Entropy can be used to measure the purity of a cluster, which is the proportion of data points in the cluster that belong to the same class.","Yes, SSE can be used to select the best cluster.",All the data points will be considered outliers,All the data points will be clustered together,The centroid will be the average of all points,All data points will be either core points or outliers (no border points).,None of the above.,This data point x is equidistant from two clusters.,This data point is x is assigned to the incorrect cluster.,K-means,Tends to divide big clusters into small ones,"The entropy of the two clusters is 0, the recall of each one is 1."
GiEhMndZmOa5,2023-12-06 13:27:43.849,27,Outliers can significantly influence the position of centroids.,An inappropriate choice can lead to poor clustering results.,The distance measure between clusters.,Discover patterns and relationships within data.,Lack of labeled data for comparison.,Labels them as noise/outliers,Cluster assignments,Define the number of clusters,Silhouette coefficient,Use a scree plot to identify the elbow point,To show the relationship between the clusters,"The results of the algorithm will be different, depending on the choice of linkage metho",All of the above,The homogeneity of the clusters in terms of class labels,Larger fraction of a cluster is one class,A noise point,Poor performance on high-dimensional data,More centroids should be allocated to the less dense region.,"Entropy can be used to measure the purity of a cluster, which is the proportion of data points in the cluster that belong to the same class.","Yes, SSE can be used to select the best cluster.",All the data points will be clustered together,All the data points will be considered outliers,The centroid will be the average of all points,All data points will be either core points or outliers (no border points).,Only the first cluster (C1) with the lowest density is sufficient.,This data point x is equidistant from two clusters.,This data point is x is assigned to the incorrect cluster.,K-means,Tends to divide big clusters into small ones,"The entropy of the two clusters is 0, the recall of each one is 1."
