identifier,Horodateur,Score,What is the primary goal of dimensionality reduction techniques in data mining?,Feature selection aims to:,Which of the following is an example of a feature extraction technique?,"In PCA, what is the primary goal of orthogonal transformation?",How are principal components in PCA ordered in terms of importance?,Which of the following is an advantage of PCA?,Feature extraction differs from feature selection in that it:,"In PCA, what is the role of eigenvalues and eigenvectors in the dimensionality reduction process?","In PCA, what are the principal components?",Which principal component explains the most variance in the data?,"In PCA, how is the number of retained principal components is determined?",What is the relationship between the first principal component (PC1) and the second principal component (PC2)?,"When performing PCA, what is the role of the covariance matrix of the original features?",What is the main drawback of using PCA for dimensionality reduction?,"When we apply the SVD decomposition directly on the centered data matrix X, we obtain:","When a scaled data is uniformly distributed within a sphere centered at the origin, the eigenvalues of the PCs are:","The information gain of a categorical variable with itself IG(x,x) is equal to:",The maximum value of entropy for a categorical variable with n categories is:,How many trained models are required to select the initial attribute in forward selection when there are 100 original attributes?,What feature selection technique is capable of identifying intricate relationships and interactions among features when employed as predictors?,What feature selection method would be most suitable for a high-dimensional dataset with millions of features?,"Consider a dataset that can be fully expressed in m dimensions. This dataset is rotated and expressed in a higher n-dimensional space, where n > m. In the PCA decomposition of this rotated dataset, how many eigenvalues will be zero",What is the primary purpose of Feature Subset Selection in data mining?,Which of the following statements is true regarding the information gain of a feature? ,"In the context of feature selection, what does ""impurity"" represent when evaluating candidate features? ","In the process of feature selection, what is the role of the ""Objective Function"" and ""Search Strategy""?","In genetic algorithms for feature selection, what role does the ""crossover operator"" play in the process? ",What are the primary advantages of unsupervised feature selection methods when compared to other feature selection methods?,"When comparing feature selection methods, what is a shared disadvantage of both filter and unsupervised methods? ",What is a distinguishing characteristic of filter methods in feature selection when compared to  wrapper methods?
9eci54foOGc9,2023-11-07 20:07:20.037,28,"To improve model performance., To reduce model complexity.","Enhance the interpretability of the model, Reduce the number of irrelevant or redundant features",Principal Component Analysis (PCA).,To reduce the number of features.,By their magnitude of eigenvalues.,It can be applied to high-dimensional data efficiently.,Create new features to the dataset.,Used to identify the principal components.,Linear combinations of the original features.,The first principal component.,"By choosing a fixed number., Based on cumulative explained variance.",PC1 and PC2 are always orthogonal to each other.,"It's used to calculate the eigenvalues., It's used to calculate the principal components.",It may not preserve the interpretability of the original features.,"The same eigenvectors, but different eigenvalues of the covariance matrix.",Equal for all principal components (All Equal).,0,log2(n),100.0,Wrapper methods.,Filter method.,n - m eigenvalues will be zero.,To evaluate a large number of features and select a few for the final implementation.,Information gain measures how much a feature reduces uncertainty about the target variable when added to the model.,The level of unpredictability or disorder in the data when using a feature.,"The search strategy is responsible for guiding the search process efficiently, while the objective function evaluates the quality of candidate feature subsets.",Combines information from two parent feature subsets to create new feature subsets.,Unsupervised methods do not require labels for feature selection.,They may miss complex relationships and interactions between features.,Filter methods evaluate features independently using statistical measures.
dF0r7wVjsLSV,2023-11-07 20:30:24.923,28,"To reduce model complexity., To improve model performance.","Reduce the number of irrelevant or redundant features, Enhance the interpretability of the model",Principal Component Analysis (PCA).,To reduce the number of features.,By their magnitude of eigenvalues.,It can be applied to high-dimensional data efficiently.,Create new features to the dataset.,Used to identify the principal components.,Linear combinations of the original features.,The first principal component.,Based on cumulative explained variance.,PC1 and PC2 are always orthogonal to each other.,"It's used to calculate the eigenvalues., It's used to calculate the principal components.","It may not preserve the interpretability of the original features., It can lead to overfitting.","The same eigenvectors, but different eigenvalues of the covariance matrix.",Equal for all principal components (All Equal).,0,log2(n),100.0,Wrapper methods.,Filter method.,n - m eigenvalues will be zero.,To evaluate a large number of features and select a few for the final implementation.,Information gain measures how much a feature reduces uncertainty about the target variable when added to the model.,The level of unpredictability or disorder in the data when using a feature.,"The search strategy is responsible for guiding the search process efficiently, while the objective function evaluates the quality of candidate feature subsets.",Combines information from two parent feature subsets to create new feature subsets.,Unsupervised methods do not require labels for feature selection.,They may miss complex relationships and interactions between features.,Filter methods evaluate features independently using statistical measures.
BhvtwuIg7wvF,2023-11-07 17:20:09.755,27,"To reduce model complexity., To improve model performance.","Enhance the interpretability of the model, Reduce the number of irrelevant or redundant features",Principal Component Analysis (PCA).,To reduce the number of features.,By their magnitude of eigenvalues.,It can be applied to high-dimensional data efficiently.,Create new features to the dataset.,Determine the direction of the principal components.,Linear combinations of the original features.,The first principal component.,Based on cumulative explained variance.,PC1 and PC2 are always orthogonal to each other.,"It's used to calculate the principal components., It's used to calculate the eigenvalues.",It may not preserve the interpretability of the original features.,The same eigenvectors and eigenvalues of the covariance matrix.,Equal for all principal components (All Equal).,0,log2(n),100.0,Wrapper methods.,Filter method.,n - m eigenvalues will be zero.,To evaluate a large number of features and select a few for the final implementation.,Information gain measures how much a feature reduces uncertainty about the target variable when added to the model.,The level of unpredictability or disorder in the data when using a feature.,"The search strategy is responsible for guiding the search process efficiently, while the objective function evaluates the quality of candidate feature subsets.",Combines information from two parent feature subsets to create new feature subsets.,Unsupervised methods do not require labels for feature selection.,They may miss complex relationships and interactions between features.,Filter methods evaluate features independently using statistical measures.
ynjK3wP1cV18,2023-11-07 18:14:55.830,27,"To improve model performance., To reduce model complexity.","Reduce the number of irrelevant or redundant features, Enhance the interpretability of the model",Principal Component Analysis (PCA).,To reduce the number of features.,By their magnitude of eigenvalues.,It can be applied to high-dimensional data efficiently.,Create new features to the dataset.,"Used to identify the principal components., Determine the direction of the principal components.",Linear combinations of the original features.,The first principal component.,Based on cumulative explained variance.,PC1 and PC2 are always orthogonal to each other.,"It's used to calculate the eigenvalues., It's used to calculate the principal components.",It may not preserve the interpretability of the original features.,"The same eigenvectors, but different eigenvalues of the covariance matrix.",Equal for all principal components (All Equal).,0,log2(n),100.0,Wrapper methods.,"Filter method., Backward elimination.",n - m eigenvalues will be zero.,To evaluate a large number of features and select a few for the final implementation.,Information gain measures how much a feature reduces uncertainty about the target variable when added to the model.,The level of unpredictability or disorder in the data when using a feature.,"The search strategy is responsible for guiding the search process efficiently, while the objective function evaluates the quality of candidate feature subsets.",Combines information from two parent feature subsets to create new feature subsets.,Unsupervised methods do not require labels for feature selection.,They may miss complex relationships and interactions between features.,Filter methods evaluate features independently using statistical measures.
No1fcFHRlYfg,2023-11-07 18:15:10.146,27,"To reduce model complexity., To improve model performance.","Enhance the interpretability of the model, Reduce the number of irrelevant or redundant features",Principal Component Analysis (PCA).,To reduce the number of features.,By their magnitude of eigenvalues.,It can be applied to high-dimensional data efficiently.,Create new features to the dataset.,"Determine the direction of the principal components., Used to identify the principal components.",Linear combinations of the original features.,The first principal component.,Based on cumulative explained variance.,PC1 and PC2 are always orthogonal to each other.,"It's used to calculate the eigenvalues., It's used to calculate the principal components.",It may not preserve the interpretability of the original features.,"The same eigenvectors, but different eigenvalues of the covariance matrix.",Equal for all principal components (All Equal).,0,log2(n),100.0,Wrapper methods.,"Filter method., Backward elimination.",n - m eigenvalues will be zero.,To evaluate a large number of features and select a few for the final implementation.,Information gain measures how much a feature reduces uncertainty about the target variable when added to the model.,The level of unpredictability or disorder in the data when using a feature.,"The search strategy is responsible for guiding the search process efficiently, while the objective function evaluates the quality of candidate feature subsets.",Combines information from two parent feature subsets to create new feature subsets.,Unsupervised methods do not require labels for feature selection.,They may miss complex relationships and interactions between features.,Filter methods evaluate features independently using statistical measures.
Q7dfzHYyXvOT,2023-11-07 18:15:14.479,27,"To reduce model complexity., To improve model performance.","Enhance the interpretability of the model, Reduce the number of irrelevant or redundant features",Principal Component Analysis (PCA).,To reduce the number of features.,By their magnitude of eigenvalues.,It can be applied to high-dimensional data efficiently.,Create new features to the dataset.,"Used to identify the principal components., Determine the direction of the principal components.",Linear combinations of the original features.,The first principal component.,Based on cumulative explained variance.,PC1 and PC2 are always orthogonal to each other.,"It's used to calculate the principal components., It's used to calculate the eigenvalues.",It may not preserve the interpretability of the original features.,"The same eigenvectors, but different eigenvalues of the covariance matrix.",Equal for all principal components (All Equal).,0,log2(n),100.0,Wrapper methods.,"Filter method., Backward elimination.",n - m eigenvalues will be zero.,To evaluate a large number of features and select a few for the final implementation.,Information gain measures how much a feature reduces uncertainty about the target variable when added to the model.,The level of unpredictability or disorder in the data when using a feature.,"The search strategy is responsible for guiding the search process efficiently, while the objective function evaluates the quality of candidate feature subsets.",Combines information from two parent feature subsets to create new feature subsets.,Unsupervised methods do not require labels for feature selection.,They may miss complex relationships and interactions between features.,Filter methods evaluate features independently using statistical measures.
VqXqgB6ructd,2023-11-07 20:26:51.590,27,"To reduce model complexity., To improve model performance.","Enhance the interpretability of the model, Reduce the number of irrelevant or redundant features",Principal Component Analysis (PCA).,To reduce the number of features.,By their magnitude of eigenvalues.,It can be applied to high-dimensional data efficiently.,Create new features to the dataset.,Used to identify the principal components.,Linear combinations of the original features.,The first principal component.,"By choosing a fixed number., Based on cumulative explained variance.",PC1 and PC2 are always orthogonal to each other.,"It's used to calculate the principal components., It's used to calculate the eigenvalues.","It can be sensitive to outliers in the data., It may not preserve the interpretability of the original features.","The same eigenvectors, but different eigenvalues of the covariance matrix.",Equal for all principal components (All Equal).,1,log2(n),100.0,Wrapper methods.,Filter method.,n - m eigenvalues will be zero.,To evaluate a large number of features and select a few for the final implementation.,Information gain measures how much a feature reduces uncertainty about the target variable when added to the model.,The level of unpredictability or disorder in the data when using a feature.,"The search strategy is responsible for guiding the search process efficiently, while the objective function evaluates the quality of candidate feature subsets.",Combines information from two parent feature subsets to create new feature subsets.,Unsupervised methods do not require labels for feature selection.,They may miss complex relationships and interactions between features.,Filter methods evaluate features independently using statistical measures.
vqNkppoZuHFA,2023-11-07 21:08:26.896,27,"To reduce model complexity., To improve model performance.","Reduce the number of irrelevant or redundant features, Enhance the interpretability of the model",Principal Component Analysis (PCA).,To reduce the number of features.,By their magnitude of eigenvalues.,It can be applied to high-dimensional data efficiently.,Create new features to the dataset.,Used to identify the principal components.,Linear combinations of the original features.,The first principal component.,"By choosing a fixed number., Based on cumulative explained variance.",PC1 and PC2 are always orthogonal to each other.,"It's used to calculate the principal components., It's used to calculate the eigenvalues.","It can be sensitive to outliers in the data., It may not preserve the interpretability of the original features.","The same eigenvectors, but different eigenvalues of the covariance matrix.",Equal for all principal components (All Equal).,1,log2(n),100.0,Wrapper methods.,Filter method.,n - m eigenvalues will be zero.,To evaluate a large number of features and select a few for the final implementation.,Information gain measures how much a feature reduces uncertainty about the target variable when added to the model.,The level of unpredictability or disorder in the data when using a feature.,"The search strategy is responsible for guiding the search process efficiently, while the objective function evaluates the quality of candidate feature subsets.",Combines information from two parent feature subsets to create new feature subsets.,Unsupervised methods do not require labels for feature selection.,They may miss complex relationships and interactions between features.,Filter methods evaluate features independently using statistical measures.
hpYESXQ1czwb,2023-11-07 21:36:27.885,27,"To reduce model complexity., To improve model performance.","Enhance the interpretability of the model, Reduce the number of irrelevant or redundant features",Principal Component Analysis (PCA).,To reduce the number of features.,By their magnitude of eigenvalues.,It can be applied to high-dimensional data efficiently.,Create new features to the dataset.,Used to identify the principal components.,Linear combinations of the original features.,The first principal component.,"By choosing a fixed number., Based on cumulative explained variance.",PC1 and PC2 are always orthogonal to each other.,"It's used to calculate the eigenvalues., It's used to calculate the principal components.","It may not preserve the interpretability of the original features., It can be sensitive to outliers in the data.","The same eigenvectors, but different eigenvalues of the covariance matrix.",Equal for all principal components (All Equal).,1,log2(n),100.0,Wrapper methods.,Filter method.,n - m eigenvalues will be zero.,To evaluate a large number of features and select a few for the final implementation.,Information gain measures how much a feature reduces uncertainty about the target variable when added to the model.,The level of unpredictability or disorder in the data when using a feature.,"The search strategy is responsible for guiding the search process efficiently, while the objective function evaluates the quality of candidate feature subsets.",Combines information from two parent feature subsets to create new feature subsets.,Unsupervised methods do not require labels for feature selection.,They may miss complex relationships and interactions between features.,Filter methods evaluate features independently using statistical measures.
pJCSXvZHMyH1,2023-11-07 21:40:24.939,27,"To improve model performance., To reduce model complexity.","Enhance the interpretability of the model, Reduce the number of irrelevant or redundant features",Principal Component Analysis (PCA).,To reduce the number of features.,By their magnitude of eigenvalues.,It can be applied to high-dimensional data efficiently.,Create new features to the dataset.,Used to identify the principal components.,Linear combinations of the original features.,The first principal component.,"By choosing a fixed number., Based on cumulative explained variance.",PC1 and PC2 are always orthogonal to each other.,"It's used to calculate the principal components., It's used to calculate the eigenvalues.","It can be sensitive to outliers in the data., It may not preserve the interpretability of the original features.","The same eigenvectors, but different eigenvalues of the covariance matrix.",Equal for all principal components (All Equal).,1,log2(n),100.0,Wrapper methods.,Filter method.,n - m eigenvalues will be zero.,To evaluate a large number of features and select a few for the final implementation.,Information gain measures how much a feature reduces uncertainty about the target variable when added to the model.,The level of unpredictability or disorder in the data when using a feature.,"The search strategy is responsible for guiding the search process efficiently, while the objective function evaluates the quality of candidate feature subsets.",Combines information from two parent feature subsets to create new feature subsets.,Unsupervised methods do not require labels for feature selection.,They may miss complex relationships and interactions between features.,Filter methods evaluate features independently using statistical measures.
Mr0bz3y2IHmW,2023-11-07 15:54:04.413,26,"To reduce model complexity., To improve model performance.","Enhance the interpretability of the model, Reduce the number of irrelevant or redundant features",Principal Component Analysis (PCA).,To reduce the number of features.,By their magnitude of eigenvalues.,It can be applied to high-dimensional data efficiently.,"Reduces the number of observations in the dataset., Create new features to the dataset.",Used to identify the principal components.,Linear combinations of the original features.,The first principal component.,Based on cumulative explained variance.,PC1 and PC2 are always orthogonal to each other.,"It's used to calculate the eigenvalues., It's used to calculate the principal components.","It may not preserve the interpretability of the original features., It can be sensitive to outliers in the data.",Different eigenvectors and the same eigenvalues of the covariance matrix.,Equal for all principal components (All Equal).,0,log2(n),100.0,Wrapper methods.,Filter method.,n - m eigenvalues will be zero.,To evaluate a large number of features and select a few for the final implementation.,Information gain measures how much a feature reduces uncertainty about the target variable when added to the model.,The level of unpredictability or disorder in the data when using a feature.,"The search strategy is responsible for guiding the search process efficiently, while the objective function evaluates the quality of candidate feature subsets.",Combines information from two parent feature subsets to create new feature subsets.,Unsupervised methods do not require labels for feature selection.,They may miss complex relationships and interactions between features.,Filter methods evaluate features independently using statistical measures.
1ggBjCxnkaT8,2023-11-07 18:04:59.911,26,"To reduce model complexity., To improve model performance.",Reduce the number of irrelevant or redundant features,Principal Component Analysis (PCA).,To reduce the number of features.,By their magnitude of eigenvalues.,It can be applied to high-dimensional data efficiently.,Create new features to the dataset.,Used to identify the principal components.,Linear combinations of the original features.,The first principal component.,Based on cumulative explained variance.,PC1 and PC2 are always orthogonal to each other.,"It's used to calculate the principal components., It's used to calculate the eigenvalues.",It may not preserve the interpretability of the original features.,The same eigenvectors and eigenvalues of the covariance matrix.,Equal for all principal components (All Equal).,0,log2(n),100.0,Wrapper methods.,"Filter method., Backward elimination.",n - m eigenvalues will be zero.,To evaluate a large number of features and select a few for the final implementation.,Information gain measures how much a feature reduces uncertainty about the target variable when added to the model.,The level of unpredictability or disorder in the data when using a feature.,"The search strategy is responsible for guiding the search process efficiently, while the objective function evaluates the quality of candidate feature subsets.",Combines information from two parent feature subsets to create new feature subsets.,Unsupervised methods do not require labels for feature selection.,They may miss complex relationships and interactions between features.,Filter methods evaluate features independently using statistical measures.
2AQDG30NeIzY,2023-11-07 21:07:23.878,26,"To reduce model complexity., To improve model performance.",Reduce the number of irrelevant or redundant features,Principal Component Analysis (PCA).,To reduce the number of features.,By their magnitude of eigenvalues.,It can be applied to high-dimensional data efficiently.,Create new features to the dataset.,Used to identify the principal components.,Linear combinations of the original features.,The first principal component.,Based on cumulative explained variance.,PC1 and PC2 are always orthogonal to each other.,"It's used to calculate the eigenvalues., It's used to calculate the principal components.",It may not preserve the interpretability of the original features.,The same eigenvectors and eigenvalues of the covariance matrix.,Equal for all principal components (All Equal).,0,log2(n),1.0,Wrapper methods.,Filter method.,n - m eigenvalues will be zero.,To evaluate a large number of features and select a few for the final implementation.,Information gain measures how much a feature reduces uncertainty about the target variable when added to the model.,The level of unpredictability or disorder in the data when using a feature.,"The search strategy is responsible for guiding the search process efficiently, while the objective function evaluates the quality of candidate feature subsets.",Combines information from two parent feature subsets to create new feature subsets.,Unsupervised methods do not require labels for feature selection.,They may miss complex relationships and interactions between features.,Filter methods evaluate features independently using statistical measures.
5WCMaHHFn6WV,2023-11-07 21:12:36.089,26,"To improve model performance., To reduce model complexity.",Reduce the number of irrelevant or redundant features,Principal Component Analysis (PCA).,To reduce the number of features.,By their magnitude of eigenvalues.,It can be applied to high-dimensional data efficiently.,Create new features to the dataset.,"Determine the direction of the principal components., Used to identify the principal components.",Linear combinations of the original features.,The first principal component.,Based on cumulative explained variance.,PC1 and PC2 are always orthogonal to each other.,"It's used to calculate the principal components., It's used to calculate the eigenvalues.",It may not preserve the interpretability of the original features.,The same eigenvectors and eigenvalues of the covariance matrix.,Equal for all principal components (All Equal).,0,log2(n),100.0,Wrapper methods.,Filter method.,n - m eigenvalues will be zero.,To evaluate a large number of features and select a few for the final implementation.,Information gain measures how much a feature reduces uncertainty about the target variable when added to the model.,The level of unpredictability or disorder in the data when using a feature.,"The search strategy is responsible for guiding the search process efficiently, while the objective function evaluates the quality of candidate feature subsets.",Combines information from two parent feature subsets to create new feature subsets.,Unsupervised methods do not require labels for feature selection.,They may miss complex relationships and interactions between features.,Filter methods evaluate features independently using statistical measures.
TYE4dgTYGdCn,2023-11-07 21:34:19.687,26,To reduce model complexity.,"Reduce the number of irrelevant or redundant features, Enhance the interpretability of the model",Principal Component Analysis (PCA).,To reduce the number of features.,By their magnitude of eigenvalues.,It can be applied to high-dimensional data efficiently.,Create new features to the dataset.,Used to identify the principal components.,Linear combinations of the original features.,The first principal component.,"By choosing a fixed number., Based on cumulative explained variance.",PC1 and PC2 are always orthogonal to each other.,"It's used to calculate the eigenvalues., It's used to calculate the principal components.","It can be sensitive to outliers in the data., It may not preserve the interpretability of the original features.","The same eigenvectors, but different eigenvalues of the covariance matrix.",Equal for all principal components (All Equal).,1,log2(n),100.0,Wrapper methods.,Filter method.,n - m eigenvalues will be zero.,To evaluate a large number of features and select a few for the final implementation.,Information gain measures how much a feature reduces uncertainty about the target variable when added to the model.,The level of unpredictability or disorder in the data when using a feature.,"The search strategy is responsible for guiding the search process efficiently, while the objective function evaluates the quality of candidate feature subsets.",Combines information from two parent feature subsets to create new feature subsets.,Unsupervised methods do not require labels for feature selection.,They may miss complex relationships and interactions between features.,Filter methods evaluate features independently using statistical measures.
VgoqnXYkjUhL,2023-11-07 21:40:44.340,26,"To reduce model complexity., To improve model performance.","Reduce the number of irrelevant or redundant features, Enhance the interpretability of the model",Principal Component Analysis (PCA).,To reduce the number of features.,By their magnitude of eigenvalues.,It can be applied to high-dimensional data efficiently.,Create new features to the dataset.,"Used to identify the principal components., Determine the direction of the principal components.",Linear combinations of the original features.,The first principal component.,"By choosing a fixed number., Based on cumulative explained variance.",PC1 and PC2 are always orthogonal to each other.,"It's used to calculate the principal components., It's used to calculate the eigenvalues.","It may not preserve the interpretability of the original features., It can be sensitive to outliers in the data.","The same eigenvectors, but different eigenvalues of the covariance matrix.",Equal for all principal components (All Equal).,1,log2(n),100.0,Wrapper methods.,Filter method.,n - m eigenvalues will be zero.,To evaluate a large number of features and select a few for the final implementation.,Information gain measures how much a feature reduces uncertainty about the target variable when added to the model.,The level of unpredictability or disorder in the data when using a feature.,"The search strategy is responsible for guiding the search process efficiently, while the objective function evaluates the quality of candidate feature subsets.",Combines information from two parent feature subsets to create new feature subsets.,Unsupervised methods do not require labels for feature selection.,They may miss complex relationships and interactions between features.,Filter methods evaluate features independently using statistical measures.
DI3Mqi034afd,2023-11-07 21:40:48.823,26,"To reduce model complexity., To improve model performance.","Enhance the interpretability of the model, Reduce the number of irrelevant or redundant features",Principal Component Analysis (PCA).,To reduce the number of features.,By their magnitude of eigenvalues.,It can be applied to high-dimensional data efficiently.,Create new features to the dataset.,"Determine the direction of the principal components., Used to identify the principal components.",Linear combinations of the original features.,The first principal component.,"By choosing a fixed number., Based on cumulative explained variance.",PC1 and PC2 are always orthogonal to each other.,"It's used to calculate the eigenvalues., It's used to calculate the principal components.","It may not preserve the interpretability of the original features., It can be sensitive to outliers in the data.","The same eigenvectors, but different eigenvalues of the covariance matrix.",Equal for all principal components (All Equal).,1,log2(n),100.0,Wrapper methods.,Filter method.,n - m eigenvalues will be zero.,To evaluate a large number of features and select a few for the final implementation.,Information gain measures how much a feature reduces uncertainty about the target variable when added to the model.,The level of unpredictability or disorder in the data when using a feature.,"The search strategy is responsible for guiding the search process efficiently, while the objective function evaluates the quality of candidate feature subsets.",Combines information from two parent feature subsets to create new feature subsets.,Unsupervised methods do not require labels for feature selection.,They may miss complex relationships and interactions between features.,Filter methods evaluate features independently using statistical measures.
Oc5QucHDsmjC,2023-11-07 21:42:56.033,26,"To improve model performance., To reduce model complexity.","Reduce the number of irrelevant or redundant features, Enhance the interpretability of the model",Principal Component Analysis (PCA).,To reduce the number of features.,By their magnitude of eigenvalues.,It can be applied to high-dimensional data efficiently.,Create new features to the dataset.,"Used to identify the principal components., Determine the direction of the principal components.",Linear combinations of the original features.,The first principal component.,"By choosing a fixed number., Based on cumulative explained variance.",PC1 and PC2 are always orthogonal to each other.,"It's used to calculate the principal components., It's used to calculate the eigenvalues.","It may not preserve the interpretability of the original features., It can be sensitive to outliers in the data.","The same eigenvectors, but different eigenvalues of the covariance matrix.",Equal for all principal components (All Equal).,1,log2(n),100.0,Wrapper methods.,Filter method.,n - m eigenvalues will be zero.,To evaluate a large number of features and select a few for the final implementation.,Information gain measures how much a feature reduces uncertainty about the target variable when added to the model.,The level of unpredictability or disorder in the data when using a feature.,"The search strategy is responsible for guiding the search process efficiently, while the objective function evaluates the quality of candidate feature subsets.",Combines information from two parent feature subsets to create new feature subsets.,Unsupervised methods do not require labels for feature selection.,They may miss complex relationships and interactions between features.,Filter methods evaluate features independently using statistical measures.
vgAkx62M3oPn,2023-11-07 21:55:31.384,26,"To reduce model complexity., To improve model performance.",Reduce the number of irrelevant or redundant features,Principal Component Analysis (PCA).,To reduce the number of features.,By their magnitude of eigenvalues.,It is not affected by multicollinearity in the data.,Create new features to the dataset.,"Determine the direction of the principal components., Used to identify the principal components.",Linear combinations of the original features.,The first principal component.,Based on cumulative explained variance.,PC1 and PC2 are always orthogonal to each other.,"It's used to calculate the eigenvalues., It's used to calculate the principal components.",It may not preserve the interpretability of the original features.,"The same eigenvectors, but different eigenvalues of the covariance matrix.",Equal for all principal components (All Equal).,Entropy(x),log2(n),1.0,Wrapper methods.,Filter method.,n - m eigenvalues will be zero.,To evaluate a large number of features and select a few for the final implementation.,Information gain measures how much a feature reduces uncertainty about the target variable when added to the model.,The level of unpredictability or disorder in the data when using a feature.,"The search strategy is responsible for guiding the search process efficiently, while the objective function evaluates the quality of candidate feature subsets.",Combines information from two parent feature subsets to create new feature subsets.,Unsupervised methods do not require labels for feature selection.,They may miss complex relationships and interactions between features.,Filter methods evaluate features independently using statistical measures.
nWRIo9XQJBPf,2023-11-07 22:01:16.616,26,To reduce model complexity.,"Reduce the number of irrelevant or redundant features, Enhance the interpretability of the model",Principal Component Analysis (PCA).,To reduce the number of features.,By their magnitude of eigenvalues.,"It is not affected by multicollinearity in the data., It can be applied to high-dimensional data efficiently.",Create new features to the dataset.,Used to identify the principal components.,Linear combinations of the original features.,The first principal component.,Based on cumulative explained variance.,PC1 and PC2 are always orthogonal to each other.,"It's used to calculate the principal components., It's used to calculate the eigenvalues.",It may not preserve the interpretability of the original features.,Different eigenvectors and the same eigenvalues of the covariance matrix.,Equal for all principal components (All Equal).,Entropy(x),1,100.0,Wrapper methods.,Filter method.,n - m eigenvalues will be zero.,To evaluate a large number of features and select a few for the final implementation.,Information gain measures how much a feature reduces uncertainty about the target variable when added to the model.,The level of unpredictability or disorder in the data when using a feature.,"The search strategy is responsible for guiding the search process efficiently, while the objective function evaluates the quality of candidate feature subsets.",Combines information from two parent feature subsets to create new feature subsets.,Unsupervised methods do not require labels for feature selection.,They may miss complex relationships and interactions between features.,Filter methods evaluate features independently using statistical measures.
0Hpj01paAdfZ,2023-11-07 14:12:22.875,25,"To improve model performance., To reduce model complexity.","Reduce the number of irrelevant or redundant features, Enhance the interpretability of the model",Principal Component Analysis (PCA).,To reduce the number of features.,By their magnitude of eigenvalues.,It can be applied to high-dimensional data efficiently.,Converts categorical variables into numerical ones.,Used to identify the principal components.,Linear combinations of the original features.,The first principal component.,By choosing a fixed number.,PC1 and PC2 are always orthogonal to each other.,It's used to calculate the eigenvalues.,It may not preserve the interpretability of the original features.,"The same eigenvectors, but different eigenvalues of the covariance matrix.",Equal for all principal components (All Equal).,0,log2(n),100.0,Wrapper methods.,Filter method.,n - m eigenvalues will be zero.,To evaluate a large number of features and select a few for the final implementation.,Information gain measures how much a feature reduces uncertainty about the target variable when added to the model.,The level of unpredictability or disorder in the data when using a feature.,"The search strategy is responsible for guiding the search process efficiently, while the objective function evaluates the quality of candidate feature subsets.",Combines information from two parent feature subsets to create new feature subsets.,Unsupervised methods do not require labels for feature selection.,They require domain knowledge for effective use.,Filter methods evaluate features independently using statistical measures.
P76XnTmOjZzU,2023-11-07 15:52:11.541,25,To improve model performance.,"Reduce the number of irrelevant or redundant features, Enhance the interpretability of the model",Principal Component Analysis (PCA).,To reduce the number of features.,By their magnitude of eigenvalues.,It can be applied to high-dimensional data efficiently.,Create new features to the dataset.,"Determine the direction of the principal components., Used to identify the principal components.",Linear combinations of the original features.,The first principal component.,"By choosing a fixed number., Based on cumulative explained variance.",PC1 and PC2 are always orthogonal to each other.,"It's used to calculate the principal components., It's used to calculate the eigenvalues.",It may not preserve the interpretability of the original features.,The same eigenvectors and eigenvalues of the covariance matrix.,Equal for all principal components (All Equal).,0,log2(n),100.0,Wrapper methods.,Filter method.,n - m eigenvalues will be zero.,To evaluate a large number of features and select a few for the final implementation.,Information gain measures how much a feature reduces uncertainty about the target variable when added to the model.,The level of unpredictability or disorder in the data when using a feature.,"The search strategy is responsible for guiding the search process efficiently, while the objective function evaluates the quality of candidate feature subsets.",Combines information from two parent feature subsets to create new feature subsets.,Unsupervised methods do not require labels for feature selection.,They may miss complex relationships and interactions between features.,Filter methods evaluate features independently using statistical measures.
jkDHRLkdOO06,2023-11-07 15:53:30.761,25,To improve model performance.,"Reduce the number of irrelevant or redundant features, Enhance the interpretability of the model",Principal Component Analysis (PCA).,To reduce the number of features.,By their magnitude of eigenvalues.,It can be applied to high-dimensional data efficiently.,Create new features to the dataset.,"Determine the direction of the principal components., Used to identify the principal components.",Linear combinations of the original features.,The first principal component.,"By choosing a fixed number., Based on cumulative explained variance.",PC1 and PC2 are always orthogonal to each other.,"It's used to calculate the eigenvalues., It's used to calculate the principal components.",It may not preserve the interpretability of the original features.,The same eigenvectors and eigenvalues of the covariance matrix.,Equal for all principal components (All Equal).,0,log2(n),100.0,Wrapper methods.,Filter method.,n - m eigenvalues will be zero.,To evaluate a large number of features and select a few for the final implementation.,Information gain measures how much a feature reduces uncertainty about the target variable when added to the model.,The level of unpredictability or disorder in the data when using a feature.,"The search strategy is responsible for guiding the search process efficiently, while the objective function evaluates the quality of candidate feature subsets.",Combines information from two parent feature subsets to create new feature subsets.,Unsupervised methods do not require labels for feature selection.,They may miss complex relationships and interactions between features.,Filter methods evaluate features independently using statistical measures.
cCanr1FJP4WP,2023-11-07 16:09:31.651,25,To improve model performance.,"Reduce the number of irrelevant or redundant features, Enhance the interpretability of the model",Principal Component Analysis (PCA).,To reduce the number of features.,By their magnitude of eigenvalues.,It can be applied to high-dimensional data efficiently.,Create new features to the dataset.,"Used to identify the principal components., Determine the direction of the principal components.",Linear combinations of the original features.,The first principal component.,"By choosing a fixed number., Based on cumulative explained variance.",PC1 and PC2 are always orthogonal to each other.,"It's used to calculate the principal components., It's used to calculate the eigenvalues.",It may not preserve the interpretability of the original features.,The same eigenvectors and eigenvalues of the covariance matrix.,Equal for all principal components (All Equal).,0,log2(n),100.0,Wrapper methods.,Filter method.,n - m eigenvalues will be zero.,To evaluate a large number of features and select a few for the final implementation.,Information gain measures how much a feature reduces uncertainty about the target variable when added to the model.,The level of unpredictability or disorder in the data when using a feature.,"The search strategy is responsible for guiding the search process efficiently, while the objective function evaluates the quality of candidate feature subsets.",Combines information from two parent feature subsets to create new feature subsets.,Unsupervised methods do not require labels for feature selection.,They may miss complex relationships and interactions between features.,Filter methods evaluate features independently using statistical measures.
CprL2LITeTET,2023-11-07 16:09:50.466,25,To improve model performance.,"Reduce the number of irrelevant or redundant features, Enhance the interpretability of the model",Principal Component Analysis (PCA).,To reduce the number of features.,By their magnitude of eigenvalues.,It can be applied to high-dimensional data efficiently.,Create new features to the dataset.,"Used to identify the principal components., Determine the direction of the principal components.",Linear combinations of the original features.,The first principal component.,"By choosing a fixed number., Based on cumulative explained variance.",PC1 and PC2 are always orthogonal to each other.,"It's used to calculate the principal components., It's used to calculate the eigenvalues.",It may not preserve the interpretability of the original features.,The same eigenvectors and eigenvalues of the covariance matrix.,Equal for all principal components (All Equal).,0,log2(n),100.0,Wrapper methods.,Filter method.,n - m eigenvalues will be zero.,To evaluate a large number of features and select a few for the final implementation.,Information gain measures how much a feature reduces uncertainty about the target variable when added to the model.,The level of unpredictability or disorder in the data when using a feature.,"The search strategy is responsible for guiding the search process efficiently, while the objective function evaluates the quality of candidate feature subsets.",Combines information from two parent feature subsets to create new feature subsets.,Unsupervised methods do not require labels for feature selection.,They may miss complex relationships and interactions between features.,Filter methods evaluate features independently using statistical measures.
wLeCyVvKyFT8,2023-11-07 16:39:06.124,25,To improve model performance.,Reduce the number of irrelevant or redundant features,Principal Component Analysis (PCA).,To reduce the number of features.,By their magnitude of eigenvalues.,It can be applied to high-dimensional data efficiently.,Create new features to the dataset.,Used to identify the principal components.,Linear combinations of the original features.,The first principal component.,Based on cumulative explained variance.,PC1 and PC2 are always orthogonal to each other.,It's used to calculate the principal components.,It may not preserve the interpretability of the original features.,"The same eigenvectors, but different eigenvalues of the covariance matrix.",Equal for all principal components (All Equal).,0,log2(n),1.0,Wrapper methods.,Filter method.,n - m eigenvalues will be zero.,To evaluate a large number of features and select a few for the final implementation.,Information gain measures how much a feature reduces uncertainty about the target variable when added to the model.,The level of unpredictability or disorder in the data when using a feature.,"The search strategy is responsible for guiding the search process efficiently, while the objective function evaluates the quality of candidate feature subsets.",Combines information from two parent feature subsets to create new feature subsets.,Unsupervised methods do not require labels for feature selection.,They may miss complex relationships and interactions between features.,Filter methods evaluate features independently using statistical measures.
w1PmKgj9FomZ,2023-11-07 17:46:25.363,25,"To improve model performance., To reduce model complexity.",Reduce the number of irrelevant or redundant features,Principal Component Analysis (PCA).,To reduce the number of features.,By their magnitude of eigenvalues.,It can be applied to high-dimensional data efficiently.,Create new features to the dataset.,"Used to identify the principal components., Determine the direction of the principal components.",Linear combinations of the original features.,The first principal component.,Based on cumulative explained variance.,PC1 and PC2 are always orthogonal to each other.,It's used to calculate the principal components.,It may not preserve the interpretability of the original features.,The same eigenvectors and eigenvalues of the covariance matrix.,Equal for all principal components (All Equal).,0,log2(n),100.0,Wrapper methods.,Filter method.,n - m eigenvalues will be zero.,To evaluate a large number of features and select a few for the final implementation.,Information gain measures how much a feature reduces uncertainty about the target variable when added to the model.,The level of unpredictability or disorder in the data when using a feature.,"The search strategy is responsible for guiding the search process efficiently, while the objective function evaluates the quality of candidate feature subsets.",Combines information from two parent feature subsets to create new feature subsets.,Unsupervised methods do not require labels for feature selection.,They may miss complex relationships and interactions between features.,Filter methods evaluate features independently using statistical measures.
OHaSXzUdzChO,2023-11-07 17:46:41.775,25,"To reduce model complexity., To improve model performance.",Reduce the number of irrelevant or redundant features,Principal Component Analysis (PCA).,To reduce the number of features.,By their magnitude of eigenvalues.,It can be applied to high-dimensional data efficiently.,Create new features to the dataset.,"Determine the direction of the principal components., Used to identify the principal components.",Linear combinations of the original features.,The first principal component.,Based on cumulative explained variance.,PC1 and PC2 are always orthogonal to each other.,It's used to calculate the principal components.,It may not preserve the interpretability of the original features.,The same eigenvectors and eigenvalues of the covariance matrix.,Equal for all principal components (All Equal).,0,log2(n),100.0,Wrapper methods.,Filter method.,n - m eigenvalues will be zero.,To evaluate a large number of features and select a few for the final implementation.,Information gain measures how much a feature reduces uncertainty about the target variable when added to the model.,The level of unpredictability or disorder in the data when using a feature.,"The search strategy is responsible for guiding the search process efficiently, while the objective function evaluates the quality of candidate feature subsets.",Combines information from two parent feature subsets to create new feature subsets.,Unsupervised methods do not require labels for feature selection.,They may miss complex relationships and interactions between features.,Filter methods evaluate features independently using statistical measures.
C6BcTLw4mOKQ,2023-11-07 19:31:44.568,25,"To improve model performance., To reduce model complexity.",Reduce the number of irrelevant or redundant features,Principal Component Analysis (PCA).,To reduce the number of features.,By their magnitude of eigenvalues.,It can be applied to high-dimensional data efficiently.,Create new features to the dataset.,Determine the direction of the principal components.,Linear combinations of the original features.,The first principal component.,Based on cumulative explained variance.,PC1 and PC2 are always orthogonal to each other.,It's used to calculate the principal components.,It may not preserve the interpretability of the original features.,The same eigenvectors and eigenvalues of the covariance matrix.,Equal for all principal components (All Equal).,0,log2(n),100.0,Wrapper methods.,Filter method.,n - m eigenvalues will be zero.,To evaluate a large number of features and select a few for the final implementation.,Information gain measures how much a feature reduces uncertainty about the target variable when added to the model.,The level of unpredictability or disorder in the data when using a feature.,"The search strategy is responsible for guiding the search process efficiently, while the objective function evaluates the quality of candidate feature subsets.",Combines information from two parent feature subsets to create new feature subsets.,Unsupervised methods do not require labels for feature selection.,They may miss complex relationships and interactions between features.,Filter methods evaluate features independently using statistical measures.
tZNKhSZpzqOT,2023-11-07 20:03:21.436,25,To reduce model complexity.,"Reduce the number of irrelevant or redundant features, Enhance the interpretability of the model",Principal Component Analysis (PCA).,"To reduce the number of features., To create correlated features.",By their magnitude of eigenvalues.,It can be applied to high-dimensional data efficiently.,Create new features to the dataset.,"Used to identify the principal components., Determine the direction of the principal components.",Linear combinations of the original features.,The first principal component.,Based on cumulative explained variance.,PC1 and PC2 are always orthogonal to each other.,"It's used to calculate the eigenvalues., It's used to calculate the principal components.",It may not preserve the interpretability of the original features.,The same eigenvectors and eigenvalues of the covariance matrix.,Equal for all principal components (All Equal).,0,log2(n),100.0,Wrapper methods.,Filter method.,n - m eigenvalues will be zero.,To evaluate a large number of features and select a few for the final implementation.,Information gain measures how much a feature reduces uncertainty about the target variable when added to the model.,The level of unpredictability or disorder in the data when using a feature.,"The search strategy is responsible for guiding the search process efficiently, while the objective function evaluates the quality of candidate feature subsets.",Combines information from two parent feature subsets to create new feature subsets.,Unsupervised methods do not require labels for feature selection.,They may miss complex relationships and interactions between features.,Filter methods evaluate features independently using statistical measures.
RM55e8d3Jbjm,2023-11-07 20:33:11.040,25,"To improve model performance., To reduce model complexity.",Reduce the number of irrelevant or redundant features,Principal Component Analysis (PCA).,To reduce the number of features.,By their magnitude of eigenvalues.,It can be applied to high-dimensional data efficiently.,Create new features to the dataset.,Used to identify the principal components.,Linear combinations of the original features.,The first principal component.,Based on cumulative explained variance.,PC1 and PC2 are always orthogonal to each other.,It's used to calculate the principal components.,It may not preserve the interpretability of the original features.,Different eigenvectors and the same eigenvalues of the covariance matrix.,Equal for all principal components (All Equal).,1,log2(n),100.0,Wrapper methods.,Filter method.,n - m eigenvalues will be zero.,To evaluate a large number of features and select a few for the final implementation.,Information gain measures how much a feature reduces uncertainty about the target variable when added to the model.,The level of unpredictability or disorder in the data when using a feature.,"The search strategy is responsible for guiding the search process efficiently, while the objective function evaluates the quality of candidate feature subsets.","Combines information from two parent feature subsets to create new feature subsets., Selects the best individual feature from the population.",Unsupervised methods do not require labels for feature selection.,They may miss complex relationships and interactions between features.,Filter methods evaluate features independently using statistical measures.
CyGywfdJf5VZ,2023-11-07 21:16:59.535,25,"To reduce model complexity., To improve model performance.","Reduce the number of irrelevant or redundant features, Enhance the interpretability of the model",Principal Component Analysis (PCA).,To reduce the number of features.,By their magnitude of eigenvalues.,It can be applied to high-dimensional data efficiently.,Create new features to the dataset.,"Determine the direction of the principal components., Used to identify the principal components.",Linear combinations of the original features.,The first principal component.,Based on cumulative explained variance.,PC1 and PC2 are always orthogonal to each other.,It's used to calculate the eigenvalues.,"It can be sensitive to outliers in the data., It may not preserve the interpretability of the original features.","The same eigenvectors, but different eigenvalues of the covariance matrix.",Equal for all principal components (All Equal).,0,log2(n),100.0,Wrapper methods.,Filter method.,n - m eigenvalues will be zero.,To evaluate a large number of features and select a few for the final implementation.,Information gain measures how much a feature reduces uncertainty about the target variable when added to the model.,The level of unpredictability or disorder in the data when using a feature.,"The search strategy is responsible for guiding the search process efficiently, while the objective function evaluates the quality of candidate feature subsets.",Combines information from two parent feature subsets to create new feature subsets.,"Unsupervised methods handle feature interaction effectively., Unsupervised methods do not require labels for feature selection.",They may miss complex relationships and interactions between features.,Filter methods evaluate features independently using statistical measures.
R8OVhINU7nka,2023-11-07 21:19:04.317,25,"To reduce model complexity., To improve model performance.","Reduce the number of irrelevant or redundant features, Enhance the interpretability of the model",Principal Component Analysis (PCA).,To reduce the number of features.,By their magnitude of eigenvalues.,"It is not affected by multicollinearity in the data., It can be applied to high-dimensional data efficiently.","Create new features to the dataset., Reduces the number of observations in the dataset.","Determine the direction of the principal components., Used to identify the principal components.",Linear combinations of the original features.,The first principal component.,Based on cumulative explained variance.,PC1 and PC2 are always orthogonal to each other.,It's transformed into a correlation matrix.,It may not preserve the interpretability of the original features.,"The same eigenvectors, but different eigenvalues of the covariance matrix.",Equal for all principal components (All Equal).,0,log2(n),100.0,Wrapper methods.,Filter method.,n - m eigenvalues will be zero.,To evaluate a large number of features and select a few for the final implementation.,Information gain measures how much a feature reduces uncertainty about the target variable when added to the model.,The level of unpredictability or disorder in the data when using a feature.,"The search strategy is responsible for guiding the search process efficiently, while the objective function evaluates the quality of candidate feature subsets.",Combines information from two parent feature subsets to create new feature subsets.,Unsupervised methods do not require labels for feature selection.,They may miss complex relationships and interactions between features.,Filter methods evaluate features independently using statistical measures.
6k8WibIW0Img,2023-11-07 21:26:42.991,25,"To improve model performance., To reduce model complexity.",Reduce the number of irrelevant or redundant features,Principal Component Analysis (PCA).,To reduce the number of features.,By their magnitude of eigenvalues.,It can be applied to high-dimensional data efficiently.,Create new features to the dataset.,"Determine the direction of the principal components., Used to identify the principal components.",Linear combinations of the original features.,The first principal component.,Based on cumulative explained variance.,PC1 and PC2 are always orthogonal to each other.,"It's used to calculate the principal components., It's used to calculate the eigenvalues.",It may not preserve the interpretability of the original features.,Different eigenvectors and different eigenvalues of the covariance matrix.,Equal for all principal components (All Equal).,0,log2(n),100.0,Wrapper methods.,"Filter method., Backward elimination.",n - m eigenvalues will be zero.,To evaluate a large number of features and select a few for the final implementation.,Information gain measures how much a feature reduces uncertainty about the target variable when added to the model.,The level of unpredictability or disorder in the data when using a feature.,"The search strategy is responsible for guiding the search process efficiently, while the objective function evaluates the quality of candidate feature subsets.",Combines information from two parent feature subsets to create new feature subsets.,Unsupervised methods do not require labels for feature selection.,They may miss complex relationships and interactions between features.,Filter methods evaluate features independently using statistical measures.
SOvsRqc7VPKI,2023-11-07 21:28:45.061,25,"To reduce model complexity., To improve model performance.",Reduce the number of irrelevant or redundant features,Principal Component Analysis (PCA).,To reduce the number of features.,By their magnitude of eigenvalues.,It can be applied to high-dimensional data efficiently.,Create new features to the dataset.,"Determine the direction of the principal components., Used to identify the principal components.",Linear combinations of the original features.,The first principal component.,Based on cumulative explained variance.,PC1 and PC2 are always orthogonal to each other.,"It's used to calculate the eigenvalues., It's used to calculate the principal components.",It may not preserve the interpretability of the original features.,Different eigenvectors and different eigenvalues of the covariance matrix.,Equal for all principal components (All Equal).,0,log2(n),100.0,Wrapper methods.,"Filter method., Backward elimination.",n - m eigenvalues will be zero.,To evaluate a large number of features and select a few for the final implementation.,Information gain measures how much a feature reduces uncertainty about the target variable when added to the model.,The level of unpredictability or disorder in the data when using a feature.,"The search strategy is responsible for guiding the search process efficiently, while the objective function evaluates the quality of candidate feature subsets.",Combines information from two parent feature subsets to create new feature subsets.,Unsupervised methods do not require labels for feature selection.,They may miss complex relationships and interactions between features.,Filter methods evaluate features independently using statistical measures.
RjR3B2X554Pn,2023-11-07 21:45:23.124,25,"To improve model performance., To reduce model complexity.",Reduce the number of irrelevant or redundant features,Principal Component Analysis (PCA).,To reduce the number of features.,By their magnitude of eigenvalues.,It can be applied to high-dimensional data efficiently.,"Create new features to the dataset., Converts categorical variables into numerical ones.","Used to identify the principal components., Determine the direction of the principal components.",Linear combinations of the original features.,The first principal component.,Based on cumulative explained variance.,PC1 and PC2 are always orthogonal to each other.,It's used to calculate the eigenvalues.,It may not preserve the interpretability of the original features.,"The same eigenvectors, but different eigenvalues of the covariance matrix.",Varied (Different).,Entropy(x),log2(n),100.0,Wrapper methods.,Filter method.,n - m eigenvalues will be zero.,To evaluate a large number of features and select a few for the final implementation.,Information gain measures how much a feature reduces uncertainty about the target variable when added to the model.,The level of unpredictability or disorder in the data when using a feature.,"The search strategy is responsible for guiding the search process efficiently, while the objective function evaluates the quality of candidate feature subsets.",Combines information from two parent feature subsets to create new feature subsets.,Unsupervised methods do not require labels for feature selection.,They may miss complex relationships and interactions between features.,Filter methods evaluate features independently using statistical measures.
o2VbFpgtLwG2,2023-11-07 21:56:50.660,25,"To improve model performance., To reduce model complexity.","Enhance the interpretability of the model, Reduce the number of irrelevant or redundant features",Principal Component Analysis (PCA).,To reduce the number of features.,By their magnitude of eigenvalues.,"It can be applied to high-dimensional data efficiently., It helps to interpret the meaning of the original features.","Create new features to the dataset., Converts categorical variables into numerical ones.","Used to identify the principal components., Determine the direction of the principal components.",Linear combinations of the original features.,The first principal component.,Based on cumulative explained variance.,PC1 and PC2 are always orthogonal to each other.,"It's used to calculate the eigenvalues., It's used to calculate the principal components.",It may not preserve the interpretability of the original features.,Different eigenvectors and the same eigenvalues of the covariance matrix.,Equal for all principal components (All Equal).,0,log2(n),100.0,Wrapper methods.,Filter method.,n - m eigenvalues will be zero.,To evaluate a large number of features and select a few for the final implementation.,Information gain measures how much a feature reduces uncertainty about the target variable when added to the model.,The level of unpredictability or disorder in the data when using a feature.,"The search strategy is responsible for guiding the search process efficiently, while the objective function evaluates the quality of candidate feature subsets.",Combines information from two parent feature subsets to create new feature subsets.,Unsupervised methods do not require labels for feature selection.,They may miss complex relationships and interactions between features.,Filter methods evaluate features independently using statistical measures.
QJyEL3O7YA2f,2023-11-07 22:01:31.114,25,"To reduce model complexity., To improve model performance.","Enhance the interpretability of the model, Reduce the number of irrelevant or redundant features",Principal Component Analysis (PCA).,To reduce the number of features.,By their magnitude of eigenvalues.,It can be applied to high-dimensional data efficiently.,Create new features to the dataset.,"Determine the direction of the principal components., Used to identify the principal components.",Linear combinations of the original features.,The first principal component.,Based on cumulative explained variance.,PC1 and PC2 are always orthogonal to each other.,"It's used to calculate the principal components., It's used to calculate the eigenvalues.",It may not preserve the interpretability of the original features.,Different eigenvectors and the same eigenvalues of the covariance matrix.,Equal for all principal components (All Equal).,0,log2(n),1.0,Wrapper methods.,Filter method.,n - m eigenvalues will be zero.,To evaluate a large number of features and select a few for the final implementation.,Information gain measures how much a feature reduces uncertainty about the target variable when added to the model.,The level of unpredictability or disorder in the data when using a feature.,"The objective function guides the search strategy in finding feature subsets, while the search strategy quantifies the quality of subsets.",Combines information from two parent feature subsets to create new feature subsets.,Unsupervised methods do not require labels for feature selection.,They may miss complex relationships and interactions between features.,Filter methods evaluate features independently using statistical measures.
tmTN8RB25aRn,2023-11-07 22:08:15.763,25,"To improve model performance., To reduce model complexity.",Reduce the number of irrelevant or redundant features,Principal Component Analysis (PCA).,To reduce the number of features.,By their magnitude of eigenvalues.,It can be applied to high-dimensional data efficiently.,Create new features to the dataset.,Determine the direction of the principal components.,Linear combinations of the original features.,The first principal component.,Based on cumulative explained variance.,PC1 and PC2 are always orthogonal to each other.,It's used to calculate the eigenvalues.,It may not preserve the interpretability of the original features.,Different eigenvectors and the same eigenvalues of the covariance matrix.,Equal for all principal components (All Equal).,0,log2(n),100.0,Wrapper methods.,Filter method.,n - m eigenvalues will be zero.,To evaluate a large number of features and select a few for the final implementation.,Information gain measures how much a feature reduces uncertainty about the target variable when added to the model.,The level of unpredictability or disorder in the data when using a feature.,"The search strategy is responsible for guiding the search process efficiently, while the objective function evaluates the quality of candidate feature subsets.",Combines information from two parent feature subsets to create new feature subsets.,Unsupervised methods do not require labels for feature selection.,They may miss complex relationships and interactions between features.,Filter methods evaluate features independently using statistical measures.
m7l9wOWJlnvS,2023-11-07 15:50:05.981,24,To improve model performance.,"Reduce the number of irrelevant or redundant features, Enhance the interpretability of the model",Principal Component Analysis (PCA).,To reduce the number of features.,By their magnitude of eigenvalues.,It can be applied to high-dimensional data efficiently.,Create new features to the dataset.,"Determine the direction of the principal components., Used to identify the principal components.",Linear combinations of the original features.,The first principal component.,"By choosing a fixed number., Based on cumulative explained variance.",PC1 and PC2 are always orthogonal to each other.,It's used to calculate the eigenvalues.,It may not preserve the interpretability of the original features.,The same eigenvectors and eigenvalues of the covariance matrix.,Equal for all principal components (All Equal).,0,log2(n),100.0,Wrapper methods.,Filter method.,n - m eigenvalues will be zero.,To evaluate a large number of features and select a few for the final implementation.,Information gain measures how much a feature reduces uncertainty about the target variable when added to the model.,The level of unpredictability or disorder in the data when using a feature.,"The search strategy is responsible for guiding the search process efficiently, while the objective function evaluates the quality of candidate feature subsets.",Combines information from two parent feature subsets to create new feature subsets.,Unsupervised methods do not require labels for feature selection.,They may miss complex relationships and interactions between features.,Filter methods evaluate features independently using statistical measures.
AQklHbi5bt8l,2023-11-07 16:48:32.200,24,To reduce model complexity.,Reduce the number of irrelevant or redundant features,Principal Component Analysis (PCA).,To reduce the number of features.,By their magnitude of eigenvalues.,It can be applied to high-dimensional data efficiently.,Create new features to the dataset.,Used to identify the principal components.,Linear combinations of the original features.,The first principal component.,Based on cumulative explained variance.,PC1 and PC2 are always orthogonal to each other.,It's used to calculate the eigenvalues.,It may not preserve the interpretability of the original features.,Different eigenvectors and the same eigenvalues of the covariance matrix.,Equal for all principal components (All Equal).,0,log2(n),100.0,Wrapper methods.,Filter method.,n - m eigenvalues will be zero.,To evaluate a large number of features and select a few for the final implementation.,Information gain measures how much a feature reduces uncertainty about the target variable when added to the model.,The level of unpredictability or disorder in the data when using a feature.,"The objective function guides the search strategy in finding feature subsets, while the search strategy quantifies the quality of subsets.",Combines information from two parent feature subsets to create new feature subsets.,Unsupervised methods do not require labels for feature selection.,They may miss complex relationships and interactions between features.,Filter methods evaluate features independently using statistical measures.
KwlNeadgH2OL,2023-11-07 18:49:22.979,24,"To reduce model complexity., To improve model performance.","Reduce the number of irrelevant or redundant features, Enhance the interpretability of the model",Principal Component Analysis (PCA).,To reduce the number of features.,By their magnitude of eigenvalues.,"It helps to interpret the meaning of the original features., It can be applied to high-dimensional data efficiently.",Create new features to the dataset.,"Used to identify the principal components., Determine the direction of the principal components.",Linear combinations of the original features.,The first principal component.,Based on cumulative explained variance.,PC1 and PC2 are always orthogonal to each other.,"It's used to calculate the principal components., It's used to calculate the eigenvalues.","It can be sensitive to outliers in the data., It may not preserve the interpretability of the original features.",The same eigenvectors and eigenvalues of the covariance matrix.,Equal for all principal components (All Equal).,0,log2(n),1.0,Wrapper methods.,Filter method.,n - m eigenvalues will be zero.,To evaluate a large number of features and select a few for the final implementation.,Information gain measures how much a feature reduces uncertainty about the target variable when added to the model.,The level of unpredictability or disorder in the data when using a feature.,"The search strategy is responsible for guiding the search process efficiently, while the objective function evaluates the quality of candidate feature subsets.",Combines information from two parent feature subsets to create new feature subsets.,Unsupervised methods do not require labels for feature selection.,They may miss complex relationships and interactions between features.,Filter methods evaluate features independently using statistical measures.
OLMmduueQtv7,2023-11-07 18:55:46.689,24,To improve model performance.,Reduce the number of irrelevant or redundant features,Principal Component Analysis (PCA).,To reduce the number of features.,By their magnitude of eigenvalues.,It can be applied to high-dimensional data efficiently.,Create new features to the dataset.,Determine the direction of the principal components.,Linear combinations of the original features.,The first principal component.,Based on cumulative explained variance.,PC1 and PC2 are always orthogonal to each other.,It's used to calculate the eigenvalues.,It may not preserve the interpretability of the original features.,Different eigenvectors and the same eigenvalues of the covariance matrix.,Varied (Different).,Entropy(x),log2(n),100.0,Wrapper methods.,Filter method.,n - m eigenvalues will be zero.,To evaluate a large number of features and select a few for the final implementation.,Information gain measures how much a feature reduces uncertainty about the target variable when added to the model.,The level of unpredictability or disorder in the data when using a feature.,"The search strategy is responsible for guiding the search process efficiently, while the objective function evaluates the quality of candidate feature subsets.",Combines information from two parent feature subsets to create new feature subsets.,Unsupervised methods do not require labels for feature selection.,They may miss complex relationships and interactions between features.,Filter methods evaluate features independently using statistical measures.
yKhvr1tKGpJF,2023-11-07 19:04:16.033,24,To improve model performance.,Reduce the number of irrelevant or redundant features,Principal Component Analysis (PCA).,To reduce the number of features.,By their magnitude of eigenvalues.,It can be applied to high-dimensional data efficiently.,Create new features to the dataset.,"Determine the direction of the principal components., Used to identify the principal components.",Linear combinations of the original features.,The first principal component.,Based on cumulative explained variance.,PC1 and PC2 are always orthogonal to each other.,It's used to calculate the eigenvalues.,It may not preserve the interpretability of the original features.,Different eigenvectors and different eigenvalues of the covariance matrix.,Equal for all principal components (All Equal).,0,log2(n),100.0,Wrapper methods.,Filter method.,n - m eigenvalues will be zero.,To evaluate a large number of features and select a few for the final implementation.,Information gain measures how much a feature reduces uncertainty about the target variable when added to the model.,The level of unpredictability or disorder in the data when using a feature.,"The search strategy is responsible for guiding the search process efficiently, while the objective function evaluates the quality of candidate feature subsets.",Combines information from two parent feature subsets to create new feature subsets.,Unsupervised methods do not require labels for feature selection.,They may miss complex relationships and interactions between features.,Filter methods evaluate features independently using statistical measures.
xPRdKA5UBNGM,2023-11-07 19:30:59.827,24,To reduce model complexity.,"Reduce the number of irrelevant or redundant features, Enhance the interpretability of the model",Principal Component Analysis (PCA).,To reduce the number of features.,By their magnitude of eigenvalues.,It can be applied to high-dimensional data efficiently.,Create new features to the dataset.,"Determine the direction of the principal components., Used to identify the principal components.",Linear combinations of the original features.,The first principal component.,"By choosing a fixed number., Based on cumulative explained variance.",PC1 and PC2 are always orthogonal to each other.,"It's used to calculate the eigenvalues., It's used to calculate the principal components.",It may not preserve the interpretability of the original features.,The same eigenvectors and eigenvalues of the covariance matrix.,Equal for all principal components (All Equal).,0,1,100.0,Wrapper methods.,Filter method.,n - m eigenvalues will be zero.,To evaluate a large number of features and select a few for the final implementation.,Information gain measures how much a feature reduces uncertainty about the target variable when added to the model.,The level of unpredictability or disorder in the data when using a feature.,"The search strategy is responsible for guiding the search process efficiently, while the objective function evaluates the quality of candidate feature subsets.",Combines information from two parent feature subsets to create new feature subsets.,Unsupervised methods do not require labels for feature selection.,They may miss complex relationships and interactions between features.,Filter methods evaluate features independently using statistical measures.
7VLP2mvnxjRS,2023-11-07 19:33:31.464,24,"To reduce model complexity., To improve model performance.","Enhance the interpretability of the model, Reduce the number of irrelevant or redundant features",Principal Component Analysis (PCA).,To reduce the number of features.,By their magnitude of eigenvalues.,"It guarantees that no information is lost during dimensionality reduction., It can be applied to high-dimensional data efficiently., It is not affected by multicollinearity in the data.",Create new features to the dataset.,Used to identify the principal components.,Linear combinations of the original features.,The first principal component.,"By choosing a fixed number., Based on cumulative explained variance.",PC1 and PC2 are always orthogonal to each other.,"It's used to calculate the principal components., It's used to calculate the eigenvalues.","It is computationally expensive., It may not preserve the interpretability of the original features.",Different eigenvectors and different eigenvalues of the covariance matrix.,Equal for all principal components (All Equal).,1,log2(n),100.0,Wrapper methods.,Filter method.,n - m eigenvalues will be zero.,To evaluate a large number of features and select a few for the final implementation.,Information gain measures how much a feature reduces uncertainty about the target variable when added to the model.,The level of unpredictability or disorder in the data when using a feature.,"The search strategy is responsible for guiding the search process efficiently, while the objective function evaluates the quality of candidate feature subsets.",Combines information from two parent feature subsets to create new feature subsets.,Unsupervised methods do not require labels for feature selection.,"They may miss complex relationships and interactions between features., They require domain knowledge for effective use.",Filter methods evaluate features independently using statistical measures.
AG7urKue7Fzv,2023-11-07 19:42:17.735,24,"To improve model performance., To reduce model complexity.","Reduce the number of irrelevant or redundant features, Enhance the interpretability of the model",Principal Component Analysis (PCA).,To reduce the number of features.,By their magnitude of eigenvalues.,"It is not affected by multicollinearity in the data., It can be applied to high-dimensional data efficiently.",Create new features to the dataset.,"Used to identify the principal components., Determine the direction of the principal components.",Linear combinations of the original features.,The first principal component.,Based on cumulative explained variance.,PC1 and PC2 are always orthogonal to each other.,"It's used to calculate the principal components., It's used to calculate the eigenvalues.",It may not preserve the interpretability of the original features.,The same eigenvectors and eigenvalues of the covariance matrix.,Equal for all principal components (All Equal).,0,log2(n),1.0,Wrapper methods.,Filter method.,n - m eigenvalues will be zero.,To evaluate a large number of features and select a few for the final implementation.,Information gain measures how much a feature reduces uncertainty about the target variable when added to the model.,The level of unpredictability or disorder in the data when using a feature.,"The objective function guides the search strategy in finding feature subsets, while the search strategy quantifies the quality of subsets., The search strategy is responsible for guiding the search process efficiently, while the objective function evaluates the quality of candidate feature subsets.",Combines information from two parent feature subsets to create new feature subsets.,Unsupervised methods do not require labels for feature selection.,They may miss complex relationships and interactions between features.,Filter methods evaluate features independently using statistical measures.
Lo0o6MK08TyI,2023-11-07 20:18:15.370,24,To improve model performance.,Reduce the number of irrelevant or redundant features,Principal Component Analysis (PCA).,To reduce the number of features.,By their magnitude of eigenvalues.,It can be applied to high-dimensional data efficiently.,Create new features to the dataset.,Determine the direction of the principal components.,Linear combinations of the original features.,The first principal component.,Based on cumulative explained variance.,PC1 and PC2 are always orthogonal to each other.,It's used to calculate the eigenvalues.,It may not preserve the interpretability of the original features.,Different eigenvectors and the same eigenvalues of the covariance matrix.,Equal for all principal components (All Equal).,0,log2(n),100.0,Wrapper methods.,Filter method.,n - m eigenvalues will be zero.,To evaluate a large number of features and select a few for the final implementation.,Information gain measures how much a feature reduces uncertainty about the target variable when added to the model.,The level of unpredictability or disorder in the data when using a feature.,"The search strategy is responsible for guiding the search process efficiently, while the objective function evaluates the quality of candidate feature subsets.",Combines information from two parent feature subsets to create new feature subsets.,Unsupervised methods do not require labels for feature selection.,They may miss complex relationships and interactions between features.,Filter methods evaluate features independently using statistical measures.
a9ej6jzpNOPn,2023-11-07 20:27:23.789,24,To reduce model complexity.,"Reduce the number of irrelevant or redundant features, Enhance the interpretability of the model",Principal Component Analysis (PCA).,To reduce the number of features.,By their magnitude of eigenvalues.,It can be applied to high-dimensional data efficiently.,Create new features to the dataset.,"Used to identify the principal components., Determine the direction of the principal components.",Linear combinations of the original features.,The first principal component.,Based on cumulative explained variance.,PC1 and PC2 are always orthogonal to each other.,"It's used to calculate the eigenvalues., It's used to calculate the principal components.",It may not preserve the interpretability of the original features.,Different eigenvectors and the same eigenvalues of the covariance matrix.,Equal for all principal components (All Equal).,0,log2(n),1.0,Wrapper methods.,Filter method.,n - m eigenvalues will be zero.,To evaluate a large number of features and select a few for the final implementation.,Information gain measures how much a feature reduces uncertainty about the target variable when added to the model.,The level of unpredictability or disorder in the data when using a feature.,"The objective function guides the search strategy in finding feature subsets, while the search strategy quantifies the quality of subsets.",Combines information from two parent feature subsets to create new feature subsets.,Unsupervised methods do not require labels for feature selection.,They may miss complex relationships and interactions between features.,Filter methods evaluate features independently using statistical measures.
Za018kn2raFk,2023-11-07 20:30:44.527,24,"To improve model performance., To reduce model complexity.",Reduce the number of irrelevant or redundant features,Principal Component Analysis (PCA).,To reduce the number of features.,By their magnitude of eigenvalues.,It can be applied to high-dimensional data efficiently.,Create new features to the dataset.,"Determine the direction of the principal components., Used to identify the principal components.",Linear combinations of the original features.,The first principal component.,Based on cumulative explained variance.,PC1 and PC2 are always orthogonal to each other.,"It's used to calculate the eigenvalues., It's used to calculate the principal components.",It may not preserve the interpretability of the original features.,Different eigenvectors and the same eigenvalues of the covariance matrix.,Equal for all principal components (All Equal).,0,log2(n),1.0,Wrapper methods.,"Filter method., Backward elimination.",n - m eigenvalues will be zero.,To evaluate a large number of features and select a few for the final implementation.,Information gain measures how much a feature reduces uncertainty about the target variable when added to the model.,The level of unpredictability or disorder in the data when using a feature.,"The search strategy is responsible for guiding the search process efficiently, while the objective function evaluates the quality of candidate feature subsets.",Combines information from two parent feature subsets to create new feature subsets.,Unsupervised methods do not require labels for feature selection.,They may miss complex relationships and interactions between features.,Filter methods evaluate features independently using statistical measures.
N0qYmYE8QD78,2023-11-07 20:44:46.535,24,"To improve model performance., To reduce model complexity.",Reduce the number of irrelevant or redundant features,Principal Component Analysis (PCA).,To reduce the number of features.,By their magnitude of eigenvalues.,It can be applied to high-dimensional data efficiently.,"Only selects the most important features, without creating new ones.",Used to identify the principal components.,Linear combinations of the original features.,The first principal component.,"By choosing a fixed number., Based on cumulative explained variance.",PC1 and PC2 are always orthogonal to each other.,"It's used to calculate the eigenvalues., It's used to calculate the principal components.",It may not preserve the interpretability of the original features.,"The same eigenvectors, but different eigenvalues of the covariance matrix.",Equal for all principal components (All Equal).,0,log2(n),100.0,Wrapper methods.,Filter method.,n - m eigenvalues will be zero.,To evaluate a large number of features and select a few for the final implementation.,Information gain is independent of the target variable.,The level of unpredictability or disorder in the data when using a feature.,"The search strategy is responsible for guiding the search process efficiently, while the objective function evaluates the quality of candidate feature subsets.",Combines information from two parent feature subsets to create new feature subsets.,Unsupervised methods handle feature interaction effectively.,They may miss complex relationships and interactions between features.,Filter methods evaluate features independently using statistical measures.
1tnkUsBnGX2u,2023-11-07 21:45:51.991,24,"To improve model performance., To reduce model complexity.","Enhance the interpretability of the model, Reduce the number of irrelevant or redundant features",Principal Component Analysis (PCA).,To reduce the number of features.,By their magnitude of eigenvalues.,It can be applied to high-dimensional data efficiently.,Create new features to the dataset.,"Used to identify the principal components., Determine the direction of the principal components.",Linear combinations of the original features.,The first principal component.,Based on cumulative explained variance.,PC1 and PC2 are always orthogonal to each other.,"It's used to calculate the eigenvalues., It's used to calculate the principal components.",It may not preserve the interpretability of the original features.,The same eigenvectors and eigenvalues of the covariance matrix.,Equal for all principal components (All Equal).,0,log2(n),1.0,Wrapper methods.,Filter method.,n - m eigenvalues will be zero.,To evaluate a large number of features and select a few for the final implementation.,Information gain measures how much a feature reduces uncertainty about the target variable when added to the model.,The level of unpredictability or disorder in the data when using a feature.,"The objective function guides the search strategy in finding feature subsets, while the search strategy quantifies the quality of subsets., The search strategy is responsible for guiding the search process efficiently, while the objective function evaluates the quality of candidate feature subsets.",Combines information from two parent feature subsets to create new feature subsets.,"Unsupervised methods handle feature interaction effectively., Unsupervised methods do not require labels for feature selection.",They may miss complex relationships and interactions between features.,Filter methods evaluate features independently using statistical measures.
xlLz8YVMGkvs,2023-11-07 21:55:54.935,24,"To improve model performance., To reduce model complexity.",Reduce the number of irrelevant or redundant features,Principal Component Analysis (PCA).,"To create correlated features., To reduce the number of features.",By their magnitude of eigenvalues.,"It can be applied to high-dimensional data efficiently., It helps to interpret the meaning of the original features.",Create new features to the dataset.,Determine the direction of the principal components.,Linear combinations of the original features.,The first principal component.,Based on cumulative explained variance.,PC1 and PC2 are always orthogonal to each other.,It's used to calculate the principal components.,It may not preserve the interpretability of the original features.,"The same eigenvectors, but different eigenvalues of the covariance matrix.",Equal for all principal components (All Equal).,0,log2(n),100.0,Wrapper methods.,Filter method.,n - m eigenvalues will be zero.,To evaluate a large number of features and select a few for the final implementation.,Information gain measures how much a feature reduces uncertainty about the target variable when added to the model.,The level of unpredictability or disorder in the data when using a feature.,"The search strategy is responsible for guiding the search process efficiently, while the objective function evaluates the quality of candidate feature subsets.",Combines information from two parent feature subsets to create new feature subsets.,Unsupervised methods do not require labels for feature selection.,They may miss complex relationships and interactions between features.,Filter methods evaluate features independently using statistical measures.
kfwxRJXSzs3o,2023-11-07 21:58:44.694,24,"To improve model performance., To reduce model complexity.","Reduce the number of irrelevant or redundant features, Enhance the interpretability of the model",Principal Component Analysis (PCA).,To reduce the number of features.,By their magnitude of eigenvalues.,It can be applied to high-dimensional data efficiently.,Create new features to the dataset.,"Used to identify the principal components., Determine the direction of the principal components.",Linear combinations of the original features.,The first principal component.,Based on cumulative explained variance.,PC1 and PC2 are always orthogonal to each other.,"It's used to calculate the principal components., It's used to calculate the eigenvalues.",It may not preserve the interpretability of the original features.,Different eigenvectors and the same eigenvalues of the covariance matrix.,Equal for all principal components (All Equal).,0,log2(n),1.0,Wrapper methods.,Filter method.,n - m eigenvalues will be zero.,To evaluate a large number of features and select a few for the final implementation.,Information gain measures how much a feature reduces uncertainty about the target variable when added to the model.,The level of unpredictability or disorder in the data when using a feature.,"The objective function guides the search strategy in finding feature subsets, while the search strategy quantifies the quality of subsets.",Combines information from two parent feature subsets to create new feature subsets.,Unsupervised methods do not require labels for feature selection.,"They may miss complex relationships and interactions between features., They are computationally intensive.",Filter methods evaluate features independently using statistical measures.
GiNOB0aoa84q,2023-11-07 21:59:41.404,24,"To reduce model complexity., To improve model performance.","Enhance the interpretability of the model, Reduce the number of irrelevant or redundant features",Principal Component Analysis (PCA).,To reduce the number of features.,By their magnitude of eigenvalues.,"It can be applied to high-dimensional data efficiently., It is only applicable to categorical data., It helps to interpret the meaning of the original features.",Create new features to the dataset.,"Determine the direction of the principal components., Used to identify the principal components.",Linear combinations of the original features.,The first principal component.,Based on cumulative explained variance.,PC1 and PC2 are always orthogonal to each other.,"It's used to calculate the principal components., It's used to calculate the eigenvalues.",It may not preserve the interpretability of the original features.,The same eigenvectors and eigenvalues of the covariance matrix.,Equal for all principal components (All Equal).,1,log2(n),1.0,"Unsupervised feature selection., Filter methods.",Filter method.,n - m eigenvalues will be zero.,To evaluate a large number of features and select a few for the final implementation.,Information gain measures how much a feature reduces uncertainty about the target variable when added to the model.,The level of unpredictability or disorder in the data when using a feature.,"The search strategy is responsible for guiding the search process efficiently, while the objective function evaluates the quality of candidate feature subsets.",Combines information from two parent feature subsets to create new feature subsets.,Unsupervised methods do not require labels for feature selection.,They may miss complex relationships and interactions between features.,Filter methods evaluate features independently using statistical measures.
sCNAQlTJzusQ,2023-11-07 21:59:59.074,24,To improve model performance.,Reduce the number of irrelevant or redundant features,Principal Component Analysis (PCA).,To reduce the number of features.,By their magnitude of eigenvalues.,It can be applied to high-dimensional data efficiently.,Create new features to the dataset.,Determine the direction of the principal components.,Linear combinations of the original features.,The first principal component.,Based on cumulative explained variance.,PC1 and PC2 are always orthogonal to each other.,It's used to calculate the eigenvalues.,It may not preserve the interpretability of the original features.,Different eigenvectors and the same eigenvalues of the covariance matrix.,Varied (Different).,Entropy(x),log2(n),100.0,Wrapper methods.,Filter method.,n - m eigenvalues will be zero.,To evaluate a large number of features and select a few for the final implementation.,Information gain measures how much a feature reduces uncertainty about the target variable when added to the model.,The level of unpredictability or disorder in the data when using a feature.,"The search strategy is responsible for guiding the search process efficiently, while the objective function evaluates the quality of candidate feature subsets.",Combines information from two parent feature subsets to create new feature subsets.,Unsupervised methods do not require labels for feature selection.,They may miss complex relationships and interactions between features.,Filter methods evaluate features independently using statistical measures.
W0EkQhrkI3an,2023-11-07 14:13:15.644,23,To reduce model complexity.,Reduce the number of irrelevant or redundant features,Principal Component Analysis (PCA).,To reduce the number of features.,By their magnitude of eigenvalues.,It can be applied to high-dimensional data efficiently.,Create new features to the dataset.,"Determine the direction of the principal components., Used to identify the principal components.",Linear combinations of the original features.,The first principal component.,Based on cumulative explained variance.,PC1 and PC2 are always orthogonal to each other.,"It's used to calculate the eigenvalues., It's used to calculate the principal components.",It may not preserve the interpretability of the original features.,Different eigenvectors and the same eigenvalues of the covariance matrix.,Varied (Different).,0,log2(n),100.0,Wrapper methods.,Filter method.,n - m eigenvalues will be zero.,To evaluate a large number of features and select a few for the final implementation.,Information gain measures how much a feature reduces uncertainty about the target variable when added to the model.,The level of unpredictability or disorder in the data when using a feature.,"The objective function guides the search strategy in finding feature subsets, while the search strategy quantifies the quality of subsets., The search strategy is responsible for guiding the search process efficiently, while the objective function evaluates the quality of candidate feature subsets.",Combines information from two parent feature subsets to create new feature subsets.,Unsupervised methods do not require labels for feature selection.,They may miss complex relationships and interactions between features.,Filter methods evaluate features independently using statistical measures.
oVyzGGgOFu4f,2023-11-07 16:43:51.480,23,"To improve model performance., To reduce model complexity.","Reduce the number of irrelevant or redundant features, Enhance the interpretability of the model",Principal Component Analysis (PCA).,To reduce the number of features.,By their magnitude of eigenvalues.,"It can be applied to high-dimensional data efficiently., It helps to interpret the meaning of the original features.",Create new features to the dataset.,"Used to identify the principal components., Determine the direction of the principal components.",Linear combinations of the original features.,The first principal component.,Based on cumulative explained variance.,PC1 and PC2 are always orthogonal to each other.,"It's used to calculate the principal components., It's used to calculate the eigenvalues.","It can be sensitive to outliers in the data., It may not preserve the interpretability of the original features.","The same eigenvectors, but different eigenvalues of the covariance matrix.",Equal for all principal components (All Equal).,0,log2(n),1.0,Wrapper methods.,Filter method.,No eigenvalues will be zero.,To evaluate a large number of features and select a few for the final implementation.,Information gain measures how much a feature reduces uncertainty about the target variable when added to the model.,The level of unpredictability or disorder in the data when using a feature.,"The search strategy is responsible for guiding the search process efficiently, while the objective function evaluates the quality of candidate feature subsets., The objective function guides the search strategy in finding feature subsets, while the search strategy quantifies the quality of subsets.",Combines information from two parent feature subsets to create new feature subsets.,Unsupervised methods do not require labels for feature selection.,They may miss complex relationships and interactions between features.,Filter methods evaluate features independently using statistical measures.
I93EMGZEU4vI,2023-11-07 17:36:03.087,23,To reduce model complexity.,Reduce the number of irrelevant or redundant features,Principal Component Analysis (PCA).,To reduce the number of features.,By their magnitude of eigenvalues.,It can be applied to high-dimensional data efficiently.,Create new features to the dataset.,Determine the direction of the principal components.,Linear combinations of the original features.,The first principal component.,"By choosing a fixed number., Based on cumulative explained variance.",PC1 and PC2 are always orthogonal to each other.,"It's used to calculate the principal components., It's used to calculate the eigenvalues.",It may not preserve the interpretability of the original features.,The same eigenvectors and eigenvalues of the covariance matrix.,Equal for all principal components (All Equal).,0,1,100.0,Wrapper methods.,Filter method.,n - m eigenvalues will be zero.,To evaluate a large number of features and select a few for the final implementation.,Information gain measures how much a feature reduces uncertainty about the target variable when added to the model.,The level of unpredictability or disorder in the data when using a feature.,"The search strategy is responsible for guiding the search process efficiently, while the objective function evaluates the quality of candidate feature subsets.",Combines information from two parent feature subsets to create new feature subsets.,Unsupervised methods do not require labels for feature selection.,They may miss complex relationships and interactions between features.,Filter methods evaluate features independently using statistical measures.
e35NZ2cItyz9,2023-11-07 17:37:17.591,23,To reduce model complexity.,Reduce the number of irrelevant or redundant features,Principal Component Analysis (PCA).,To reduce the number of features.,By their magnitude of eigenvalues.,It can be applied to high-dimensional data efficiently.,Create new features to the dataset.,Determine the direction of the principal components.,Linear combinations of the original features.,The first principal component.,"By choosing a fixed number., Based on cumulative explained variance.",PC1 and PC2 are always orthogonal to each other.,"It's used to calculate the principal components., It's used to calculate the eigenvalues.",It may not preserve the interpretability of the original features.,The same eigenvectors and eigenvalues of the covariance matrix.,Equal for all principal components (All Equal).,0,1,100.0,Wrapper methods.,Filter method.,n - m eigenvalues will be zero.,To evaluate a large number of features and select a few for the final implementation.,Information gain measures how much a feature reduces uncertainty about the target variable when added to the model.,The level of unpredictability or disorder in the data when using a feature.,"The search strategy is responsible for guiding the search process efficiently, while the objective function evaluates the quality of candidate feature subsets.",Combines information from two parent feature subsets to create new feature subsets.,Unsupervised methods do not require labels for feature selection.,They may miss complex relationships and interactions between features.,Filter methods evaluate features independently using statistical measures.
ylh73EEFQ8CD,2023-11-07 18:17:41.462,23,To reduce model complexity.,Reduce the number of irrelevant or redundant features,Principal Component Analysis (PCA).,To reduce the number of features.,By their magnitude of eigenvalues.,It can be applied to high-dimensional data efficiently.,Create new features to the dataset.,"Determine the direction of the principal components., Used to identify the principal components.",Linear combinations of the original features.,The first principal component.,"By choosing a fixed number., Based on cumulative explained variance.",PC1 and PC2 are always orthogonal to each other.,"It's used to calculate the eigenvalues., It's used to calculate the principal components.",It may not preserve the interpretability of the original features.,The same eigenvectors and eigenvalues of the covariance matrix.,Equal for all principal components (All Equal).,0,1,100.0,Wrapper methods.,Filter method.,n - m eigenvalues will be zero.,To evaluate a large number of features and select a few for the final implementation.,Information gain measures how much a feature reduces uncertainty about the target variable when added to the model.,The level of unpredictability or disorder in the data when using a feature.,"The search strategy is responsible for guiding the search process efficiently, while the objective function evaluates the quality of candidate feature subsets.",Combines information from two parent feature subsets to create new feature subsets.,Unsupervised methods do not require labels for feature selection.,They may miss complex relationships and interactions between features.,Filter methods evaluate features independently using statistical measures.
St7VKJfT2MTq,2023-11-07 19:33:31.150,23,"To improve model performance., To reduce model complexity.","Enhance the interpretability of the model, Reduce the number of irrelevant or redundant features",Principal Component Analysis (PCA).,To reduce the number of features.,By their magnitude of eigenvalues.,"It can be applied to high-dimensional data efficiently., It is not affected by multicollinearity in the data.",Create new features to the dataset.,Used to identify the principal components.,Linear combinations of the original features.,The first principal component.,"By choosing a fixed number., Based on cumulative explained variance.",PC1 and PC2 are always orthogonal to each other.,"It's transformed into a correlation matrix., It's used to calculate the principal components., It's used to calculate the eigenvalues.","It is computationally expensive., It may not preserve the interpretability of the original features., It can lead to overfitting.",Different eigenvectors and different eigenvalues of the covariance matrix.,Equal for all principal components (All Equal).,1,log2(n),100.0,Wrapper methods.,Filter method.,n - m eigenvalues will be zero.,To evaluate a large number of features and select a few for the final implementation.,Information gain measures how much a feature reduces uncertainty about the target variable when added to the model.,The level of unpredictability or disorder in the data when using a feature.,"The search strategy is responsible for guiding the search process efficiently, while the objective function evaluates the quality of candidate feature subsets.",Combines information from two parent feature subsets to create new feature subsets.,Unsupervised methods do not require labels for feature selection.,"They require domain knowledge for effective use., They may miss complex relationships and interactions between features.",Filter methods evaluate features independently using statistical measures.
RZdtks4i4HNy,2023-11-07 20:48:15.187,23,To improve model performance.,Reduce the number of irrelevant or redundant features,Principal Component Analysis (PCA).,To reduce the number of features.,By their magnitude of eigenvalues.,It can be applied to high-dimensional data efficiently.,"Only selects the most important features, without creating new ones.",Used to identify the principal components.,Linear combinations of the original features.,The first principal component.,Based on cumulative explained variance.,PC1 and PC2 are always orthogonal to each other.,It's used to calculate the eigenvalues.,It may not preserve the interpretability of the original features.,"The same eigenvectors, but different eigenvalues of the covariance matrix.",Varied (Different).,0,1,100.0,Wrapper methods.,Filter method.,n - m eigenvalues will be zero.,To evaluate a large number of features and select a few for the final implementation.,Information gain measures how much a feature reduces uncertainty about the target variable when added to the model.,The level of unpredictability or disorder in the data when using a feature.,"The search strategy is responsible for guiding the search process efficiently, while the objective function evaluates the quality of candidate feature subsets.",Combines information from two parent feature subsets to create new feature subsets.,Unsupervised methods do not require labels for feature selection.,They may miss complex relationships and interactions between features.,Filter methods evaluate features independently using statistical measures.
oF1pjrJTOBWB,2023-11-07 20:52:46.823,23,"To improve model performance., To reduce model complexity.","Enhance the interpretability of the model, Reduce the number of irrelevant or redundant features",Principal Component Analysis (PCA).,To reduce the number of features.,By their magnitude of eigenvalues.,"It can be applied to high-dimensional data efficiently., It helps to interpret the meaning of the original features.",Create new features to the dataset.,Used to identify the principal components.,Linear combinations of the original features.,The first principal component.,Based on cumulative explained variance.,PC1 and PC2 are always orthogonal to each other.,It's used to calculate the eigenvalues.,It may not preserve the interpretability of the original features.,The same eigenvectors and eigenvalues of the covariance matrix.,All equal to zero (All equal to Zero).,0,log2(n),1.0,Wrapper methods.,Filter method.,n - m eigenvalues will be zero.,To evaluate a large number of features and select a few for the final implementation.,Information gain measures how much a feature reduces uncertainty about the target variable when added to the model.,The level of unpredictability or disorder in the data when using a feature.,"The objective function guides the search strategy in finding feature subsets, while the search strategy quantifies the quality of subsets.",Combines information from two parent feature subsets to create new feature subsets.,Unsupervised methods do not require labels for feature selection.,They may miss complex relationships and interactions between features.,Filter methods evaluate features independently using statistical measures.
pS17HUA271Nx,2023-11-07 21:16:30.122,23,To improve model performance.,Reduce the number of irrelevant or redundant features,Principal Component Analysis (PCA).,To reduce the number of features.,By their magnitude of eigenvalues.,It can be applied to high-dimensional data efficiently.,Create new features to the dataset.,"Determine the direction of the principal components., Used to identify the principal components.",Linear combinations of the original features.,The first principal component.,Based on cumulative explained variance.,PC1 and PC2 are always orthogonal to each other.,It's used to calculate the eigenvalues.,It may not preserve the interpretability of the original features.,Different eigenvectors and the same eigenvalues of the covariance matrix.,Equal for all principal components (All Equal).,0,log2(n),1.0,Wrapper methods.,Filter method.,n - m eigenvalues will be zero.,To evaluate a large number of features and select a few for the final implementation.,Information gain measures how much a feature reduces uncertainty about the target variable when added to the model.,The level of unpredictability or disorder in the data when using a feature.,"The search strategy is responsible for guiding the search process efficiently, while the objective function evaluates the quality of candidate feature subsets.",Combines information from two parent feature subsets to create new feature subsets.,Unsupervised methods do not require labels for feature selection.,They may miss complex relationships and interactions between features.,Filter methods evaluate features independently using statistical measures.
tE1MOwmVibN4,2023-11-07 21:18:37.572,23,"To improve model performance., To reduce model complexity.","Reduce the number of irrelevant or redundant features, Enhance the interpretability of the model",Principal Component Analysis (PCA).,To reduce the number of features.,By their correlation with the target variable.,"It can be applied to high-dimensional data efficiently., It is not affected by multicollinearity in the data.",Create new features to the dataset.,"Determine the direction of the principal components., Used to identify the principal components.",Linear combinations of the original features.,The first principal component.,Based on cumulative explained variance.,PC1 and PC2 are always orthogonal to each other.,It's used to calculate the eigenvalues.,It may not preserve the interpretability of the original features.,"The same eigenvectors, but different eigenvalues of the covariance matrix.",Equal for all principal components (All Equal).,0,log2(n),100.0,Wrapper methods.,Filter method.,n - m eigenvalues will be zero.,To evaluate a large number of features and select a few for the final implementation.,Information gain measures how much a feature reduces uncertainty about the target variable when added to the model.,The level of unpredictability or disorder in the data when using a feature.,"The objective function guides the search strategy in finding feature subsets, while the search strategy quantifies the quality of subsets., The search strategy is responsible for guiding the search process efficiently, while the objective function evaluates the quality of candidate feature subsets.",Combines information from two parent feature subsets to create new feature subsets.,"Unsupervised methods handle feature interaction effectively., Unsupervised methods do not require labels for feature selection.",They may miss complex relationships and interactions between features.,Filter methods evaluate features independently using statistical measures.
nojDz9QSjRLy,2023-11-07 21:20:59.908,23,"To reduce model complexity., To improve model performance.","Enhance the interpretability of the model, Reduce the number of irrelevant or redundant features",Principal Component Analysis (PCA).,To reduce the number of features.,By their magnitude of eigenvalues.,It can be applied to high-dimensional data efficiently.,"Create new features to the dataset., Reduces the number of observations in the dataset.","Used to identify the principal components., Determine the direction of the principal components.",Linear combinations of the original features.,The first principal component.,Based on cumulative explained variance.,PC1 and PC2 are always orthogonal to each other.,It's transformed into a correlation matrix.,It may not preserve the interpretability of the original features.,The same eigenvectors and eigenvalues of the covariance matrix.,Equal for all principal components (All Equal).,0,log2(n),100.0,Filter methods.,Wrapper method.,n - m eigenvalues will be zero.,To evaluate a large number of features and select a few for the final implementation.,Information gain measures how much a feature reduces uncertainty about the target variable when added to the model.,The level of unpredictability or disorder in the data when using a feature.,"The search strategy is responsible for guiding the search process efficiently, while the objective function evaluates the quality of candidate feature subsets.",Combines information from two parent feature subsets to create new feature subsets.,Unsupervised methods do not require labels for feature selection.,They may miss complex relationships and interactions between features.,Filter methods evaluate features independently using statistical measures.
xbNryveuRsXc,2023-11-07 21:21:33.277,23,"To reduce model complexity., To improve model performance.","Reduce the number of irrelevant or redundant features, Enhance the interpretability of the model",Principal Component Analysis (PCA).,To make the data non-linear.,By their magnitude of eigenvalues.,It can be applied to high-dimensional data efficiently.,"Converts categorical variables into numerical ones., Create new features to the dataset.","Determine the direction of the principal components., Used to identify the principal components.",Linear combinations of the original features.,The first principal component.,"By choosing a fixed number., Based on cumulative explained variance.",PC1 and PC2 are always orthogonal to each other.,"It's used to calculate the eigenvalues., It's used to calculate the principal components.","It is computationally expensive., It may not preserve the interpretability of the original features.",The same eigenvectors and eigenvalues of the covariance matrix.,Equal for all principal components (All Equal).,Entropy(x),1,100.0,Wrapper methods.,Filter method.,n - m eigenvalues will be zero.,To evaluate a large number of features and select a few for the final implementation.,Information gain measures how much a feature reduces uncertainty about the target variable when added to the model.,The level of unpredictability or disorder in the data when using a feature.,"The search strategy is responsible for guiding the search process efficiently, while the objective function evaluates the quality of candidate feature subsets.",Combines information from two parent feature subsets to create new feature subsets.,Unsupervised methods do not require labels for feature selection.,They may miss complex relationships and interactions between features.,Filter methods evaluate features independently using statistical measures.
iZblYCxqwouC,2023-11-07 21:23:31.719,23,"To reduce model complexity., To improve model performance.","Reduce the number of irrelevant or redundant features, Enhance the interpretability of the model",Principal Component Analysis (PCA).,To reduce the number of features.,By their magnitude of eigenvalues.,It can be applied to high-dimensional data efficiently.,Create new features to the dataset.,"Used to identify the principal components., Determine the direction of the principal components.",Linear combinations of the original features.,The first principal component.,Based on cumulative explained variance.,PC1 and PC2 are always orthogonal to each other.,"It's used to calculate the eigenvalues., It's used to calculate the principal components.",It may not preserve the interpretability of the original features.,The same eigenvectors and eigenvalues of the covariance matrix.,Equal for all principal components (All Equal).,0,log2(n),1.0,Unsupervised feature selection.,Filter method.,No eigenvalues will be zero.,To evaluate a large number of features and select a few for the final implementation.,Information gain measures how much a feature reduces uncertainty about the target variable when added to the model.,The level of unpredictability or disorder in the data when using a feature.,"The search strategy is responsible for guiding the search process efficiently, while the objective function evaluates the quality of candidate feature subsets.",Combines information from two parent feature subsets to create new feature subsets.,Unsupervised methods do not require labels for feature selection.,They may miss complex relationships and interactions between features.,
BSLGp0wdoAqj,2023-11-07 21:31:26.903,23,"To improve model performance., To reduce model complexity.",Reduce the number of irrelevant or redundant features,Principal Component Analysis (PCA).,To reduce the number of features.,By their magnitude of eigenvalues.,It helps to interpret the meaning of the original features.,"Only selects the most important features, without creating new ones.",Used to identify the principal components.,Linear combinations of the original features.,The first principal component.,"By choosing a fixed number., Based on cumulative explained variance.",PC1 and PC2 are always orthogonal to each other.,"It's used to calculate the eigenvalues., It's used to calculate the principal components.",It may not preserve the interpretability of the original features.,"The same eigenvectors, but different eigenvalues of the covariance matrix.",Equal for all principal components (All Equal).,0,log2(n),100.0,Wrapper methods.,Filter method.,n - m eigenvalues will be zero.,To evaluate a large number of features and select a few for the final implementation.,Information gain is independent of the target variable.,The level of unpredictability or disorder in the data when using a feature.,"The search strategy is responsible for guiding the search process efficiently, while the objective function evaluates the quality of candidate feature subsets.",Combines information from two parent feature subsets to create new feature subsets.,Unsupervised methods handle feature interaction effectively.,They may miss complex relationships and interactions between features.,Filter methods evaluate features independently using statistical measures.
jMkOnTydcqm6,2023-11-07 21:31:31.371,23,"To improve model performance., To reduce model complexity.",Reduce the number of irrelevant or redundant features,Principal Component Analysis (PCA).,To reduce the number of features.,By their magnitude of eigenvalues.,It helps to interpret the meaning of the original features.,"Only selects the most important features, without creating new ones.",Used to identify the principal components.,Linear combinations of the original features.,The first principal component.,"By choosing a fixed number., Based on cumulative explained variance.",PC1 and PC2 are always orthogonal to each other.,"It's used to calculate the eigenvalues., It's used to calculate the principal components.",It may not preserve the interpretability of the original features.,"The same eigenvectors, but different eigenvalues of the covariance matrix.",Equal for all principal components (All Equal).,0,log2(n),100.0,Wrapper methods.,Filter method.,n - m eigenvalues will be zero.,To evaluate a large number of features and select a few for the final implementation.,Information gain is independent of the target variable.,The level of unpredictability or disorder in the data when using a feature.,"The search strategy is responsible for guiding the search process efficiently, while the objective function evaluates the quality of candidate feature subsets.",Combines information from two parent feature subsets to create new feature subsets.,Unsupervised methods handle feature interaction effectively.,They may miss complex relationships and interactions between features.,Filter methods evaluate features independently using statistical measures.
32nLuB1xqIO4,2023-11-07 21:31:54.137,23,To reduce model complexity.,Reduce the number of irrelevant or redundant features,Forward Selection.,To reduce the number of features.,By their magnitude of eigenvalues.,It can be applied to high-dimensional data efficiently.,Create new features to the dataset.,Determine the direction of the principal components.,Linear combinations of the original features.,The first principal component.,Based on cumulative explained variance.,PC1 and PC2 are always orthogonal to each other.,It's used to calculate the eigenvalues.,It may not preserve the interpretability of the original features.,Different eigenvectors and different eigenvalues of the covariance matrix.,Equal for all principal components (All Equal).,0,log2(n),100.0,Wrapper methods.,Filter method.,n - m eigenvalues will be zero.,To evaluate a large number of features and select a few for the final implementation.,Information gain measures how much a feature reduces uncertainty about the target variable when added to the model.,The level of unpredictability or disorder in the data when using a feature.,"The search strategy is responsible for guiding the search process efficiently, while the objective function evaluates the quality of candidate feature subsets.",Combines information from two parent feature subsets to create new feature subsets.,Unsupervised methods do not require labels for feature selection.,They may miss complex relationships and interactions between features.,Filter methods evaluate features independently using statistical measures.
X0HFePMCkBsP,2023-11-07 21:33:49.657,23,To reduce model complexity.,"Reduce the number of irrelevant or redundant features, Enhance the interpretability of the model",Principal Component Analysis (PCA).,To reduce the number of features.,By their magnitude of eigenvalues.,"It is not affected by multicollinearity in the data., It can be applied to high-dimensional data efficiently.",Create new features to the dataset.,Used to identify the principal components.,Linear combinations of the original features.,The first principal component.,Based on cumulative explained variance.,PC1 and PC2 are always orthogonal to each other.,It's used to calculate the principal components.,It may not preserve the interpretability of the original features.,The same eigenvectors and eigenvalues of the covariance matrix.,Equal for all principal components (All Equal).,0,,100.0,Wrapper methods.,Backward elimination.,n - m eigenvalues will be zero.,To evaluate a large number of features and select a few for the final implementation.,Information gain measures how much a feature reduces uncertainty about the target variable when added to the model.,The level of unpredictability or disorder in the data when using a feature.,"The search strategy is responsible for guiding the search process efficiently, while the objective function evaluates the quality of candidate feature subsets.",Combines information from two parent feature subsets to create new feature subsets.,Unsupervised methods do not require labels for feature selection.,They may miss complex relationships and interactions between features.,Filter methods evaluate features independently using statistical measures.
zeQInY6w8eBY,2023-11-07 21:43:17.372,23,To reduce model complexity.,"Enhance the interpretability of the model, Reduce the number of irrelevant or redundant features",Principal Component Analysis (PCA).,To reduce the number of features.,By their magnitude of eigenvalues.,"It can be applied to high-dimensional data efficiently., It guarantees that no information is lost during dimensionality reduction.",Create new features to the dataset.,"Determine the direction of the principal components., Used to identify the principal components.",Linear combinations of the original features.,The first principal component.,Based on cumulative explained variance.,PC1 and PC2 are always orthogonal to each other.,"It's used to calculate the principal components., It's used to calculate the eigenvalues.",It may not preserve the interpretability of the original features.,Different eigenvectors and the same eigenvalues of the covariance matrix.,Equal for all principal components (All Equal).,0,log2(n),1.0,Wrapper methods.,Filter method.,n - m eigenvalues will be zero.,To evaluate a large number of features and select a few for the final implementation.,Information gain measures how much a feature reduces uncertainty about the target variable when added to the model.,The level of unpredictability or disorder in the data when using a feature.,"The objective function guides the search strategy in finding feature subsets, while the search strategy quantifies the quality of subsets.",Combines information from two parent feature subsets to create new feature subsets.,Unsupervised methods do not require labels for feature selection.,They may miss complex relationships and interactions between features.,Filter methods evaluate features independently using statistical measures.
jxlFWYs7WyTt,2023-11-07 21:45:36.582,23,"To reduce model complexity., To improve model performance.",Reduce the number of irrelevant or redundant features,Principal Component Analysis (PCA).,To reduce the number of features.,By their magnitude of eigenvalues.,It helps to interpret the meaning of the original features.,"Only selects the most important features, without creating new ones.",Used to identify the principal components.,Linear combinations of the original features.,The first principal component.,"By choosing a fixed number., Based on cumulative explained variance.",PC1 and PC2 are always orthogonal to each other.,"It's used to calculate the principal components., It's used to calculate the eigenvalues.",It may not preserve the interpretability of the original features.,"The same eigenvectors, but different eigenvalues of the covariance matrix.",Equal for all principal components (All Equal).,0,log2(n),100.0,Wrapper methods.,Filter method.,n - m eigenvalues will be zero.,To evaluate a large number of features and select a few for the final implementation.,Information gain is independent of the target variable.,The level of unpredictability or disorder in the data when using a feature.,"The search strategy is responsible for guiding the search process efficiently, while the objective function evaluates the quality of candidate feature subsets.",Combines information from two parent feature subsets to create new feature subsets.,Unsupervised methods handle feature interaction effectively.,They may miss complex relationships and interactions between features.,Filter methods evaluate features independently using statistical measures.
BJE8NOUNFGYz,2023-11-07 21:50:41.062,23,"To improve model performance., To reduce model complexity.","Enhance the interpretability of the model, Reduce the number of irrelevant or redundant features",Principal Component Analysis (PCA).,To reduce the number of features.,By their magnitude of eigenvalues.,"It can be applied to high-dimensional data efficiently., It is not affected by multicollinearity in the data., It helps to interpret the meaning of the original features.",Create new features to the dataset.,Used to identify the principal components.,Linear combinations of the original features.,The first principal component.,Based on cumulative explained variance.,PC1 and PC2 are always orthogonal to each other.,"It's used to calculate the principal components., It's used to calculate the eigenvalues.",It may not preserve the interpretability of the original features.,Different eigenvectors and different eigenvalues of the covariance matrix.,Equal for all principal components (All Equal).,1,1,1.0,Filter methods.,Wrapper method.,n - m eigenvalues will be zero.,To evaluate a large number of features and select a few for the final implementation.,Information gain measures how much a feature reduces uncertainty about the target variable when added to the model.,The level of unpredictability or disorder in the data when using a feature.,"The search strategy is responsible for guiding the search process efficiently, while the objective function evaluates the quality of candidate feature subsets.",Combines information from two parent feature subsets to create new feature subsets.,Unsupervised methods do not require labels for feature selection.,They may miss complex relationships and interactions between features.,Filter methods evaluate features independently using statistical measures.
aKKO0pyKuBaK,2023-11-07 21:55:31.222,23,"To reduce model complexity., To improve model performance.",Reduce the number of irrelevant or redundant features,Principal Component Analysis (PCA).,To reduce the number of features.,By their magnitude of eigenvalues.,It can be applied to high-dimensional data efficiently.,Create new features to the dataset.,"Used to identify the principal components., Determine the direction of the principal components.",Linear combinations of the original features.,The first principal component.,Based on cumulative explained variance.,PC1 and PC2 are always orthogonal to each other.,It's used to calculate the principal components.,"It can be sensitive to outliers in the data., It may not preserve the interpretability of the original features.",The same eigenvectors and eigenvalues of the covariance matrix.,Equal for all principal components (All Equal).,0,log2(n),100.0,Wrapper methods.,Wrapper method.,n - m eigenvalues will be zero.,To evaluate a large number of features and select a few for the final implementation.,Information gain measures how much a feature reduces uncertainty about the target variable when added to the model.,The level of unpredictability or disorder in the data when using a feature.,"The search strategy is responsible for guiding the search process efficiently, while the objective function evaluates the quality of candidate feature subsets.",Combines information from two parent feature subsets to create new feature subsets.,Unsupervised methods do not require labels for feature selection.,They may miss complex relationships and interactions between features.,Filter methods evaluate features independently using statistical measures.
0rzpTGhVxVJU,2023-11-07 21:56:12.957,23,"To reduce model complexity., To improve model performance.",Reduce the number of irrelevant or redundant features,Principal Component Analysis (PCA).,To reduce the number of features.,By their magnitude of eigenvalues.,It can be applied to high-dimensional data efficiently.,Create new features to the dataset.,"Used to identify the principal components., Determine the direction of the principal components.",Linear combinations of the original features.,The first principal component.,Based on cumulative explained variance.,PC1 and PC2 are always orthogonal to each other.,"It's used to calculate the eigenvalues., It's used to calculate the principal components.",It may not preserve the interpretability of the original features.,The same eigenvectors and eigenvalues of the covariance matrix.,Varied (Different).,0,log2(n),1.0,Unsupervised feature selection.,Filter method.,n - m eigenvalues will be zero.,To evaluate a large number of features and select a few for the final implementation.,Information gain measures how much a feature reduces uncertainty about the target variable when added to the model.,The level of unpredictability or disorder in the data when using a feature.,"The search strategy is responsible for guiding the search process efficiently, while the objective function evaluates the quality of candidate feature subsets.",Combines information from two parent feature subsets to create new feature subsets.,Unsupervised methods do not require labels for feature selection.,They may miss complex relationships and interactions between features.,Filter methods evaluate features independently using statistical measures.
Kji96af6kzzA,2023-11-07 22:12:13.918,23,To create complex models.,Reduce the number of irrelevant or redundant features,Principal Component Analysis (PCA).,To reduce the number of features.,By their magnitude of eigenvalues.,It can be applied to high-dimensional data efficiently.,Create new features to the dataset.,Determine the direction of the principal components.,Linear combinations of the original features.,The first principal component.,Based on cumulative explained variance.,PC1 and PC2 are always orthogonal to each other.,It's used to calculate the eigenvalues.,It may not preserve the interpretability of the original features.,Different eigenvectors and the same eigenvalues of the covariance matrix.,Equal for all principal components (All Equal).,0,1,100.0,Wrapper methods.,Filter method.,n - m eigenvalues will be zero.,To evaluate a large number of features and select a few for the final implementation.,Information gain measures how much a feature reduces uncertainty about the target variable when added to the model.,The level of unpredictability or disorder in the data when using a feature.,"The search strategy is responsible for guiding the search process efficiently, while the objective function evaluates the quality of candidate feature subsets.",Combines information from two parent feature subsets to create new feature subsets.,Unsupervised methods do not require labels for feature selection.,They may miss complex relationships and interactions between features.,Filter methods evaluate features independently using statistical measures.
lOuE9tkR89Pk,2023-11-07 22:12:15.301,23,To improve model performance.,Reduce the number of irrelevant or redundant features,Principal Component Analysis (PCA).,To reduce the number of features.,By their magnitude of eigenvalues.,It can be applied to high-dimensional data efficiently.,Create new features to the dataset.,Determine the direction of the principal components.,Linear combinations of the original features.,The first principal component.,Based on cumulative explained variance.,PC1 and PC2 are always orthogonal to each other.,It's used to calculate the eigenvalues.,It may not preserve the interpretability of the original features.,Different eigenvectors and different eigenvalues of the covariance matrix.,Equal for all principal components (All Equal).,0,1,100.0,Wrapper methods.,Filter method.,n - m eigenvalues will be zero.,To evaluate a large number of features and select a few for the final implementation.,Information gain measures how much a feature reduces uncertainty about the target variable when added to the model.,The level of unpredictability or disorder in the data when using a feature.,"The search strategy is responsible for guiding the search process efficiently, while the objective function evaluates the quality of candidate feature subsets.",Combines information from two parent feature subsets to create new feature subsets.,Unsupervised methods do not require labels for feature selection.,They may miss complex relationships and interactions between features.,Filter methods evaluate features independently using statistical measures.
QblvTIly9IZU,2023-11-07 22:16:19.488,23,"To reduce model complexity., To improve model performance.","Reduce the number of irrelevant or redundant features, Enhance the interpretability of the model",Principal Component Analysis (PCA).,To reduce the number of features.,By their magnitude of eigenvalues.,It can be applied to high-dimensional data efficiently.,Create new features to the dataset.,Used to identify the principal components.,Linear combinations of the original features.,The first principal component.,Based on cumulative explained variance.,PC1 and PC2 are always orthogonal to each other.,"It's used to calculate the eigenvalues., It's used to calculate the principal components.","It may not preserve the interpretability of the original features., It can be sensitive to outliers in the data., It is computationally expensive.",Different eigenvectors and the same eigenvalues of the covariance matrix.,Varied (Different).,1,1,100.0,Wrapper methods.,Filter method.,n - m eigenvalues will be zero.,"To introduce noise to the data., To evaluate a large number of features and select a few for the final implementation.",Information gain measures how much a feature reduces uncertainty about the target variable when added to the model.,The level of unpredictability or disorder in the data when using a feature.,"The search strategy is responsible for guiding the search process efficiently, while the objective function evaluates the quality of candidate feature subsets.",Combines information from two parent feature subsets to create new feature subsets.,"Unsupervised methods handle feature interaction effectively., Unsupervised methods do not require labels for feature selection.",They may miss complex relationships and interactions between features.,Filter methods evaluate features independently using statistical measures.
SpXSTCkMzPni,2023-11-07 17:35:54.503,22,To reduce model complexity.,Reduce the number of irrelevant or redundant features,Principal Component Analysis (PCA).,To reduce the number of features.,By their magnitude of eigenvalues.,It can be applied to high-dimensional data efficiently.,Create new features to the dataset.,Determine the direction of the principal components.,The most important data points.,The first principal component.,"By choosing a fixed number., Based on cumulative explained variance.",PC1 and PC2 are always orthogonal to each other.,"It's used to calculate the principal components., It's used to calculate the eigenvalues.",It may not preserve the interpretability of the original features.,The same eigenvectors and eigenvalues of the covariance matrix.,Equal for all principal components (All Equal).,0,1,100.0,Wrapper methods.,Filter method.,n - m eigenvalues will be zero.,To evaluate a large number of features and select a few for the final implementation.,Information gain measures how much a feature reduces uncertainty about the target variable when added to the model.,The level of unpredictability or disorder in the data when using a feature.,"The search strategy is responsible for guiding the search process efficiently, while the objective function evaluates the quality of candidate feature subsets.",Combines information from two parent feature subsets to create new feature subsets.,Unsupervised methods do not require labels for feature selection.,They may miss complex relationships and interactions between features.,Filter methods evaluate features independently using statistical measures.
QJccKPT4nu7V,2023-11-07 19:50:10.425,22,To reduce model complexity.,"Enhance the interpretability of the model, Reduce the number of irrelevant or redundant features","Information Gain., Principal Component Analysis (PCA).",To reduce the number of features.,By their magnitude of eigenvalues.,It can be applied to high-dimensional data efficiently.,"Converts categorical variables into numerical ones., Create new features to the dataset.",Used to identify the principal components.,Linear combinations of the original features.,The first principal component.,Based on cumulative explained variance.,PC1 and PC2 are always orthogonal to each other.,"It's used to calculate the eigenvalues., It's used to calculate the principal components.",It may not preserve the interpretability of the original features.,Different eigenvectors and the same eigenvalues of the covariance matrix.,Equal for all principal components (All Equal).,0,log2(n),1.0,Wrapper methods.,Filter method.,n - m eigenvalues will be zero.,To evaluate a large number of features and select a few for the final implementation.,Information gain measures how much a feature reduces uncertainty about the target variable when added to the model.,The level of unpredictability or disorder in the data when using a feature.,"The search strategy is responsible for guiding the search process efficiently, while the objective function evaluates the quality of candidate feature subsets.","Combines information from two parent feature subsets to create new feature subsets., Selects the best individual feature from the population.",Unsupervised methods do not require labels for feature selection.,They may miss complex relationships and interactions between features.,"Filter methods evaluate features independently using statistical measures., Filter methods rely on domain knowledge for feature selection."
bWRj9XHmvXaq,2023-11-07 20:06:15.796,22,"To reduce model complexity., To improve model performance.","Enhance the interpretability of the model, Reduce the number of irrelevant or redundant features",Principal Component Analysis (PCA).,To reduce the number of features.,By their magnitude of eigenvalues.,It is not affected by multicollinearity in the data.,Create new features to the dataset.,"Used to identify the principal components., Determine the direction of the principal components.",Linear combinations of the original features.,The first principal component.,"By choosing a fixed number., Based on cumulative explained variance.",PC1 and PC2 are always orthogonal to each other.,It's used to calculate the eigenvalues.,It may not preserve the interpretability of the original features.,Different eigenvectors and different eigenvalues of the covariance matrix.,Equal for all principal components (All Equal).,1,log2(n),1.0,Wrapper methods.,Filter method.,n - m eigenvalues will be zero.,To evaluate a large number of features and select a few for the final implementation.,Information gain measures how much a feature reduces uncertainty about the target variable when added to the model.,"The cost of including a feature in the model., The level of unpredictability or disorder in the data when using a feature.","The search strategy is responsible for guiding the search process efficiently, while the objective function evaluates the quality of candidate feature subsets.",Combines information from two parent feature subsets to create new feature subsets.,Unsupervised methods do not require labels for feature selection.,They may miss complex relationships and interactions between features.,Filter methods evaluate features independently using statistical measures.
oXHAAQD8R9lF,2023-11-07 20:16:26.638,22,To improve model performance.,Reduce the number of irrelevant or redundant features,Principal Component Analysis (PCA).,To reduce the number of features.,By their magnitude of eigenvalues.,It can be applied to high-dimensional data efficiently.,Create new features to the dataset.,"Used to identify the principal components., Determine the direction of the principal components.",Linear combinations of the original features.,The first principal component.,Based on cumulative explained variance.,PC1 and PC2 are always orthogonal to each other.,It's used to calculate the eigenvalues.,It may not preserve the interpretability of the original features.,"The same eigenvectors, but different eigenvalues of the covariance matrix.",Equal for all principal components (All Equal).,0,log2(n),1.0,Unsupervised feature selection.,Filter method.,No eigenvalues will be zero.,To evaluate a large number of features and select a few for the final implementation.,Information gain measures how much a feature reduces uncertainty about the target variable when added to the model.,The level of unpredictability or disorder in the data when using a feature.,"The search strategy is responsible for guiding the search process efficiently, while the objective function evaluates the quality of candidate feature subsets.",Combines information from two parent feature subsets to create new feature subsets.,Unsupervised methods do not require labels for feature selection.,They may miss complex relationships and interactions between features.,Filter methods evaluate features independently using statistical measures.
HDHPHpQGlRLt,2023-11-07 20:26:27.632,22,"To improve model performance., To reduce model complexity.","Reduce the number of irrelevant or redundant features, Enhance the interpretability of the model",Principal Component Analysis (PCA).,To reduce the number of features.,By their magnitude of eigenvalues.,"It can be applied to high-dimensional data efficiently., It is not affected by multicollinearity in the data.",Create new features to the dataset.,"Used to identify the principal components., Determine the direction of the principal components.",The features selected through feature selection.,The first principal component.,"By choosing a fixed number., Based on cumulative explained variance.",PC1 and PC2 are always orthogonal to each other.,"It's used to calculate the eigenvalues., It's used to calculate the principal components.","It may not preserve the interpretability of the original features., It can be sensitive to outliers in the data., It is computationally expensive.",The same eigenvectors and eigenvalues of the covariance matrix.,Equal for all principal components (All Equal).,0,log2(n),100.0,Wrapper methods.,Filter method.,n - m eigenvalues will be zero.,To evaluate a large number of features and select a few for the final implementation.,Information gain measures how much a feature reduces uncertainty about the target variable when added to the model.,The level of unpredictability or disorder in the data when using a feature.,"The search strategy is responsible for guiding the search process efficiently, while the objective function evaluates the quality of candidate feature subsets., The objective function guides the search strategy in finding feature subsets, while the search strategy quantifies the quality of subsets.",Combines information from two parent feature subsets to create new feature subsets.,Unsupervised methods do not require labels for feature selection.,They may miss complex relationships and interactions between features.,Filter methods evaluate features independently using statistical measures.
WZiibWz2DWRQ,2023-11-07 21:29:10.571,22,"To reduce model complexity., To improve model performance.",Reduce the number of irrelevant or redundant features,Principal Component Analysis (PCA).,To reduce the number of features.,By their magnitude of eigenvalues.,"It helps to interpret the meaning of the original features., It can be applied to high-dimensional data efficiently.",Create new features to the dataset.,"Determine the direction of the principal components., Used to identify the principal components.",Linear combinations of the original features.,The first principal component.,Based on cumulative explained variance.,,"It's used to calculate the principal components., It's used to calculate the eigenvalues.",It may not preserve the interpretability of the original features.,Different eigenvectors and different eigenvalues of the covariance matrix.,Equal for all principal components (All Equal).,0,log2(n),100.0,,"Filter method., Backward elimination.",n - m eigenvalues will be zero.,To evaluate a large number of features and select a few for the final implementation.,Information gain measures how much a feature reduces uncertainty about the target variable when added to the model.,The level of unpredictability or disorder in the data when using a feature.,"The search strategy is responsible for guiding the search process efficiently, while the objective function evaluates the quality of candidate feature subsets.",Combines information from two parent feature subsets to create new feature subsets.,Unsupervised methods do not require labels for feature selection.,They may miss complex relationships and interactions between features.,Filter methods evaluate features independently using statistical measures.
AwYMPKmPfMTD,2023-11-07 21:30:24.684,22,To create complex models.,Reduce the number of irrelevant or redundant features,Principal Component Analysis (PCA).,To reduce the number of features.,By their magnitude of eigenvalues.,It helps to interpret the meaning of the original features.,"Only selects the most important features, without creating new ones.",Used to identify the principal components.,Linear combinations of the original features.,The first principal component.,"By choosing a fixed number., Based on cumulative explained variance.",PC1 and PC2 are always orthogonal to each other.,"It's used to calculate the eigenvalues., It's used to calculate the principal components.",It may not preserve the interpretability of the original features.,"The same eigenvectors, but different eigenvalues of the covariance matrix.",Equal for all principal components (All Equal).,0,log2(n),100.0,Wrapper methods.,Filter method.,n - m eigenvalues will be zero.,To evaluate a large number of features and select a few for the final implementation.,Information gain is independent of the target variable.,The level of unpredictability or disorder in the data when using a feature.,"The search strategy is responsible for guiding the search process efficiently, while the objective function evaluates the quality of candidate feature subsets.",Combines information from two parent feature subsets to create new feature subsets.,Unsupervised methods handle feature interaction effectively.,They may miss complex relationships and interactions between features.,Filter methods evaluate features independently using statistical measures.
8JOElN1piVew,2023-11-07 21:31:10.980,22,"To improve model performance., To reduce model complexity.",Reduce the number of irrelevant or redundant features,Principal Component Analysis (PCA).,To reduce the number of features.,By their magnitude of eigenvalues.,"It guarantees that no information is lost during dimensionality reduction., It helps to interpret the meaning of the original features.","Only selects the most important features, without creating new ones.",Used to identify the principal components.,"Original features of the dataset., Linear combinations of the original features.",The first principal component.,"By choosing a fixed number., Based on cumulative explained variance.",PC1 and PC2 are always orthogonal to each other.,"It's used to calculate the principal components., It's used to calculate the eigenvalues.",It may not preserve the interpretability of the original features.,"The same eigenvectors, but different eigenvalues of the covariance matrix.",Equal for all principal components (All Equal).,0,log2(n),100.0,Wrapper methods.,Filter method.,n - m eigenvalues will be zero.,To evaluate a large number of features and select a few for the final implementation.,Information gain is independent of the target variable.,The level of unpredictability or disorder in the data when using a feature.,"The search strategy is responsible for guiding the search process efficiently, while the objective function evaluates the quality of candidate feature subsets.",Combines information from two parent feature subsets to create new feature subsets.,Unsupervised methods handle feature interaction effectively.,They may miss complex relationships and interactions between features.,Filter methods evaluate features independently using statistical measures.
sg62FVLFX6BW,2023-11-07 21:45:51.829,22,"To improve model performance., To reduce model complexity.","Reduce the number of irrelevant or redundant features, Enhance the interpretability of the model, Create new features from the existing ones",Principal Component Analysis (PCA).,To reduce the number of features.,By their magnitude of eigenvalues.,"It is not affected by multicollinearity in the data., It can be applied to high-dimensional data efficiently., It guarantees that no information is lost during dimensionality reduction.",Create new features to the dataset.,"Used to identify the principal components., Determine the direction of the principal components.",Linear combinations of the original features.,The first principal component.,Based on cumulative explained variance.,PC1 and PC2 are always orthogonal to each other.,"It's used to calculate the principal components., It's used to calculate the eigenvalues.",It may not preserve the interpretability of the original features.,The same eigenvectors and eigenvalues of the covariance matrix.,Equal for all principal components (All Equal).,0,log2(n),1.0,Wrapper methods.,Filter method.,n - m eigenvalues will be zero.,To evaluate a large number of features and select a few for the final implementation.,Information gain measures how much a feature reduces uncertainty about the target variable when added to the model.,The level of unpredictability or disorder in the data when using a feature.,"The search strategy is responsible for guiding the search process efficiently, while the objective function evaluates the quality of candidate feature subsets., The objective function guides the search strategy in finding feature subsets, while the search strategy quantifies the quality of subsets.",Combines information from two parent feature subsets to create new feature subsets.,"Unsupervised methods handle feature interaction effectively., Unsupervised methods do not require labels for feature selection.",They may miss complex relationships and interactions between features.,Filter methods evaluate features independently using statistical measures.
k4QQVURTfMls,2023-11-07 18:16:50.375,21,"To improve model performance., To increase the number of features.",Reduce the number of irrelevant or redundant features,Principal Component Analysis (PCA).,To reduce the number of features.,By their magnitude of eigenvalues.,It can be applied to high-dimensional data efficiently.,"Only selects the most important features, without creating new ones.",Used to identify the principal components.,Linear combinations of the original features.,The first principal component.,Based on cumulative explained variance.,PC1 and PC2 are always orthogonal to each other.,It's used to calculate the principal components.,It may not preserve the interpretability of the original features.,Different eigenvectors and the same eigenvalues of the covariance matrix.,Equal for all principal components (All Equal).,0,1/(n-1),100.0,Wrapper methods.,Filter method.,m eigenvalues will be zero.,To evaluate a large number of features and select a few for the final implementation.,Information gain measures how much a feature reduces uncertainty about the target variable when added to the model.,"The level of unpredictability or disorder in the data when using a feature., Impurity is not relevant in feature selection.","The search strategy is responsible for guiding the search process efficiently, while the objective function evaluates the quality of candidate feature subsets.",Combines information from two parent feature subsets to create new feature subsets.,Unsupervised methods do not require labels for feature selection.,They may miss complex relationships and interactions between features.,Filter methods evaluate features independently using statistical measures.
AgiWXtLnmm9y,2023-11-07 20:16:50.874,21,"To reduce model complexity., To improve model performance.","Reduce the number of irrelevant or redundant features, Enhance the interpretability of the model, Create new features from the existing ones",Principal Component Analysis (PCA).,To reduce the number of features.,By their magnitude of eigenvalues.,"It can be applied to high-dimensional data efficiently., It helps to interpret the meaning of the original features.",Create new features to the dataset.,"Used to identify the principal components., Determine the direction of the principal components.","Linear combinations of the original features., The features selected through feature selection.",The first principal component.,"By choosing a fixed number., Based on cumulative explained variance.",PC1 and PC2 are always orthogonal to each other.,"It's used to calculate the eigenvalues., It's used to calculate the principal components.","It can be sensitive to outliers in the data., It may not preserve the interpretability of the original features.","The same eigenvectors, but different eigenvalues of the covariance matrix.",Equal for all principal components (All Equal).,0,1,100.0,Wrapper methods.,Filter method.,n - m eigenvalues will be zero.,To evaluate a large number of features and select a few for the final implementation.,Information gain measures how much a feature reduces uncertainty about the target variable when added to the model.,The level of unpredictability or disorder in the data when using a feature.,"The search strategy is responsible for guiding the search process efficiently, while the objective function evaluates the quality of candidate feature subsets.",Combines information from two parent feature subsets to create new feature subsets.,Unsupervised methods do not require labels for feature selection.,They may miss complex relationships and interactions between features.,"Filter methods evaluate features independently using statistical measures., Filter methods rely on domain knowledge for feature selection."
pMrOo2QfC0Kp,2023-11-07 20:16:58.116,21,"To improve model performance., To reduce model complexity.","Create new features from the existing ones, Reduce the number of irrelevant or redundant features, Enhance the interpretability of the model",Principal Component Analysis (PCA).,To reduce the number of features.,"By their correlation with the target variable., By their magnitude of eigenvalues.","It can be applied to high-dimensional data efficiently., It helps to interpret the meaning of the original features.",Create new features to the dataset.,"Used to identify the principal components., Determine the direction of the principal components.","Linear combinations of the original features., The features selected through feature selection.",The first principal component.,"By choosing a fixed number., Based on cumulative explained variance., Chosen randomly.",PC1 and PC2 are always orthogonal to each other.,"It's used to calculate the eigenvalues., It's used to calculate the principal components.",It can be sensitive to outliers in the data.,"The same eigenvectors, but different eigenvalues of the covariance matrix.",Equal for all principal components (All Equal).,0,1,100.0,Wrapper methods.,Filter method.,n - m eigenvalues will be zero.,To evaluate a large number of features and select a few for the final implementation.,Information gain measures how much a feature reduces uncertainty about the target variable when added to the model.,The level of unpredictability or disorder in the data when using a feature.,"The search strategy is responsible for guiding the search process efficiently, while the objective function evaluates the quality of candidate feature subsets.",Combines information from two parent feature subsets to create new feature subsets.,Unsupervised methods do not require labels for feature selection.,They may miss complex relationships and interactions between features.,Filter methods evaluate features independently using statistical measures.
By0gyab68WPW,2023-11-07 20:30:21.726,21,"To improve model performance., To reduce model complexity.","Reduce the number of irrelevant or redundant features, Enhance the interpretability of the model",Decision Trees.,To reduce the number of features.,By their magnitude of eigenvalues.,"It can be applied to high-dimensional data efficiently., It helps to interpret the meaning of the original features.",Create new features to the dataset.,"Used to identify the principal components., Determine the direction of the principal components.",Linear combinations of the original features.,The first principal component.,Based on cumulative explained variance.,PC1 and PC2 are always orthogonal to each other.,It's used to calculate the eigenvalues.,"It can be sensitive to outliers in the data., It may not preserve the interpretability of the original features., It is computationally expensive.",The same eigenvectors and eigenvalues of the covariance matrix.,Equal for all principal components (All Equal).,0,1,1.0,Wrapper methods.,Filter method.,n - m eigenvalues will be zero.,To evaluate a large number of features and select a few for the final implementation.,Information gain measures how much a feature reduces uncertainty about the target variable when added to the model.,The level of unpredictability or disorder in the data when using a feature.,"The search strategy is responsible for guiding the search process efficiently, while the objective function evaluates the quality of candidate feature subsets.",Combines information from two parent feature subsets to create new feature subsets.,Unsupervised methods do not require labels for feature selection.,They may miss complex relationships and interactions between features.,Filter methods evaluate features independently using statistical measures.
YA6aMV1xcGv9,2023-11-07 21:06:57.885,21,"To improve model performance., To reduce model complexity.","Reduce the number of irrelevant or redundant features, Enhance the interpretability of the model",Principal Component Analysis (PCA).,To reduce the number of features.,"By their magnitude of eigenvalues., By their position in the original dataset.","It is not affected by multicollinearity in the data., It can be applied to high-dimensional data efficiently.",Create new features to the dataset.,"Determine the direction of the principal components., Used to identify the principal components.",Linear combinations of the original features.,The first principal component.,Based on cumulative explained variance.,PC1 and PC2 are always orthogonal to each other.,"It's used to calculate the principal components., It's used to calculate the eigenvalues.",It may not preserve the interpretability of the original features.,The same eigenvectors and eigenvalues of the covariance matrix.,Equal for all principal components (All Equal).,0,log2(n),1.0,"Wrapper methods., Filter methods.",Filter method.,n - m eigenvalues will be zero.,To evaluate a large number of features and select a few for the final implementation.,Information gain measures how much a feature reduces uncertainty about the target variable when added to the model.,The level of unpredictability or disorder in the data when using a feature.,"The objective function guides the search strategy in finding feature subsets, while the search strategy quantifies the quality of subsets., The search strategy is responsible for guiding the search process efficiently, while the objective function evaluates the quality of candidate feature subsets.",Combines information from two parent feature subsets to create new feature subsets.,Unsupervised methods do not require labels for feature selection.,They may miss complex relationships and interactions between features.,"Filter methods are computationally intensive and thorough., Filter methods evaluate features independently using statistical measures."
eH9XZKUjDCDF,2023-11-07 21:09:37.327,21,To improve model performance.,Reduce the number of irrelevant or redundant features,Principal Component Analysis (PCA).,To reduce the number of features.,By their magnitude of eigenvalues.,It can be applied to high-dimensional data efficiently.,Create new features to the dataset.,"Used to identify the principal components., Determine the direction of the principal components.",Linear combinations of the original features.,The first principal component.,Based on cumulative explained variance.,PC1 and PC2 are always orthogonal to each other.,It's used to calculate the eigenvalues.,It may not preserve the interpretability of the original features.,The same eigenvectors and eigenvalues of the covariance matrix.,Equal for all principal components (All Equal).,0,log2(n),1.0,Unsupervised feature selection.,Filter method.,No eigenvalues will be zero.,To evaluate a large number of features and select a few for the final implementation.,Information gain measures how much a feature reduces uncertainty about the target variable when added to the model.,The level of unpredictability or disorder in the data when using a feature.,"The search strategy is responsible for guiding the search process efficiently, while the objective function evaluates the quality of candidate feature subsets.",Combines information from two parent feature subsets to create new feature subsets.,Unsupervised methods do not require labels for feature selection.,They may miss complex relationships and interactions between features.,Filter methods evaluate features independently using statistical measures.
ROaS3EN46XLy,2023-11-07 21:09:38.054,21,To improve model performance.,Reduce the number of irrelevant or redundant features,Principal Component Analysis (PCA).,To reduce the number of features.,By their magnitude of eigenvalues.,It can be applied to high-dimensional data efficiently.,Create new features to the dataset.,"Determine the direction of the principal components., Used to identify the principal components.",Linear combinations of the original features.,The first principal component.,Based on cumulative explained variance.,PC1 and PC2 are always orthogonal to each other.,It's used to calculate the eigenvalues.,It may not preserve the interpretability of the original features.,The same eigenvectors and eigenvalues of the covariance matrix.,Equal for all principal components (All Equal).,0,log2(n),1.0,Unsupervised feature selection.,Filter method.,No eigenvalues will be zero.,To evaluate a large number of features and select a few for the final implementation.,Information gain measures how much a feature reduces uncertainty about the target variable when added to the model.,The level of unpredictability or disorder in the data when using a feature.,"The search strategy is responsible for guiding the search process efficiently, while the objective function evaluates the quality of candidate feature subsets.",Combines information from two parent feature subsets to create new feature subsets.,Unsupervised methods do not require labels for feature selection.,They may miss complex relationships and interactions between features.,Filter methods evaluate features independently using statistical measures.
aeQlX5jbZHXw,2023-11-07 21:23:16.584,21,To improve model performance.,Reduce the number of irrelevant or redundant features,Principal Component Analysis (PCA).,To reduce the number of features.,By their magnitude of eigenvalues.,It can be applied to high-dimensional data efficiently.,Create new features to the dataset.,"Used to identify the principal components., Determine the direction of the principal components.",Linear combinations of the original features.,The first principal component.,Based on cumulative explained variance.,PC1 and PC2 are always orthogonal to each other.,It's used to calculate the eigenvalues.,It may not preserve the interpretability of the original features.,The same eigenvectors and eigenvalues of the covariance matrix.,Equal for all principal components (All Equal).,0,log2(n),1.0,Unsupervised feature selection.,Filter method.,No eigenvalues will be zero.,To evaluate a large number of features and select a few for the final implementation.,Information gain measures how much a feature reduces uncertainty about the target variable when added to the model.,The level of unpredictability or disorder in the data when using a feature.,"The search strategy is responsible for guiding the search process efficiently, while the objective function evaluates the quality of candidate feature subsets.",Combines information from two parent feature subsets to create new feature subsets.,Unsupervised methods do not require labels for feature selection.,They may miss complex relationships and interactions between features.,Filter methods evaluate features independently using statistical measures.
wlfxRfJtBw5L,2023-11-07 21:32:09.850,21,"To improve model performance., To reduce model complexity.",Reduce the number of irrelevant or redundant features,Principal Component Analysis (PCA).,To reduce the number of features.,By their magnitude of eigenvalues.,It helps to interpret the meaning of the original features.,"Only selects the most important features, without creating new ones.",Used to identify the principal components.,"Linear combinations of the original features., The features selected through feature selection.",The first principal component.,"By choosing a fixed number., Based on cumulative explained variance.",PC1 and PC2 are always orthogonal to each other.,"It's used to calculate the principal components., It's used to calculate the eigenvalues.",It may not preserve the interpretability of the original features.,"The same eigenvectors, but different eigenvalues of the covariance matrix.",Equal for all principal components (All Equal).,0,log2(n),100.0,Wrapper methods.,Filter method.,n - m eigenvalues will be zero.,To evaluate a large number of features and select a few for the final implementation.,Information gain is independent of the target variable.,The level of unpredictability or disorder in the data when using a feature.,"The objective function guides the search strategy in finding feature subsets, while the search strategy quantifies the quality of subsets.",Combines information from two parent feature subsets to create new feature subsets.,Unsupervised methods handle feature interaction effectively.,They may miss complex relationships and interactions between features.,Filter methods evaluate features independently using statistical measures.
Mcvs7l2qNfTq,2023-11-07 21:43:17.611,21,To improve model performance.,Reduce the number of irrelevant or redundant features,Principal Component Analysis (PCA).,To reduce the number of features.,By their magnitude of eigenvalues.,It can be applied to high-dimensional data efficiently.,Create new features to the dataset.,"Used to identify the principal components., Determine the direction of the principal components.",Linear combinations of the original features.,The first principal component.,Based on cumulative explained variance.,PC1 and PC2 are always orthogonal to each other.,It's used to calculate the eigenvalues.,It may not preserve the interpretability of the original features.,The same eigenvectors and eigenvalues of the covariance matrix.,Equal for all principal components (All Equal).,0,log2(n),1.0,Unsupervised feature selection.,Filter method.,No eigenvalues will be zero.,To evaluate a large number of features and select a few for the final implementation.,Information gain measures how much a feature reduces uncertainty about the target variable when added to the model.,The level of unpredictability or disorder in the data when using a feature.,"The search strategy is responsible for guiding the search process efficiently, while the objective function evaluates the quality of candidate feature subsets.",Combines information from two parent feature subsets to create new feature subsets.,Unsupervised methods do not require labels for feature selection.,They may miss complex relationships and interactions between features.,Filter methods evaluate features independently using statistical measures.
IWu147zvpRWb,2023-11-07 21:43:52.020,21,"To reduce model complexity., To improve model performance.","Enhance the interpretability of the model, Reduce the number of irrelevant or redundant features",Principal Component Analysis (PCA).,To reduce the number of features.,By their correlation with the target variable.,"It can be applied to high-dimensional data efficiently., It is not affected by multicollinearity in the data., It helps to interpret the meaning of the original features.","Create new features to the dataset., Converts categorical variables into numerical ones.",Used to identify the principal components.,Linear combinations of the original features.,The first principal component.,Based on cumulative explained variance.,PC1 and PC2 are always orthogonal to each other.,It's used to calculate the principal components.,"It can be sensitive to outliers in the data., It may not preserve the interpretability of the original features.",The same eigenvectors and eigenvalues of the covariance matrix.,Varied (Different).,0,log2(n),1.0,Wrapper methods.,Filter method.,n - m eigenvalues will be zero.,To evaluate a large number of features and select a few for the final implementation.,Information gain measures how much a feature reduces uncertainty about the target variable when added to the model.,The level of unpredictability or disorder in the data when using a feature.,"The search strategy is responsible for guiding the search process efficiently, while the objective function evaluates the quality of candidate feature subsets.",Combines information from two parent feature subsets to create new feature subsets.,Unsupervised methods do not require labels for feature selection.,They may miss complex relationships and interactions between features.,Filter methods evaluate features independently using statistical measures.
bUBpyoQOQ4Ov,2023-11-07 21:45:52.488,21,"To improve model performance., To reduce model complexity.","Enhance the interpretability of the model, Reduce the number of irrelevant or redundant features",Principal Component Analysis (PCA).,To reduce the number of features.,By their magnitude of eigenvalues.,"It is not affected by multicollinearity in the data., It can be applied to high-dimensional data efficiently., It guarantees that no information is lost during dimensionality reduction.","Converts categorical variables into numerical ones., Create new features to the dataset.","Used to identify the principal components., Determine the direction of the principal components.",Linear combinations of the original features.,The first principal component.,Based on cumulative explained variance.,PC1 and PC2 are always orthogonal to each other.,"It's used to calculate the principal components., It's used to calculate the eigenvalues.","It can be sensitive to outliers in the data., It may not preserve the interpretability of the original features.",The same eigenvectors and eigenvalues of the covariance matrix.,Equal for all principal components (All Equal).,0,log2(n),1.0,Wrapper methods.,Filter method.,n - m eigenvalues will be zero.,To evaluate a large number of features and select a few for the final implementation.,Information gain measures how much a feature reduces uncertainty about the target variable when added to the model.,The level of unpredictability or disorder in the data when using a feature.,"The search strategy is responsible for guiding the search process efficiently, while the objective function evaluates the quality of candidate feature subsets., The objective function guides the search strategy in finding feature subsets, while the search strategy quantifies the quality of subsets.",Combines information from two parent feature subsets to create new feature subsets.,"Unsupervised methods handle feature interaction effectively., Unsupervised methods do not require labels for feature selection.",They may miss complex relationships and interactions between features.,Filter methods evaluate features independently using statistical measures.
VTLAbK1PHg7B,2023-11-07 21:51:07.322,21,"To improve model performance., To reduce model complexity.","Reduce the number of irrelevant or redundant features, Enhance the interpretability of the model",Principal Component Analysis (PCA).,To reduce the number of features.,"By their magnitude of eigenvalues., By their correlation with the target variable.","It helps to interpret the meaning of the original features., It can be applied to high-dimensional data efficiently., It is not affected by multicollinearity in the data.",Create new features to the dataset.,Used to identify the principal components.,Linear combinations of the original features.,The first principal component.,Based on cumulative explained variance.,PC1 and PC2 are always orthogonal to each other.,"It's used to calculate the eigenvalues., It's used to calculate the principal components.",It may not preserve the interpretability of the original features.,Different eigenvectors and the same eigenvalues of the covariance matrix.,Equal for all principal components (All Equal).,1,log2(n),1.0,Filter methods.,Filter method.,No eigenvalues will be zero.,To evaluate a large number of features and select a few for the final implementation.,Information gain measures how much a feature reduces uncertainty about the target variable when added to the model.,Impurity is not relevant in feature selection.,"The search strategy is responsible for guiding the search process efficiently, while the objective function evaluates the quality of candidate feature subsets.",Combines information from two parent feature subsets to create new feature subsets.,Unsupervised methods do not require labels for feature selection.,They may miss complex relationships and interactions between features.,"Filter methods rely on domain knowledge for feature selection., Filter methods evaluate features independently using statistical measures."
E9vMd75UB2be,2023-11-07 18:57:39.591,20,To reduce model complexity.,Reduce the number of irrelevant or redundant features,Principal Component Analysis (PCA).,To reduce the number of features.,By their magnitude of eigenvalues.,"It is not affected by multicollinearity in the data., It can be applied to high-dimensional data efficiently.",Converts categorical variables into numerical ones.,Used to identify the principal components.,Linear combinations of the original features.,The first principal component.,Based on cumulative explained variance.,PC1 and PC2 are always orthogonal to each other.,"It's used to calculate the principal components., It's used to calculate the eigenvalues.",It may not preserve the interpretability of the original features.,The same eigenvectors and eigenvalues of the covariance matrix.,All equal to zero (All equal to Zero).,0,1,100.0,Wrapper methods.,Filter method.,n - m eigenvalues will be zero.,To evaluate a large number of features and select a few for the final implementation.,Information gain measures how much a feature reduces uncertainty about the target variable when added to the model.,The level of unpredictability or disorder in the data when using a feature.,"The objective function guides the search strategy in finding feature subsets, while the search strategy quantifies the quality of subsets.",Combines information from two parent feature subsets to create new feature subsets.,,They may miss complex relationships and interactions between features.,Filter methods evaluate features independently using statistical measures.
r5xiR4T4onQf,2023-11-07 20:10:05.529,20,"To improve model performance., To reduce model complexity.","Enhance the interpretability of the model, Reduce the number of irrelevant or redundant features",Principal Component Analysis (PCA).,To reduce the number of features.,By their correlation with the target variable.,"It can be applied to high-dimensional data efficiently., It guarantees that no information is lost during dimensionality reduction.",Create new features to the dataset.,Determine the direction of the principal components.,The most important data points.,The first principal component.,Based on cumulative explained variance.,PC1 and PC2 are always orthogonal to each other.,It's used to calculate the eigenvalues.,It may not preserve the interpretability of the original features.,Different eigenvectors and different eigenvalues of the covariance matrix.,Equal for all principal components (All Equal).,0,1,1.0,Wrapper methods.,Filter method.,No eigenvalues will be zero.,To evaluate a large number of features and select a few for the final implementation.,Information gain measures how much a feature reduces uncertainty about the target variable when added to the model.,The level of unpredictability or disorder in the data when using a feature.,"The search strategy is responsible for guiding the search process efficiently, while the objective function evaluates the quality of candidate feature subsets.",Combines information from two parent feature subsets to create new feature subsets.,Unsupervised methods do not require labels for feature selection.,They may miss complex relationships and interactions between features.,Filter methods evaluate features independently using statistical measures.
WNh0afD7QG4d,2023-11-07 20:16:37.942,20,"To improve model performance., To reduce model complexity.","Reduce the number of irrelevant or redundant features, Create new features from the existing ones, Enhance the interpretability of the model",Principal Component Analysis (PCA).,To reduce the number of features.,"By their magnitude of eigenvalues., By their correlation with the target variable.","It can be applied to high-dimensional data efficiently., It helps to interpret the meaning of the original features.","Only selects the most important features, without creating new ones., Create new features to the dataset.","Determine the direction of the principal components., Used to identify the principal components.","Linear combinations of the original features., The features selected through feature selection.",The first principal component.,"By choosing a fixed number., Based on cumulative explained variance.",PC1 and PC2 are always orthogonal to each other.,"It's used to calculate the eigenvalues., It's used to calculate the principal components.","It may not preserve the interpretability of the original features., It can be sensitive to outliers in the data.","The same eigenvectors, but different eigenvalues of the covariance matrix.",Equal for all principal components (All Equal).,0,1,100.0,Wrapper methods.,Filter method.,n - m eigenvalues will be zero.,To evaluate a large number of features and select a few for the final implementation.,Information gain measures how much a feature reduces uncertainty about the target variable when added to the model.,The level of unpredictability or disorder in the data when using a feature.,"The search strategy is responsible for guiding the search process efficiently, while the objective function evaluates the quality of candidate feature subsets.",Combines information from two parent feature subsets to create new feature subsets.,Unsupervised methods do not require labels for feature selection.,They may miss complex relationships and interactions between features.,Filter methods evaluate features independently using statistical measures.
m8rfSXHUenxh,2023-11-07 20:38:59.331,20,"To reduce model complexity., To improve model performance.","Enhance the interpretability of the model, Reduce the number of irrelevant or redundant features",Principal Component Analysis (PCA).,To reduce the number of features.,By their magnitude of eigenvalues.,"It can be applied to high-dimensional data efficiently., It is not affected by multicollinearity in the data.",Create new features to the dataset.,"Used to identify the principal components., Determine the direction of the principal components.",The features selected through feature selection.,The first principal component.,"By choosing a fixed number., Based on cumulative explained variance.",PC1 and PC2 are always orthogonal to each other.,"It's used to calculate the principal components., It's used to calculate the eigenvalues.","It may not preserve the interpretability of the original features., It is computationally expensive., It can be sensitive to outliers in the data.",The same eigenvectors and eigenvalues of the covariance matrix.,Equal for all principal components (All Equal).,0,log2(n),100.0,Wrapper methods.,Wrapper method.,n - m eigenvalues will be zero.,To reduce the generalization capabilities of the model.,Information gain measures how much a feature reduces uncertainty about the target variable when added to the model.,The level of unpredictability or disorder in the data when using a feature.,"The objective function guides the search strategy in finding feature subsets, while the search strategy quantifies the quality of subsets., The search strategy is responsible for guiding the search process efficiently, while the objective function evaluates the quality of candidate feature subsets.",Combines information from two parent feature subsets to create new feature subsets.,Unsupervised methods do not require labels for feature selection.,They may miss complex relationships and interactions between features.,Filter methods evaluate features independently using statistical measures.
cn7NB6JfQDTq,2023-11-07 21:48:19.545,20,To reduce model complexity.,Reduce the number of irrelevant or redundant features,"Information Gain., Forward Selection., Recursive Feature Elimination (RFE).","To make the data non-linear., To reduce the number of features.",By their magnitude of eigenvalues.,It can be applied to high-dimensional data efficiently.,Create new features to the dataset.,Used to identify the principal components.,Linear combinations of the original features.,The first principal component.,Based on cumulative explained variance.,PC1 and PC2 are always orthogonal to each other.,It's used to calculate the eigenvalues.,"It may not preserve the interpretability of the original features., It is computationally expensive., It can be sensitive to outliers in the data.","The same eigenvectors, but different eigenvalues of the covariance matrix.",Equal for all principal components (All Equal).,1,log2(n),100.0,Filter methods.,Filter method.,m eigenvalues will be zero.,To evaluate a large number of features and select a few for the final implementation.,Information gain measures how much a feature reduces uncertainty about the target variable when added to the model.,The level of unpredictability or disorder in the data when using a feature.,"The search strategy is responsible for guiding the search process efficiently, while the objective function evaluates the quality of candidate feature subsets.",Combines information from two parent feature subsets to create new feature subsets.,Unsupervised methods do not require labels for feature selection.,They require domain knowledge for effective use.,Filter methods evaluate features independently using statistical measures.
KNvidOVZPDzA,2023-11-07 17:44:47.495,19,To reduce model complexity.,Reduce the number of irrelevant or redundant features,Principal Component Analysis (PCA).,To reduce the number of features.,By their magnitude of eigenvalues.,It can be applied to high-dimensional data efficiently.,"Only selects the most important features, without creating new ones.",Determine the direction of the principal components.,Linear combinations of the original features.,It depends on the dataset.,Based on cumulative explained variance.,PC1 and PC2 are always orthogonal to each other.,It's used to calculate the eigenvalues.,It may not preserve the interpretability of the original features.,Different eigenvectors and the same eigenvalues of the covariance matrix.,Equal for all principal components (All Equal).,1,log2(n),1.0,Wrapper methods.,Wrapper method.,m eigenvalues will be zero.,To evaluate a large number of features and select a few for the final implementation.,Information gain measures how much a feature reduces uncertainty about the target variable when added to the model.,The level of unpredictability or disorder in the data when using a feature.,"The search strategy is responsible for guiding the search process efficiently, while the objective function evaluates the quality of candidate feature subsets.",Combines information from two parent feature subsets to create new feature subsets.,Unsupervised methods do not require labels for feature selection.,They may miss complex relationships and interactions between features.,Filter methods evaluate features independently using statistical measures.
GiEhMndZmOa5,2023-11-07 21:38:32.377,19,"To improve model performance., To reduce model complexity.","Enhance the interpretability of the model, Reduce the number of irrelevant or redundant features",Principal Component Analysis (PCA).,To reduce the number of features.,By their magnitude of eigenvalues.,"It can be applied to high-dimensional data efficiently., It is not affected by multicollinearity in the data., It helps to interpret the meaning of the original features.",Create new features to the dataset.,Used to identify the principal components.,Linear combinations of the original features.,The first principal component.,"By choosing a fixed number., Based on cumulative explained variance.",PC1 and PC2 are always orthogonal to each other.,"It's used to calculate the eigenvalues., It's used to calculate the principal components.","It may not preserve the interpretability of the original features., It is computationally expensive.",The same eigenvectors and eigenvalues of the covariance matrix.,Equal for all principal components (All Equal).,0,1,100.0,Wrapper methods.,Backward elimination.,n - m eigenvalues will be zero.,To evaluate a large number of features and select a few for the final implementation.,"Information gain is always high for features with high cardinality., Information gain measures how much a feature reduces uncertainty about the target variable when added to the model.",The level of unpredictability or disorder in the data when using a feature.,"The search strategy is responsible for guiding the search process efficiently, while the objective function evaluates the quality of candidate feature subsets.",Combines information from two parent feature subsets to create new feature subsets.,"Unsupervised methods guarantee the selection of the best features., Unsupervised methods do not require labels for feature selection.","They may miss complex relationships and interactions between features., They require domain knowledge for effective use.","Filter methods evaluate features independently using statistical measures., Filter methods optimize for specific machine learning algorithms."
9xt9EeOQtcXZ,2023-11-07 21:54:26.446,19,To reduce model complexity.,Reduce the number of irrelevant or redundant features,Principal Component Analysis (PCA).,To create correlated features.,By their magnitude of eigenvalues.,It can be applied to high-dimensional data efficiently.,"Only selects the most important features, without creating new ones.",Used to identify the principal components.,Linear combinations of the original features.,The first principal component.,Based on cumulative explained variance.,PC1 and PC2 are always orthogonal to each other.,It's transformed into a correlation matrix.,It can be sensitive to outliers in the data.,Different eigenvectors and the same eigenvalues of the covariance matrix.,Equal for all principal components (All Equal).,0,1,1000.0,Wrapper methods.,Filter method.,n - m eigenvalues will be zero.,To evaluate a large number of features and select a few for the final implementation.,Information gain measures how much a feature reduces uncertainty about the target variable when added to the model.,The level of unpredictability or disorder in the data when using a feature.,"The search strategy is responsible for guiding the search process efficiently, while the objective function evaluates the quality of candidate feature subsets.",Combines information from two parent feature subsets to create new feature subsets.,"Unsupervised methods handle feature interaction effectively., Unsupervised methods do not require labels for feature selection.",They may miss complex relationships and interactions between features.,Filter methods evaluate features independently using statistical measures.
B0dezLVzpGHZ,2023-11-07 19:40:51.371,18,To reduce model complexity.,Reduce the number of irrelevant or redundant features,Principal Component Analysis (PCA).,To reduce the number of features.,By their magnitude of eigenvalues.,"It guarantees that no information is lost during dimensionality reduction., It can be applied to high-dimensional data efficiently.","Only selects the most important features, without creating new ones.","Determine the direction of the principal components., Used to identify the principal components.","The features selected through feature selection., Original features of the dataset.",The first principal component.,Based on cumulative explained variance.,PC1 and PC2 are always orthogonal to each other.,It's used to calculate the eigenvalues.,It may not preserve the interpretability of the original features.,"The same eigenvectors, but different eigenvalues of the covariance matrix.",Equal for all principal components (All Equal).,0,log2(n),1.0,"Unsupervised feature selection., Wrapper methods.","Wrapper method., Filter method.",n - m eigenvalues will be zero.,To evaluate a large number of features and select a few for the final implementation.,Information gain measures how much a feature reduces uncertainty about the target variable when added to the model.,The level of unpredictability or disorder in the data when using a feature.,"The search strategy is responsible for guiding the search process efficiently, while the objective function evaluates the quality of candidate feature subsets.",Combines information from two parent feature subsets to create new feature subsets.,"Unsupervised methods handle feature interaction effectively., Unsupervised methods do not require labels for feature selection.",They may miss complex relationships and interactions between features.,Filter methods evaluate features independently using statistical measures.
PgdsGKsedBAl,2023-11-07 21:43:36.278,18,"To improve model performance., To reduce model complexity.",Reduce the number of irrelevant or redundant features,Forward Selection.,To create correlated features.,By their magnitude of eigenvalues.,It can be applied to high-dimensional data efficiently.,Create new features to the dataset.,Used to identify the principal components.,Linear combinations of the original features.,The first principal component.,Based on cumulative explained variance.,PC1 and PC2 are always orthogonal to each other.,"It's used to calculate the principal components., It's used to calculate the eigenvalues.",It may not preserve the interpretability of the original features.,Different eigenvectors and the same eigenvalues of the covariance matrix.,Equal for all principal components (All Equal).,1,1,1.0,Filter methods.,Wrapper method.,m eigenvalues will be zero.,To evaluate a large number of features and select a few for the final implementation.,Information gain measures how much a feature reduces uncertainty about the target variable when added to the model.,The level of unpredictability or disorder in the data when using a feature.,"The search strategy is responsible for guiding the search process efficiently, while the objective function evaluates the quality of candidate feature subsets.",Combines information from two parent feature subsets to create new feature subsets.,Unsupervised methods optimize for prediction accuracy.,They may miss complex relationships and interactions between features.,Filter methods rely on domain knowledge for feature selection.
Ui0yLwC2YxnT,2023-11-07 22:01:36.274,17,"To improve model performance., To reduce model complexity.",Reduce the number of irrelevant or redundant features,Principal Component Analysis (PCA).,To create correlated features.,By their magnitude of eigenvalues.,It guarantees that no information is lost during dimensionality reduction.,,Used to identify the principal components.,Linear combinations of the original features.,,Based on cumulative explained variance.,PC1 and PC2 are always orthogonal to each other.,It's used to calculate the principal components.,It may not preserve the interpretability of the original features.,The same eigenvectors and eigenvalues of the covariance matrix.,,1,log2(n),100.0,Wrapper methods.,Filter method.,m eigenvalues will be zero.,To evaluate a large number of features and select a few for the final implementation.,Information gain measures how much a feature reduces uncertainty about the target variable when added to the model.,The level of unpredictability or disorder in the data when using a feature.,"The search strategy is responsible for guiding the search process efficiently, while the objective function evaluates the quality of candidate feature subsets.",Combines information from two parent feature subsets to create new feature subsets.,,,
y9lkze6lHiAa,2023-11-07 19:39:51.294,16,"To improve model performance., To reduce model complexity.",Reduce the number of irrelevant or redundant features,Principal Component Analysis (PCA).,To reduce the number of features.,By their magnitude of eigenvalues.,"It can be applied to high-dimensional data efficiently., It is not affected by multicollinearity in the data., It helps to interpret the meaning of the original features.","Only selects the most important features, without creating new ones.",Determine the direction of the principal components.,The most important data points.,The first principal component.,Based on cumulative explained variance.,PC1 and PC2 are always orthogonal to each other.,It's used to calculate the eigenvalues.,It is computationally expensive.,The same eigenvectors and eigenvalues of the covariance matrix.,Equal for all principal components (All Equal).,1,1,1.0,"Unsupervised feature selection., Filter methods.",Filter method.,n - m eigenvalues will be zero.,To reduce the generalization capabilities of the model.,"Information gain is independent of the target variable., Information gain measures how much a feature reduces uncertainty about the target variable when added to the model.",The level of unpredictability or disorder in the data when using a feature.,"The search strategy is responsible for guiding the search process efficiently, while the objective function evaluates the quality of candidate feature subsets.",Combines information from two parent feature subsets to create new feature subsets.,Unsupervised methods do not require labels for feature selection.,They may miss complex relationships and interactions between features.,Filter methods evaluate features independently using statistical measures.
nIdSwhLzwJKt,2023-11-07 19:11:46.981,15,"To reduce model complexity., To improve model performance.",Reduce the number of irrelevant or redundant features,Principal Component Analysis (PCA).,To reduce the number of features.,By their magnitude of eigenvalues.,It guarantees that no information is lost during dimensionality reduction.,Create new features to the dataset.,"Used to sort the data., Used to identify the principal components.",Linear combinations of the original features.,The first principal component.,Based on cumulative explained variance.,PC1 and PC2 are always orthogonal to each other.,It's transformed into a correlation matrix.,"It may not preserve the interpretability of the original features., It is computationally expensive.",Different eigenvectors and different eigenvalues of the covariance matrix.,Varied (Different).,0,1,,"Filter methods., Unsupervised feature selection.",Backward elimination.,n - m eigenvalues will be zero.,"To reduce the generalization capabilities of the model., To evaluate a large number of features and select a few for the final implementation.",Information gain measures how much a feature reduces uncertainty about the target variable when added to the model.,The level of unpredictability or disorder in the data when using a feature.,"The search strategy is responsible for guiding the search process efficiently, while the objective function evaluates the quality of candidate feature subsets.",Combines information from two parent feature subsets to create new feature subsets.,"Unsupervised methods guarantee the selection of the best features., Unsupervised methods optimize for prediction accuracy., Unsupervised methods do not require labels for feature selection.","They may miss complex relationships and interactions between features., They are computationally intensive.",Filter methods evaluate features independently using statistical measures.
d5279GvwAinX,2023-11-07 21:32:43.037,14,"To improve model performance., To reduce model complexity.","Enhance the interpretability of the model, Reduce the number of irrelevant or redundant features",Principal Component Analysis (PCA).,To create correlated features.,"By their magnitude of eigenvalues., By their correlation with the target variable.","It guarantees that no information is lost during dimensionality reduction., It helps to interpret the meaning of the original features.","Converts categorical variables into numerical ones., Create new features to the dataset.",Used to identify the principal components.,"Linear combinations of the original features., The most important data points.",The first principal component.,Based on cumulative explained variance.,"PC1 and PC2 have opposite directions., PC1 and PC2 are always orthogonal to each other.",It's used to calculate the eigenvalues.,"It may not preserve the interpretability of the original features., It is computationally expensive.",Different eigenvectors and different eigenvalues of the covariance matrix.,Equal for all principal components (All Equal).,Entropy(x),1,1.0,Filter methods.,Wrapper method.,n - m eigenvalues will be zero.,To evaluate a large number of features and select a few for the final implementation.,Information gain measures how much a feature reduces uncertainty about the target variable when added to the model.,The level of unpredictability or disorder in the data when using a feature.,"The search strategy is responsible for guiding the search process efficiently, while the objective function evaluates the quality of candidate feature subsets.",Combines information from two parent feature subsets to create new feature subsets.,"Unsupervised methods handle feature interaction effectively., Unsupervised methods do not require labels for feature selection.","They may miss complex relationships and interactions between features., They are computationally intensive.","Filter methods are computationally intensive and thorough., Filter methods evaluate features independently using statistical measures."
7VpB1pGsv71N,2023-11-07 20:45:55.731,12,To reduce model complexity.,"Enhance the interpretability of the model, Reduce the number of irrelevant or redundant features","Recursive Feature Elimination (RFE)., Forward Selection.",To amplify noise in the data.,By their correlation with the target variable.,It can be applied to high-dimensional data efficiently.,Converts categorical variables into numerical ones.,Used to scale the original features.,The most important data points.,The first principal component.,By choosing a fixed number.,"PC2 is a scaled version of PC1., PC1 and PC2 are always orthogonal to each other.",It's transformed into a correlation matrix.,It can lead to overfitting.,The same eigenvectors and eigenvalues of the covariance matrix.,Equal for all principal components (All Equal).,1,n,1000.0,Wrapper methods.,Filter method.,n - m eigenvalues will be zero.,To evaluate a large number of features and select a few for the final implementation.,"Information gain measures how much a feature reduces uncertainty about the target variable when added to the model., Information gain is always high for features with high cardinality.",The complexity of the dataset after adding a feature.,"The search strategy is responsible for guiding the search process efficiently, while the objective function evaluates the quality of candidate feature subsets.",Combines information from two parent feature subsets to create new feature subsets.,Unsupervised methods do not require labels for feature selection.,They may miss complex relationships and interactions between features.,Filter methods optimize for specific machine learning algorithms.
BOOMKrcykzvF,2023-11-07 21:58:52.676,11,To reduce model complexity.,Reduce the number of irrelevant or redundant features,"Principal Component Analysis (PCA)., Decision Trees.","To amplify noise in the data., To create correlated features., To reduce the number of features.",Alphabetically.,"It can be applied to high-dimensional data efficiently., It helps to interpret the meaning of the original features.",Reduces the number of observations in the dataset.,"Used to scale the original features., Represent the number of samples in the dataset.",Linear combinations of the original features.,The first principal component.,Based on cumulative explained variance.,PC1 and PC2 are always orthogonal to each other.,It's used to calculate the eigenvalues.,"It can be sensitive to outliers in the data., It may not preserve the interpretability of the original features.",The same eigenvectors and eigenvalues of the covariance matrix.,Equal for all principal components (All Equal).,1,1,50.0,Wrapper methods.,Filter method.,m eigenvalues will be zero.,"To reduce the generalization capabilities of the model., To evaluate a large number of features and select a few for the final implementation.","Information gain measures how much a feature reduces uncertainty about the target variable when added to the model., Information gain is always high for features with high cardinality.",The level of unpredictability or disorder in the data when using a feature.,"The search strategy is responsible for guiding the search process efficiently, while the objective function evaluates the quality of candidate feature subsets.","Selects the best individual feature from the population., Combines information from two parent feature subsets to create new feature subsets.",Unsupervised methods do not require labels for feature selection.,They may miss complex relationships and interactions between features.,"Filter methods evaluate features independently using statistical measures., Filter methods rely on domain knowledge for feature selection."
