quiz_id,question_number,question_text,choice_a,choice_b,choice_c,choice_d,correct,topic,module,difficulty
java-mcqs-collection-interface,1,Which of these interface declares core method that all collections will have?,a) set,b) EventListner,c) Comparator,d) Collection,d,Collections Interface - Java Questions & Answers - Sanfoundry,Java,easy
javascript-mcqs-browser-parsing-rendering-i,10,Which is the alternate name for JavaScriptCore that is used by Safari?,a) Nitro,b) SpiderMoney,c) Carakan,d) V8,a,Browser Parsing and Rendering – I,Java,easy
java-mcqs-command-line-arguments,3,How many arguments can be passed to main()?,a) Infinite,b) Only 1,c) System Dependent,d) None of the mentioned,a,Command Line Arguments - Java Questions & Answers - Sanfoundry,Java,easy
java-questions-answers-file-directory,5,How can we get the size of specified file?,a) capacity(path),b) size(path),c) length(path),d) Path.size(),b,File and Directory,Java,easy
java-mcqs-java-lang-introduction,4,Which of these is a wrapper for simple data type float?,a) float,b) double,c) Float,d) Double,c,Java.lang Basics Questions & Answers - Sanfoundry,Java,easy
javascript-mcqs-asynchronous-io-with-rhino,8,The necessary globals of a node are defined under which namespace?,a) variables,b) system,c) process,d) using,c,Asynchronous I/O with Rhino,Java,easy
javascript-mcqs-client-side-storage,8,What is the lifetime of the data stored through localStorage ?,a) Permanent,b) Temporary,c) Both Permanent and Temporary at times,d) Cannot store,a,Client-Side Storage,Java,easy
java-mcqs-java-lang-object-math-class,4,Which of these method is a rounding function of Math class?,a) max(),b) min(),c) abs(),d) all of the mentioned,d,Java.lang - Object & Math Class Questions & Answers - Sanfoundry,Java,easy
javascript-questions-answers-entrance-exams,7,How to lazy load images?,a) Remove the rel attribute,b) Remove the src attribute,c) Make rel = src,d) Make src = rel,b,Lazy Loading – II,Java,easy
java-mcqs-java-util-vectors-stacks,2,Which of these are legacy classes?,a) Stack,b) Hashtable,c) Vector,d) All of the mentioned,d,Java.util - Vectors & Stack Questions & Answers - Sanfoundry,Java,easy
java-mcqs-event-listeners-interfaces,4,Which of these interfaces define four methods?,a) ComponentListener,b) ContainerListener,c) ActionListener,d) InputListener,a,Event Listeners Interfaces Questions & Answers - Sanfoundry,Java,easy
java-mcqs-java-lang-void-process-system-class,3,Standard output variable ‘out’ is defined in which class?,a) Void,b) Process,c) Runtime,d) System,d,"Java.lang - Void, Process & System Class Questions & Answers - Sanfoundry",Java,easy
javascript-mcqs-asynchronous-io-with-rhino,4,What is the alternative command used in Node for load()?,a) store(),b) module(),c) log(),d) require(),d,Asynchronous I/O with Rhino,Java,easy
java-mcqs-event-handling-basics,8,Which of these class is super class of all the events?,a) EventObject,b) EventClass,c) ActionEvent,d) ItemEvent,a,Event Handling - Java MCQ - Sanfoundry,Java,easy
java-mcqs-url-class,3,Which of these methods is used to know host of an URL?,a) host(),b) getHost(),c) GetHost(),d) gethost(),b,URL Class,Java,easy
java-mcqs-collection-algorithms,3,Which of these methods can randomize all elements in a list?,a) rand(),b) randomize(),c) shuffle(),d) ambiguous(),c,Collection Algorithms - Java Questions & Answers - Sanfoundry,Java,easy
java-mcqs-networking-basics,5,Which of these is a full form of DNS?,a) Data Network Service,b) Data Name Service,c) Domain Network Service,d) Domain Name Service,d,Networking Basics - Java Questions & Answers - Sanfoundry,Java,easy
java-questions-answers-data-type-enums,10,Are enums are type-safe?,a) True,b) False,,,a,Data Structures-Enums,Java,easy
java-mcqs-java-lang-void-process-system-class,6,Which of these class holds a collection of static methods and variables?,a) Void,b) Process,c) Runtime,d) System,d,"Java.lang - Void, Process & System Class Questions & Answers - Sanfoundry",Java,easy
javascript-questions-answers,2,How many parameters does the API accept?,a) 5,b) 6,c) 7,d) 8,d,Creating a Shared Configuration File using JavaScript,Java,easy
java-mcqs-core-java-api-packages,5,Which of this package is used for invoking a method remotely?,a) java.rmi,b) java.awt,c) java.util,d) java.applet,a,Core Java API Packages Questions & Answers - Sanfoundry,Java,easy
java-questions-answers-experienced,9,"At runtime, error is recoverable.",a) True,b) False,,,b,Exception Handling – 2,Java,easy
java-questions-answers-data-type-enums,1,What is the order of variables in Enum?,a) Ascending order,b) Descending order,c) Random order,d) Order of declaration or natural order,d,Data Structures-Enums,Java,easy
java-mcqs-creating-threads,2,Which of this method is used to avoid polling in Java?,a) wait(),b) notify(),c) notifyAll(),d) all of the mentioned,d,Creating Threads - Java Questions & Answers - Sanfoundry,Java,easy
advanced-java-questions-answers-design-patterns,9,Is design pattern a logical concept.,a) True,b) False,,,a,Design Patterns,Java,easy
java-mcqs-creating-exceptions,3,Which of these methods is used to print stack trace?,a) obtainStackTrace(),b) printStackTrace(),c) getStackTrace(),d) displayStackTrace(),b,Creating Exceptions - Java Questions & Answers - Sanfoundry,Java,easy
javascript-questions-answers-mcqs,7,What is the limit to matrices in R?,a) One dimensional,b) Two dimensional,c) Three dimensional,d) No limit,b,Getting Started with R – III,Java,easy
javascript-mcqs-cookies,7,How can you set a Cookie visibility scope to localStorage ?,a) /,b) %,c) *,d) //,a,Cookies,Java,easy
java-mcqs-double-float-wrappers,5,Which of these exceptions is thrown by compareTo() method defined in a double wrapper?,a) IOException,b) SystemException,c) CastException,d) ClassCastException,d,Double & Float Wrappers,Java,easy
javascript-mcqs-scripting-documents,5,The nodes that represent HTML elements are the __________,a) Subclass nodes,b) HTML nodes,c) Window nodes,d) Element nodes,d,Scripting Documents,Java,easy
advanced-java-questions-answers-web-application,1,Servlet are used to program which component in a web application?,a) client,b) server,c) tomcat,d) applet,b,Web application,Java,easy
javascript-mcqs-blobs,2,The size of blobs are generally calculated in ____________,a) Meters,b) Kilometers,c) Bytes,d) Pixels,c,Blobs in JavaScript,Java,easy
javascript-mcqs-webpagetest,1,When does WebPageTest become necessary?,a) To run any common website,b) To run private websites,c) To run QA testing,d) To run media testing,b,JavaScript with WebPageTest,Java,easy
java-mcqs-java-lang-integer-long-charcter-wrappers,3,"Which of these is a super class of wrappers Long, Character & Integer?",a) Long,b) Digits,c) Float,d) Number,d,"Java.lang - Integer, Long & Character Wrappers Questions & Answers - Sanfoundry",Java,easy
javascript-mcqs-comparison-javascript-frameworks-I,8,What is the syntax of close method for document object?,a) Close(object),b) Close(doc),c) Close(val),d) Close(),d,Comparison of Core JavaScript versus Frameworks – I,Java,easy
javascript-mcqs-scripted-http,4,Which of the below is a liberal reverse of Ajax ?,a) HTTP,b) HTML,c) XML,d) Comet,d,Scripted HTTP,Java,easy
java-questions-answers-concepts-oops,10,Method overriding is combination of inheritance and polymorphism?,a) True,b) false,,,a,OOPs,Java,easy
java-questions-answers-aptitude-test,4,Which of these are integer constants of TextEvent class?,a) TEXT_CHANGED,b) TEXT_FORMAT_CHANGED,c) TEXT_VALUE_CHANGED,d) TEXT_sIZE_CHANGED,c,"MouseEvent, TextEvent & WindowEvent Class",Java,easy
advanced-java-questions-answers-debugging-eclipse,6,Which view allows us to delete and deactivate breakpoints and watchpoints?,a) breakpoint view,b) variable view,c) debug view,d) logger view,a,Debugging in Eclipse,Java,easy
java-mcqs-system-class-advance,3,Which of these methods loads the specified dynamic library?,a) load(),b) library(),c) loadlib(),d) loadlibrary(),a,System Class Advance,Java,easy
html-questions-answers-essential-javascript-jquery-2,3,In jQuery all the elements are selected by writing ____________,a) $(this),b) $(“:button”),c) $(“*”),d) $(“.class_name”),c,Essential JavaScript and jQuery – 2,Java,easy
java-mcqs-constructors-garbage-collection,1,What is the return type of Constructors?,a) int,b) float,c) void,d) none of the mentioned,d,Constructors & Garbage Collection - Java Questions & Answers - Sanfoundry,Java,easy
javascript-mcqs-html-api,1,Which program code doesn’t need preprocessing before being run?,a) Text,b) Script,c) Both Text and Script,d) Comment,b,HTML APIs,Java,easy
java-mcqs-event-listeners-interfaces,7,Which of these methods will be invoked if a character is entered?,a) keyPressed(),b) keyReleased(),c) keyTyped(),d) keyEntered(),c,Event Listeners Interfaces Questions & Answers - Sanfoundry,Java,easy
java-questions-answers-freshers-experienced,6,What is the extension of java code files?,a) .js,b) .txt,c) .class,d) .java,d,1000 Java MCQ (Multiple Choice Questions) - Sanfoundry,Java,easy
java-questions-answers-online-quiz,2,Which of these classes implements Set interface?,a) ArrayList,b) HashSet,c) LinkedList,d) DynamicList,b,"Java.util – LinkedList, HashSet & TreeSet Class",Java,easy
javascript-mcqs-history-management,1,What does a History object contain?,a) URL,b) Parameters,c) Attribute values,d) Property,a,History Management in JavaScript,Java,easy
java-questions-answers-aptitude-test,3,Which of these methods can be used to change location of an event?,a) ChangePoint(),b) TranslatePoint(),c) ChangeCordinates(),d) TranslateCordinates(),b,"MouseEvent, TextEvent & WindowEvent Class",Java,easy
java-mcqs-java-util-vectors-stacks,3,Which of these is the interface of legacy?,a) Map,b) Enumeration,c) HashMap,d) Hashtable,b,Java.util - Vectors & Stack Questions & Answers - Sanfoundry,Java,easy
advanced-java-questions-answers-client-server,3,Which class provides system independent server side implementation?,a) Socket,b) ServerSocket,c) Server,d) ServerReader,b,Client and Server,Java,easy
javascript-mcqs-getting-started-R-I,4,What are the purposes R can be used for?,a) Suck in data,b) Parse data,c) Process data,d) All of the mentioned,d,Getting Started with R – I,Java,easy
javascript-mcqs-blobs,7,Which object can be used to create your own blobs?,a) Creator,b) BlobCreator,c) BlobBuilder,d) BuilderBlob,c,Blobs in JavaScript,Java,easy
javascript-mcqs-browser-parsing-rendering-i,4,The User Interface is taken care of which layer?,a) Transport Layer,b) Network Layer,c) UI Layer,d) Presentation Layer,c,Browser Parsing and Rendering – I,Java,easy
javascript-mcqs-blobs,9,Which method facilitates in uploading a Blob to a server?,a) send(),b) pass(),c) upload(),d) store(),a,Blobs in JavaScript,Java,easy
javascript-mcqs-web-workers,6,Which will be invoked to create a new worker?,a) Function,b) Destructor,c) Constructor,d) Interface,c,Web Workers,Java,easy
javascript-mcqs-error-handling-i,10,Where is the information of the userAgent property located?,a) appId,b) appName,c) platform,d) appVersion,d,Error Handling – I,Java,easy
javascript-mcqs-performance-measures-I,8,What does the application layer handle?,a) Top-level communication,b) Bottom-level communication,c) Both Top-level and Bottom-level communication,d) Middle-level communication,a,Performance Measures in JavaScript – I,Java,easy
java-mcqs-interfaces,3,Which of these access specifiers can be used for an interface?,a) public,b) protected,c) private,d) all of the mentioned,a,Interfaces - Java Questions & Answers - Sanfoundry,Java,easy
java-questions-answers-random-number,9,Math.random() guarantees uniqueness?,a) True,b) False,,,b,Random Number,Java,easy
advanced-java-questions-answers-jsp-elements,3,Which attribute uniquely identification element?,a) ID,b) Class,c) Name,d) Scope,a,JSP Elements,Java,easy
java-mcqs-java-util-maps,6,Which of these method is used add an element and corresponding key to a map?,a) put(),b) set(),c) redo(),d) add(),a,Java.util - Maps Questions & Answers - Sanfoundry,Java,medium
javascript-mcqs-scripted-media,1,What is the advantage of the code produced graphics being smaller than the images themselves?,a) Bandwidth saving,b) Increase in bandwidth,c) Dynamic advantages,d) Static advantage,a,Scripted Media,Java,medium
java-questions-answers-entrance-exams,1,Which of these is the method which is executed first before execution of any other thing takes place in a program?,a) main method,b) finalize method,c) static method,d) private method,c,Methods Taking Parameters,Java,medium
java-questions-answers-file-directory,10,"Which feature in Java allows automatic resource management, ensuring that IO resources are closed after usage without explicitly calling the close method?",a) try-with-resources,b) IOException,c) AutoCloseable,d) Streams,a,File and Directory,Java,medium
java-mcqs-inheritance-abstract-and-super,3,If a class inheriting an abstract class does not define all of its function then it will be known as?,a) Abstract,b) A simple class,c) Static class,d) None of the mentioned,a,Abstract Class & Super - Java Questions & Answers - Sanfoundry,Java,medium
javascript-mcqs-pattern-matching-regular-expressions,6,What does the subexpression /java(script)?/ result in?,a) It matches “java” followed by the optional “script”,b) It matches “java” followed by any number of “script”,c) It matches “java” followed by a minimum of one “script”,d) It matches “java” followed by a single “script”,a,Pattern Matching and Regular Expressions,Java,medium
javascript-mcqs-subsets,5,Which is the subset that is a secure container designed for the purpose of safely running untrusted JavaScript?,a) Sandbox,b) The Good Parts,c) Both Sandbox and Good Parts,d) Web browser,a,JavaScript Subsets,Java,medium
java-mcqs-string-comparision,1,Which of these method of class String is used to compare two String objects for their equality?,a) equals(),b) Equals(),c) isequal(),d) Isequal(),a,String Comparison - Java Questions & Answers - Sanfoundry,Java,medium
javascript-problems,7,"During the traversing through the stack, where does it go after it goes to the window?",a) Namespace,b) Function,c) Document,d) Nowhere,d,Cache Variables and Properties across Scope,Java,medium
java-mcqs-http-response-urlconnection-class,4,Which of these methods is used to know the type of content used in the URL?,a) ContentType(),b) contentType(),c) getContentType(),d) GetContentType(),c,HttpResponse & URLConnection Class,Java,medium
java-mcqs-componentevent-containerevent-focusevent-class,1,Which of these events is generated when the size of an event is changed?,a) ComponentEvent,b) ContainerEvent,c) FocusEvent,d) InputEvent,a,"ComponentEvent, ContainerEvent & FocusEvent Class Questions & Answers - Sanfoundry",Java,medium
java-mcqs-string-handling-basics,4,Which of these method of class String is used to extract a single character from a String object?,a) CHARAT(),b) chatat(),c) charAt(),d) ChatAt(),c,String Handling Basics - Java Questions & Answers - Sanfoundry,Java,medium
javascript-mcqs-pattern-matching-regular-expressions,4,What does /[^(]* regular expression indicate?,a) Match one or more characters that are not open parenthesis,b) Match zero or more characters that are open parenthesis,c) Match zero or more characters that are not open parenthesis,d) Match one or more characters that are open parenthesis,c,Pattern Matching and Regular Expressions,Java,medium
java-mcqs-reading-console-input,3,Which of these class is used to read characters and strings in Java from console?,a) BufferedReader,b) StringReader,c) BufferedStreamReader,d) InputStreamReader,a,Reading Console Input - Java Questions & Answers - Sanfoundry,Java,medium
java-basic-questions-answers,4,Which of these method of MimeHeader is used to return the string equivalent of the values stores on MimeHeader?,a) string(),b) toString(),c) convertString(),d) getString(),b,Networking – Server & Sockets,Java,medium
java-mcqs-java-util-bitset-date-class,1,Which of these class object has an architecture similar to that of array?,a) Bitset,b) Map,c) Hashtable,d) All of the mentioned,a,Java.util – BitSet & Date class,Java,medium
java-questions-answers-serialization,7,Default Serialization process cannot be overridden.,a) True,b) False,,,b,Serialization – 2,Java,medium
tough-java-questions-answers,9,Which class is a library of functions to perform arithmetic operations of BigInteger and BigDecimal?,a) MathContext,b) MathLib,c) BigLib,d) BigContext,a,Data Type-BigDecimal,Java,medium
java-mcqs-character-extraction,1,Which of these method of class String is used to extract more than one character at a time a String object?,a) getchars(),b) GetChars(),c) Getchars(),d) getChars(),d,Character Extraction - Java Questions & Answers - Sanfoundry,Java,medium
javascript-mcqs-web-browsers-i,2,Which object is the main entry point to all client-side JavaScript features and APIs?,a) Standard,b) Location,c) Window,d) Position,c,JavaScript in Web Browsers – I,Java,medium
java-mcqs-type-interface,4,Which of these is an correct way of defining generic class?,"a) class name(T1, T2, …, Tn) { /* … */ }","b) class name<T1, T2, …, Tn> { /* … */ }","c) class name[T1, T2, …, Tn] { /* … */ }","d) class name{T1, T2, …, Tn} { /* … */ }",b,Type Interface - Java Questions & Answers - Sanfoundry,Java,medium
java-mcqs-remote-method-invocation,4,Which of these Exceptions is thrown by remote method?,a) RemoteException,b) InputOutputException,c) RemoteAccessException,d) RemoteInputOutputException,a,Remote Method Invocation (RMI),Java,medium
java-mcqs-character-boolean-data-types,4,Which of these occupy first 0 to 127 in Unicode character set used for characters in Java?,a) ASCII,b) ISO-LATIN-1,c) None of the mentioned,d) ASCII and ISO-LATIN1,d,Character & Boolean Data Types - Java Questions & Answers - Sanfoundry,Java,medium
java-mcqs-collection-algorithms,2,Which of these methods sets every element of a List to a specified object?,a) set(),b) fill(),c) Complete(),d) add(),b,Collection Algorithms - Java Questions & Answers - Sanfoundry,Java,medium
advanced-java-questions-answers-design-patterns,1,Which of the below is not a valid design pattern?,a) Singleton,b) Factory,c) Command,d) Java,d,Design Patterns,Java,medium
java-mcqs-remote-method-invocation,6,Which of these package is used for all the text related modifications?,a) java.text,b) java.awt,c) java.lang.text,d) java.text.modify,a,Remote Method Invocation (RMI),Java,medium
javascript-interview-questions-answers,4,What is the purpose of the event handlers in the JavaScript?,a) Adds innerHTML page to the code,b) Performs handling of exceptions and occurrences,c) Allows JavaScript code to alter the,d) Change the server location,c,JavaScript in Web Browsers – II,Java,medium
javascript-mcqs-keyboard-events,4,For what value does the keyCode property persists even when a Shift key is pressed for adding punctuation character.,a) Special characters,b) Alphabets,c) Alphanumeric,d) Digits,d,Keyboard Events,Java,medium
java-mcqs-seraching-modifying-string,2,"What will s2 contain after following lines of Java code? String s1 = ""one"" ; String s2 = s1. concat ( ""two"" )",a) one,b) two,c) onetwo,d) twoone,c,String Searching & Modifying - Java Questions & Answers - Sanfoundry,Java,medium
javascript-questions-answers-freshers,1,Each tab in the single web browser window is called as ____________,a) Browser Information,b) Browsing context,c) Both Browser Information & Browsing context,d) Browser Log,b,Error Handling – II,Java,medium
advanced-java-questions-answers-design-patterns,7,Which design pattern represents a way to access all the objects in a collection?,a) Iterator pattern,b) Facade pattern,c) Builder pattern,d) Bridge pattern,a,Design Patterns,Java,medium
javascript-mcqs-html-api,7,What is the purpose of the event onAirEvent ?,a) Content is played,b) Content is transferred,c) Both Content is played and transferred,d) Content is changed,a,HTML APIs,Java,medium
javascript-mcqs-webpagetest,2,What is the purpose of the Auth tab in the testing platform?,a) To specify credentials,b) To authorize a page,c) To run the test,d) To run user access,a,JavaScript with WebPageTest,Java,medium
java-interview-questions-answers-freshers,1,What is not type of inheritance?,a) Single inheritance,b) Double inheritance,c) Hierarchical inheritance,d) Multiple inheritance,b,Inheritance  – 2,Java,medium
hadoop-questions-answers-java-interface,6,Interface ____________ reduces a set of intermediate values which share a key to a smaller set of values.,a) Mapper,b) Reducer,c) Writable,d) Readable,b,Java Interface,Java,medium
javascript-mcqs-node-operations-I,10,Which method is used to compare the placement of two nodes in the DOM hierarchy (document)?,a) compareDocumentPosition(),b) cloneNode(),c) getUserData(),d) getFeature(),a,Node Operations in JavaScript – I,Java,medium
java-mcqs-constructors-garbage-collection,2,Which keyword is used by the method to refer to the object that invoked it?,a) import,b) catch,c) abstract,d) this,d,Constructors & Garbage Collection - Java Questions & Answers - Sanfoundry,Java,medium
java-mcqs-event-handling-basics,1,Which of these packages contains all the classes and methods required for even handling in Java?,a) java.applet,b) java.awt,c) java.event,d) java.awt.event,d,Event Handling - Java MCQ - Sanfoundry,Java,medium
advanced-java-questions-answers-design-patterns,6,Which design pattern suggests multiple classes through which request is passed and multiple but only relevant classes carry out operations on the request?,a) Singleton pattern,b) Chain of responsibility pattern,c) State pattern,d) Bridge pattern,b,Design Patterns,Java,medium
java-mcqs-string-comparision,5,Which of these data type value is returned by equals() method of String class?,a) char,b) int,c) boolean,d) all of the mentioned,c,String Comparison - Java Questions & Answers - Sanfoundry,Java,medium
html-questions-answers-essential-javascript-jquery-2,14,Which method is not used for filtering in jQuery?,a) next(),b) first(),c) eq(),d) last(),a,Essential JavaScript and jQuery – 2,Java,medium
java-questions-answers-heap-garbage-collection,6,How to get prints of shared object memory maps or heap memory maps for a given process?,a) jmap,b) memorymap,c) memorypath,d) jvmmap,a,Heap and Garbage Collection,Java,medium
javascript-mcqs-image-map,1,Which side of the image map can be created using JavaScript?,a) Server side,b) Client side,c) Both Server and Client side,d) User side,b,Image Map,Java,medium
java-mcqs-componentevent-containerevent-focusevent-class,4,Which of these methods can be used to get reference to a component that was removed from a container?,a) getComponent(),b) getchild(),c) getContainerComponent(),d) getComponentChild(),b,"ComponentEvent, ContainerEvent & FocusEvent Class Questions & Answers - Sanfoundry",Java,medium
java-mcqs-integer-floating-data-types,2,What is the range of byte data type in Java?,a) -128 to 127,b) -32768 to 32767,c) -2147483648 to 2147483647,d) None of the mentioned,a,Integer & Floating Data Types - Java Questions & Answers - Sanfoundry,Java,medium
java-mcqs-url-class,5,Which of these class is used to access actual bits or content information of a URL?,a) URL,b) URLDecoder,c) URLConnection,d) All of the mentioned,d,URL Class,Java,medium
javascript-mcqs-web-sockets,1,Which of the following is a stateless protocol?,a) HTML,b) XHTML,c) HTTP,d) XML,c,Web Sockets,Java,medium
java-questions-answers-regular-expression,10,What does public int start() return?,a) returns start index of the input string,b) returns start index of the current match,c) returns start index of the previous match,d) none of the mentioned,c,Regular Expression,Java,medium
java-mcqs-http-response-urlconnection-class,5,Which of these data member of HttpResponse class is used to store the response from an http server?,a) status,b) address,c) statusResponse,d) statusCode,d,HttpResponse & URLConnection Class,Java,medium
advanced-java-questions-answers-servlet,9,How is the dynamic interception of requests and responses to transform the information done?,a) servlet container,b) servlet config,c) servlet context,d) servlet filter,d,Servlet,Java,medium
javascript-mcqs-getting-started-R-I,6,What are the processes that take place within R?,a) Splitting of data,b) Aggregating of data,c) Overlaying two or more data,d) All of the mentioned,d,Getting Started with R – I,Java,medium
javascript-mcqs-html-dom,1,What is the reason for avoiding the attributes property in the HTML DOM?,a) Found unnecessary,b) Attributes don’t have attributes,c) Attributes have attributes,d) Considered irrelevant,b,HTML DOM,Java,medium
javascript-mcqs-scripted-http,6,Which is the element that has a src property to initiate HTTP GET request?,a) img,b) iframe,c) script,d) both img and script,d,Scripted HTTP,Java,medium
javascript-mcqs-validation,2,What would happen if the data in the client had been wrong?,a) Sends back the data,b) Waits for correction,c) Sends back the data and Waits for correction,d) Returns the data instantly,c,Validation,Java,medium
javascript-mcqs-html-api,4,Which API makes the user’s current location available to browser-based application?,a) Java API,b) SDL API,c) Object API,d) Geolocation API,d,HTML APIs,Java,medium
javascript-mcqs-window-object,5,What is the function used to extract arguments from the search property of a URL ?,a) urlArgs(),b) url(),c) hash(),d) geturl(),a,The Window Object,Java,medium
javascript-questions-answers-experienced,6,Which layer is used to handle the network addressing and routing?,a) Network Access Layer,b) Internet Layer,c) Transport Layer,d) Presentation Layer,b,Browser Parsing and Rendering – II,Java,medium
java-mcqs-core-java-api-packages,3,Which of this package is used for handling security related issues in a program?,a) java.security,b) java.lang.security,c) java.awt.image,d) java.io.security,a,Core Java API Packages Questions & Answers - Sanfoundry,Java,medium
java-mcqs-random-and-local-classes,2,Which of these methods is not a Locale class?,a) UK,b) US,c) INDIA,d) KOREA,c,Locale & Random Classes - Java Questions & Answers - Sanfoundry,Java,medium
advanced-java-questions-answers-annotations,1,Which version of Java introduced annotation?,a) Java 5,b) Java 6,c) Java 7,d) Java 8,a,Annotations,Java,medium
java-questions-answers-experienced,1,Which of the following keywords is used for throwing exception manually?,a) finally,b) try,c) throw,d) catch,c,Exception Handling – 2,Java,hard
javascript-mcqs-scripting-css,3,Which of the following is the ultimate element selection method?,a) querySelectorAll(),b) querySelector(),c) queryAll(),d) query(),a,Scripting CSS,Java,hard
java-interview-questions-answers,5,What happens if constructor of class A is made private?,a) Any class can instantiate objects of class A,b) Objects of class A can be instantiated only within the class where it is declared,c) Inherited class can instantiate objects of class A,d) classes within the same package as class A can instantiate objects of class A,b,Access Control – 2,Java,hard
java-mcqs-wildcards,5,Which of the following keywords are used for lower bounding a wild card?,a) extends,b) super,c) class,d) lower,b,Wildcards,Java,hard
java-mcqs-recursion,6,What will be the output of the following Java program? class recursion { int func ( int n ) { int result ; result = func ( n - 1 ) ; return result ; } } class Output { public static void main ( String args [ ] ) { recursion obj = new recursion ( ) ; System out print ( obj. func ( 12 ) ) ; } },a) 0,b) 1,c) Compilation Error,d) Runtime Error,d,Recursion - Java Questions & Answers - Sanfoundry,Java,hard
javascript-mcqs-closures,10,Which of the algorithmic languages is not lexical scoping standardized in?,a) Ada,b) Pascal,c) Modula2,d) Html,d,Closures,Java,hard
javascript-mcqs-classes,15,What will be the output of the following JavaScript code? const obj1 = { property1 : 2 } ; Object seal ( object1 ) ; obj1. property1 = 4 ; console. log ( obj1. property1 ) ; delete obj1. property1 ;,a) 2,b) 4,c) Error,d) Undefined,c,Classes in JavaScript,Java,hard
java-mcqs-string-comparision,2,Which of these methods is used to compare a specific region inside a string with another specific region in another string?,a) regionMatch(),b) match(),c) RegionMatches(),d) regionMatches(),d,String Comparison - Java Questions & Answers - Sanfoundry,Java,hard
javascript-mcqs-page-render-bottleneck-optimize,7,Which of the below does not belong to the Render Engine workflow?,a) Paint DOM elements,b) Parse Content,c) Build DOM nodes in render tree,d) Parse identifiers,d,Page Render BottleNecks Optimization,Java,hard
java-mcqs-remote-method-invocation,1,What is Remote method invocation (RMI)?,a) RMI allows us to invoke a method of java object that executes on another machine,b) RMI allows us to invoke a method of java object that executes on another Thread in multithreaded programming,c) RMI allows us to invoke a method of java object that executes parallely in same machine,d) None of the mentioned,a,Remote Method Invocation (RMI),Java,hard
java-mcqs-packages,6,Which of the following is an incorrect statement about packages?,a) Package defines a namespace in which classes are stored,b) A package can contain other package within it,c) Java uses file system directories to store packages,d) A package can be renamed without renaming the directory in which the classes are stored,d,Packages - Java Questions & Answers - Sanfoundry,Java,hard
java-mcqs-inheritance-abstract-and-super,6,"What will be the output of the following Java code? class A { public int i ; private int j ; } class B extends A { void display ( ) { super j = super i + 1 ; System out println ( super i + "" "" + super j ) ; } } class inheritance { public static void main ( String args [ ] ) { B obj = new B ( ) ; obj. i = 1 ; obj. j = 2 ; obj. display ( ) ; } }",a) 2 2,b) 3 3,c) Runtime Error,d) Compilation Error,d,Abstract Class & Super - Java Questions & Answers - Sanfoundry,Java,hard
javascript-mcqs-closures,6,"What will be the function of the following JavaScript code? var scope = ""global scope"" ; function checkscope ( ) { var scope = ""local scope"" ; function f ( ) { return scope ; } return f ; }",a) Returns value null,b) Returns exception,c) Returns the value in scope,d) Shows an error message,c,Closures,Java,hard
java-mcqs-writing-console-output,5,"What will be the output of the following Java program? 🎓 on 300 subjects are live for March 2026. Register Now! class output { public static void main ( String args [ ] ) { String a = ""hello i love java"" ; System out println (",a) indexof,b) 5 4 5 9,c) 7 8 8 9,d) 4 3 6 9,a,Writing Console Output - Java Questions & Answers - Sanfoundry,Java,hard
java-basic-questions-answers,5,"What will be the output of the following Java program? ⚡ Claim Your import java.net.* ; class networking { public static void main ( String [ ] args ) throws Exception { URL obj = new URL ( ""https://www.sanfoundry.com/javamcq"" ) ; URLConnection obj1 = obj. openConnection ( ) ; System out print ( obj1. getContentType ( ) ) ; } } Note: Host URL is written in html and simple text.",a) html,b) text,c) html/text; charset=UTF-8,d) text/html; charset=UTF-8,d,Networking – Server & Sockets,Java,hard
java-questions-answers-experienced,6,Which of the following handles the exception when a catch is not used?,a) finally,b) throw handler,c) default handler,d) java run time system,c,Exception Handling – 2,Java,hard
java-mcqs-serialization,7,"What will be the output of the following Java program? import java.io.* ; class serialization { public static void main ( String [ ] args ) { try { Myclass object1 = new Myclass ( ""Hello"" , - 7 , 2.1e10 ) ; FileOutputStream fos = new FileOutputStream ( ""serial"" ) ; ObjectOutputStream oos = new ObjectOutputStream ( fos ) ; oos. writeObject ( object1 ) ; oos. flush ( ) ; oos. close ( ) ; } catch ( Exception e ) { System out println ( ""Serialization"" + e ) ; System exit ( 0 ) ; } try { Myclass object2 ; FileInputStream fis = new FileInputStream ( ""serial"" ) ; ObjectInputStream ois = new ObjectInputStream ( fis ) ; object2 = ( Myclass ) ois. readObject ( ) ; ois. close ( ) ; System out println ( object2 ) ; } catch ( Exception e ) { System out print ( ""deserialization"" + e ) ; System exit ( 0 ) ; } } } class Myclass implements Serializable { String s ; int i ; double d ; Myclass ( String s, int i, double d ) { this d = d ; this i = i ; this s = s ; } }",a) s=Hello; i=-7; d=2.1E10,b) Hello; -7; 2.1E10,c) s; i; 2.1E10,d) Serialization,a,Serialization – 1,Java,hard
java-questions-answers-data-type-enums,7,"What will be the output of the following Java code snippet? enum Enums { A, B, C ; private Enums ( ) { System out println ( 10 ) ; } } public class MainClass { public static void main ( String [ ] args ) { Enum en = Enums. B ; } }",a) 10,b) Compilation Error,c) 10,d) Runtime Exception,a,Data Structures-Enums,Java,hard
java-mcqs-character-extraction,3,"In the following Java code, what can directly access and change the value of the variable name? package test ; class Target { public String name = ""hello"" ; }",a) any class,b) only the Target class,c) any class in the test package,d) any class that extends Target,c,Character Extraction - Java Questions & Answers - Sanfoundry,Java,hard
javascript-mcqs-graphics,8,Which of the following are not the properties of a canvas object?,a) fillStyle,b) strokeStyle,c) lineWidth,d) lineSize,d,Graphics,Java,hard
java-questions-answers-test,4,Which of the following is good coding practice to determine oddity? i) public boolen abc ( int num ) { return num % 2 == 1 ; } ii) 📌 Limited Seats! Register Now - (March 2026) public boolean xyz ( int num ) { return ( num & 1 ) != 0 ; },a) i,b) ii,c) (i) causes compilation error,d) (ii) causes compilation error,b,Coding best practices,Java,hard
java-mcqs-exception-types,2,Which of these class is related to all the exceptions that can be caught by using catch?,a) Error,b) Exception,c) RuntimeExecption,d) All of the mentioned,b,Exceptions Types - Java Questions & Answers - Sanfoundry,Java,hard
java-questions-answers-data-type-enums,3,"What will be the output of the following Java code? enum Season { WINTER, SPRING, SUMMER, FALL } ; System out println ( Season. WINTER ordinal ( ) ) ;",a) 0,b) 1,c) 2,d) 3,a,Data Structures-Enums,Java,hard
java-mcqs-try-and-catch,2,Which of these keywords are used for the block to be examined for exceptions?,a) try,b) catch,c) throw,d) check,a,Try & Catch - Java Questions & Answers - Sanfoundry,Java,hard
advanced-java-questions-answers-jdbc,10,Which of the following is not a JDBC connection isolation levels?,a) TRANSACTION_NONE,b) TRANSACTION_READ_COMMITTED,c) TRANSACTION_REPEATABLE_READ,d) TRANSACTION_NONREPEATABLE_READ,d,JDBC,Java,hard
java-mcqs-exception-types,4,Who handles the exception if no catch block is provided in Java?,a) Default exception handler,b) finally,c) throw handler,d) Java Runtime System,d,Exceptions Types - Java Questions & Answers - Sanfoundry,Java,hard
javascript-mcqs-types-values-variables,10,Assume that we have to convert “false” that is a non-string to string. The command that we use is (without invoking the “new” operator).,a) false.toString(),b) String(false),c) String newvariable=”false”,d) Both false.toString() and String(false),d,"Types, Values and Variables",Java,hard
javascript-mcqs-window-object,11,"What will be the output of the following JavaScript code? < p > 1 </ p > < p > 2 </ p > < p > 3 </ p > function myFunction ( ) { var l = document. getElementsByTagName ( ""P"" ) length ; alert ( l ) ; }",a) 1,b) 2,c) 3,d) Error,c,The Window Object,Java,hard
java-mcqs-java-lang-introduction,5,Which of the following is a method of wrapper Float for converting the value of an object into byte?,a) bytevalue(),b) byte byteValue(),c) Bytevalue(),d) Byte Bytevalue(),b,Java.lang Basics Questions & Answers - Sanfoundry,Java,hard
javascript-mcqs-subsets,12,"What will be the output of the following JavaScript code? set add ( ""AngularJS"" ) ; set add ( ""Bootstrap"" ) ; set delete ( ""Bootstrap"" ) ; document. writeln ( set size ) ;",a) 2,b) 1,c) 0,d) Undefined,b,JavaScript Subsets,Java,hard
advanced-java-questions-answers-debugging-eclipse,7,What is debugging an application which runs on another java virtual machine on another machine?,a) virtual debugging,b) remote debugging,c) machine debugging,d) compiling debugging,b,Debugging in Eclipse,Java,hard
javascript-problems,4,Why do we need to create locally scoped variables to hold value?,a) To optimize the testing process,b) To increase the speed,c) To minimize memory usage,d) To cache the reference document.location,d,Cache Variables and Properties across Scope,Java,hard
javascript-mcqs-cookies,9,"Which of the following function is used as a consequence of not including semicolons, commas or whitespace in the Cookie value?",a) encodeURIComponent(),b) encodeURI(),c) encodeComponent(),d) encode(),a,Cookies,Java,hard
java-mcqs-method-overriding,8,"What will be the output of the following Java program? final class A { int i ; } class B extends A { int j ; System out println ( j + "" "" + i ) ; } class inheritance { public static void main ( String args [ ] ) { B obj = new B ( ) ; obj. display ( ) ; } }",a) 2 2,b) 3 3,c) Runtime Error,d) Compilation Error,d,Method overriding - Java Questions & Answers - Sanfoundry,Java,hard
hadoop-questions-answers-java-interface,8,The output of the reduce task is typically written to the FileSystem via ____________,a) OutputCollector,b) InputCollector,c) OutputCollect,d) All of the mentioned,a,Java Interface,Java,hard
javascript-mcqs-error-handling-i,3,The length property belongs to which of the following objects?,a) Window,b) Element,c) History,d) Document,c,Error Handling – I,Java,hard
java-questions-answers-control-statements,7,Which of the following is not a decision making statement?,a) if,b) if-else,c) switch,d) do-while,d,Control Statements,Java,hard
java-mcqs-event-handling-basics,5,What is a listener in context to event handling?,a) A listener is a variable that is notified when an event occurs,b) A listener is a object that is notified when an event occurs,c) A listener is a method that is notified when an event occurs,d) None of the mentioned,b,Event Handling - Java MCQ - Sanfoundry,Java,hard
advanced-java-questions-answers-debugging-eclipse,2,How can we move from one desired step to another step?,a) breakpoints,b) System.out.println,c) logger.log,d) logger.error,a,Debugging in Eclipse,Java,hard
java-mcqs-stringbuffer-methods,5,Which of the following are incorrect form of StringBuffer class constructor?,a) StringBuffer(),b) StringBuffer(int size),c) StringBuffer(String str),"d) StringBuffer(int size , String str)",d,StringBuffer Methods - Java Questions & Answers - Sanfoundry,Java,hard
html-questions-answers-essential-javascript-jquery-3,1,Which of the following is not a method of AJAX?,a) get(),b) getJSON(),c) post(),d) stop(),d,Essential JavaScript and jQuery – 3,Java,hard
java-mcqs-class-fundamental-declaring-objects,6,What will be the output of the following Java program? class main_class { public static void main ( String args [ ] ) { int x = 9 ; if ( x == 9 ) { int x = 8 ; System out println ( x ) ; } } },a) 9,b) 8,c) Compilation error,d) Runtime error,c,Class Fundamentals & Declaring objects - Java Questions & Answers - Sanfoundry,Java,hard
javascript-mcqs-blobs,8,Which of the following is a subtype of Blob?,a) Elemental Object,b) Create Object,c) Data Object,d) File Object,d,Blobs in JavaScript,Java,hard
java-mcqs-packages,8,"What will be the output of the following Java program? package pkg ; class display { int x ; void show ( ) { if ( x > 1 ) System out print ( x + "" "" ) ; } } class packages { public static void main ( String args [ ] ) { display [ ] arr = new display [ 3 ] ; for ( int i = 0 ; i < 3 ; i ++ ) arr [ i ] = new display ( ) ; arr [ 0 ] x = 0 ; arr [ 1 ] x = 1 ; arr [ 2 ] x = 2 ; for ( int i = 0 ; i < 3 ; ++ i ) arr [ i ] show ( ) ; } } Note : packages.class file is in directory pkg;",a) 0,b) 1,c) 2,d) 0 1 2,c,Packages - Java Questions & Answers - Sanfoundry,Java,hard
java-questions-answers-freshers-experienced,7,What will be the output of the following Java code? class increment { public static void main ( String args [ ] ) { int g = 3 ; System out print ( ++ g * 8 ) ; } },a) 32,b) 33,c) 24,d) 25,a,1000 Java MCQ (Multiple Choice Questions) - Sanfoundry,Java,hard
java-questions-answers-online-quiz,7,"What will be the output of the following Java code snippet? import java.util.* ; class Linkedlist { public static void main ( String args [ ] ) { LinkedList obj = new LinkedList ( ) ; obj. add ( ""A"" ) ; obj. add ( ""B"" ) ; obj. add ( ""C"" ) ; obj. addFirst ( ""D"" ) ; System out println ( obj ) ; } }","a) [A, B, C]","b) [D, B, C]","c) [A, B, C, D]","d) [D, A, B, C]",d,"Java.util – LinkedList, HashSet & TreeSet Class",Java,hard
javascript-mcqs-scripted-media,13,"What will be the output of the following JavaScript code? < p id = ""demo"" ></ p > < script > function myFunction ( ) { var num = 13.3714 ; document. getElementById ( ""demo"" ) innerHTML = num. toPrecision ( 3 ) ; } </ script >",a) 13,b) 13.3714,c) 13.3,d) 13.4,d,Scripted Media,Java,hard
java-mcqs-event-handling-basics,2,What is an event in delegation event model used by Java programming language?,a) An event is an object that describes a state change in a source,b) An event is an object that describes a state change in processing,c) An event is an object that describes any change by the user and system,"d) An event is a class used for defining object, to create events",a,Event Handling - Java MCQ - Sanfoundry,Java,hard
java-mcqs-remote-method-invocation,7,"What will be the output of the following Java code? import java.lang.reflect.* ; class Additional_packages { public static void main ( String args [ ] ) { try { Class c = Class forName ( ""java.awt.Dimension"" ) ; Constructor constructors [ ] = c. getConstructors ( ) ; for ( int i = 0 ; i < constructors. length ; i ++ ) System out println ( constructors [ i ] ) ; } catch ( Exception e ) { System out print ( ""Exception"" ) ; } } }",a) Program prints all the constructors of ‘java.awt.Dimension’ package,b) Program prints all the possible constructors of class ‘Class’,c) Program prints “Exception”,d) Runtime Error,a,Remote Method Invocation (RMI),Java,hard
advanced-java-questions-answers-servlet,10,Which are the session tracking techniques? i. URL rewriting ii. Using session object iii.Using response object iv. Using hidden fields v. Using cookies vi. Using servlet object,"a) i, ii, iii, vi","b) i, ii, iv, v","c) i, vi, iii, v","d) i, ii, iii, v",b,Servlet,Java,hard
javascript-mcqs-browser-parsing-rendering-i,5,Which of the following browsers use Webkit?,a) Chrome,b) Internet Explorer,c) Safari,d) Both Chrome and Safari,d,Browser Parsing and Rendering – I,Java,hard
javascript-mcqs-web-workers,2,Which of the following functions are synchronous?,a) load(),b) require(),c) both load() and require(),d) create(),c,Web Workers,Java,hard
javascript-mcqs-scripting-documents,6,Which of the following is/are of Text nodes?,a) Text,b) Comment,c) Both Text and Comment,d) h1,c,Scripting Documents,Java,hard
javascript-mcqs-web-workers,3,Why shouldn’t JavaScript functions not be too long?,a) User friendliness,b) Tie up event loops,c) Browser becomes unresponsive,d) All of the mentioned,d,Web Workers,Java,hard
javascript-questions-answers-entrance-exams,2,"What is being done in the following JavaScript code? < script > if ( window. attachEvent ) window. attachEvent ( 'onload' , fetch ) ; else window. addEventListener ( 'load' , fetch , false ) ; </ script >",a) Event and EventListener is created according to the if-else,b) The values are updated,c) The value is called,d) The values are stored,a,Lazy Loading – II,Java,hard
javascript-mcqs-pattern-matching-regular-expressions,15,"What will be the output of the following JavaScript code? console. log ( Pattern. matches ( ""[^abc]"" , ""aemngq"" ) ) ;",a) true,b) false,c) undefined,d) 1,b,Pattern Matching and Regular Expressions,Java,hard
javascript-mcqs-keyboard-events,6,Which of the following key property holds the key name as a string ?,a) keyName,b) key,c) keyName(string),d) Nameofkey(string),b,Keyboard Events,Java,hard
java-questions-answers-campus-interviews,2,What will be the correct option of the following Java code snippet? interface ICust { } class RegularCustomer implements ICust { } class OneTimeCustomer implements ICust { },a) ICust can be replaced with RegularCustomer,b) RegularCustomer can be replaced with OneTimeCustomer,c) OneTimeCustomer can be replaced with RegularCustomer,d) We can instantiate objects of ICust,a,Liskov,Java,hard
java-questions-answers-java8-features,1,Which of the following is not introduced with Java 8?,a) Stream API,b) Serialization,c) Spliterator,d) Lambda Expression,b,Java 8 features,Java,hard
advanced-java-questions-answers-annotations,7,Which one of the following is not an annotation used by Junit with Junit4?,a) @Test,b) @BeforeClass,c) @AfterClass,d) @Ignored,d,Annotations,Java,hard
data-structure-questions-answers-heap,5,Heap can be used as ________________,a) Priority queue,b) Stack,c) A decreasing order array,d) Normal Array,a,Heap,Data Structures,easy
data-structure-questions-answers-binary-trees-linked-lists,4,Level order traversal of a tree is formed with the help of,a) breadth first search,b) depth first search,c) dijkstra’s algorithm,d) prims algorithm,a,Binary Trees using Linked Lists,Data Structures,easy
data-structure-questions-answers-graph,6,"In a simple graph, the number of edges is equal to twice the sum of the degrees of the vertices.",a) True,b) False,,,b,Graph,Data Structures,easy
java-questions-answers-data-structures-list,7,Which class provides thread safe implementation of List?,a) ArrayList,b) CopyOnWriteArrayList,c) HashList,d) List,b,Data Structures-List,Data Structures,easy
data-structure-questions-answers-dynamic-array,10,The size of the dynamic array is deallocated if the array size is less than _________% of the backend physical size.,a) 30,b) 40,c) 10,d) 20,a,Dynamic Array,Data Structures,easy
data-structure-questions-answers-number-jumps-reach-end-array-operation,8,"In how many different ways we can reach the end of the array arr[]={1,3,5,8,9}?",a) 1,b) 2,c) 3,d) 4,d,Number of Jumps to Reach End-array Operation,Data Structures,easy
data-structure-questions-answers-fibonacci-search,7,Select the code snippet for Jump Search.,a) public,b) public,c) public,d) public,b,Fibonacci Search,Data Structures,easy
data-structure-questions-answers-threaded-binary-tree,2,What are the disadvantages of normal binary tree traversals?,a) there are many pointers which are null and thus useless,b) there is no traversal which is efficient,c) complexity in implementing,d) improper traversals,a,Threaded Binary Tree,Data Structures,easy
data-structure-questions-answers-propositional-directed-acyclic-word-graph,2,What is the number of words that can be formed from the given Directed Acyclic Word Graph?,a) 2,b) 4,c) 12,d) 7,b,Propositional and Directed Acyclic Word Graph,Data Structures,easy
data-structure-questions-answers-edit-distance-problem,7,Consider the two strings “”(empty string) and “abcd”. What is the edit distance between the two strings?,a) 0,b) 4,c) 2,d) 3,b,Edit Distance Problem,Data Structures,easy
data-structure-questions-answers-graph,5,The given Graph is regular.,a) True,b) False,,,a,Graph,Data Structures,easy
data-structure-questions-answers-towers-hanoi,5,Select the appropriate code which tests for a palindrome.,a) public,b) public,c) public,d) public,a,Towers of Hanoi,Data Structures,easy
data-structure-questions-answers-breadth-first-search,9,"In BFS, how many times a node is visited?",a) Once,b) Twice,c) Equivalent to number of indegree of the node,d) Thrice,c,Breadth First Search,Data Structures,easy
data-structure-questions-answers-evaluation-infix-expression-not-parenthesized,7,"Of the following choices, which operator has the lowest precedence?",a) ^,b) +,c) /,d) #,d,Evaluation of an Infix Expression (Not Parenthesized),Data Structures,easy
data-structure-questions-answers-binomial-fibonacci-heap,8,Which of these operations have same complexities?,"a) Insertion, find_min","b) Find_min, union","c) Union, Insertion","d) Deletion, Find _max",c,Binomial and Fibonacci Heap,Data Structures,easy
data-structure-questions-answers-generating-partitions,7,While generating partitions of integer 3 we consider 2 1 and 1 2 to be different partitions.,a) true,b) false,,,b,Generating Partitions,Data Structures,easy
data-structure-questions-answers-free-list,2,What are implicit and explicit implementations of freelists?,a) garbage collection and new or malloc operators respectively,b) new or malloc and garbage collection respectively,c) implicit implementation is not favored,d) explicit implementation is not favored,a,Free List,Data Structures,easy
data-structure-questions-answers-stack-using-queues,4,Select the code snippet which returns the top of the stack.,a) public,b) public,c) public,d) public,c,Stack using Queues,Data Structures,easy
1000-data-structure-questions-answers,22,Which of the following is also known as Rope data structure?,a) Linked List,b) Array,c) String,d) Cord,d,Data Structure MCQ (Multiple Choice Questions) - Sanfoundry,Data Structures,easy
java-questions-answers-data-structures-hashmap,8,How to externally synchronize hashmap?,a) HashMap.synchronize(HashMap a);,b) HashMap a = new HashMap();,"c) Collections.synchronizedMap(new HashMap<String, String>());","d) Collections.synchronize(new HashMap<String, String>());",c,Data Structures-HashMap,Data Structures,easy
data-structure-questions-answers-incidence-matrix-graph-structured-stack,2,The column sum in an incidence matrix for a simple graph is __________,a) depends on number of edges,b) always greater than 2,c) equal to 2,d) equal to the number of edges,c,Incidence Matrix and Graph Structured Stack,Data Structures,easy
data-structure-interview-questions-answers-freshers,3,Linked list is considered as an example of ___________ type of memory allocation.,a) Dynamic,b) Static,c) Compile time,d) Heap,a,Singly Linked Lists Operations – 2,Data Structures,easy
data-structure-interview-questions-answers,9,The prefix form of an infix expression (p + q) – (r * t) is?,a) + pq – *rt,b) – +pqr * t,c) – +pq * rt,d) – + * pqrt,c,Stack Operations – 2,Data Structures,easy
data-structure-questions-answers-longest-common-subsequence,2,Consider the strings “PQRSTPQRS” and “PRATPBRQRPS”. What is the length of the longest common subsequence?,a) 9,b) 8,c) 7,d) 6,c,Longest Common Subsequence,Data Structures,easy
data-structure-questions-answers-longest-increasing-subsequence,3,"Find the length of the longest increasing subsequence for the given sequence: {-10, 24, -9, 35, -21, 55, -41, 76, 84}",a) 5,b) 4,c) 3,d) 6,d,Longest Increasing Subsequence,Data Structures,easy
data-structure-questions-answers-matrix,1,What is the order of a matrix?,a) number of rows X number of columns,b) number of columns X number of rows,c) number of rows X number of rows,d) number of columns X number of columns,a,Matrix,Data Structures,easy
data-structure-interview-questions-answers-freshers,5,Linked list data structure offers considerable saving in _____________,a) Computational Time,b) Space Utilization,c) Space Utilization and Computational Time,d) Speed Utilization,c,Singly Linked Lists Operations – 2,Data Structures,easy
data-structure-questions-answers-stack-using-queues,3,"Making the push operation costly, select the code snippet which implements the pop operation.",a) public,b) public,c) public,d) public,b,Stack using Queues,Data Structures,easy
data-structure-questions-answers-graph,4,What is the number of edges present in a complete graph having n vertices?,a) (n*(n+1))/2,b) (n*(n-1))/2,c) n,d) Information given is insufficient,b,Graph,Data Structures,easy
data-structure-questions-answers-fibonacci-search,6,What is the length of the step in jump search?,a) n,b) n/2,c) sqrt(n),d) 1,c,Fibonacci Search,Data Structures,easy
data-structure-questions-answers-parallel-array,5,What is a sorted array?,a) Arrays sorted in numerical order,b) Arrays sorted in alphabetical order,c) Elements of the array are placed at equally spaced addresses in the memory,d) All of the mentioned,d,Parallel Array,Data Structures,easy
data-structure-questions-answers-incidence-matrix-graph-structured-stack,9,A Graph Structured Stack is a _____________,a) Undirected Graph,b) Directed Graph,c) Directed Acyclic Graph,d) Regular Graph,c,Incidence Matrix and Graph Structured Stack,Data Structures,easy
data-structure-questions-answers-stack-array,3,What does ‘stack underflow’ refer to?,a) accessing item from an undefined stack,b) adding items to a full stack,c) removing items from an empty stack,d) index out of bounds exception,c,Stack using Array,Data Structures,easy
data-structure-questions-answers-incidence-matrix-graph-structured-stack,11,Graph Structured Stack finds its application in _____________,a) Bogo Sort,b) Tomita’s Algorithm,c) Todd–Coxeter algorithm,d) Heap Sort,b,Incidence Matrix and Graph Structured Stack,Data Structures,easy
data-structure-questions-answers-binary-search-iterative,2,Choose the appropriate code that does binary search using recursion.,a) public,b) public,c) public,d) public,a,Binary Search,Data Structures,easy
data-structure-questions-answers-heap,2,Heap exhibits the property of a binary tree?,a) True,b) False,,,a,Heap,Data Structures,easy
data-structure-questions-answers-power-number-recursion-logn-time,5,What is the least time in which we can raise a number x to power y?,a) O(x),b) O(y),c) O(log x),d) O(log y),d,Power of a Number using Recursion in Logn Time,Data Structures,easy
data-structure-questions-answers-array-array-operations,1,Which of these best describes an array?,a) A data structure that shows a hierarchical behavior,b) Container of objects of similar types,c) Arrays are immutable once initialised,d) Array is not a data structure,b,Array and Array Operations,Data Structures,easy
data-structure-questions-answers-binary-search-tree,7,How will you find the maximum element in a binary search tree?,a) public,b) public,c) public,d) public,c,Binary Search Tree,Data Structures,easy
disjoint-set-data-structure-multiple-choice-questions-answers-mcqs,7,"___________ is one of the earliest forms of a self-adjustment strategy used in splay trees, skew heaps.",a) Union by rank,b) Equivalence function,c) Dynamic function,d) Path compression,d,Disjoint-Set Data Structure,Data Structures,easy
data-structure-questions-answers-minimum-number-jumps,4,"For a given array, there can be multiple ways to reach the end of the array using minimum number of jumps.",a) True,b) False,,,a,Minimum Number of Jumps,Data Structures,easy
data-structure-questions-answers-stack-operations,4,"Pushing an element into stack already having five elements and stack size of 5, then stack becomes ___________",a) Overflow,b) Crash,c) Underflow,d) User flow,a,Stack,Data Structures,easy
data-structure-questions-answers-longest-palindromic-subsequence,4,What is the length of the longest palindromic subsequence for the string “ababcdabba”?,a) 6,b) 7,c) 8,d) 9,b,Longest Palindromic Subsequence,Data Structures,easy
data-structure-questions-answers-balanced-partition,10,"What is the sum of each of the balanced partitions for the array {5, 6, 7, 10, 3, 1}?",a) 16,b) 32,c) 0,d) 64,a,Balanced Partition,Data Structures,easy
data-structure-interview-questions-answers,8,"What is the result of the following operation? Top (Push (S, X))",a) X,b) X+S,c) S,d) XS,a,Stack Operations – 2,Data Structures,easy
data-structure-questions-answers-rod-cutting,9,For every rod cutting problem there will be a unique set of pieces that give the maximum price.,a) True,b) False,,,b,Rod Cutting,Data Structures,easy
data-structure-questions-answers-evaluation-infix-expression-not-parenthesized,3,Identify the infix expression from the list of options given below.,a) a/b+(c-d),b) abc*+d+ab+cd+*ce-f-,c) ab-c-,d) +ab,a,Evaluation of an Infix Expression (Not Parenthesized),Data Structures,easy
data-structure-questions-answers-reverse-word-stack,5,What will be the word obtained if the word “abbcabb” is reversed using a stack?,a) bbabbca,b) abbcabb,c) bbacbba,d) bbacabb,c,Reverse a Word using Stack,Data Structures,easy
java-questions-answers-data-structures-set,7,Set has contains(Object o) method.,a) True,b) False,,,a,Data Structures-Set,Data Structures,easy
data-structure-questions-answers-stack-using-queues,1,"To implement a stack using queue(with only enqueue and dequeue operations), how many queues will you need?",a) 1,b) 2,c) 3,d) 4,b,Stack using Queues,Data Structures,easy
data-structure-questions-answers-reverse-word-stack,3,Operations required for reversing a word or a string using stack are push() and pop().,a) True,b) False,,,a,Reverse a Word using Stack,Data Structures,easy
java-questions-answers-data-structures-list,2,How to remove duplicates from List?,a) HashSet<String> listToSet = new HashSet<String>(duplicateList);,b) HashSet<String> listToSet = duplicateList.toSet();,c) HashSet<String> listToSet = Collections.convertToSet(duplicateList);,d) HashSet<String> listToSet = duplicateList.getSet();,a,Data Structures-List,Data Structures,easy
data-structure-questions-answers-weak-heap,7,Does there exist a heap with seven distinct elements so that the Inorder traversal gives the element in sorted order.,a) Yes,b) No,,,b,Weak Heap,Data Structures,easy
data-structure-questions-answers-stack-using-queues,2,"Making the push operation costly, select the code snippet which implements the same.(let q1 and q2 be two queues)",a) public,b) public,c) public,d) 🎓,a,Stack using Queues,Data Structures,easy
data-structure-questions-answers-recursion,4,"In recursion, the condition for which the function will stop calling itself is ____________",a) Best case,b) Worst case,c) Base case,d) There is no such condition,c,Recursion,Data Structures,easy
data-structure-questions-answers-graph-coloring-edge-coloring,3,What is the edge chromatic number for the graph given below?,a) 2,b) 3,c) 4,d) 5,c,Graph Coloring – Edge Coloring,Data Structures,easy
data-structure-assessment-questions-answers,4,Consider the string “efge”. What is the minimum number of insertions required to make the string a palindrome?,a) 0,b) 1,c) 2,d) 3,b,Minimum Insertions to form a Palindrome,Data Structures,easy
java-questions-answers-data-structures-hashmap,6,Is hashmap an ordered collection.,a) True,b) False,,,b,Data Structures-HashMap,Data Structures,easy
data-structure-questions-answers-directed-acyclic-graph,4,The topological sorting of any DAG can be done in ________ time.,a) cubic,b) quadratic,c) linear,d) logarithmic,c,Directed Acyclic Graph,Data Structures,easy
data-structure-questions-answers-matrix,6,"If row-major order is used, how is the following matrix stored in memory? a b c d e f g h i",a) ihgfedcba,b) abcdefghi,c) cfibehadg,d) adgbehcfi,b,Matrix,Data Structures,easy
data-structure-questions-answers-binary-tree-properties,7,"In a full binary tree if number of internal nodes is I, then number of leaves L are?",a) L = 2*I,b) L = I + 1,c) L = I – 1,d) L = 2*I – 1,b,Binary Tree,Data Structures,medium
data-structure-questions-answers-skip-list,8,How to maintain multi-level skip list properties when insertions and deletions are done?,a) design each level of a multi-level skip list with varied probabilities,b) that cannot be maintained,c) rebalancing of lists,d) reconstruction,a,Skip List,Data Structures,medium
data-structure-questions-answers-avl-tree,5,"To restore the AVL property after inserting a element, we start at the insertion point and move towards root of that tree. is this statement true?",a) true,b) false,,,a,AVL Tree,Data Structures,medium
1000-data-structure-questions-answers,2,What are the disadvantages of arrays?,a) Index value of an array can be negative,b) Elements are sequentially accessed,c) Data structure like queue or stack cannot be implemented,d) There are chances of wastage of memory space if elements inserted in an array are lesser than the allocated size,d,Data Structure MCQ (Multiple Choice Questions) - Sanfoundry,Data Structures,medium
data-structure-questions-answers-incidence-matrix-graph-structured-stack,7,If a connected Graph (G) contains n vertices what would be the rank of its incidence matrix?,a) n-1,b) values greater than n are possible,c) values less than n-1 are possible,d) insufficient Information is given,a,Incidence Matrix and Graph Structured Stack,Data Structures,medium
data-structure-questions-answers-preorder-traversal,7,What is the time complexity of pre-order traversal in the iterative fashion?,a) O(1),b) O(n),c) O(logn),d) O(nlogn),b,Preorder Traversal,Data Structures,medium
data-structure-questions-answers-fibonacci-search,8,What is the time complexity of Jump Search?,a) O(logn),b) O(n),c) O(sqrt(n)),d) O(nlogn),c,Fibonacci Search,Data Structures,medium
data-structure-questions-answers-propositional-directed-acyclic-word-graph,5,In which of the following case does a Propositional Directed Acyclic Graph is used for?,a) Representation of Boolean Functions,b) String Matching,c) Searching,d) Sorting of number,a,Propositional and Directed Acyclic Word Graph,Data Structures,medium
data-structure-questions-answers-search-element-array-recursion-1,1,Which of the following techniques can be used to search an element in an unsorted array?,a) Iterative linear search,b) Recursive binary search,c) Iterative binary search,d) Normal binary search,a,Search an Element in an Array using Recursion – 1,Data Structures,medium
data-structure-questions-answers-weight-balanced-tree,4,The size value of various nodes in a weight balanced tree are leaf – zero internal node – size of it’s two children is this true?,a) true,b) false,,,a,Weight Balanced Tree,Data Structures,medium
data-structure-questions-answers-incidence-matrix-graph-structured-stack,5,Time complexity to check if an edge exists between two vertices would be ___________,a) O(V*V),b) O(V+E),c) O(1),d) O(E),d,Incidence Matrix and Graph Structured Stack,Data Structures,medium
data-structure-questions-answers-heap,6,"If we implement heap as min-heap, deleting root node (value 1)from the heap. What would be the value of root node after second iteration if leaf node (value 100) is chosen to replace the root at start.",a) 2,b) 100,c) 17,d) 3,a,Heap,Data Structures,medium
data-structure-questions-answers-bubble-sort,3,What is the worst case complexity of bubble sort?,a) O(nlogn),b) O(logn),c) O(n),d) O(n,d,Bubble Sort,Data Structures,medium
data-structure-questions-answers-preorder-traversal,1,"For the tree below, write the pre-order traversal.","a) 2, 7, 2, 6, 5, 11, 5, 9, 4","b) 2, 7, 5, 2, 6, 9, 5, 11, 4","c) 2, 5, 11, 6, 7, 4, 9, 5, 2","d) 2, 7, 5, 6, 11, 2, 5, 4, 9",a,Preorder Traversal,Data Structures,medium
data-structure-questions-answers-undirected-graph,4,How many of the following statements are correct? i) All cyclic graphs are complete graphs. ii) All complete graphs are cyclic graphs. iii) All paths are bipartite. iv) All cyclic graphs are bipartite. v) There are cyclic graphs which are complete.,a) 1,b) 2,c) 3,d) 4,b,Undirected Graph,Data Structures,medium
data-structure-questions-answers-longest-palindromic-subsequence,1,Which of the following methods can be used to solve the longest palindromic subsequence problem?,a) Dynamic programming,b) Recursion,c) Brute force,"d) Dynamic programming, Recursion, Brute force",d,Longest Palindromic Subsequence,Data Structures,medium
data-structure-questions-answers-matrix-chain-multiplication,1,Which of the following methods can be used to solve the matrix chain multiplication problem?,a) Dynamic programming,b) Brute force,c) Recursion,"d) Dynamic Programming, Brute force, Recursion",d,Matrix-chain Multiplication,Data Structures,medium
data-structure-questions-answers-binary-trees-array,2,What is/are the disadvantages of implementing tree using normal arrays?,a) difficulty in knowing children nodes of a node,b) difficult in finding the parent of a node,c) have to know the maximum number of nodes possible before creation of trees,d) difficult to implement,c,Binary Trees using Array,Data Structures,medium
data-structure-questions-answers-stack-operations,5,Entries in a stack are “ordered”. What is the meaning of this statement?,a) A collection of stacks is sortable,b) Stack entries may be compared with the ‘<‘ operation,c) The entries are stored in a linked list,d) There is a Sequential entry that is one by one,d,Stack,Data Structures,medium
java-questions-answers-data-structures-list,9,What is the worst case complexity of accessing an element in ArrayList?,a) O(n),b) O(1),c) O(nlogn),d) O(2),b,Data Structures-List,Data Structures,medium
data-structure-assessment-questions-answers,3,"In the worst case, the minimum number of insertions to be made to convert the string into a palindrome is equal to the length of the string.",a) True,b) False,,,b,Minimum Insertions to form a Palindrome,Data Structures,medium
data-structure-questions-answers-power-number-recursion-logn-time,8,Which of the following correctly implements iterative code for finding power of a number?,a) #include <stdio.h>,b) #include <stdio.h>,c) #include <stdio.h>,d) #include <stdio.h>,a,Power of a Number using Recursion in Logn Time,Data Structures,medium
data-structure-questions-answers-circular-linked-lists,4,What is the time complexity of searching for an element in a circular linked list?,a) O(n),b) O(nlogn),c) O(1),d) O(n,a,Circular Linked List,Data Structures,medium
data-structure-questions-answers-bit-array,9,Which of the following bitwise operator will you use to invert all the bits in a bit array?,a) OR,b) NOT,c) XOR,d) NAND,b,Bit Array,Data Structures,medium
data-structure-questions-answers-sparse-array,1,What is a sparse array?,a) Data structure for representing arrays of records,b) Data structure that compactly stores bits,c) An array in which most of the elements have the same value,d) An array in which memory is allocated in run time,c,Sparse Array,Data Structures,medium
data-structure-questions-answers-threaded-binary-tree,6,What are double and single threaded trees?,"a) when both left, right nodes are having null pointers and only right node is null pointer respectively",b) having 2 and 1 node,c) using single and double linked lists,d) using heaps and priority queues,a,Threaded Binary Tree,Data Structures,medium
data-structure-questions-answers-binary-search-iterative,9,Binary Search can be categorized into which of the following?,a) Brute Force technique,b) Divide and conquer,c) Greedy algorithm,d) Dynamic programming,b,Binary Search,Data Structures,medium
data-structure-questions-answers-reverse-word-stack,8,"What will be output if the following sequence of operations are executed? Push(a,s); Push(b,s); Pop(b); Push(c,s);",a) abc,b) b,c) ac,d) acb,b,Reverse a Word using Stack,Data Structures,medium
data-structure-questions-answers-double-ended-queue,8,"After performing these set of operations, what does the final list look contain? InsertFront ( 10 ) ; InsertFront ( 20 ) ; InsertRear ( 30 ) ; DeleteFront ( ) ; InsertRear ( 40 ) ; InsertRear ( 10 ) ; DeleteRear ( ) ; InsertRear ( 15 ) ; display ( ) ;",a) 10 30 10 15,b) 20 30 40 15,c) 20 30 40 10,d) 10 30 40 15,d,Double Ended Queue (Deque),Data Structures,medium
data-structure-questions-answers-counting-boolean-parenthesizations,2,Consider the expression T & F | T. What is the number of ways in which the expression can be parenthesized so that the output is T (true)?,a) 0,b) 1,c) 2,d) 3,c,Counting Boolean Parenthesizations,Data Structures,medium
data-structure-questions-answers-parallel-array,2,Which of the following can be called a parallel array implementation?,a) firstName,b) firstName,c) 📌 Limited Seats! Register Now -,d) firstName,a,Parallel Array,Data Structures,medium
data-structure-questions-answers-binary-search-iterative,4,"Given an array arr = {45,77,89,90,94,99,100} and key = 99; what are the mid values(corresponding array elements) in the first and second levels of recursion?",a) 90 and 99,b) 90 and 94,c) 89 and 99,d) 89 and 94,a,Binary Search,Data Structures,medium
data-structure-questions-answers-breadth-first-search,8,"Regarding implementation of Breadth First Search using queues, what is the maximum distance between two nodes present in the queue? (considering each edge length 1)",a) Can be anything,b) 0,c) At most 1,d) Insufficient Information,c,Breadth First Search,Data Structures,medium
data-structure-questions-answers-direct-addressing-tables,6,What is the time complexity to delete an element from the direct address table?,a) O(n),b) O(logn),c) O(nlogn),d) O(1),d,Direct Addressing Tables,Data Structures,medium
data-structure-questions-answers-longest-common-subsequence,3,Which of the following problems can be solved using the longest subsequence problem?,a) Longest increasing subsequence,b) Longest palindromic subsequence,c) Longest bitonic subsequence,d) Longest decreasing subsequence,b,Longest Common Subsequence,Data Structures,medium
data-structure-questions-answers-direct-addressing-tables,2,When is it appropriate to use direct addressing?,a) When the array is comparatively large,b) When the universe U of keys is reasonably small,c) When the universe U of keys is reasonably large,d) When the array is comparatively small,b,Direct Addressing Tables,Data Structures,medium
data-structure-questions-answers-queue-array,9,What is the space complexity of a linear queue having n elements?,a) O(n),b) O(nlogn),c) O(logn),d) O(1),a,Queue using Array,Data Structures,medium
data-structure-interview-questions-answers-freshers,2,Linked lists are not suitable for the implementation of ___________,a) Insertion sort,b) Radix sort,c) Polynomial manipulation,d) Binary search,d,Singly Linked Lists Operations – 2,Data Structures,medium
data-structure-questions-answers-matrix,8,Which of the following don’t use matrices?,a) In solving linear equations,b) Image processing,c) Graph theory,d) Sorting numbers,d,Matrix,Data Structures,medium
data-structure-questions-answers-heap,7,"If we implement heap as maximum heap , adding a new node of value 15 to the left most node of right subtree. What value will be at leaf nodes of the right subtree of the heap.",a) 15 and 1,b) 25 and 1,c) 3 and 1,d) 2 and 3,a,Heap,Data Structures,medium
data-structure-questions-answers-graph,13,For which of the following combinations of the degrees of vertices would the connected graph be eulerian?,"a) 1,2,3","b) 2,3,4","c) 2,4,5","d) 1,3,5",a,Graph,Data Structures,medium
data-structure-questions-answers-doubly-linked-lists,4,Which of the following piece of code removes the node from a given position?,a) public,b) public,c) public,d) public,a,Doubly Linked List,Data Structures,medium
data-structure-questions-answers-edit-distance-problem,3,Which of the following is an application of the edit distance problem?,a) Approximate string matching,b) Spelling correction,c) Similarity of DNA,"d) Approximate string matching, Spelling Correction and Similarity of DNA",d,Edit Distance Problem,Data Structures,medium
data-structure-questions-answers-factorial-recursion,10,"How many times will the function fact() be called when the following code is executed? int fact ( int n ) { if ( n == 0 ) return 1 ; return n * fact ( n - 1 ) ; } int main ( ) { int n = 5 ; int ans = fact ( n ) ; printf ( ""%d"" , ans ) ; return 0 ; }",a) 4,b) 5,c) 6,d) 7,c,Factorial using Recursion,Data Structures,medium
data-structure-questions-answers-circular-linked-lists,1,What differentiates a circular linked list from a normal linked list?,a) You cannot have the ‘next’ pointer point to null in a circular linked list,b) It is faster to traverse the circular linked list,"c) In a circular linked list, each node points to the previous node instead of the next node",d) Head node is known in circular linked list,a,Circular Linked List,Data Structures,medium
data-structure-questions-answers-edit-distance-problem,1,Which of the following methods can be used to solve the edit distance problem?,a) Recursion,b) Dynamic programming,c) Both dynamic programming and recursion,d) Greedy Algorithm,c,Edit Distance Problem,Data Structures,medium
data-structure-questions-answers-hash-tables,8,What is simple uniform hashing?,a) Every element has equal probability of hashing into any of the slots,b) A weighted probabilistic method is used to hash elements into the slots,c) Elements has Random probability of hashing into array slots,d) Elements are hashed based on priority,a,Hash Tables,Data Structures,medium
data-structure-questions-answers-0-1-knapsack-problem,2,Which of the following methods can be used to solve the Knapsack problem?,a) Brute force algorithm,b) Recursion,c) Dynamic programming,"d) Brute force, Recursion and Dynamic Programming",d,0/1 Knapsack Problem,Data Structures,medium
data-structure-questions-answers-queue-linked-list,3,"In linked list implementation of a queue, front and rear pointers are tracked. Which of these pointers will change during an insertion into a NONEMPTY queue?",a) Only front pointer,b) Only rear pointer,c) Both front and rear pointer,d) No pointer will be changed,b,Queue using Linked List,Data Structures,medium
1000-data-structure-questions-answers,21,Which of the following is the most widely used external memory data structure?,a) B-tree,b) Red-black tree,c) AVL tree,d) Both AVL tree and Red-black tree,a,Data Structure MCQ (Multiple Choice Questions) - Sanfoundry,Data Structures,medium
data-structure-questions-answers-reverse-word-stack,4,What is the time complexity of reversing a word using stack algorithm?,a) O (N log N),b) O (N,c) O (N),d) O (M log N),c,Reverse a Word using Stack,Data Structures,medium
data-structure-questions-answers-xor-linked-list,1,What is xor linked list?,a) uses of bitwise XOR operation to decrease storage requirements for doubly linked lists,b) uses of bitwise XOR operation to decrease storage requirements for linked lists,c) uses of bitwise operations to decrease storage requirements for doubly linked lists,d) just another form of linked list,a,Xor Linked List,Data Structures,medium
java-questions-answers-data-structures-set,9,What happens if two threads simultaneously modify TreeSet?,a) ConcurrentModificationException is thrown,b) Both threads can perform action successfully,c) FailFastException is thrown,d) IteratorModificationException is thrown,a,Data Structures-Set,Data Structures,medium
data-structure-questions-answers-reverse-word-stack,1,Reversing a word using stack can be used to find if the given word is a palindrome or not.,a) True,b) False,,,a,Reverse a Word using Stack,Data Structures,medium
data-structure-questions-answers-reverse-word-stack,6,How many stacks are required for reversing a word algorithm?,a) one,b) two,c) three,d) four,a,Reverse a Word using Stack,Data Structures,medium
data-structure-questions-answers-longest-increasing-subsequence,2,"Find the longest increasing subsequence for the given sequence: {10, -10, 12, 9, 10, 15, 13, 14}","a) {10, 12, 15}","b) {10, 12, 13, 14}","c) {-10, 12, 13, 14}","d) {-10, 9, 10, 13, 14}",d,Longest Increasing Subsequence,Data Structures,medium
data-structure-questions-answers-kadanes-algorithm,1,Kadane’s algorithm is used to find ____________,a) Longest increasing subsequence,b) Longest palindrome subsequence,c) Maximum sub-array sum,d) Longest decreasing subsequence,c,Kadane,Data Structures,medium
data-structure-questions-answers-non-recursive-depth-first-search,9,Which of the following data structure is used to implement BFS?,a) linked list,b) tree,c) stack,d) queue,d,Non-recursive Depth First Search,Data Structures,medium
java-questions-answers-data-structures-list,6,What is the difference between length() and size() of ArrayList?,a) length() and size() return the same value,b) length() is not defined in ArrayList,c) size() is not defined in ArrayList,d) length() returns the capacity of ArrayList and size() returns the actual number of elements stored in the list,d,Data Structures-List,Data Structures,medium
data-structure-questions-answers-binary-trees-array,10,Can a tree stored in an array using either one of inorder or post order or pre order traversals be again reformed?,a) Yes just traverse through the array and form the tree,b) No we need one more traversal to form a tree,c) No in case of sparse trees,d) Yes by using both inorder and array elements,b,Binary Trees using Array,Data Structures,medium
data-structure-questions-answers-binary-heap,5,State the complexity of algorithm given below. int function ( vector < int > arr ) int len = arr. length ( ) ; if ( len == 0 ) return ; temp = arr [ len - 1 ] ; arr. pop_back ( ) ; return temp ;,a) o(n),b) O(logn),c) O(1),d) O(n logn),c,Binary Heap,Data Structures,hard
data-structure-questions-answers-binary-tree-properties,10,Which of the following is incorrect with respect to binary trees?,"a) Let T be a binary tree. For every k ≥ 0, there are no more than 2k nodes in level k",b) Let T be a binary tree with λ levels. Then T has no more than 2,c) Let T be a binary tree with N nodes. Then the number of levels is at least ceil(log (N + 1)),d) Let T be a binary tree with N nodes. Then the number of levels is at least floor(log (N + 1)),d,Binary Tree,Data Structures,hard
data-structure-questions-answers-binomial-fibonacci-heap,4,"Given the pseudo code, state whether the function for merging of two heap is correct or not? mergeTree ( p,q ) if p. root value <= q. root value return p. addTree ( q ) else return q. addTree ( p )",a) True,b) False,,,a,Binomial and Fibonacci Heap,Data Structures,hard
1000-data-structure-questions-answers,23,"What will be the output of the following program? main ( ) { char str [ ] = ""san foundry"" ; int len = strlen ( str ) ; int i ; for ( i = 0 ; i < len ; i ++ ) push ( str [ i ] ) ; // pushes an element into stack for ( i = 0 ; i < len ; i ++ ) pop ( ) ; //pops an element from the stack }",a) yrdnuof nas,b) foundry nas,c) sanfoundry,d) san foundry,a,Data Structure MCQ (Multiple Choice Questions) - Sanfoundry,Data Structures,hard
data-structure-questions-answers-generating-partitions,6,"What is the output of the following code? #include<iostream> using namespace std ; void printArray ( int p [ ] , int n ) { for ( int i = 0 ; i <= n - 1 ; i ++ ) cout << p [ i ] << "" "" ; cout << endl ; } void func1 ( int n ) { int p [ n ] ; int k = 0 ; p [ k ] = n ; while ( true ) { printArray ( p , k + 1 ) ; int rem_val = 0 ; while ( k >= 0 && p [ k ] == 1 ) { rem_val += p [ k ] ; k --; } if ( k < 0 ) return ; p [ k ] --; rem_val ++; while ( rem_val > p [ k ] ) { p [ k + 1 ] = p [ k ] ; rem_val = rem_val - p [ k ] ; k ++; } p [ k + 1 ] = rem_val ; k ++; } } int main ( ) { int n = 3 ; func1 ( n ) ; return 0 ; }",a) 3,b) 1 1 1,c) 1 1 1,d) 3,d,Generating Partitions,Data Structures,hard
data-structure-questions-answers-splay-tree,9,What output does the below pseudo code produces? Tree_node function ( Tree_node x ) { Tree_node y = x. left ; x. left = y. right ; y. right = x ; return y ; },a) right rotation of subtree,b) left rotation of subtree,c) zig-zag operation,d) zig-zig operation,a,Splay Tree,Data Structures,hard
data-structure-questions-answers-string-reversal-recursion,2,"What is the output of the following code? #include<stdio.h> #include<string.h> void reverse_string ( char * s ) { int len = strlen ( s ) ; int i , j ; i = 0 ; j = len - 1 ; while ( i < j ) { char tmp = s [ i ] ; s [ i ] = s [ j ] ; s [ j ] = tmp ; i ++; j --; } } int main ( ) { char s [ 100 ] = ""reverse"" ; reverse_string ( s ) ; printf ( ""%s"" , s ) ; return 0 ; }",a) ersevre,b) esrever,c) eserver,d) eresevr,b,String Reversal using Recursion,Data Structures,hard
data-structure-questions-answers-recursion,14,"What is the output of the following code? void my_recursive_function ( int * arr , int val , int idx , int len ) { if ( idx == len ) { printf ( ""-1"" ) ; return ; } if ( arr [ idx ] == val ) { printf ( ""%d"" , idx ) ; return ; } my_recursive_function ( arr , val , idx + 1 , len ) ; } int main ( ) { int array [ 10 ] = { 7 , 6 , 4 , 3 , 2 , 1 , 9 , 5 , 0 , 8 } ; int value = 2 ; int len = 10 ; my_recursive_function ( array , value , 0 , len ) ; return 0 ; }",a) 3,b) 4,c) 5,d) 6,b,Recursion,Data Structures,hard
data-structure-questions-answers-kadanes-algorithm,2,Kadane’s algorithm uses which of the following techniques?,a) Divide and conquer,b) Dynamic programming,c) Recursion,d) Greedy algorithm,b,Kadane,Data Structures,hard
data-structure-questions-answers-graph,11,Which of the following is true?,a) A graph may contain no edges and many vertices,b) A graph may contain many edges and no vertices,c) A graph may contain no edges and no vertices,d) A graph may contain no vertices and many edges,b,Graph,Data Structures,hard
data-structure-questions-answers-generating-partitions,4,Which of the following is true according to Ramanujan’s congruence?,a) No. of partitions are divisible by 5 for a number 3 more than a multiple of 5,b) No. of partitions are divisible by 5 for a number 4 more than a multiple of 5,c) No. of partitions are divisible by 5 for a number 2 more than a multiple of 5,d) No. of partitions are divisible by 5 for a number 1 more than a multiple of 5,b,Generating Partitions,Data Structures,hard
data-structure-questions-answers-binary-search-iterative,7,Which of the following is not an application of binary search?,a) To find the lower/upper bound in an ordered sequence,b) Union of intervals,c) Debugging,d) To search in unordered list,d,Binary Search,Data Structures,hard
data-structure-questions-answers-campus-interviews,6,"Consider the following recursive implementation used to convert a decimal number to its binary equivalent: #include<stdio.h> int arr [ 31 ] , len = 0 ; void recursive_dec_to_bin ( int n ) { if ( n == 0 && len == 0 ) { arr [ len ++ ] = 0 ; return ; } if ( n == 0 ) return ; __________ ; recursive_dec_to_bin ( n / 2 ) ; } int main ( ) { int n = 100 , i ; recursive_dec_to_bin ( n ) ; for ( i = len - 1 ; i >= 0 ; i -- ) printf ( ""%d"" , arr [ i ] ) ; return 0 ; } Which of the following lines should be inserted to complete the above code?",a) arr[len] = n,b) arr[len] = n % 2,c) arr[len++] = n % 2,d) arr[len++] = n,c,Decimal to Binary Conversion using Recursion,Data Structures,hard
data-structure-questions-answers-splay-tree,2,Which of the following property of splay tree is correct?,a) it holds probability usage of the respective sub trees,"b) any sequence of j operations starting from an empty tree with h nodes atmost, takes O(jlogh) time complexity",c) sequence of operations with h nodes can take O(logh) time complexity,d) splay trees are unstable trees,b,Splay Tree,Data Structures,hard
data-structure-questions-answers-non-recursive-depth-first-search,4,Which of the following is a possible result of depth first traversal of the given graph(consider 1 to be source element)?,a) 1 2 3 4 5,b) 1 2 3 1 4 5,c) 1 4 5 3 2,d) 1 4 5 1 2 3,a,Non-recursive Depth First Search,Data Structures,hard
data-structure-questions-answers-assembly-line-scheduling,7,"Consider the following code: #include<stdio.h> int get_min ( int a , int b ) { if ( a < b ) return a ; return b ; } int minimum_time_required ( int reach [ ] [ 3 ] , int spent [ ] [ 4 ] , int * entry , int * exit , int n ) { int t1 [ n ] , t2 [ n ] , i ; t1 [ 0 ] = entry [ 0 ] + spent [ 0 ] [ 0 ] ; t2 [ 0 ] = entry [ 1 ] + spent [ 1 ] [ 0 ] ; for ( i = 1 ; i < n ; i ++ ) { t1 [ i ] = get_min ( t1 [ i - 1 ] + spent [ 0 ] [ i ] , t2 [ i - 1 ] + reach [ 1 ] [ i - 1 ] + spent [ 0 ] [ i ] ) ; __________ ; } return get_min ( t1 [ n - 1 ] + exit [ 0 ] , t2 [ n - 1 ] + exit [ 1 ] ) ; } Which of the following lines should be inserted to complete the above code?","a) t2[i] = get_min(t2[i-1]+spent[1][i], t1[i-1]+reach[0][i-1]+spent[1][i])","b) t2[i] = get_min(t2[i-1]+spent[1][i], t1[i-1]+spent[1][i])","c) t2[i] = get_min(t2[i-1]+spent[1][i], t1[i-1]+reach[0][i-1])",d) none of the mentioned,a,Assembly Line Scheduling,Data Structures,hard
data-structure-multiple-choice-questions-answers,5,"The recursive formula for Catalan number is given by Cn = ∑Ci*C(n-i). Consider the following dynamic programming implementation for Catalan numbers: 👉 Apply Now for #include<stdio.h> int cat_number ( int n ) { int i , j , arr [ n ] , k ; arr [ 0 ] = 1 ; for ( i = 1 ; i < n ; i ++ ) { arr [ i ] = 0 ; for ( j = 0 , k = i - 1 ; j < i ; j ++, k -- ) ______________________ ; } return arr [ n - 1 ] ; } int main ( ) { int ans , n = 8 ; ans = cat_number ( n ) ; printf ( ""%d \n "" , ans ) ; return 0 ; } Which of the following lines completes the above code?",a) arr[i] = arr[j] * arr[k];,b) arr[j] += arr[i] * arr[k];,c) arr[i] += arr[j] * arr[k].,d) arr[j] = arr[i] * arr[k];,c,Catalan Number using Dynamic Programming,Data Structures,hard
data-structure-questions-answers-weight-balanced-tree,7,"Consider a weight balanced tree such that, the number of nodes in the left sub tree is at least half and at most twice the number of nodes in the right sub tree. The maximum possible height (number of nodes on the path from the root to the farthest leaf) of such a tree on k nodes can be described as",a) log2 n,b) log4/3 n,c) log3 n,d) log3/2 n,d,Weight Balanced Tree,Data Structures,hard
data-structure-interview-questions-answers-freshers,8,Which of the following sorting algorithms can be used to sort a random linked list with minimum time complexity?,a) Insertion Sort,b) Quick Sort,c) Heap Sort,d) Merge Sort,d,Singly Linked Lists Operations – 2,Data Structures,hard
1000-data-structure-questions-answers,9,Which of the following statement(s) about stack data structure is/are NOT correct?,a) Top of the Stack always contain the new node,b) Stack is the FIFO data structure,c) Null link is present in the last node at the bottom of the stack,d) Linked List are used for implementing Stacks,b,Data Structure MCQ (Multiple Choice Questions) - Sanfoundry,Data Structures,hard
data-structure-questions-answers-balanced-partition,2,"In which of the following cases, it is not possible to have two subsets with equal sum?",a) When the number of elements is odd,b) When the number of elements is even,c) When the sum of elements is odd,d) When the sum of elements is even,c,Balanced Partition,Data Structures,hard
data-structure-questions-answers-longest-increasing-subsequence,7,"Complete the following dynamic programming implementation of the longest increasing subsequence problem: #include<stdio.h> int longest_inc_sub ( int * arr , int len ) { int i , j , tmp_max ; int LIS [ len ] ; // array to store the lengths of the longest increasing subsequence LIS [ 0 ] = 1 ; for ( i = 1 ; i < len ; i ++ ) { tmp_max = 0 ; for ( j = 0 ; j < i ; j ++ ) { if ( arr [ j ] < arr [ i ] ) { if ( LIS [ j ] > tmp_max ) ___________ ; } } LIS [ i ] = tmp_max + 1 ; } int max = LIS [ 0 ] ; for ( i = 0 ; i < len ; i ++ ) if ( LIS [ i ] > max ) max = LIS [ i ] ; return max ; } int main ( ) { int arr [ ] = { 10 , 22 , 9 , 33 , 21 , 50 , 41 , 60 , 80 } , len = 9 ; int ans = longest_inc_sub ( arr , len ) ; printf ( ""%d"" , ans ) ; return 0 ; }",a) tmp_max = LIS[j],b) LIS[i] = LIS[j],c) LIS[j] = tmp_max,d) tmp_max = LIS[i],a,Longest Increasing Subsequence,Data Structures,hard
data-structure-questions-answers-stack-array,8,"What is the functionality of the following piece of Java code? Assume: ‘a’ is a non empty array of integers, the Stack class creates an array of specified size and provides a top pointer indicating TOS(top of stack), push and pop have normal meaning. public void some_function ( int [ ] a ) { Stack S = new Stack (",a) length,b) length,c) parentheses matching,d) reverse the array,d,Stack using Array,Data Structures,hard
data-structure-questions-answers-matrix,2,Which of the following property does not hold for matrix multiplication?,a) Associative,b) Distributive,c) Commutative,d) Additive Inverse,c,Matrix,Data Structures,hard
data-structure-questions-answers-free-list,7,What are the disadvantages in implementing buddy system algorithm for free lists?,a) internal fragmentation,b) it takes so much space,"c) we no more have the hole lists in order of memory address, so it is difficult to detect if 2 holes remain adjacent in memory and shall be merged into one hole",d) both a and c are correct,d,Free List,Data Structures,hard
data-structure-questions-answers-directed-acyclic-graph,7,"What would be the output of the following C++ program if the given input is 0 0 0 1 1 0 0 0 0 1 0 0 0 1 0 1 0 1 0 0 1 1 0 0 0 #include <bits/stdc++.h> using namespace std ; bool visited [ 5 ] ; int G [ 5 ] [ 5 ] ; void fun ( int i ) { cout << i << "" "" ; visited [ i ] = true ; for ( int j = 0 ; j < 5 ; j ++ ) if ( ! visited [ j ] && G [ i ] [ j ] == 1 ) fun ( j ) ; } int main ( ) { for ( int i = 0 ; i < 5 ; i ++ ) for ( int j = 0 ; j < 5 ; j ++ ) cin >> G [ i ] [ j ] ; for ( int i = 0 ; i < 5 ; i ++ ) visited [ i ] = 0 ; fun ( 0 ) ; return 0 ; }",a) 0 2 3 1 4,b) 0 3 2 4 1,c) 0 2 3 4 1,d) 0 3 2 1 4,b,Directed Acyclic Graph,Data Structures,hard
data-structure-questions-answers-aptitude-test,4,"What is the output of the following code? #include<stdio.h> int get_sum ( int n ) { int sm , i ; for ( i = 1 ; i <= n ; i ++ ) sm += i ; return sm ; } int main ( ) { int n = 10 ; int ans = get_sum ( n ) ; printf ( ""%d"" , ans ) ; return 0 ; }",a) 55,b) 45,c) 35,d) Depends on compiler,d,Sum of n Natural Numbers using Recursion,Data Structures,hard
data-structure-questions-answers-dynamic-array,14,"In special case, the time complexity of inserting/deleting elements at the end of dynamic array is __________",a) O (n),b) O (n,c) O (log n),d) O (1),a,Dynamic Array,Data Structures,hard
data-structure-questions-answers-queue-using-stacks,2,You are asked to perform a queue operation using a stack. Assume the size of the stack is some value ‘n’ and there are ‘m’ number of variables in this stack. The time complexity of performing deQueue operation is (Using only stack operations like push and pop)(Tightly bound).,a) O(m),b) O(n),c) O(m*n),d) Data is insufficient,a,Queue using Stacks,Data Structures,hard
data-structure-questions-answers-counting-boolean-parenthesizations,1,"You are given a boolean expression which consists of operators &, | and ∧ (AND, OR and XOR) and symbols T or F (true or false). You have to find the number of ways in which the symbols can be parenthesized so that the expression evaluates to true. This is the boolean parenthesization problem. Which of the following methods can be used to solve the problem?",a) Dynamic programming,b) Recursion,c) Brute force,"d) Dynamic programming, Recursion and Brute force",d,Counting Boolean Parenthesizations,Data Structures,hard
data-structure-questions-answers-xor-linked-list,6,"Which of the following statements are true? i) practical application of XOR linked lists are in environments with limited space requirements, such as embedded devices. ii)xor lists are not suitable because most garbage collectors will fail to work properly with classes or structures that don’t contain literal pointers iii)in order to calculate the address of the next node you need to remember the address of the previous node iv)xor lists are much efficient than single, doubly linked lists and arrays","a) i, ii, iii, iv","b) i, ii, iii","c) i, ii",d) i,b,Xor Linked List,Data Structures,hard
data-structure-questions-answers-fibonacci-recursion,12,"How many times will the function fibo() be called when the following code is executed? int fibo ( int n ) { if ( n == 1 ) return 0 ; else if ( n == 2 ) return 1 ; return fibo ( n - 1 ) + fibo ( n - 2 ) ; } int main ( ) { int n = 5 ; int ans = fibo ( n ) ; printf ( ""%d"" , ans ) ; return 0 ; }",a) 5,b) 6,c) 8,d) 9,d,Fibonacci using Recursion,Data Structures,hard
data-structure-questions-answers-power-number-recursion-logn-time,1,"What will be the output for following code? #include<stdio.h> int func ( int x , int y ) { if ( y == 0 ) return 1 ; else if ( y % 2 == 0 ) return func ( x , y / 2 ) * func ( x , y / 2 ) ; else return x * func ( x , y / 2 ) * func ( x , y / 2 ) ; } int main ( ) { int x = 2 ; int y = 3 ; printf ( ""%d"" , func ( x , y ) ) ; return 0 ; }",a) 9,b) 6,c) 8,d) 5,c,Power of a Number using Recursion in Logn Time,Data Structures,hard
data-structure-questions-answers-pancake-sort,8,"When we realize a specific implementation of a pancake algorithm, every move when we find the greatest of the sized array and flipping can be modeled through __________",a) Combinations,b) Exponential functions,c) Logarithmic functions,d) Permutations,d,Pancake Sort,Data Structures,hard
data-structure-questions-answers-assembly-line-scheduling,2,What is the time complexity of the brute force algorithm used to solve the assembly line scheduling problem?,a) O(1),b) O(n),c) O(n,d) O(2,d,Assembly Line Scheduling,Data Structures,hard
data-structure-questions-answers-pancake-sort,6,"In addition to the pancake sorting problem, there is the case of the burnt pancake problem in which we are dealing with pancakes (discs) that are burnt on one side only. In this case it is taken that the burnt side must always end up _______",a) Faced down,b) Faced up,c) It doesn’t matter,d) Both sides are burnt,a,Pancake Sort,Data Structures,hard
data-structure-questions-answers-queue-linked-list,10,Which of the following is true about linked list implementation of queue?,"a) In push operation, if new nodes are inserted at the beginning of linked list, then in pop operation, nodes must be removed from end","b) In push operation, if new nodes are inserted at the beginning, then in pop operation, nodes must be removed from the beginning","c) In push operation, if new nodes are inserted at the end, then in pop operation, nodes must be removed from end","d) In push operation, if new nodes are inserted at the end, then in pop operation, nodes must be removed from beginning",a,Queue using Linked List,Data Structures,hard
data-structure-questions-answers-single-linked-lists,5,"What is the functionality of the following code? public void function ( Node node ) { if ( size == 0 ) head = node ; else { Node temp,cur ; for ( cur = head ; ( temp = cur. getNext ( ) ) != null ; cur = temp ) ; cur. setNext ( node ) ; } size ++; }",a) Inserting a node at the beginning of the list,b) Deleting a node at the beginning of the list,c) Inserting a node at the end of the list,d) Deleting a node at the end of the list,c,Linked Lists,Data Structures,hard
data-structure-questions-answers-binary-trees-linked-lists,8,"What is missing in this logic of finding a path in the tree for a given sum (i.e checking whether there will be a path from roots to leaf nodes with given sum)? checkSum ( struct bin - treenode * root , int sum ) : if ( root == null ) return sum as 0 else : leftover_sum = sum - root_node --> value //missing",a) code for having recursive calls to either only left tree or right trees or to both subtrees depending on their existence,b) code for having recursive calls to either only left tree or right trees,c) code for having recursive calls to either only left tree,d) code for having recursive calls to either only right trees,a,Binary Trees using Linked Lists,Data Structures,hard
data-structure-questions-answers-uniform-binary-search,2,Which of the following is a suitable lookup table that can be used in the uniform binary search?(N is the number of elements in the array and the delta array is global),a) public,b) public,c) 📌 Limited Seats! Register Now -,d) public,a,Uniform Binary Search,Data Structures,hard
data-structure-questions-answers-pancake-sort,10,"There is a one line error in the following routine. Find that line. 1 int Max ( int a [ ] , int n ) 2 { 3 int mi, i ; 4 for ( mi = 0 , i = 0 ; i < n ; i ++ ) 5 if ( a [ i ] > a [ mi ] ) 6 mi = i ; 7 return mi ; 8 }",a) Line 2,b) Line 4,c) Line 6,d) Line 5,b,Pancake Sort,Data Structures,hard
data-structure-questions-answers-circular-linked-lists,10,Consider a small circular linked list. How to detect the presence of cycles in this list effectively?,a) Keep one node as head and traverse another temp node till the end to check if its ‘next points to head,b) Have fast and slow pointers with the fast pointer advancing two nodes at a time and slow pointer advancing by one node at a time,"c) Cannot determine, you have to pre-define if the list contains cycles",d) Circular linked list itself represents a cycle. So no new cycles cannot be generated,b,Circular Linked List,Data Structures,hard
data-structure-assessment-questions-answers,1,"Given a string, you have to find the minimum number of characters to be inserted in the string so that the string becomes a palindrome. Which of the following methods can be used to solve the problem?",a) Greedy algorithm,b) Recursion,c) Dynamic programming,d) Both recursion and dynamic programming,d,Minimum Insertions to form a Palindrome,Data Structures,hard
data-structure-questions-answers-coin-change-problem,2,"Suppose you have coins of denominations 1, 3 and 4. You use a greedy algorithm, in which you choose the largest denomination coin which is not greater than the remaining sum. For which of the following sums, will the algorithm NOT produce an optimal answer?",a) 20,b) 12,c) 6,d) 5,c,Coin Change Problem,Data Structures,hard
data-structure-questions-answers-stack-array,6,Which of the following array position will be occupied by a new element being pushed for a stack of size N elements(capacity of stack > N)?,a) S[N-1],b) S[N],c) S[1],d) S[0],b,Stack using Array,Data Structures,hard
data-structure-questions-answers-assembly-line-scheduling,8,What is the time complexity of the above dynamic programming implementation of the assembly line scheduling problem?,a) O(1),b) O(n),c) O(n,d) O(n,b,Assembly Line Scheduling,Data Structures,hard
data-structure-questions-answers-pancake-sort,3,"There is one small error in the following flip routine. Find out which line it is on. 1 void flip ( int arr [ ] , int i ) 2 { 3 int t, init = 0 ; 4 while ( init < i ) 5 { 6 t = arr [ init ] ; 7 arr [ i ] = arr [ init ] ; 8 arr [ i ] = t ; 9 init ++; 10 i --; 11 } 12 }",a) Line 3,b) Line 5,c) Line 7,d) Line 9,c,Pancake Sort,Data Structures,hard
data-structure-questions-answers-edit-distance-problem,8,"Consider the following dynamic programming implementation of the edit distance problem: #include<stdio.h> #include<string.h> int get_min ( int a , int b ) { if ( a < b ) return a ; return b ; } int edit_distance ( char * s1 , char * s2 ) { int len1 , len2 , i , j , min ; len1 = strlen ( s1 ) ; len2 = strlen ( s2 ) ; int arr [ len1 + 1 ] [ len2 + 1 ] ; for ( i = 0 ; i <= len1 ; i ++ ) arr [ i ] [ 0 ] = i ; for ( i = 0 ; i <= len2 ; i ++ ) arr [ 0 ] [ i ] = i ; for ( i = 1 ; i <= len1 ; i ++ ) { for ( j = 1 ; j <= len2 ; j ++ ) { min = get_min ( arr [ i - 1 ] [ j ] , arr [ i ] [ j - 1 ] ) + 1 ; if ( s1 [ i - 1 ] == s2 [ j - 1 ] ) { if ( arr [ i - 1 ] [ j - 1 ] < min ) min = arr [ i - 1 ] [ j - 1 ] ; } else { if ( arr [ i - 1 ] [ j - 1 ] + 1 < min ) min = arr [ i - 1 ] [ j - 1 ] + 1 ; } _____________ ; } } return arr [ len1 ] [ len2 ] ; } int main ( ) { char s1 [ ] = ""abcd"" , s2 [ ] = ""defg"" ; int ans = edit_distance ( s1 , s2 ) ; printf ( ""%d"" , ans ) ; return 0 ; } Which of the following lines should be added to complete the above code?",a) arr[i-1][j] = min,b) arr[i][j-1] = min,c) arr[i-1][j-1] = min,d) arr[i][j] = min,d,Edit Distance Problem,Data Structures,hard
data-structure-questions-answers-priority-queue,3,"Select the appropriate code that inserts elements into the list based on the given key value. (head and trail are dummy nodes to mark the end and beginning of the list, they do not contain any priority or element)",a) public,b) 📌 Limited Seats! Register Now -,c) public,d) public,a,Priority Queue,Data Structures,hard
data-structure-questions-answers-freshers,5,"Consider the following operation performed on a stack of size 5. Push(1); Pop(); Push(2); Push(3); Pop(); Push(4); Pop(); Pop(); Push(5); 🎓 on 300 subjects are live for March 2026. Register Now! After the completion of all operation, the number of elements present in stack is?",a) 1,b) 2,c) 3,d) 4,a,Stack Operations – 3,Data Structures,hard
data-structure-questions-answers-bit-array,7,Which of the following is/are not applications of bit arrays?,a) Used by the Linux kernel,b) For the allocation of memory pages,c) Bloom filter,d) Implementation of Vectors and Matrices,d,Bit Array,Data Structures,hard
data-structure-questions-answers-binary-search-tree,1,Which of the following is false about a binary search tree?,a) The left child is always lesser than its parent,b) The right child is always greater than its parent,c) The left and right sub-trees should also be binary search trees,d) In order sequence gives decreasing order of elements,d,Binary Search Tree,Data Structures,hard
1000-data-structure-questions-answers,16,Which of the following tree data structures is not a balanced binary tree?,a) Splay tree,b) B-tree,c) AVL tree,d) Red-black tree,b,Data Structure MCQ (Multiple Choice Questions) - Sanfoundry,Data Structures,hard
data-structure-questions-answers-bit-array,6,Which of the following is not a disadvantage of bit array?,"a) Without compression, they might become sparse",b) Accessing individual bits is expensive,"c) Compressing bit array to byte/word array, the machine also has to support byte/word addressing",d) Storing and Manipulating in the register set for long periods of time,d,Bit Array,Data Structures,hard
data-structure-questions-answers-dynamic-array,12,In which of the following cases dynamic arrays are not preferred?,a) If the size of the array is unknown,b) If the size of the array changes after few iterations,c) If the memory reallocation takes more time i.e. expensive,d) If the array holds less number of elements,d,Dynamic Array,Data Structures,hard
data-structure-questions-answers-longest-palindromic-subsequence,3,"For which of the following, the length of the string is not equal to the length of the longest palindromic subsequence?",a) A string that is a palindrome,b) A string of length one,c) A string that has all the same letters(e.g. aaaaaa),d) Some strings of length two,d,Longest Palindromic Subsequence,Data Structures,hard
data-structure-questions-answers-matrix-chain-multiplication,7,"Consider the following dynamic programming implementation of the matrix chain problem: #include<stdio.h> #include<limits.h> int mat_chain_multiplication ( int * mat , int n ) { int arr [ n ] [ n ] ; int i , k , row , col , len ; for ( i = 1 ; i < n ; i ++ ) arr [ i ] [ i ] = 0 ; for ( len = 2 ; len < n ; len ++ ) { for ( row = 1 ; row <= n - len + 1 ; row ++ ) { col = row + len - 1 ; arr [ row ] [ col ] = INT_MAX ; for ( k = row ; k <= col - 1 ; k ++ ) { int tmp = ________________________ ; if ( tmp < arr [ row ] [ col ] ) arr [ row ] [ col ] = tmp ; } } } return arr [ 1 ] [ n - 1 ] ; } int main ( ) { int mat [ 6 ] = { 20 , 5 , 30 , 10 , 40 } ; int ans = mat_chain_multiplication ( mat , 5 ) ; printf ( ""%d"" , ans ) ; return 0 ; } Which of the following lines should be inserted to complete the above code?",a) arr[row][k] – arr[k + 1][col] + mat[row – 1] * mat[k] * mat[col];,b) arr[row][k] + arr[k + 1][col] – mat[row – 1] * mat[k] * mat[col];,c) arr[row][k] + arr[k + 1][col] + mat[row – 1] * mat[k] * mat[col];,d) arr[row][k] – arr[k + 1][col] – mat[row – 1] * mat[k] * mat[col];,c,Matrix-chain Multiplication,Data Structures,hard
data-structure-questions-answers-search-element-array-recursion-1,6,"Consider the following recursive implementation of linear search: #include<stdio.h> int recursive_search_num ( int * arr , int num , int idx , int len ) { if ( idx == len ) return - 1 ; if ( arr [ idx ] == num ) return idx ; return __________ ; } int main ( ) { int arr [ 5 ] = { 1 , 3 , 3 , 3 , 5 } , num = 2 , len = 5 ; int indx = recursive_search_num ( arr , num , 0 , len ) ; printf ( ""Index of %d is %d"" , num , indx ) ; return 0 ; } Which of the following recursive calls should be added to complete the above code?","a) recursive_search_num(arr, num+1, idx, len);","b) recursive_search_num(arr, num, idx, len);","c) recursive_search_num(arr, num, idx+1, len);","d) recursive_search_num(arr, num+1, idx+1, len);",c,Search an Element in an Array using Recursion – 1,Data Structures,hard
java-questions-answers-data-structures-set,6,"What will be the output of the following Java code snippet? import java.util.* ; public class Test { public static void main ( String [ ] args ) { Set s = new HashSet ( ) ; s. add ( new Long ( 10 ) ) ; s. add ( new Integer ( 10 ) ) ; for ( Object object : s ) { System out println ( ""test - "" + object ) ; } } }",a) Test - 10,b) Test – 10,c) Runtime Exception,d) Compilation Failure,a,Data Structures-Set,Data Structures,hard
data-structure-questions-answers-red-black-tree,2,Why do we impose restrictions like . root property is black . every leaf is black . children of red node are black . all leaves have same black,a) to get logarithm time complexity,b) to get linear time complexity,c) to get exponential time complexity,d) to get constant time complexity,a,Red Black Tree,Data Structures,hard
python-mcqs-basic-operators,1,Which is the correct operator for power(x y ) in Python?,a) x^y,b) x**y,c) x^^y,d) None of the mentioned,b,Basic Operators,Python,easy
1000-python-questions-answers,7,What will be the value of the following Python expression? print ( 4 + 3 % 5 ),a) 7,b) 2,c) 4,d) 1,a,1000 Python MCQ (Multiple Choice Questions) - Sanfoundry,Python,easy
python-developer-questions-answers,9,"What is the value of x if x = math.ldexp(0.5, 1)?",a) 1,b) 2.0,c) 0.5,d) none of the mentioned,d,Mathematical Functions,Python,easy
python-scripting-interview-questions-answers,8,Which function is used to close a file in python?,a) close(),b) stop(),c) end(),d) closefile(),a,Files,Python,easy
python-questions-answers-encapsulation,1,Which of these is not a fundamental features of OOP?,a) Encapsulation,b) Inheritance,c) Instantiation,d) Polymorphism,c,Encapsulation,Python,easy
python-mcqs-files-1,8,"To read the next line of the file from a file object infile, we use ____________",a) infile.read(2),b) infile.read(),c) infile.readline(),d) infile.readlines(),c,files,Python,easy
python-questions-answers-regular-expressions-1,2,The expression a{5} will match _____________ characters with the previous regular expression.,a) 5 or less,b) exactly 5,c) 5 or more,d) exactly 4,b,Regular Expressions – 1,Python,easy
python-developer-questions-answers,5,What is returned by math.isfinite(float(‘nan’))?,a) True,b) False,c) None,d) error,b,Mathematical Functions,Python,easy
1000-python-questions-answers,10,Which of the following character is used to give single-line comments in Python?,a) //,b) #,c) !,d) /*,b,1000 Python MCQ (Multiple Choice Questions) - Sanfoundry,Python,easy
python-questions-answers-built-in-functions-2,3,What is the output of the function complex()?,a) 0j,b) 0+0j,c) 0,d) Error,a,Built-in Functions – 2,Python,easy
python-questions-answers-precedence-associativity-1,10,What is the value of the following expression? print ( float ( 22 // 3 + 3 / 3 ) ),a) 8,b) 8.0,c) 8.3,d) 8.33,b,Precedence and Associativity – 1,Python,easy
python-scripting-interview-questions-answers,7,Which function is used to write a list of string in a file?,a) writeline(),b) writelines(),c) writestatement(),d) writefullline(),b,Files,Python,easy
python-questions-answers-classes-objects-2,13,__del__ method is used to destroy instances of a class.,a) True,b) False,,,a,Classes and Objects – 2,Python,easy
python-questions-answers-sys-module,2,Which of the following functions is not defined under the sys module?,a) sys.platform,b) sys.path,c) sys.readline,d) sys.argv,c,Sys Module,Python,easy
python-mcqs-lists-1,5,"Suppose list1 is [3, 5, 25, 1, 3], what is min(list1)?",a) 3,b) 5,c) 25,d) 1,d,Lists,Python,easy
python-developer-interview-questions-answers,9,What is the value of x if x = math.sqrt(4)?,a) 2,b) 2.0,"c) (2, -2)","d) (2.0, -2.0)",b,Math – 3,Python,easy
python-questions-answers-inheritance-1,11,What does built-in function type do in context of classes?,a) Determines the object name of any value,b) Determines the class name of any value,c) Determines class description of any value,d) Determines the file name of any value,b,Inheritance,Python,easy
1000-python-questions-answers,21,Which of the following functions is a built-in function in python?,a) factorial(),b) print(),c) seed(),d) sqrt(),b,1000 Python MCQ (Multiple Choice Questions) - Sanfoundry,Python,easy
python-questions-answers-decorators,3,The ______ symbol along with the name of the decorator function can be placed above the definition of the function to be decorated works as an alternate way for decorating a function.,a) #,b) $,c) @,d) &,c,Decorators,Python,easy
tricky-python-questions-answers,2,How are variable length arguments specified in the function heading?,a) one star followed by a valid identifier,b) one underscore followed by a valid identifier,c) two stars followed by a valid identifier,d) two underscores followed by a valid identifier,a,Argument Parsing,Python,easy
python-mcqs-basic-operators,10,Which one of the following has the highest precedence in the expression?,a) Exponential,b) Addition,c) Multiplication,d) Parentheses,d,Basic Operators,Python,easy
1000-python-questions-answers,33,Which function is called when the following Python program is executed? f = foo ( ) format ( f ),a) str(),b) format(),c) __str__(),d) __format__(),d,1000 Python MCQ (Multiple Choice Questions) - Sanfoundry,Python,easy
python-questions-answers-sets-5,2,The ____________ function removes the first element of a set and the last element of a list.,a) remove,b) pop,c) discard,d) dispose,b,Sets – 5,Python,easy
python-mcqs-basic-operators,7,"What is the output of this expression, 3*1**3?",a) 27,b) 9,c) 3,d) 1,c,Basic Operators,Python,easy
python-questions-answers-pickle-module,1,The process of pickling in Python includes:,a) conversion of a list into a datatable,b) conversion of a byte stream into Python object hierarchy,c) conversion of a Python object hierarchy into byte stream,d) conversion of a datatable into a list,c,Pickle Module,Python,easy
python-questions-answers-random-module,1,"To include the use of functions which are present in the random library, we must use the option:",a) import random,b) random.h,c) import.random,d) random.random,a,Random module – 1,Python,easy
1000-python-questions-answers,13,"Python supports the creation of anonymous functions at runtime, using a construct called __________",a) pi,b) anonymous,c) lambda,d) none of the mentioned,c,1000 Python MCQ (Multiple Choice Questions) - Sanfoundry,Python,easy
python-technical-interview-questions-answers,10,Say s=”hello” what will be the return value of type(s)?,a) int,b) bool,c) str,d) String,c,Strings – 3,Python,easy
python-questions-answers-list-comprehension-2,6,"What is the list comprehension equivalent for: list(map(lambda x:x**-1, [1, 2, 3]))?","a) [1|x for x in [1, 2, 3]]","b) [-1**x for x in [1, 2, 3]]","c) [x**-1 for x in [1, 2, 3]]",d) [x^-1 for x in range(4)],c,List Comprehension – 2,Python,easy
python-developer-interview-questions-answers,2,What is the output of print(math.trunc(‘3.1’))?,a) 3,b) 3.0,c) error,d) none of the mentioned,c,Math – 3,Python,easy
python-questions-answers-dictionary-4,8,"If b is a dictionary, what does any(b) do?",a) Returns True if any key of the dictionary is true,b) Returns False if any key of the dictionary is false,c) Returns True if all keys of the dictionary are true,d) Method any() doesn’t exist for dictionary,a,Dictionary – 4,Python,easy
python-interview-questions-answers-experienced,9,Which operator is overloaded by the __or__() function?,a) ||,b) |,c) //,d) /,b,Operator Overloading,Python,easy
python-mcqs-basic-operators,2,Which one of these is floor division?,a) /,b) //,c) %,d) None of the mentioned,b,Basic Operators,Python,easy
python-questions-answers-bitwise-2,5,Any odd number on being AND-ed with ________ always gives 1. Hint: Any even number on being AND-ed with this value always gives 0.,a) 10,b) 2,c) 1,d) 0,c,Bitwise – 2,Python,easy
1000-python-questions-answers,32,"What will be the output of the following Python statement? print ( ""a"" + ""bc"" )",a) bc,b) abc,c) a,d) bca,b,1000 Python MCQ (Multiple Choice Questions) - Sanfoundry,Python,easy
python-puzzles,4,How are keyword arguments specified in the function heading?,a) one-star followed by a valid identifier,b) one underscore followed by a valid identifier,c) two stars followed by a valid identifier,d) two underscores followed by a valid identifier,c,Argument Parsing,Python,easy
python-questions-answers-tuples-2,1,What is the data type of (1)?,a) Tuple,b) Integer,c) List,d) Both tuple and integer,b,Tuples – 2,Python,easy
python-mcqs-files-1,2,"To open a file c:\scores.txt for writing, we use ____________","a) outfile = open(“c:\scores.txt”, “w”)","b) outfile = open(“c:\\scores.txt”, “w”)","c) outfile = open(file = “c:\scores.txt”, “w”)","d) outfile = open(file = “c:\\scores.txt”, “w”)",b,files,Python,easy
python-questions-answers-modules,6,In top-down design every module is broken into same number of submodules.,a) True,b) False,,,b,Python Modules,Python,easy
python-questions-answers-encapsulation,6,Which of these is a private data field? def Demo: def __init__ ( self ) : __a = 1 self .__b = 1 self .__c__ = 1 __d__ = 1,a) __a,b) __b,c) __c__,d) __d__,b,Encapsulation,Python,easy
python-coding-questions-answers,2,To retrieve the character at index 3 from string s=”Hello” what command do we execute (multiple answers allowed)?,a) s[],b) s.getitem(3),c) s.__getitem__(3),d) s.getItem(3),c,Strings – 4,Python,easy
python-mcqs-function-1,2,Which keyword is used for function?,a) Fun,b) Define,c) def,d) Function,c,Function,Python,easy
python-questions-answers-built-in-functions-1,3,"The function pow(x,y,z) is evaluated as:",a) (x**y)**z,b) (x**y) / z,c) (x**y) % z,d) (x**y)*z,c,Built-in Functions,Python,easy
1000-python-questions-answers,23,"The following python program can work with ____ parameters. def f ( x ) : def f1 ( *args , **kwargs ) : print ( ""Sanfoundry"" ) return x ( *args , **kwargs ) return f1",a) any number of,b) 0,c) 1,d) 2,a,1000 Python MCQ (Multiple Choice Questions) - Sanfoundry,Python,easy
python-mcqs-files-1,1,"To open a file c:\scores.txt for reading, we use _____________","a) infile = open(“c:\scores.txt”, “r”)","b) infile = open(“c:\\scores.txt”, “r”)","c) infile = open(file = “c:\scores.txt”, “r”)","d) infile = open(file = “c:\\scores.txt”, “r”)",b,files,Python,easy
python-mcqs-strings-1,5,What arithmetic operators cannot be used with strings?,a) +,b) *,c) –,d) All of the mentioned,c,String,Python,easy
python-aptitude-test-questions,8,"What does random.shuffle(x) do when x = [1, 2, 3]?",a) error,"b) do nothing, it is a placeholder for a function that is yet to be implemented",c) shuffle the elements of the list in-place,d) none of the mentioned,c,Random module,Python,easy
python-questions-answers-numeric-types,7,"What is the result of cmp(3, 1)?",a) 1,b) 0,c) True,d) False,a,Numeric Types,Python,easy
python-questions-answers-exception-handling,1,How many except statements can a try-except block have?,a) zero,b) one,c) more than one,d) more than zero,d,Exception Handling,Python,easy
python-questions-answers-built-in-functions-2,6,The function complex(‘2-3j’) is valid but the function complex(‘2 – 3j’) is invalid.,a) True,b) False,,,a,Built-in Functions – 2,Python,easy
python-scripting-interview-questions-answers,5,Which function is used to read single line from file?,a) readline(),b) readlines(),c) readstatement(),d) readfullline(),a,Files,Python,easy
python-developer-interview-questions-answers,6,Which of the following aren’t defined in the math module?,a) log2(),b) log10(),c) logx(),d) none of the mentioned,c,Math – 3,Python,easy
python-questions-answers-recursion,2,Only problems that are recursively defined can be solved using recursion.,a) True,b) False,,,b,Recursion,Python,easy
python-mcqs-lists-1,7,To shuffle the list(say list1) what function do we use?,a) list1.shuffle(),b) shuffle(list1),c) random.shuffle(list1),d) random.shuffleList(list1),c,Lists,Python,easy
python-questions-answers-bitwise-1,8,Which of the following represents the bitwise XOR operator?,a) &,b) ^,c) |,d) !,b,Bitwise,Python,easy
python-coding-interview-questions-answers,6,To add a new element to a list we use which command?,a) list1.add(5),b) list1.append(5),c) list1.addLast(5),d) list1.addEnd(5),b,Lists,Python,easy
python-developer-interview-questions-answers,10,"What does math.sqrt(X, Y) do?",a) calculate the Xth root of Y,b) calculate the Yth root of X,c) error,d) return a tuple with the square root of X and Y,c,Math – 3,Python,easy
python-exam-questions-answers,5,"What does os.fchmod(fd, mode) do?",a) change permission bits of the file,b) change permission bits of the directory,c) change permission bits of either the file or the directory,d) none of the mentioned,a,Operating System,Python,easy
python-questions-answers-classes-objects-2,7,Special methods need to be explicitly called during object creation.,a) True,b) False,,,b,Classes and Objects – 2,Python,easy
python-questions-answers-inheritance-1,7,"When defining a subclass in Python that is meant to serve as a subtype, the subtype Python keyword is used.",a) True,b) False,,,b,Inheritance,Python,easy
python-questions-answers-formatting-2,2,The output of which of the codes shown below will be: “There are 4 blue birds.”?,a) ‘There are %g %d birds.’ %4 %blue,"b) ‘There are %d %s birds.’ %(4, “blue”)","c) ‘There are %s %d birds.’ %[4, “blue”]","d) ‘There are %d %s birds.’ 4, “blue”",b,Formatting – 2,Python,hard
1000-python-questions-answers,35,"What will be the output of the following Python code? class tester: def __init__ ( self , id ) : self id = str ( id ) id = ""224"" temp = tester ( 12 ) print ( temp. id )",a) 12,b) 224,c) None,d) Error,a,1000 Python MCQ (Multiple Choice Questions) - Sanfoundry,Python,hard
python-questions-answers-modules,5,Which of the following is true about top-down design process?,a) The details of a program design are addressed before the overall design,b) Only the details of the program are addressed,c) The overall design of the program is addressed before the details,d) Only the design of the program is addressed,c,Python Modules,Python,hard
python-mcqs-files-1,7,"What will be the output of the following Python code? f = None for i in range ( 5 ) : with open ( ""data.txt"" , ""w"" ) as f: if i > 2 : break print ( f. closed )",a) True,b) False,c) None,d) Error,a,files,Python,hard
python-questions-answers-exception-handling-2,1,"The following Python code will result in an error if the input value is entered as -5. x = int ( input ( ""Enter a number: "" ) ) print ( ""You entered:"" , x ) if x < 0 : assert False , 'Spanish'",a) True,b) False,,,a,Exception Handling – 2,Python,hard
python-questions-answers-regular-expressions,5,"What will be the output of the following Python code? 👉 Apply Now for import re sentence = 'we are humans' matched = re match ( r '(.*) (.*?) (.*)' , sentence ) print ( matched. groups ( ) )","a) (‘we’, ‘are’, ‘humans’)","b) (we, are, humans)","c) (‘we’, ‘humans’)",d) ‘we are humans’,a,Regular Expressions,Python,hard
python-questions-answers-turtle-module-3,3,What will be the output of the following Python code? import turtle t = turtle Pen ( ) t. backward ( 100 ) t. penup ( ) t. right ( 45 ) t. isdown ( ),a) True,b) False,c) Yes,d) No,b,Turtle Module – 3,Python,hard
python-interview-questions-answers,4,"What will be the output of the following Python code? def to_upper ( k ) : return k. upper ( ) x = [ 'ab' , 'cd' ] print ( list ( map ( upper , x ) ) )","a) [‘AB’, ‘CD’]","b) [‘ab’, ‘cd’]",c) none of the mentioned,d) error,d,Mapping Functions,Python,hard
python-questions-answers-variable-names,6,Which of the following is not a keyword in Python?,a) eval,b) assert,c) nonlocal,d) pass,a,Variable Names,Python,hard
python-questions-answers-sets-2,7,"What will be the output of the following Python code? a = { 1 , 2 , 3 } b = a b. remove ( 3 ) print ( a )","a) {1, 2, 3}","b) Error, copying of sets isn’t allowed","c) {1, 2}","d) Error, invalid syntax for remove",c,Sets – 2,Python,hard
python-multiple-choice-questions-answers,5,"What will be the output of the following Python code snippet? print ( 'The sum of {0} and {1} is {2}' format ( 2 , 10 , 12 ) )",a) The sum of 2 and 10 is 12,b) Error,c) The sum of 0 and 1 is 2,d) None of the mentioned,a,Strings – 8,Python,hard
python-mcqs-files-1,4,Which of the following statements are true?,"a) When you open a file for reading, if the file does not exist, an error occurs","b) When you open a file for writing, if the file does not exist, a new file is created","c) When you open a file for writing, if the file exists, the existing file is overwritten with the new file",d) All of the mentioned,d,files,Python,hard
python-questions-answers-inheritance-1,12,Which of the following is not a type of inheritance?,a) Double-level,b) Multi-level,c) Single-level,d) Multiple,a,Inheritance,Python,hard
python-questions-answers-datetime-module-2,6,"What will be the output of the following Python code? import time t = ( 2010 , 9 , 20 , 8 , 15 , 12 , 6 ) print ( time asctime ( t ) )",a) ‘20 Sep 2010 8:15:12 Sun’,b) ‘2010 20 Sept 08:15:12 Sun’,c) ‘Sun Sept 20 8:15:12 2010’,d) Error,d,Datetime Module – 2,Python,hard
python-questions-answers-list-comprehension,2,"What is the output of print(k) in the following Python code snippet? k = [ print ( i ) for i in my_string if i not in ""aeiou"" ] print ( k )",a) all characters of my_string that aren’t vowels,b) a list of Nones,c) list of Trues,d) list of Falses,b,List Comprehension,Python,hard
python-questions-answers-datetime-module-1,3,"What will be the output of the following Python code if the system date is 18th August, 2016? import datetime tday = datetime date today ( ) print ( tday. month )",a) August,b) Aug,c) 08,d) 18,c,Datetime Module – 1,Python,hard
python-questions-answers-polymorphism,5,What will be the output of the following Python code? class Demo: def __init__ ( self ) : self x = 1 def change ( self ) : self x = 10 class Demo_derived ( Demo ) : def change ( self ) : self x = self x + 1 return self x def main ( ) : obj = Demo_derived ( ) print ( obj. change ( ) ) main ( ),a) 11,b) 2,c) 1,d) An exception is thrown,b,Polymorphism,Python,hard
python-questions-answers-bitwise-2,8,"What will be the output of the following Python code if a=10 and b =20? a = 10 b = 20 a = a^b b = a^b a = a^b print ( a , b )",a) 10 20,b) 10 10,c) 20 10,d) 20 20,c,Bitwise – 2,Python,hard
python-questions-answers-lists-6,1,"What will be the output of the following Python code? a = [ 10 , 23 , 56 , [ 78 ] ] b = list ( a ) a [ 3 ] [ 0 ] = 95 a [ 1 ] = 34 print ( b )","a) [10, 34, 56, [95]]","b) [10, 23, 56, [78]]","c) [10, 23, 56, [95]]","d) [10, 34, 56, [78]]",c,Lists-6,Python,hard
python-questions-answers-built-in-functions-3,2,"Suppose there is a list such that: l=[2,3,4]. If we want to print this list in reverse order, which of the following methods should be used?",a) reverse(l),b) list(reverse[(l)]),c) reversed(l),d) list(reversed(l)),d,Built-in Functions – 3,Python,hard
python-questions-answers-advanced-formatting,9,"What will be the output of the following Python code? print ( '{0:f}, {1:2f}, {2:05.2f}' format ( 1.23456 , 1.23456 , 1.23456 ) )",a) Error,"b) ‘1.234560, 1.22345, 1.23’",c) No output,"d) ‘1.234560, 1.234560, 01.23’",d,Advanced Formatting Tools,Python,hard
python-questions-answers-boolean,9,Which of the following Boolean expressions is not logically equivalent to the other three?,a) not(-6<0 or-6>10),b) -6>=0 and -6<=10,c) not(-6<10 or-6==10),d) not(-6>10 or-6==10),d,Boolean,Python,hard
python-questions-answers-sets-1,3,"What will be the output of the following Python code? nums = set ( [ 1 , 1 , 2 , 3 , 3 , 3 , 4 , 4 ] ) print ( len ( nums ) )",a) 7,"b) Error, invalid syntax for formation of set",c) 4,d) 8,c,Sets,Python,hard
python-questions-answers-formatting-2,11,"What will be the output of the following Python code? t = '%(a)s, %(b)s, %(c)s' print ( t % dict ( a = 'hello' , b = 'world' , c = 'universe' ) )","a) ‘hello, world, universe’","b) ‘hellos, worlds, universes’",c) Error,"d) hellos, world, universe",a,Formatting – 2,Python,hard
python-questions-answers-turtle-module-2,1,"What will be the output of the following Python code? import turtle t = turtle Pen ( ) t. color ( 0 , 0 , 1 ) t. begin_fill ( ) t. circle ( 15 ) t. end_fill ( )",a) Error,b) A circle filled in with the colour red,c) A circle filled in with the colour blue,d) A circle filled in with the colour green,c,Turtle Module – 2,Python,hard
python-questions-answers-datetime-module-1,7,"Point out the error (if any) in the code shown below if the system date is 18th June, 2017? import datetime tday = datetime date today ( ) bday = datetime date ( 2017 , 9 , 18 ) till_bday = bday-tday print ( till_bday )","a) 3 months, 0:00:00","b) 90 days, 0:00:00","c) 3 months 2 days, 0:00:00","d) 92 days, 0:00:00",d,Datetime Module – 1,Python,hard
python-questions-answers-variable-names,10,Which of the following cannot be a variable name in Python?,a) __init__,b) in,c) it,d) on,b,Variable Names,Python,hard
python-questions-answers-lists-6,10,"What will be the output of the following Python code? lst = [ 3 , 4 , 6 , 1 , 2 ] lst [ 1 : 2 ] = [ 7 , 8 ] print ( lst )","a) [3, 7, 8, 6, 1, 2]",b) Syntax error,"c) [3,[7,8],6,1,2]","d) [3, 4, 6, 7, 8]",a,Lists-6,Python,hard
python-questions-answers-list-comprehension-2,10,"What will be the output of the following Python code? l = [ ""good"" , ""oh!"" , ""excellent!"" , ""#450"" ] print ( [ n for n in l if n. isalpha ( ) or n. isdigit ( ) ] )","a) [‘good’, ‘oh’, ‘excellent’, ‘450’ ]",b) [‘good’],"c) [‘good’, ‘#450’]","d) [‘oh!’, ‘excellent!’, ‘#450’]",b,List Comprehension – 2,Python,hard
python-questions-answers-modules,10,Which of the following is not a valid namespace?,a) Global namespace,b) Public namespace,c) Built-in namespace,d) Local namespace,b,Python Modules,Python,hard
python-questions-answers-sets-1,8,"If a={5,6,7}, what happens when a.add(5) is executed?","a) a={5,5,6,7}","b) a={5,6,7}",c) Error as there is no add function for set data type,d) Error as 5 already exists in the set,b,Sets,Python,hard
python-questions-answers-classes-objects-2,5,"Is the following Python code valid? class B ( object ) : def first ( self ) : print ( ""First method called"" ) def second ( ) : print ( ""Second method called"" ) ob = B ( ) B. first ( ob )",a) It isn’t as the object declaration isn’t right,b) It isn’t as there isn’t any __init__ method for initializing class members,"c) Yes, this method of calling is called unbounded method call","d) Yes, this method of calling is called bounded method call",c,Classes and Objects – 2,Python,hard
python-questions-answers-formatting-2,3,"What will be the output of the python code shown below for various styles of format specifiers? 🔥 Enroll Now for x = 1234 res = 'integers:...%d...%-6d...%06d' % ( x , x , x ) print ( res )",a) ‘integers:…1234…1234 …001234’,b) ‘integers…1234…1234…123400’,c) ‘integers:… 1234…1234…001234’,d) ‘integers:…1234…1234…001234’,a,Formatting – 2,Python,hard
python-question-papers,4,"What will be the output of the following Python code? values = [ [ 3 , 4 , 5 , 1 ] , [ 33 , 6 , 1 , 2 ] ] v = values [ 0 ] [ 0 ] for lst in values: for element in lst: if v > element: v = element print ( v )",a) 1,b) 3,c) 5,d) 6,a,Lists,Python,hard
python-questions-answers-boolean,8,"What will be the output of the following Python code? if ( 9 < 0 ) and ( 0 < - 9 ) : print ( ""hello"" ) elif ( 9 > 0 ) or False : print ( ""good"" ) else : print ( ""bad"" )",a) error,b) hello,c) good,d) bad,c,Boolean,Python,hard
python-questions-answers-built-in-functions-2,5,"What will be the output of the following Python function? print ( divmod ( 10.5 , 5 ) ) print ( divmod ( 2.4 , 1.2 ) )","a) (2.00, 0.50)","b) (2, 0.5)","c) (2.0, 0.5)","d) (2, 0.5)",c,Built-in Functions – 2,Python,hard
python-questions-answers-matrix-list-comprehension,7,"What will be the output of the following Python code? A = [ [ 1 , 2 , 3 ] , [ 4 , 5 , 6 ] , [ 7 , 8 , 9 ] ] print ( [ [ col + 10 for col in row ] for row in A ] )","a) [[11, 12, 13], [14, 15, 16], [17, 18, 19]]",b) Error,"c) [11, 12, 13], [14, 15, 16], [17, 18, 19]","d) [11, 12, 13, 14, 15, 16, 17, 18, 19]",a,Matrix List Comprehension,Python,hard
python-questions-answers-turtle-module-3,10,"What will be the output of the following Python code? import turtle t = turtle Pen ( ) t. goto ( 50 , 60 ) t1 = t. clone ( ) t1. ycor ( )",a) 0.0,b) 50.0,c) 60.0,d) Error,c,Turtle Module – 3,Python,hard
python-questions-answers-function-4,5,What will be the output of the following Python code? a = 10 b = 20 def change ( ) : global b a = 45 b = 56 change ( ) print ( a ) print ( b ),a) 10,b) 45,c) 10,d) Syntax Error,a,Function – 4,Python,hard
python-questions-answers-exception-handling-3,6,"Compare the following two Python codes shown below and state the output if the input entered in each case is -6? CODE 1 import math num = int ( input ( ""Enter a number of whose factorial you want to find"" ) ) print ( math factorial ( num ) ) CODE 2 num = int ( input ( ""Enter a number of whose factorial you want to find"" ) ) print ( math factorial ( num ) )","a) ValueError, NameError","b) AttributeError, ValueError","c) NameError, TypeError","d) TypeError, ValueError",a,Exception Handling – 3,Python,hard
python-questions-answers-lists-7,7,"What will be the output of the following Python code? def unpack ( a , b , c , d ) : print ( a+d ) x = [ 1 , 2 , 3 , 4 ] unpack ( *x )",a) Error,"b) [1, 4]",c) [5],d) 5,d,Lists-7,Python,hard
python-questions-answers-sets-4,4,"What will be the output of the following Python code snippet? s = set ( [ 1 , 2 , 3 ] ) print ( s. union ( [ 4 , 5 ] ) ) print ( s| ( [ 4 , 5 ] ) )",a) ⚡ Claim Your,b) Error,"c) {1, 2, 3, 4, 5}",d) Error,c,Sets – 4,Python,hard
python-questions-answers-sets-1,11,"What will be the output of the following Python code? a = { 5 , 6 , 7 , 8 } b = { 7 , 8 , 10 , 11 } print ( a^b )","a) {5, 6, 7, 8, 10, 11}","b) {7, 8}",c) Error as unsupported operand type of set data type,"d) {5, 6, 10, 11}",d,Sets,Python,hard
python-questions-answers-boolean,1,What will be the output of the following Python code snippet? print ( bool ( 'False' ) ) print ( bool ( ) ),a) True,b) False,c) False,d) True,d,Boolean,Python,hard
python-questions-answers-turtle-module-3,8,The output of the following Python code is similar to the alphabet _______________ import turtle t = turtle Pen ( ) t1 = turtle Pen ( ) t2 = turtle Pen ( ) t. forward ( 100 ) t1. forward ( 100 ) t2. forward ( 100 ) t1. left ( 90 ) t1. forward ( 75 ) t2. right ( 90 ) t2. forward ( 75 ),a) X,b) N,c) T,d) M,c,Turtle Module – 3,Python,hard
python-questions-answers-lists-6,2,"What will be the output of the following Python code? print ( list ( zip ( ( 1 , 2 , 3 ) , ( 'a' ) , ( 'xxx' , 'yyy' ) ) ) ) print ( list ( zip ( ( 2 , 4 ) , ( 'b' , 'c' ) , ( 'yy' , 'xx' ) ) ) )","a) [(1,2,3),(‘a’),(‘xxx’,’yyy’)]","b) [(1, 'a', 'xxx'),(2,’ ‘,’yyy’),(3,’ ‘,’ ‘)]",c) Syntax error,"d) [(1, 'a', 'xxx')]",d,Lists-6,Python,hard
python-questions-answers-datetime-module-2,2,"Which of the following functions can be used to find the coordinated universal time, assuming that the datetime module has already been imported?",a) datetime.utc(),b) datetime.datetime.utc(),c) datetime.utcnow(),d) datetime.datetime.utcnow(),d,Datetime Module – 2,Python,hard
advanced-python-questions-answers,3,"What will be the output of the following Python code? x = ""abcdef"" while i in x: print ( i , end = "" "" )",a) a b c d e f,b) abcdef,c) i i i i i i …,d) error,d,While and For Loops – 2,Python,hard
python-questions-answers-exception-handling-3,7,"What will be the output of the following Python code? def getMonth ( m ) : if m < 1 or m > 12 : raise ValueError ( ""Invalid"" ) print ( m ) getMonth ( 6 )",a) ValueError,b) Invalid,c) 6,d) ValueError(“Invalid”),c,Exception Handling – 3,Python,hard
python-questions-answers-sets-2,13,"What will be the output of the following Python code? a = { 5 , 6 , 7 , 8 } b = { 7 , 8 , 9 , 10 } print ( len ( a+b ) )",a) 8,"b) Error, unsupported operand ‘+’ for sets",c) 6,d) Nothing is displayed,b,Sets – 2,Python,hard
python-questions-answers-regular-expressions-5,4,Which of the following functions does not accept any argument?,a) re.purge,b) re.compile,c) re.findall,d) re.match,a,Regular Expressions – 5,Python,hard
python-questions-answers-modules,13,Which of the statements about modules is false?,"a) In the “from-import” form of import, identifiers beginning with two underscores are private and aren’t imported",b) dir() built-in function monitors the items in the namespace of the main module,"c) In the “from-import” form of import, all identifiers regardless of whether they are private or public are imported","d) When a module is loaded, a compiled version of the module with file extension .pyc is automatically produced",c,Python Modules,Python,hard
python-mcqs-function-1,5,"What will be the output of the following Python code? x = 50 def func ( x ) : print ( 'x is' , x ) x = 2 print ( 'Changed local x to' , x ) func ( x ) print ( 'x is now' , x )",a) x is 50,b) x is 50,c) x is 50,d) None of the mentioned,a,Function,Python,hard
python-questions-answers-list-comprehension,5,What will be the output of the following Python code snippet? x = [ i**+ 1 for i in range ( 3 ) ] ; print ( x ) ;,"a) [0, 1, 2]","b) [1, 2, 5]","c) error, **+ is not a valid operator","d) error, ‘;’ is not allowed",a,List Comprehension,Python,hard
python-programming-interview-questions-answers,7,"What will be the output of the following Python code? def addItem ( listParam ) : listParam + = [ 1 ] mylist = [ 1 , 2 , 3 , 4 ] addItem ( mylist ) print ( len ( mylist ) )",a) 1,b) 4,c) 5,d) 8,c,Lists,Python,hard
python-questions-answers-list-comprehension,10,"Which of the following is the same as list(map(lambda x: x**-1, [1, 2, 3]))?","a) [x**-1 for x in [(1, 2, 3)]]","b) [1/x for x in [(1, 2, 3)]]","c) [1/x for x in (1, 2, 3)]",d) error,c,List Comprehension,Python,hard
python-questions-answers-datetime-module-1,4,"What will be the output of the following Python code if the system date is 18th June, 2017 (Sunday)? import datetime tday = datetime date today ( ) print ( tday )",a) 18-06-2017,b) 06-18-2017,c) 2017-06-18,d) Error,c,Datetime Module – 1,Python,hard
python-questions-answers-turtle-module-1,1,"What will be the output shape of the following Python code? import turtle t = turtle Pen ( ) for i in range ( 0 , 4 ) : t. forward ( 100 ) t. left ( 120 )",a) square,b) rectangle,c) triangle,d) kite,c,Turtle Module,Python,hard
python-questions-answers-inheritance-1,4,"What will be the output of the following Python code? class Test: def __init__ ( self ) : self x = 0 class Derived_Test ( Test ) : def __init__ ( self ) : self y = 1 def main ( ) : b = Derived_Test ( ) print ( b. x , b. y ) main ( )",a) 0 1,b) 0 0,c) Error because class B inherits A but variable x isn’t inherited,"d) Error because when object is created, argument must be passed like Derived_Test(1)",c,Inheritance,Python,hard
python-questions-answers-polymorphism,1,Which of the following best describes polymorphism?,a) Ability of a class to derive members of another class as a part of its own definition,b) Means of bundling instance variables and methods in order to restrict access to certain class members,c) Focuses on variables and passing of variables to functions,d) Allows for objects of different types and behaviour to be treated as the same general type,d,Polymorphism,Python,hard
python-questions-answers-formatting-1,1,What will be the output of the following Python code snippet? X = ”hi” print ( “05d”%X ),a) 00000hi,b) 000hi,c) hi000,d) error,d,Formatting – 1,Python,medium
1000-python-questions-answers,29,What will be the output of the following Python code? x = 'abcd' for i in x: print ( i. upper ( ) ),a) a,b) a b c d,c) error,d) A,d,1000 Python MCQ (Multiple Choice Questions) - Sanfoundry,Python,medium
python-mcqs-function-1,7,"What will be the output of the following Python code? def say ( message , times = 1 ) : print ( message * times ) say ( 'Hello' ) say ( 'World' , 5 )",a) Hello,b) Hello,c) Hello,d) Hello,a,Function,Python,medium
python-questions-answers-turtle-module-3,12,What will be the output of the following Python code? import turtle t = turtle Pen ( ) t. resizemode ( “ user ” ) t. resizemode ( ),a) user,b) auto,c) nonresize,d) error,c,Turtle Module – 3,Python,medium
python-questions-answers-exception-handling,5,Can a single except block handle multiple exceptions in Python?,"a) Yes, like except TypeError, SyntaxError","b) Yes, like except [TypeError, SyntaxError]","c) Yes, like except (TypeError, SyntaxError)",d) No,c,Exception Handling,Python,medium
python-questions-answers-sys-module,10,What will be the output of the following Python code? import sys sys stderr write ( “hello” ),a) ‘hello’,b) ‘hello\n’,c) hello,d) hello5,d,Sys Module,Python,medium
python-aptitude-test-questions,3,Which of the following is equivalent to random.randrange(3)?,a) range(3),"b) random.choice(range(0, 3))",c) random.shuffle(range(3)),d) random.select(range(3)),b,Random module,Python,medium
python-questions-answers-built-in-functions-2,8,What will be the output of the following Python functions? x = 3 print ( eval ( 'x^2' ) ),a) Error,b) 1,c) 9,d) 6,b,Built-in Functions – 2,Python,medium
python-mcqs-core-datatypes,2,"Given a function that does not return any value, what is the default return value when it is executed in the Python shell?",a) int,b) bool,c) void,d) None,d,Core Data Types,Python,medium
python-programming-interview-questions-answers,5,To which of the following the “in” operator can be used to check if an item is in it?,a) Lists,b) Dictionary,c) Set,d) All of the mentioned,d,Lists,Python,medium
python-questions-answers-freshers,1,What will be the output of the following Python code? x = 123 for i in x: print ( i ),a) 1 2 3,b) 123,c) error,d) none of the mentioned,c,While and For Loops – 4,Python,medium
python-questions-answers-turtle-module-3,1,Which of the following functions results in an error?,a) turtle.shape(“turtle”),b) turtle.shape(“square”),c) turtle.shape(“triangle”),d) turtle.shape(“rectangle”),d,Turtle Module – 3,Python,medium
python-questions-answers-regular-expressions-5,7,"What will be the output of the following Python code? import re m = re search ( 'a' , 'The blue umbrella' ) print ( m. re pattern )",a) {},b) ‘The blue umbrella’,c) ‘a’,d) No output,c,Regular Expressions – 5,Python,medium
python-questions-answers-shallow-copy-deep-copy,3,"In _______________ copy, the base address of the objects are copied. In _______________ copy, the base address of the objects are not copied.",a) deep. shallow,"b) memberwise, shallow","c) shallow, deep","d) deep, memberwise",c,Shallow copy vs Deep copy,Python,medium
python-mcqs,8,What will be the output of the following Python code snippet? print ( '' isdigit ( ) ),a) True,b) False,c) None,d) Error,b,Strings – 9,Python,medium
python-questions-answers-global-local-variables-1,5,"What will be the output of the following Python code? def f1 ( x ) : global x x+ = 1 print ( x ) f1 ( 15 ) print ( ""hello"" )",a) error,b) hello,c) 16,d) 16,a,Global vs Local Variables – 1,Python,medium
python-questions-answers-classes-objects-2,4,Which of the following Python code creates an empty class?,a) class,b) class,c) class,d) It is not possible to create an empty class,b,Classes and Objects – 2,Python,medium
python-questions-answers-precedence-associativity-2,7,Which of the following expressions is an example of type conversion?,a) 4.0 + float(3),b) 5.3 + 6.3,c) 5.0 + 3,d) 3 + 7,a,Precedence and Associativity – 2,Python,medium
python-quiz,4,"What will be the output of the following Python code? print ( ""xyyzxyzxzxyy"" count ( 'xyy' , 0 , 100 ) )",a) 2,b) 0,c) 1,d) error,a,Strings – 6,Python,medium
python-questions-answers-list-comprehension-2,4,Write a list comprehension for producing a list of numbers between 1 and 1000 that are divisible by 3.,"a) [x in range(1, 1000) if x%3==0]","b) [x for x in range(1, 1001) if x % 3 == 0]","c) [x%3 for x in range(1, 1000)]","d) [x%3=0 for x in range(1, 1000)]",b,List Comprehension – 2,Python,medium
python-questions-answers-formatting-2,14,"What will be the output of the following Python code? print ( '%x %d' % ( 255 , 255 ) )","a) ‘ff, 255’","b) ‘255, 255’","c) ‘15f, 15f’",d) Error,a,Formatting – 2,Python,medium
python-questions-answers-bitwise-2,7,Which of the following expressions can be used to multiply a given number ‘a’ by 4?,a) a<<2,b) a<<4,c) a>>2,d) a>>4,a,Bitwise – 2,Python,medium
python-programming-questions-answers,3,"Suppose listExample is [3, 4, 5, 20, 5, 25, 1, 3], what is list1 after listExample.pop(1)?","a) [3, 4, 5, 20, 5, 25, 1, 3]","b) [1, 3, 3, 4, 5, 5, 20, 25]","c) [3, 5, 20, 5, 25, 1, 3]","d) [1, 3, 4, 5, 20, 5, 25]",c,Lists,Python,medium
python-questions-answers-formatting-2,7,"What will be the output of the following Python code snippet? print ( '%(qty)d more %(food)s' % { 'qty' : 1 , 'food' : 'spam' } )",a) Error,b) No output,c) ‘1 more foods’,d) ‘1 more spam’,d,Formatting – 2,Python,medium
python-questions-answers-datetime-module-1,1,"What will be the output of the following Python code? import datetime d = datetime date ( 2016 , 7 , 24 ) print ( d )",a) Error,b) 2016-07-24,c) 2017-7-24,d) 24-7-2017,b,Datetime Module – 1,Python,medium
python-questions-answers-global-local-variables-2,4,"What will be the output of the following Python code? e = ""butter"" def f ( a ) : print ( a ) +e f ( ""bitter"" )",a) error,b) butter,c) bitter,d) bitterbutter,c,Global vs Local Variables – 2,Python,medium
python-mcqs-core-datatypes,3,"What will be the output of the following Python code? str = ""hello"" print ( str [ : 2 ] )",a) he,b) lo,c) olleh,d) hello,a,Core Data Types,Python,medium
python-quiz-online,6,"What will be the output of the following Python code? print ( ""ccdcddcd"" find ( ""c"" ) )",a) 4,b) 0,c) Error,d) True,b,Strings – 7,Python,medium
python-online-test,2,What will be the output of the following Python code? print ( '1Rn@' lower ( ) ),a) n,b) 1rn@,c) rn,d) r,b,Strings – 11,Python,medium
python-questions-campus-interview,7,"What will be the output of the following Python code? def f ( x , y , z ) : return x + y + z print ( f ( 2 , 30 , 400 ) )",a) 432,b) 24000,c) 430,d) No output,a,Functions,Python,medium
python-programming-interview-questions-answers,2,"What will be the output of the following Python code? names1 = [ 'Amir' , 'Bala' , 'Chales' ] if 'amir' in names1: print ( 1 ) else : print ( 2 )",a) None,b) 1,c) 2,d) Error,c,Lists,Python,medium
python-questions-answers-regular-expressions-1,5,"What will be the output of the following Python code? import re print ( re split ( ' \W +' , 'Hello, hello, hello.' ) )","a) [‘Hello’, ‘hello’, ‘hello.’]","b) [‘Hello, ‘hello’, ‘hello’]","c) [‘Hello’, ‘hello’, ‘hello’, ‘.’]","d) [‘Hello’, ‘hello’, ‘hello’, ”]",d,Regular Expressions – 1,Python,medium
python-questions-answers-formatting-1,3,"What will be the output of the following Python code? x = 456 print ( ""%-06d"" %x )",a) 000456,b) 456000,c) 456,d) error,c,Formatting – 1,Python,medium
basic-python-questions-answers,1,"What will be the output of the following Python code? print ( ""abc DEF"" capitalize ( ) )",a) abc def,b) ABC DEF,c) Abc def,d) Abc Def,c,Strings – 5,Python,medium
python-questions-answers-bitwise-2,4,What will be the output of the following Python expression? print ( 4 ^ 12 ),a) 2,b) 4,c) 8,d) 12,c,Bitwise – 2,Python,medium
python-questions-answers-list-comprehension-2,3,What will be the output of the following Python code? t = 32.00 print ( [ round ( ( x- 32 ) * 5 / 9 ) for x in t ] ),a) [0],b) 0,c) [0.00],d) Error,d,List Comprehension – 2,Python,medium
python-online-test,5,What will be the output of the following Python code? print ( 'xyxxyyzxxy' lstrip ( 'xyy' ) ),a) zxxy,b) xyxxyyzxxy,c) xyxzxxy,d) none of the mentioned,a,Strings – 11,Python,medium
python-questions-answers-sys-module,6,What will be the output of the following Python code? import sys sys stdin readline ( ) Sanfoundry,a) ‘Sanfoundry\n’,b) ‘Sanfoundry’,c) ‘Sanfoundry10’,d) Error,a,Sys Module,Python,medium
python-questions-answers-sets-4,1,"Which of the following functions will return the symmetric difference between two sets, x and y?",a) x | y,b) x ^ y,c) x & y,d) x – y,b,Sets – 4,Python,medium
python-questions-answers-exception-handling-2,3,What will be the output of the following Python code? #generator def f ( x ) : yield x+ 1 g = f ( 8 ) print ( next ( g ) ),a) 8,b) 9,c) 7,d) Error,b,Exception Handling – 2,Python,medium
python-multiple-choice-questions-answers,7,"What will be the output of the following Python code snippet? print ( '{:,}' format ( 1112223334 ) )","a) 1,112,223,334","b) 111,222,333,4",c) 1112223334,d) Error,a,Strings – 8,Python,medium
python-questions-answers-lists-7,2,"What will be the output of the following Python code? a = [ 14 , 52 , 7 ] b =",a) copy,b) False,,,b,Lists-7,Python,medium
python-programming-interview-questions-answers,4,"What will be the output of the following Python code? numbers = [ 1 , 2 , 3 , 4 ] numbers. append ( [ 5 , 6 , 7 , 8 ] ) print ( len ( numbers ) )",a) 4,b) 5,c) 8,d) 12,b,Lists,Python,medium
python-questions-answers-bitwise-1,6,What will be the output of the following Python expression if x=15 and y=12? x & y,a) b1101,b) 0b1101,c) 12,d) 1101,c,Bitwise,Python,medium
python-questions-answers-sys-module,5,"What will be the output of the following Python code, if the sys module has already been imported? sys stdout write ( ""hello world"" )",a) helloworld,b) hello world10,c) hello world11,d) error,c,Sys Module,Python,medium
python-quiz,5,"What will be the output of the following Python code? print ( ""xyyzxyzxzxyy"" count ( 'xyy' , 2 , 11 ) )",a) 2,b) 0,c) 1,d) error,b,Strings – 6,Python,medium
python-questions-answers-global-local-variables-2,7,What will be the output of the following Python code? def f ( ) : x = 4 x = 1 f ( ) print ( x ),a) Error,b) 4,c) Junk value,d) 1,d,Global vs Local Variables – 2,Python,medium
python-questions-answers-advanced-formatting,7,"What will be the output of the following Python code? D = dict ( p = 'san' , q = 'foundry' ) print ( '{p}{q}' format ( **D ) )",a) Error,b) sanfoundry,c) san foundry,"d) {‘san’, ‘foundry’}",b,Advanced Formatting Tools,Python,medium
python-questions-answers-exception-handling-2,4,"What will be the output of the following Python code? def f ( x ) : yield x+ 1 print ( ""test"" ) yield x+ 2 g = f ( 9 )",a) Error,b) test,c) test,d) No output,d,Exception Handling – 2,Python,medium
python-questions-answers-lists-6,8,What will be the output of the following Python code? a = [ [ ] ] * 3 a [ 1 ] append ( 7 ) print ( a ),a) Syntax error,"b) [[7], [7], [7]]","c) [[7], [], []]","d) [[],7, [], []]",b,Lists-6,Python,medium
python-questions-answers-turtle-module-2,7,"Which of the following functions returns a value in degrees, counterclockwise from the horizontal right?",a) heading(),b) degrees(),c) position(),d) window_height(),a,Turtle Module – 2,Python,medium
python-questions-answers-global-local-variables-1,2,What will be the output of the following Python code? def f1 ( ) : x = 100 print ( x ) x = + 1 f1 ( ),a) Error,b) 100,c) 101,d) 99,b,Global vs Local Variables – 1,Python,medium
python-questions-answers-tuples-2,4,"What will be the output of the following Python code? a = ( ""Check"" ) * 3 print ( a )","a) (‘Check’,’Check’,’Check’)",b) * Operator not valid for tuples,c) (‘CheckCheckCheck’),d) Syntax error,c,Tuples – 2,Python,medium
python-mcqs,10,What will be the output of the following Python code snippet? print ( '__foo__' isidentifier ( ) ),a) True,b) False,c) None,d) Error,a,Strings – 9,Python,medium
advanced-python-interview-questions-answers,6,Given a string example=”hello” what is the output of example.count(‘l’)?,a) 2,b) 1,c) None,d) 0,a,Strings – 2,Python,medium
python-test,2,What will be the output of the following Python code snippet? print ( 'abc' islower ( ) ),a) True,b) False,c) None,d) Error,a,Strings – 10,Python,medium
python-questions-answers-global-local-variables-2,1,Which of the following data structures is returned by the functions globals() and locals()?,a) list,b) set,c) dictionary,d) tuple,c,Global vs Local Variables – 2,Python,medium
python-interview-questions-answers-freshers,5,"What will be the output of the following Python code? x = [ 34 , 56 ] print ( len ( map ( str , x ) ) )","a) [34, 56]","b) [’34’, ’56’]",c) 34 56,d) error,d,Mapping Functions,Python,medium
python-questions-answers-regular-expressions-3,3,Which of the following functions creates a Python object?,a) re.compile(str),b) re.assemble(str),c) re.regex(str),d) re.create(str),a,Regular Expressions – 3,Python,medium
python-written-test-questions-answers,2,What is the difference between r+ and w+ modes?,a) no difference,"b) both r+ and w+ place the pointer at the beginning of the file, but w+ truncates (clears) the file, while r+ keeps its content",c) in w+ the pointer is initially placed at the beginning of the file and the pointer is at the end for r+,d) depends on the operating system,b,Files,Python,medium
operating-system-questions-answers-file-system-concepts,1,"______ is a unique tag, usually a number identifies the file within the file system.",a) File identifier,b) File name,c) File type,d) None of the mentioned,a,File System Concepts,Operating Systems,medium
operating-system-mcqs-process-structures,1,The initial program that is run when the computer is powered up is called __________,a) boot program,b) bootloader,c) initializer,d) bootstrap program,d,Process Structures,Operating Systems,medium
operating-system-questions-answers-io-subsystem,10,A process is moved to wait queue when I/O request is made with ____________,a) non-blocking I/O,b) blocking I/O,c) asynchronous I/O,d) synchronous I/O,b,I/O Subsystem,Operating Systems,medium
operating-system-mcqs-swap-space-management,8,"In UNIX, two per process ________ are used by the kernel to track swap space use.",a) process tables,b) swap maps,c) memory maps,d) partition maps,b,Swap Space Management,Operating Systems,medium
operating-system-mcqs-cpu-scheduling-algorithms-1,9,Orders are processed in the sequence they arrive if _______ rule sequences the jobs.,a) earliest due date,b) slack time remaining,"c) first come, first served",d) critical ratio,c,CPU Scheduling Algorithms-1,Operating Systems,medium
distributed-operating-system-mcqs-types-resource-sharing,2,What are the characteristics of processor in distributed system?,a) They vary in size and function,b) They are same in size and function,c) They are manufactured with single purpose,d) They are real-time devices,a,Distributed Operating System – Types & Resource Sharing,Operating Systems,medium
operating-system-questions-answers,39,What will happen in the single level directory?,a) All files are contained in the same directory,b) All files are contained in different directories all at the same level,c) Depends on the operating system,d) None of the mentioned,a,Operating System MCQ (Multiple Choice Questions) - Sanfoundry,Operating Systems,medium
operating-system-mcqs-cpu-scheduling-algorithms-1,11,"Under multiprogramming, turnaround time for short jobs is usually ________ and that for long jobs is slightly ___________",a) Lengthened; Shortened,b) Shortened; Lengthened,c) Shortened; Shortened,d) Shortened; Unchanged,b,CPU Scheduling Algorithms-1,Operating Systems,medium
operating-system-mcqs-file-system-interface-directory-structure-1,8,What is the disadvantage of the two level directory structure?,a) it does not solve the name collision problem,b) it solves the name collision problem,c) it does not isolate users from one another,d) it isolates users from one another,d,File System Interface Directory Structure,Operating Systems,medium
operating-system-questions-answers-rtos,5,In which scheduling certain amount of CPU time is allocated to each process?,a) earliest deadline first scheduling,b) proportional share scheduling,c) equal share scheduling,d) none of the mentioned,b,Real Time Operating System (RTOS),Operating Systems,medium
operating-system-mcqs-memory-management-swapping-1,2,Binding of instructions and data to memory addresses can be done at ____________,a) Compile time,b) Load time,c) Execution time,d) All of the mentioned,d,Memory Management – Swapping Processes,Operating Systems,medium
distributed-operating-system-mcqs-types-resource-sharing,7,How is access to resources of various machines is done?,a) Remote logging using ssh or telnet,b) Zone are configured for automatic access,c) FTP is not used,d) All of the mentioned,a,Distributed Operating System – Types & Resource Sharing,Operating Systems,medium
operating-system-mcqs-virtual-memory-demand-paging,13,When a process begins execution with no pages in memory?,a) process execution becomes impossible,b) a page fault occurs for every page brought into memory,c) process causes system crash,d) none of the mentioned,b,Virtual Memory – Demand Paging,Operating Systems,medium
operating-system-mcqs-file-system-allocation-methods-3,9,"For any type of access, contiguous allocation requires ______ access to get a disk block.",a) only one,b) at least two,c) exactly two,d) none of the mentioned,a,File System Implementation – Allocation Methods – 3,Operating Systems,medium
operating-system-mcqs-application-io-interface-2,9,A keyboard is an example of a device that is accessed through a __________ interface.,a) block stream,b) set of blocks,c) character stream,d) none of the mentioned,c,I/O System – Application I/O Interface – 2,Operating Systems,medium
realtime-operating-system-mcqs-1,1,What is the disadvantage of real addressing mode?,a) there is a lot of cost involved,b) time consumption overhead,c) absence of memory protection between processes,d) restricted access to memory locations by processes,c,Real Time System – Implementing RT Operating Systems – 1,Operating Systems,medium
operating-system-mcqs-disk-scheduling-1,5,The time taken for the desired sector to rotate to the disk head is called ____________,a) positioning time,b) random access time,c) seek time,d) rotational latency,d,Disk Scheduling,Operating Systems,medium
operating-system-mcqs-disk-scheduling-1,2,The heads of the magnetic disk are attached to a _____ that moves all the heads as a unit.,a) spindle,b) disk arm,c) track,d) none of the mentioned,b,Disk Scheduling,Operating Systems,medium
operating-system-question-answers-multimedia-systems,9,Multimedia system require hard real time scheduling ___________,a) to ensure critical tasks will be serviced within timing deadlines,b) to deliver the media file to the client,c) to minimize the delay,d) for security,a,Multimedia Systems,Operating Systems,medium
operating-system-questions-answers-distributed-synchronization,4,A process can enter into its critical section ____________,a) anytime,b) when it receives a reply message from its parent process,c) when it receives a reply message from all other processes in the system,d) none of the mentioned,c,Distributed Synchronization,Operating Systems,medium
operating-system-mcqs-multimedia-system-compression-1,1,The major difference between a multimedia file and a regular file is ___________,a) the size,b) the attributes,c) the ownership,d) the rate at which the file must be accessed,d,Compression,Operating Systems,medium
operating-system-mcqs-virtual-memory-thrashing,8,If working set window is too small ____________,a) it will not encompass entire locality,b) it may overlap several localities,c) it will cause memory problems,d) none of the mentioned,a,Virtual Memory – Thrashing,Operating Systems,medium
operating-system-mcqs-file-system-interface-access-methods-2,9,"For large files, when the index itself becomes too large to be kept in memory?",a) index is called,b) an index is created for the index file,c) secondary index files are created,d) all of the mentioned,b,File System Interface Access Methods – 2,Operating Systems,medium
operating-system-questions-answers-process-synchronization,10,To enable a process to wait within the monitor __________,a) a condition variable must be declared as condition,b) condition variables must be used as boolean objects,c) semaphore must be used,d) all of the mentioned,a,Process Synchronization,Operating Systems,medium
operating-system-questions-answers-threads,7,Termination of the process terminates ___________,a) first thread of the process,b) first two threads of the process,c) all threads within the process,d) no thread within the process,c,Threads,Operating Systems,medium
operating-system-mcqs-virtual-memory-thrashing,4,When a subroutine is called ____________,a) it defines a new locality,b) it is in the same locality from where it was called,c) it does not define a new locality,d) none of the mentioned,a,Virtual Memory – Thrashing,Operating Systems,medium
operating-system-mcqs-multimedia-system-CPU-disk-scheduling,7,Multimedia systems require _________ scheduling to ensure critical tasks will be serviced within timing deadlines.,a) soft real time,b) hard real time,c) normal,d) none of the mentioned,b,Multimedia System – CPU and Disk Scheduling,Operating Systems,medium
operating-system-questions-answers-security,5,Which one of the following is a process that uses the spawn mechanism to revage the system performance?,a) worm,b) trojan,c) threat,d) virus,a,Security,Operating Systems,medium
operating-system-mcqs-process-control-block,7,What is the degree of multiprogramming?,a) the number of processes executed per unit time,b) the number of processes in the ready queue,c) the number of processes in the I/O queue,d) the number of processes in memory,d,Process Control Block,Operating Systems,medium
operating-system-mcqs-deadlock-prevention,11,The disadvantage of a process being allocated all its resources before beginning its execution is ____________,a) Low CPU utilization,b) Low resource utilization,c) Very high resource utilization,d) None of the mentioned,b,Deadlock Prevention,Operating Systems,medium
operating-system-mcqs-file-system-allocation-methods-1,6,The VFS (virtual file system) activates file system specific operations to handle local requests according to their _______,a) size,b) commands,c) timings,d) file system types,d,Allocation Methods,Operating Systems,medium
operating-system-questions-answers,21,"Swapping _______ be done when a process has pending I/O, or has to execute I/O operations only into operating system buffers.",a) must never,b) maybe,c) can,d) must,a,Operating System MCQ (Multiple Choice Questions) - Sanfoundry,Operating Systems,medium
distributed-operating-system-mcqs-file-system-1,7,What is the advantage of caching in remote file access?,a) Reduced network traffic by retaining recently accessed disk blocks,b) Faster network access,c) Copies of data creates backup automatically,d) None of the mentioned,a,Distributed File System,Operating Systems,medium
operating-system-mcqs-multimedia-system-network-management,1,The three general methods for delivering content from a server to a client across a network are ___________,a) unicasting,b) multicasting,c) broadcasting,d) all of the mentioned,d,Multimedia System – Network Management,Operating Systems,medium
operating-system-mcqs-memory-management-segmentation,8,When the entries in the segment tables of two different processes point to the same physical location ____________,a) the segments are invalid,b) the processes get blocked,c) segments are shared,d) all of the mentioned,c,Memory Management – Segmentation,Operating Systems,medium
operating-system-mcqs-inter-process-communication,9,In the Zero capacity queue __________,a) the queue can store at least one message,b) the sender blocks until the receiver receives the message,c) the sender keeps sending and the messages don’t wait in the queue,d) none of the mentioned,b,Inter Process Communication,Operating Systems,medium
operating-system-questions-answers-processes,5,What is the ready state of a process?,a) when process is scheduled to run after some execution,b) when process is unable to run until some task has been completed,c) when process is using the CPU,d) none of the mentioned,a,Process Management,Operating Systems,medium
operating-system-questions-answers-distributed-synchronization,7,"In distributed systems, what will the transaction coordinator do?",a) starts the execution of transaction,b) breaks the transaction into number of sub transactions,c) coordinates the termination of the transaction,d) all of the mentioned,d,Distributed Synchronization,Operating Systems,medium
operating-system-mcqs-memory-allocation-1,5,"With relocation and limit registers, each logical address must be _______ the limit register.",a) less than,b) equal to,c) greater than,d) none of the mentioned,a,Memory Management – Memory Allocation,Operating Systems,medium
operating-system-mcqs-memory-management-swapping-2,9,The ________ consists of all processes whose memory images are in the backing store or in memory and are ready to run.,a) wait queue,b) ready queue,c) cpu,d) secondary storage,b,Swapping Processes,Operating Systems,medium
operating-system-mcqs-protection-revocation-access-rights,7,What are the characteristics of the Hydra system?,a) It consists of known access rights and interpreted by the system,b) A user can of protection system can declare other rights,c) Hydra system is not flexible,d) Hydra doesn’t provide rights amplification,a,Protection – Revocation of Access Rights,Operating Systems,medium
operating-system-mcqs-process-scheduling-queue,8,The primary distinction between the short term scheduler and the long term scheduler is __________,a) The length of their queues,b) The type of processes they schedule,c) The frequency of their execution,d) None of the mentioned,c,Process Scheduling Queues,Operating Systems,medium
operating-system-mcqs-mass-storage-RAID-1,8,RAID level ____ spreads parity and data among all N+1 disks rather than storing data in N disks and parity in 1.,a) 3,b) 4,c) 5,d) 6,c,RAID Structure,Operating Systems,medium
operating-system-mcqs-memory-management-paging-2,5,Memory protection in a paged environment is accomplished by ____________,a) protection algorithm with each page,b) restricted access rights to users,c) restriction on page visibility,d) protection bit with each page,d,Paging – 2,Operating Systems,medium
operating-system-mcqs-security-user-authentication,10,What is characteristic of RADIUS system?,a) It is essential for centralized encryption and authentication,b) It works on Network layer to deny access to unauthorized people,c) It provides centralized authentication mechanism via network devices,d) It’s a strong File access system,c,Security – User Authentication,Operating Systems,medium
operating-system-questions-answers-file-system-implementation,3,Which table contains the information about each mounted volume?,a) mount table,b) system-wide open-file table,c) per-process open-file table,d) all of the mentioned,d,File System Implementation,Operating Systems,medium
operating-system-mcqs-cpu-scheduling-algorithms-1,6,The strategy of making processes that are logically runnable to be temporarily suspended is called ____________,a) Non preemptive scheduling,b) Preemptive scheduling,c) Shortest job first,d) First come First served,b,CPU Scheduling Algorithms-1,Operating Systems,medium
operating-system-questions-answers,12,"In operating system, each process has its own __________",a) open files,"b) pending alarms, signals, and signal handlers",c) address space and global variables,d) all of the mentioned,d,Operating System MCQ (Multiple Choice Questions) - Sanfoundry,Operating Systems,medium
operating-system-mcqs-process-structures,10,In the layered approach of Operating Systems __________,a) Bottom Layer(0) is the User interface,b) Highest Layer(N) is the User interface,c) Bottom Layer(N) is the hardware,d) Highest Layer(N) is the hardware,b,Process Structures,Operating Systems,medium
operating-system-questions-answers-file-system-concepts,5,Which file is a sequence of bytes organized into blocks understandable by the system’s linker?,a) object file,b) source file,c) executable file,d) text file,a,File System Concepts,Operating Systems,medium
operating-system-mcqs-file-system-recovery,1,Some directory information is kept in main memory or cache to ___________,a) fill up the cache,b) increase free space in secondary storage,c) decrease free space in secondary storage,d) speed up access,d,File System Implementation – Recovery,Operating Systems,medium
operating-system-mcqs-file-system-interface-access-methods-1,6,"In UNIX, what will the open system call return?",a) pointer to the entry in the open file table,b) pointer to the entry in the system wide table,c) a file to the process calling it,d) none of the mentioned,a,File System Interface Access Methods,Operating Systems,medium
operating-system-mcqs-network-file-system-2,9,When a client has a cascading mount _______ server(s) is/are involved in a path name traversal.,a) at least one,b) more than one,c) more than two,d) more than three,b,File System Implementation – Network File System – 2,Operating Systems,medium
operating-system-mcqs-deadlock-recovery,5,Cost factors for process termination include ____________,a) Number of resources the deadlock process is not holding,b) CPU utilization at the time of deadlock,c) Amount of time a deadlocked process has thus far consumed during its execution,d) All of the mentioned,c,Deadlock Recovery,Operating Systems,medium
distributed-operating-system-mcqs-file-system-2,2,What are the characteristics of the stateless server?,a) Easier to implement,b) They are not fault-tolerant upon client or server failures,c) They store all information file server,d) They are redundant to keep data safe,a,Distributed File System – 2,Operating Systems,medium
operating-system-mcqs-multi-threading-models,8,When is the Many to One model at an advantage?,a) When the program does not need multithreading,b) When the program has to be multi-threaded,c) When there is a single processor,d) None of the mentioned,a,Multi Threading Models,Operating Systems,medium
operating-system-questions-answers,8,Where is the operating system placed in the memory?,a) either low or high memory (depending on the location of interrupt vector),b) in the low memory,c) in the high memory,d) none of the mentioned,a,Operating System MCQ (Multiple Choice Questions) - Sanfoundry,Operating Systems,medium
operating-system-mcqs-application-io-interface-1,5,"A ________ is a collection of electronics that can operate a port, a bus, or a device.",a) controller,b) driver,c) host,d) bus,a,I/O Interface,Operating Systems,medium
operating-system-mcqs-deadlock-detection,3,If the wait for graph contains a cycle ____________,a) then a deadlock does not exist,b) then a deadlock exists,c) then the system is in a safe state,d) either deadlock exists or system is in a safe state,b,Deadlock Detection,Operating Systems,medium
operating-system-mcqs-file-system-interface-directory-structure-2,4,"When two users keep a subdirectory in their own directories, the structure being referred to is _____________",a) tree structure,b) cyclic graph directory structure,c) two level directory structure,d) acyclic graph directory,d,File System Interface Directory Structure – 2,Operating Systems,medium
operating-system-mcqs-threads-ult-klt,12,Which of the following is FALSE?,a) Context switch time is longer for kernel level threads than for user level threads,b) User level threads do not need any hardware support,c) Related kernel level threads can be scheduled on different processors in a multiprocessor system,d) Blocking one kernel level thread blocks all other related threads,d,User and Kernel Threads,Operating Systems,hard
operating-system-mcqs-inter-process-communication,7,In indirect communication between processes P and Q __________,a) there is another process R to handle and pass on the messages between P and Q,b) there is another machine between the two processes to help communication,c) there is a mailbox to help communication between P and Q,d) none of the mentioned,c,Inter Process Communication,Operating Systems,hard
operating-system-mcqs-file-system-allocation-methods-2,4,"For each file there exists a ___________ that contains information about the file, including ownership, permissions and location of the file contents.",a) metadata,b) file control block,c) process control block,d) all of the mentioned,b,File System Implementation – Allocation Methods – 2,Operating Systems,hard
operating-system-mcqs-network-file-system-1,8,"The server maintains a/an ________ that specifies local file systems that it exports for mounting, along with names of machines that are permitted to mount them.",a) export list,b) import list,c) sending list,d) receiving list,a,File System Implementation – Network File System,Operating Systems,hard
operating-system-mcqs-cpu-scheduling-benefits,6,In the following cases non – preemptive scheduling occurs?,a) When a process switches from the running state to the ready state,b) When a process goes from the running state to the waiting state,c) When a process switches from the waiting state to the ready state,d) All of the mentioned,b,CPU Scheduling Benefits,Operating Systems,hard
operating-system-mcqs-protection-revocation-access-rights,9,What is the problem of mutually suspicious subsystem?,a) Service program can steal users data,b) Service program can malfunction and retain some rights of data provided by user,c) Calling program can get access to restricted portion from service program,d) Calling program gets unrestricted access,b,Protection – Revocation of Access Rights,Operating Systems,hard
operating-system-questions-answers,45,"The _______ program initializes all aspects of the system, from CPU registers to device controllers and the contents of main memory, and then starts the operating system.",a) bootstrap,b) main,c) bootloader,d) rom,a,Operating System MCQ (Multiple Choice Questions) - Sanfoundry,Operating Systems,hard
operating-system-mcqs-cpu-scheduling-benefits,7,The switching of the CPU from one process or thread to another is called ____________,a) process switch,b) task switch,c) context switch,d) all of the mentioned,c,CPU Scheduling Benefits,Operating Systems,hard
operating-system-mcqs-virtual-memory-demand-paging,14,If the memory access time is denoted by ‘ma’ and ‘p’ is the probability of a page fault (0 <= p <= 1). Then the effective access time for a demand paged memory is ____________,a) p x ma + (1-p) x page fault time,b) ma + page fault time,c) (1-p) x ma + p x page fault time,d) none of the mentioned,c,Virtual Memory – Demand Paging,Operating Systems,hard
operating-system-mcqs-deadlock-detection,10,"‘m’ processes share ‘n’ resources of the same type. The maximum need of each process doesn’t exceed ‘n’ and the sum of all their maximum needs is always less than m+n. In this setup, deadlock ____________",a) can never occur,b) may occur,c) has to occur,d) none of the mentioned,a,Deadlock Detection,Operating Systems,hard
operating-system-mcqs-classic-sync-problems,2,"In the bounded buffer problem, there are the empty and full semaphores that ____________",a) count the number of empty and full buffers,b) count the number of empty and full memory spaces,c) count the number of empty and full queues,d) none of the mentioned,a,The Classic Synchronization Problems,Operating Systems,hard
distributed-operating-system-mcqs-types-resource-sharing,4,What is not a major reason for building distributed systems?,a) Resource sharing,b) Computation speedup,c) Reliability,d) Simplicity,d,Distributed Operating System – Types & Resource Sharing,Operating Systems,hard
operating-system-questions-answers-linux,7,Which desktop environment is not used in any linux distribution?,a) gnome,b) kde,c) unity,d) none of the mentioned,d,Linux,Operating Systems,hard
operating-system-mcqs-file-system-interface-access-methods-1,9,Which of the following are the two parts of the file name?,a) name & identifier,b) identifier & type,c) extension & name,d) type & extension,c,File System Interface Access Methods,Operating Systems,hard
operating-system-mcqs-deadlock-detection,5,What is the disadvantage of invoking the detection algorithm for every request?,a) overhead of the detection algorithm due to consumption of memory,b) excessive time consumed in the request to be allocated memory,c) considerable overhead in computation time,d) all of the mentioned,c,Deadlock Detection,Operating Systems,hard
operating-system-mcqs-deadlock-recovery,2,The two ways of aborting processes and eliminating deadlocks are ____________,a) Abort all deadlocked processes,b) Abort all processes,c) Abort one process at a time until the deadlock cycle is eliminated,d) All of the mentioned,c,Deadlock Recovery,Operating Systems,hard
operating-system-mcqs-file-system-allocation-methods-3,10,"Consider a disk where blocks 2, 3, 4, 5, 8, 9, 10, 11, 12, 13, 17, 18, 25, 26 and 27 are free and the rest of the blocks are allocated. Then the free space bitmap would be _____________",a) 10000110000001110011111100011111…,b) 110000110000001110011111100011111…,c) 01111001111110001100000011100000…,d) 001111001111110001100000011100000…,d,File System Implementation – Allocation Methods – 3,Operating Systems,hard
operating-system-mcqs-file-system-allocation-methods-2,7,When in contiguous allocation the space cannot be extended easily?,"a) the contents of the file have to be copied to a new space, a larger hole",b) the file gets destroyed,c) the file will get formatted and lost all its data,d) none of the mentioned,a,File System Implementation – Allocation Methods – 2,Operating Systems,hard
operating-system-mcqs-memory-management-segmentation,7,If the offset is legal ____________,a) it is used as a physical memory address itself,b) it is subtracted from the segment base to produce the physical memory address,c) it is added to the segment base to produce the physical memory address,d) none of the mentioned,a,Memory Management – Segmentation,Operating Systems,hard
operating-system-questions-answers-distributed-file-system,9,"In distributed file system, file name does not reveal the file’s ___________",a) local name,b) physical storage location,c) both local name and physical storage location,d) none of the mentioned,b,Distributed File System – 3,Operating Systems,hard
operating-system-mcqs-memory-management-segmentation,11,Consider a computer with 8 Mbytes of main memory and a 128K cache. The cache block size is 4 K. It uses a direct mapping scheme for cache management. How many different main memory blocks can map onto a given physical cache block?,a) 2048,b) 256,c) 64,d) 8,c,Memory Management – Segmentation,Operating Systems,hard
operating-system-mcqs-threads-ult-klt,10,Because the kernel thread management is done by the Operating System itself ___________,a) kernel threads are faster to create than user threads,b) kernel threads are slower to create than user threads,c) kernel threads are easier to manage as well as create then user threads,d) none of the mentioned,b,User and Kernel Threads,Operating Systems,hard
operating-system-questions-answers-virtual-memory,5,"When a program tries to access a page that is mapped in address space but not loaded in physical memory, then ____________",a) segmentation fault occurs,b) fatal error occurs,c) page fault occurs,d) no error occurs,c,Virtual Memory,Operating Systems,hard
operating-system-questions-answers-process-synchronization,3,"If a process is executing in its critical section, then no other processes can be executing in their critical section. What is this condition called?",a) mutual exclusion,b) critical exclusion,c) synchronous exclusion,d) asynchronous exclusion,a,Process Synchronization,Operating Systems,hard
operating-system-mcqs-security-user-authentication,5,What is not a good practice for user administration?,a) Isolating a system after a compromise,b) Perform random auditing procedures,c) Granting privileges on a per host basis,d) Using telnet and FTP for remote access,d,Security – User Authentication,Operating Systems,hard
operating-system-mcqs-threads-ult-klt,6,Resource sharing helps ___________,a) share the memory and resources of the process to which the threads belong,b) an application have several different threads of activity all within the same address space,c) reduce the address space that a process could potentially use,d) all of the mentioned,d,User and Kernel Threads,Operating Systems,hard
operating-system-mcqs-application-io-interface-2,4,"Division by zero, accessing a protected or non existent memory address, or attempting to execute a privileged instruction from user mode are all categorized as ________",a) errors,b) exceptions,c) interrupt handlers,d) all of the mentioned,b,I/O System – Application I/O Interface – 2,Operating Systems,hard
operating-system-mcqs-protection-access-matrix,12,Which of the following statements are correct? i) Physical separation – in which process use different physical objects like separate printers ii) Physical separation – in which process having different security requirement at different times iii) Logical separation – In which users operate under illusion that no other processes exist iv) Logical separation – In which processes conceal their data and computations,a) i,b) i and iii,c) ii and iii,d) iii and iv,b,Protection – Access Matrix,Operating Systems,hard
operating-system-mcqs-process-scheduling-queue,6,What is a medium-term scheduler?,a) It selects which process has to be brought into the ready queue,b) It selects which process has to be executed next and allocates CPU,c) It selects which process to remove from memory by swapping,d) None of the mentioned,c,Process Scheduling Queues,Operating Systems,hard
operating-system-mcqs-critical-section-problem,6,Bounded waiting implies that there exists a bound on the number of times a process is allowed to enter its critical section ____________,a) after a process has made a request to enter its critical section and before the request is granted,b) when another process is in its critical section,c) before a process has made a request to enter its critical section,d) none of the mentioned,a,The Critical Section (CS) Problem and Solutions,Operating Systems,hard
operating-system-mcqs-virtual-memory-page-replacement-algorithms-2,10,The implementation of the LFU and the MFU algorithm is very uncommon because ____________,a) they are too complicated,b) they are optimal,c) they are expensive,d) all of the mentioned,c,Virtual Memory – Page Replacement Algorithms – 2,Operating Systems,hard
operating-system-questions-answers,24,The operating system and the other processes are protected from being modified by an already running process because ____________,a) every address generated by the CPU is being checked against the relocation and limit registers,b) they have a protection algorithm,c) they are in different memory spaces,d) they are in different logical addresses,a,Operating System MCQ (Multiple Choice Questions) - Sanfoundry,Operating Systems,hard
distributed-operating-system-mcqs-file-system-1,2,What are not the characteristics of a DFS?,a) login transparency and access transparency,b) Files need not contain information about their physical location,c) No Multiplicity of users,d) No Multiplicity if files,c,Distributed File System,Operating Systems,hard
operating-system-mcqs-kernel-io-subsystems,10,"If the number of cycles spent busy – waiting is not excessive, then ____________",a) interrupt driven I/O is more efficient than programmed I/O,b) programmed I/O is more efficient than interrupt driven I/O,c) both programmed and interrupt driven I/O are equally efficient,d) none of the mentioned,b,I/O System – Kernel I/O Subsystems,Operating Systems,hard
operating-system-mcqs-deadlock-avoidance,10,The Banker’s algorithm is _____________ than the resource allocation graph algorithm.,a) less efficient,b) more efficient,c) equal,d) none of the mentioned,a,Deadlock Avoidance,Operating Systems,hard
operating-system-mcqs-process-creation,6,"In UNIX, the return value for the fork system call is _____ for the child process and _____ for the parent process.","a) A Negative integer, Zero","b) Zero, A Negative integer","c) Zero, A nonzero integer","d) A nonzero integer, Zero",c,Process Creation,Operating Systems,hard
operating-system-mcqs-process-scheduling-queue,1,Which of the following do not belong to queues for processes?,a) Job Queue,b) PCB queue,c) Device Queue,d) Ready Queue,b,Process Scheduling Queues,Operating Systems,hard
operating-system-questions-answers-distributed-synchronization,9,"In distributed systems, election algorithms assumes that ____________",a) a unique priority number is associated with each active process in system,b) there is no priority number associated with any process,c) priority of the processes is not required,d) none of the mentioned,a,Distributed Synchronization,Operating Systems,hard
operating-system-mcqs-atomic-transactions,15,Which of the following concurrency control protocols ensure both conflict serializability and freedom from deadlock? I) 2-phase locking II) Timestamp ordering,a) I only,b) II only,c) Both I and II,d) Neither I nor II,b,Atomic Transactions,Operating Systems,hard
operating-system-mcqs-atomic-transactions,8,The system periodically performs checkpoints that consists of the following operation(s) ____________,a) Putting all the log records currently in main memory onto stable storage,b) putting all modified data residing in main memory onto stable storage,c) putting a log record,d) all of the mentioned,d,Atomic Transactions,Operating Systems,hard
operating-system-mcqs-protection-revocation-access-rights,1,What are the incorrect methods of revocation of access rights?,a) Immediate/Delayed,b) Selective/General,c) Partial/total,d) Crucial,d,Protection – Revocation of Access Rights,Operating Systems,hard
operating-system-mcqs-process-scheduling-queue,14,Which of the following need not necessarily be saved on a context switch between processes?,a) General purpose registers,b) Translation lookaside buffer,c) Program counter,d) All of the mentioned,b,Process Scheduling Queues,Operating Systems,hard
operating-system-mcqs-disk-scheduling-1,10,What is the disk bandwidth?,a) the total number of bytes transferred,b) total time between the first request for service and the completion on the last transfer,c) the total number of bytes transferred divided by the total time between the first request for service and the completion on the last transfer,d) none of the mentioned,c,Disk Scheduling,Operating Systems,hard
operating-system-mcqs-deadlock-prevention,13,One way to ensure that the circular wait condition never holds is to ____________,a) impose a total ordering of all resource types and to determine whether one precedes another in the ordering,b) to never let a process acquire resources that are held by other processes,c) to let a process wait for only one resource at a time,d) all of the mentioned,a,Deadlock Prevention,Operating Systems,hard
realtime-operating-system-mcqs-CPU-scheduling-1,5,"Using EDF algorithm practically, it is impossible to achieve 100 percent utilization due to __________",a) the cost of context switching,b) interrupt handling,c) power consumption,d) all of the mentioned,a,Real Time CPU Scheduling – 1,Operating Systems,hard
operating-system-mcqs-threads-fork-exec,3,Which of the following system calls transforms executable binary file into a process?,a) fork,b) exec,c) ioctl,d) longjmp,b,The Fork and exec System Calls,Operating Systems,hard
operating-system-questions-answers-cpu-scheduling,10,Which one of the following can not be scheduled by the kernel?,a) kernel level thread,b) user level thread,c) process,d) none of the mentioned,b,CPU Scheduling,Operating Systems,hard
operating-system-questions-answers,17,The portion of the process scheduler in an operating system that dispatches processes is concerned with ____________,a) assigning ready processes to waiting queue,b) assigning running processes to blocked queue,c) assigning ready processes to CPU,d) all of the mentioned,c,Operating System MCQ (Multiple Choice Questions) - Sanfoundry,Operating Systems,hard
operating-system-mcqs-process-rpc,8,"A process that is based on IPC mechanism which executes on different systems and can communicate with other processes using message based communication, is called ________",a) Local Procedure Call,b) Inter Process Communication,c) Remote Procedure Call,d) Remote Machine Invocation,c,Remote Procedure Calls,Operating Systems,hard
operating-system-mcqs-multi-threading-models,4,"In the Many to One model, multiple threads are unable to run in parallel on multiprocessors because of ___________",a) only one thread can access the kernel at a time,b) many user threads have access to just one kernel thread,c) there is only one kernel thread,d) none of the mentioned,a,Multi Threading Models,Operating Systems,hard
operating-system-mcqs-file-system-interface-directory-structure-1,11,Which of the following are the types of Path names?,a) absolute & relative,b) local & global,c) global & relative,d) relative & local,a,File System Interface Directory Structure,Operating Systems,hard
operating-system-mcqs-threads-cancellation,2,"When a web page is loading, and the user presses a button on the browser to stop loading the page?",a) the thread loading the page continues with the loading,b) the thread loading the page does not stop but continues with another task,c) the thread loading the page is paused,d) the thread loading the page is cancelled,d,Thread Cancellation,Operating Systems,hard
operating-system-mcqs-file-system-allocation-methods-1,10,_______ and ________ are the most common strategies used to select a free hole from the set of available holes.,"a) First fit, Best fit","b) Worst fit, First fit","c) Best fit, Worst fit",d) None of the mentioned,a,Allocation Methods,Operating Systems,hard
operating-system-mcqs-semaphores-1,13,"Two processes, P1 and P2, need to access a critical section of code. Consider the following synchronization construct used by the processes. Process P1 : while(true) { w1 = true; while(w2 == true); Critical section w1 = false; } Remainder Section Process P2 : while(true) { w2 = true; while(w1 == true); Critical section w2 = false; } Remainder Section Here, w1 and w2 have shared variables, which are initialized to false. Which one of the following statements is TRUE about the above construct?",a) It does not ensure mutual exclusion,b) It does not ensure bounded waiting,c) It requires that processes enter the critical section in strict alternation,d) It does not prevent deadlocks but ensures mutual exclusion,d,Semaphores,Operating Systems,hard
distributed-operating-system-mcqs-file-system-1,10,Which is not an example of state information?,a) Mounting information,b) Description of HDD space,c) Session keys,d) Lock status,b,Distributed File System,Operating Systems,hard
operating-system-mcqs-security-user-authentication,8,Why is one time password safe?,a) It is easy to generated,b) It cannot be shared,c) It is different for every access,d) It is a complex encrypted password,c,Security – User Authentication,Operating Systems,hard
operating-system-questions-answers,10,Which one of the following is not a real time operating system?,a) RTLinux,b) Palm OS,c) QNX,d) VxWorks,b,Operating System MCQ (Multiple Choice Questions) - Sanfoundry,Operating Systems,hard
operating-system-mcqs-deadlock-detection,1,The wait-for graph is a deadlock detection algorithm that is applicable when ____________,a) all resources have a single instance,b) all resources have multiple instances,c) all resources have a single 7 multiple instances,d) all of the mentioned,a,Deadlock Detection,Operating Systems,hard
operating-system-mcqs-semaphores-1,11,"The following program consists of 3 concurrent processes and 3 binary semaphores. The semaphores are initialized as S0 = 1, S1 = 0, S2 = 0. Process P0 while(true) { wait(S0); print '0'; release(S1); release(S2); } Process P1 wait(S1); release(S0); Process P2 wait(S2); release(S0); How many times will P0 print ‘0’?",a) At least twice,b) Exactly twice,c) Exactly thrice,d) Exactly once,a,Semaphores,Operating Systems,hard
operating-system-mcqs-virtual-memory-page-replacement-algorithms-1,2,"A process refers to 5 pages, A, B, C, D, E in the order : A, B, C, D, A, B, E, A, B, C, D, E. If the page replacement algorithm is FIFO, the number of page transfers with an empty internal store of 3 frames is?",a) 8,b) 10,c) 9,d) 7,c,Virtual Memory – Page Replacement Algorithms,Operating Systems,hard
operating-system-questions-answers-file-system-implementation,6,What is raw disk?,a) disk without file system,b) empty disk,c) disk lacking logical file system,d) disk having file system,a,File System Implementation,Operating Systems,easy
operating-system-mcqs-semaphores-2,1,What will happen if a non-recursive mutex is locked more than once?,a) Starvation,b) Deadlock,c) Aging,d) Signaling,b,Semaphores – 2,Operating Systems,easy
operating-system-mcqs-mass-storage-RAID-1,9,The potential overuse of a single parity disk is avoided in RAID level _______,a) 3,b) 4,c) 5,d) all of the mentioned,c,RAID Structure,Operating Systems,easy
operating-system-mcqs-mass-storage-RAID-2,11,RAID level ______ is also known as memory style error correcting code(ECC) organization.,a) 1,b) 2,c) 3,d) 4,b,RAID Structure – 2,Operating Systems,easy
operating-system-mcqs-atomic-transactions,4,Write ahead logging is a way ____________,a) to ensure atomicity,b) to keep data consistent,c) that records data on stable storage,d) all of the mentioned,d,Atomic Transactions,Operating Systems,easy
distributed-operating-system-mcqs-network-structure-topology,5,What are the characteristics of Naming and Name resolution?,a) name systems in the network,b) address messages with the process-id,c) virtual circuit,d) message switching,b,Distributed Operating System – Network Structure & Topology,Operating Systems,easy
operating-system-mcqs-process-control-block,3,The state of a process is defined by __________,a) the final activity of the process,b) the activity just executed by the process,c) the activity to next be executed by the process,d) the current activity of the process,d,Process Control Block,Operating Systems,easy
operating-system-mcqs-atomic-transactions,5,In the write ahead logging a _____________ is maintained.,a) a memory,b) a system,c) a disk,d) a log record,d,Atomic Transactions,Operating Systems,easy
operating-system-mcqs-file-system-allocation-methods-2,3,Metadata includes _____________,a) all of the file system structure,b) contents of files,c) both file system structure and information of files,d) none of the mentioned,c,File System Implementation – Allocation Methods – 2,Operating Systems,easy
operating-system-questions-answers-rtos,10,VxWorks is centered around ____________,a) wind microkernel,b) linux kernel,c) unix kernel,d) none of the mentioned,a,Real Time Operating System (RTOS),Operating Systems,easy
operating-system-questions-answers-memory-management,7,Program always deals with ____________,a) logical address,b) absolute address,c) physical address,d) relative address,a,Memory Management,Operating Systems,easy
distributed-operating-system-mcqs-robustness,2,Which layer is responsible for The process-to-process delivery?,a) Network,b) Transport,c) Application,d) Physical,b,Robustness of Distributed Systems,Operating Systems,easy
operating-system-mcqs-virtual-memory-demand-paging,12,"When a page fault occurs, the state of the interrupted process is ____________",a) disrupted,b) invalid,c) saved,d) none of the mentioned,c,Virtual Memory – Demand Paging,Operating Systems,easy
operating-system-mcqs-disk-scheduling-1,3,The set of tracks that are at one arm position make up a ___________,a) magnetic disks,b) electrical disks,c) assemblies,d) cylinders,d,Disk Scheduling,Operating Systems,easy
operating-system-mcqs-kernel-io-subsystems,5,The ________ keeps state information about the use of I/O components.,a) CPU,b) OS,c) kernel,d) shell,c,I/O System – Kernel I/O Subsystems,Operating Systems,easy
realtime-operating-system-mcqs-1,3,Real time systems must have ____________,a) preemptive kernels,b) non preemptive kernels,c) preemptive kernels or non preemptive kernels,d) neither preemptive nor non preemptive kernels,a,Real Time System – Implementing RT Operating Systems – 1,Operating Systems,easy
operating-system-mcqs-mass-storage-RAID-2,2,RAID stands for ____________,a) Redundant Allocation of Inexpensive Disks,b) Redundant Array of Important Disks,c) Redundant Allocation of Independent Disks,d) Redundant Array of Independent Disks,d,RAID Structure – 2,Operating Systems,easy
operating-system-mcqs-mass-storage-RAID-1,11,If a disk fails in RAID level ___________ rebuilding lost data is easiest.,a) 1,b) 2,c) 3,d) 4,a,RAID Structure,Operating Systems,easy
operating-system-mcqs-multimedia-system-compression-1,6,Multimedia files stored on a remote server are delivered to a client across the network using a technique known as ___________,a) download,b) streaming,c) flowing,d) leaking,b,Compression,Operating Systems,easy
operating-system-questions-answers-distributed-file-system,6,"In a distributed file system, _______ is mapping between logical and physical objects.",a) client interfacing,b) naming,c) migration,d) heterogeneity,b,Distributed File System – 3,Operating Systems,easy
operating-system-mcqs-multimedia-system-compression-1,9,Progressive download is most useful for ___________,a) short video clips,b) long video clips,c) extremely long and high quality videos,d) none of the mentioned,a,Compression,Operating Systems,easy
operating-system-questions-answers-file-system-implementation,2,A file control block contains the information about ____________,a) file ownership,b) file permissions,c) location of file contents,d) all of the mentioned,d,File System Implementation,Operating Systems,easy
operating-system-mcqs-file-system-interface-protection,8,To control access the three bits used in UNIX are represented by _____________,a) r,b) w,c) x,d) all of the mentioned,d,File System Interface Protection,Operating Systems,easy
operating-system-mcqs-cpu-scheduling-benefits,9,Scheduling is done so as to ____________,a) increase CPU utilization,b) decrease CPU utilization,c) keep the CPU more idle,d) none of the mentioned,a,CPU Scheduling Benefits,Operating Systems,easy
operating-system-questions-answers-linux,8,Standard set of functions through which interacts with kernel is defined by ___________,a) system libraries,b) kernel code,c) compilers,d) utility programs,a,Linux,Operating Systems,easy
operating-system-questions-answers-file-system-concepts,7,Mapping of file is managed by ____________,a) file metadata,b) page table,c) virtual memory,d) file system,a,File System Concepts,Operating Systems,easy
operating-system-mcqs-multimedia-system-compression-2,10,Lossy techniques provide ___________ when compared to lossless techniques.,a) lower compression ratios,b) much higher compression ratios,c) similar compression ratios,d) none of the mentioned,b,Multimedia System – Compression – 2,Operating Systems,easy
operating-system-mcqs-protection-revocation-access-rights,6,How can Keys be defined or replaced?,a) create [keyname] [bits],b) set-key,c) Key,d) MAKE [Key Name],b,Protection – Revocation of Access Rights,Operating Systems,easy
operating-system-mcqs-process-rpc,2,To differentiate the many network services a system supports ______ are used.,a) Variables,b) Sockets,c) Ports,d) Service names,c,Remote Procedure Calls,Operating Systems,easy
operating-system-mcqs-memory-management-swapping-2,5,The size of a process is limited to the size of ____________,a) physical memory,b) external storage,c) secondary storage,d) none of the mentioned,a,Swapping Processes,Operating Systems,easy
operating-system-mcqs-network-file-system-2,4,The server must write all NFS data ___________,a) synchronously,b) asynchronously,c) index-wise,d) none of the mentioned,a,File System Implementation – Network File System – 2,Operating Systems,easy
operating-system-questions-answers,49,What are the types of distributed operating systems?,a) Zone based Operating system,b) Level based Operating system,c) Network Operating system,d) All of the mentioned,c,Operating System MCQ (Multiple Choice Questions) - Sanfoundry,Operating Systems,easy
distributed-operating-system-mcqs-robustness,9,In which OSI layer encryption and decryption happens?,a) Application,b) Presentation,c) Transport,d) Data Link,b,Robustness of Distributed Systems,Operating Systems,easy
operating-system-mcqs-multimedia-system-compression-3,1,What is the full form of MPEG?,a) Motion Pictures Engineering Group,b) Motion Picture Engineers Group,c) Motion Picture Experts Group,d) None of the mentioned,c,Multimedia System – Compression – 3,Operating Systems,easy
operating-system-mcqs-application-io-interface-2,7,A block device transfers ____________,a) bytes one by one,b) block of bytes as a unit,c) with unpredictable response times,d) none of the mentioned,b,I/O System – Application I/O Interface – 2,Operating Systems,easy
operating-system-mcqs-semaphores-1,2,TestAndSet instruction is executed ____________,a) after a particular process,b) periodically,c) atomically,d) none of the mentioned,c,Semaphores,Operating Systems,easy
operating-system-mcqs-process-creation,5,"In UNIX, each process is identified by its __________",a) Process Control Block,b) Device Queue,c) Process Identifier,d) None of the mentioned,c,Process Creation,Operating Systems,easy
operating-system-questions-answers-distributed-synchronization,1,"In distributed systems, a logical clock is associated with ______________",a) each instruction,b) each process,c) each register,d) none of the mentioned,b,Distributed Synchronization,Operating Systems,easy
operating-system-mcqs-memory-management-paging-1,11,Smaller page tables are implemented as a set of _______,a) queues,b) stacks,c) counters,d) registers,d,Memory Management – Paging,Operating Systems,easy
operating-system-mcqs-memory-management-paging-1,5,The _____ table contains the base address of each page in physical memory.,a) process,b) memory,c) page,d) frame,c,Memory Management – Paging,Operating Systems,easy
distributed-operating-system-mcqs-network-structure-topology,1,What are the parts of network structure?,a) Workstation,b) Gateway,c) Laptop,d) All of the mentioned,d,Distributed Operating System – Network Structure & Topology,Operating Systems,easy
operating-system-questions-answers-cpu-scheduling,8,Process are classified into different groups in ____________,a) shortest job scheduling algorithm,b) round robin scheduling algorithm,c) priority scheduling algorithm,d) multilevel queue scheduling algorithm,d,CPU Scheduling,Operating Systems,easy
operating-system-mcqs-mass-storage-tertiary-storage,3,What is a magneto-optic disk?,a) primary storage,b) secondary storage,c) removable disk,d) none of the mentioned,c,Tertiary Storage,Operating Systems,easy
operating-system-mcqs-application-io-interface-1,13,The _________ are reserved for events such as unrecoverable memory errors.,a) non maskable interrupts,b) blocked interrupts,c) maskable interrupts,d) none of the mentioned,a,I/O Interface,Operating Systems,easy
operating-system-mcqs-multimedia-system-CPU-disk-scheduling,9,"In SCAN – EDF, requests with the same deadlines are ordered according to ___________",a) SCAN policy,b) EDF policy,c) FCFS policy,d) FIFO policy,a,Multimedia System – CPU and Disk Scheduling,Operating Systems,easy
operating-system-mcqs-file-system-interface-access-methods-2,8,The index contains ____________,a) names of all contents of file,b) pointers to each page,c) pointers to the various blocks,d) all of the mentioned,c,File System Interface Access Methods – 2,Operating Systems,easy
operating-system-mcqs-atomic-transactions,3,The state of the data accessed by an aborted transaction must be restored to what it was just before the transaction started executing. This restoration is known as ________ of transaction.,a) safety,b) protection,c) roll – back,d) revert – back,c,Atomic Transactions,Operating Systems,easy
operating-system-questions-answers,31,"For real time operating systems, interrupt latency should be ____________",a) zero,b) minimal,c) maximum,d) dependent on the scheduling,b,Operating System MCQ (Multiple Choice Questions) - Sanfoundry,Operating Systems,easy
operating-system-mcqs-semaphores-2,4,What is a mutex?,a) is a binary mutex,b) must be accessed from only one process,c) can be accessed from multiple processes,d) none of the mentioned,b,Semaphores – 2,Operating Systems,easy
operating-system-mcqs-file-system-interface-access-methods-1,2,File attributes consist of ____________,a) name,b) type,c) identifier,d) all of the mentioned,d,File System Interface Access Methods,Operating Systems,easy
operating-system-mcqs-disk-management,1,"The process of dividing a disk into sectors that the disk controller can read and write, before a disk can store data is known as ____________",a) partitioning,b) swap space creation,c) low-level formatting,d) none of the mentioned,c,Disk Management,Operating Systems,easy
operating-system-mcqs-file-system-interface-mounting-sharing,5,In distributed file system ________________ directories are visible from the local machine.,a) protected,b) local,c) private,d) remote,d,File System Interface Mounting and Sharing,Operating Systems,easy
operating-system-mcqs-mass-storage-RAID-1,2,RAID level _____ is also known as block interleaved parity organisation and uses block level striping and keeps a parity block on a separate disk.,a) 1,b) 2,c) 3,d) 4,d,RAID Structure,Operating Systems,easy
operating-system-questions-answers-memory-management,2,A memory buffer used to accommodate a speed differential is called ____________,a) stack pointer,b) cache,c) accumulator,d) disk buffer,b,Memory Management,Operating Systems,easy
distributed-operating-system-mcqs-file-system-1,4,What are the different ways file accesses take place?,a) sequential access,b) direct access,c) indexed sequential access,d) all of the mentioned,d,Distributed File System,Operating Systems,easy
operating-system-questions-answers-threads,9,The register context and stacks of a thread are deallocated when the thread?,a) terminates,b) blocks,c) unblocks,d) spawns,a,Threads,Operating Systems,easy
operating-system-questions-answers,23,The operating system is responsible for?,a) bad-block recovery,b) booting from disk,c) disk initialization,d) all of the mentioned,d,Operating System MCQ (Multiple Choice Questions) - Sanfoundry,Operating Systems,easy
operating-system-mcqs-kernel-io-subsystems,2,Caching is ________ spooling.,a) same as,b) not the same as,c) all of the mentioned,d) none of the mentioned,b,I/O System – Kernel I/O Subsystems,Operating Systems,easy
operating-system-mcqs-memory-management-swapping-2,13,Swap space is allocated ____________,a) as a chunk of disk,b) separate from a file system,c) into a file system,d) all of the mentioned,a,Swapping Processes,Operating Systems,easy
operating-system-mcqs-file-system-allocation-methods-2,10,What is the major disadvantage with a linked allocation?,a) internal fragmentation,b) external fragmentation,c) there is no sequential access,d) there is only sequential access,d,File System Implementation – Allocation Methods – 2,Operating Systems,easy
automata-theory-questions-answers-regular-expression-introduction,8,Concatenation Operation refers to which of the following set operations:,a) Union,b) Dot,c) Kleene,d) Two of the options are correct,b,Regular Expression-Introduction,Automata Theory,medium
automata-theory-questions-answers-the-language-nfa,2,"Given Language: L n = {xϵ {0,1} * | |x|≥n, nth symbol from the right in x is 1} How many state are required to execute L 3 using NFA?",a) 16,b) 15,c) 8,d) 7,b,The Language of NFA,Automata Theory,medium
automata-theory-questions-answers-mealy-machine,3,The following mealy machine outputs which of the following?,a) 9’s Complement,b) 2’s Complement,c) 1’s Complement,d) 10’s Complement,b,Mealy Machine,Automata Theory,medium
automata-theory-questions-answers-quiz,12,Dot operator in regular expression resembles which of the following?,a) Expressions are juxtaposed,b) Expressions are multiplied,c) Cross operation,d) None of the mentioned,a,Building Regular Expressions,Automata Theory,medium
automata-theory-questions-answers-yacc-parser-generator,3,The YACC takes C code as input and outputs_________,a) Top down parsers,b) Bottom up parsers,c) Machine code,d) None of the mentioned,b,YACC  Parser Generator,Automata Theory,medium
automata-theory-questions-answers-pumping-lemma-regular-language,6,"Fill in the blank in terms of p, where p is the maximum string length in L. Statement: Finite languages trivially satisfy the pumping lemma by having n = ______",a) p*1,b) p+1,c) p-1,d) None of the mentioned,b,Pumping Lemma for Regular Language,Automata Theory,medium
automata-theory-questions-answers-cfl-substitution-theorem,10,Which among the following is a correct option in format for representing symbol and expression in Backus normal form?,a) <symbol> ->expression,b) <symbol>::=_expression_,c) <symbol>=<expression>,d) all of the mentioned,b,CFL- Other Normal Forms,Automata Theory,medium
automata-theory-questions-answers-equivalence-one-tape-multitape-turing-machine,10,Which of the following is/are a basic TM equivalent to?,a) Multitrack TM,b) Multitape TM,c) Non-deterministic TM,d) All of the mentioned,d,Equivalence of One-Tape and Multitape TM,Automata Theory,medium
automata-theory-questions-answers-sentential-forms,1,State true or false: Statement: Every right-linear grammar generates a regular language.,a) True,b) False,,,a,Sentential Forms,Automata Theory,medium
automata-theory-questions-answers-freshers,4,"Choose the correct option: Statement: If L1 and L2 are recursively enumerable languages over S, then the following is/are recursively enumerable.",a) L1 U L2,b) L2 ∩ L2,c) Both L1 U L2 and L2 ∩ L2,d) None of the mentioned,c,The Language of Turing Machine-2,Automata Theory,medium
automata-theory-questions-answers-regular-expression-unix,1,Which among the following is not a UNIX command for regular expressions?,a) ed,b) sed,c) vi,d) none of the mentioned,d,Regular Expression in UNIX,Automata Theory,medium
automata-theory-mcqs-finite-automata,13,The basic limitation of finite automata is that,a) It can’t remember arbitrary large amount of information.,b) It sometimes recognize grammar that are not regular.,c) It sometimes fails to recognize regular grammar.,d) All of the mentioned,a,Regular Language & Expression,Automata Theory,medium
automata-theory-questions-answers-polynomial-space-turing-machine,3,Savitch theorem relates to which of the following:,a) PSPACE=NPSPACE,b) Alternating Turing Machine,c) Time complexity,d) None of the mentioned,a,PSPACE,Automata Theory,medium
automata-theory-questions-answers-operators-regular-expression,2,Which among the following are incorrect regular identities?,a) εR=R,b) ε*=ε,c) Ф*=ε,d) RФ=R,d,Operators of Regular Expression,Automata Theory,medium
automata-theory-questions-answers-the-language-nfa,3,Which of the following does the given NFA represent?,"a) {11, 101} * {01}","b) {110, 01} * {11}","c) {11, 110} * {0}","d) {00, 110} * {1}",c,The Language of NFA,Automata Theory,medium
automata-theory-questions-answers-applications-pumping-lemma,4,Which of the following is/are an example of pigeon hole principle?,a) Softball team,b) Sock picking,c) Hair counting,d) All of the mentioned,d,Applications of Pumping Lemma/Pigeonhole principle,Automata Theory,medium
automata-theory-questions-answers-moore-machine,5,The total number of states and transitions required to form a moore machine that will produce residue mod 3.,a) 3 and 6,b) 3 and 5,c) 2 and 4,d) 2 and 5,a,Moore Machine,Automata Theory,medium
automata-theory-questions-answers-the-language-dfa,9,"The maximum sum of in degree and out degree over a state in a DFA can be determined as: ∑= {a, b, c, d}",a) 4+4,b) 4+16,c) 4+0,d) depends on the Language,d,The Language of DFA,Automata Theory,medium
automata-theory-multiple-choice-questions-answers,7,Myphill Nerode does the following:,a) Minimization of DFA,b) Tells us exactly when a language is regular,c) Minimization of DFA and tells us exactly when a language is regular,d) None of the mentioned,c,Properties-Non Regular Languages,Automata Theory,medium
automata-theory-questions-answers-aplications-dfa,3,Let L be a language whose FA consist of 5 acceptance states and 11 non final states. It further consists of a dumping state. Predict the number of acceptance states in L c,a) 16,b) 11,c) 5,d) 6,a,Applications of DFA,Automata Theory,medium
automata-theory-questions-answers-simpler-notations,2,"Which among the following is the missing transition in the given DFA? L= {xϵ∑= {a, b} | x starts with a and ends with b}","a) δ (q0, a) = q0","b) δ (F, a) = q1","c) δ (F, a) = D","d) δ (q1, a) = D",b,Simpler Notations,Automata Theory,medium
automata-theory-assessment-questions-answers,6,Given grammar: S->aS|A A->a B->aa Find the number of variables reachable from the Starting Variable?,a) 0,b) 1,c) 2,d) None of the mentioned,b,CFG-Eliminating Useless Symbols,Automata Theory,medium
automata-theory-questions-answers-cfl-substitution-theorem,8,The __________ running time of CYK is O(n 3 .|G|) where n is the length of the parse string and |G| is the size of the context free grammar G.,a) worst,b) best,c) average,d) none of the mentioned,a,CFL- Other Normal Forms,Automata Theory,medium
automata-theory-assessment-questions-answers,8,Given a Grammar G: S->aA A->a A->B B->A B->bb Which among the following will be the simplified grammar?,"a) S->aA|aB, A->a, B->bb","b) S->aA|aB, A->B, B->bb","c) S->aA|aB, A->a, B->A",d) None of the emntioned,a,CFG-Eliminating Useless Symbols,Automata Theory,medium
automata-theory-questions-answers-regular-languages-dpda,3,Which of the following relates to Chomsky hierarchy?,a) Regular<CFL<CSL<Unrestricted,b) CFL<CSL<Unrestricted<Regular,c) CSL<Unrestricted<CF<Regular,d) None of the mentioned,a,Regular Languages and D-PDA,Automata Theory,medium
automata-theory-interview-questions-answers,3,A DFA cannot be represented in the following format,a) Transition graph,b) Transition Table,c) C code,d) None of the mentioned,d,Deterministic Finite Automata-Introduction and Definition,Automata Theory,medium
automata-theory-questions-bank,5,State true or false: Statement: A CNF parse tree’s string yield (w) can no longer be 2h-1.,a) true,b) false,,,a,"Inferences to Trees, Trees to Derivations",Automata Theory,medium
automata-theory-questions-answers-multitape-turing-machine,10,Which of the following is a multi tape turing machine?,a) Post turing Machine,b) Wang-B Machine,c) Oblivious turing Machine,d) All of the mentioned,c,Multitape Turing Machines,Automata Theory,medium
automata-theory-questions-answers-simulation-turing-machine,10,Which of the following a Non-turing Complete language?,a) Regular Language,b) Context free grammars,c) Epigram,d) All of the mentioned,a,Simulation of Turing Machine,Automata Theory,medium
automata-theory-questions-answers-ambiguous-grammar,4,Which of the following is an real-world programming language ambiguity?,a) dangling else problem,b) halting problem,c) maze problem,d) none of the mentioned,a,Ambiguous Grammar,Automata Theory,medium
automata-theory-questions-answers-dfa-processing-strings,1,The password to the admins account=”administrator”. The total number of states required to make a password-pass system using DFA would be __________,a) 14 states,b) 13 states,c) 12 states,d) A password pass system cannot be created using DFA,a,DFA Processing Strings,Automata Theory,medium
automata-theory-questions-answers-pda-acceptance-empty-stack,5,Which of the following automata takes stack as auxiliary storage?,a) Finite automata,b) Push down automata,c) Turing machine,d) All of the mentioned,b,PDA-acceptance by Empty Stack,Automata Theory,medium
automata-theory-questions-answers-regular-expression-introduction,9,Concatenation of R with Ф outputs:,a) R,b) Ф,c) R.Ф,d) None of the mentioned,b,Regular Expression-Introduction,Automata Theory,medium
automata-theory-questions-answers-cfl-closure-properties,5,"If the start symbol is one of those symbols which produce no terminal through any sequence, the CFL is said to be",a) nullable,b) empty,c) eliminated,d) none of the mentioned,b,CFL- Closure Properties/Decision Properties,Automata Theory,medium
automata-theory-questions-answers-mealy-machine,4,The O/P of Mealy machine can be represented in the following format:,a) Op(t)= δ(Op(t)),b) Op(t)= δ(Op(t)i(t)),c) Op(t): ∑,d) None of the mentioned,b,Mealy Machine,Automata Theory,medium
automata-theory-questions-answers-applications-pumping-lemma,6,"If n objects are distributed over m places, and n < m, then some of the places receive:",a) at least 2 objects,b) at most 2 objects,c) no object,d) none of the mentioned,c,Applications of Pumping Lemma/Pigeonhole principle,Automata Theory,medium
automata-theory-questions-answers-test,3,State true or false? Statement: ε (Input) does not appears on Input tape.,a) True,b) False,,,a,Finite Automata with Epsilon Transition,Automata Theory,medium
automata-theory-questions-answers-testing-emptiness-membership,2,Which of the following are decision properties?,a) Emptiness,b) Infiniteness,c) Membership,d) All of the mentioned,d,Testing Emptiness and Membership,Automata Theory,medium
automata-theory-questions-answers-lexical-analysis,4,State true or false: Statement: A lexical analyzer reads the source code line by line.,a) True,b) False,,,b,Lexical Analysis,Automata Theory,medium
automata-theory-questions-answers-simpler-notations,4,Which among the following is not notated as infinite language?,a) Palindrome,b) Reverse,c) Factorial,d) L={ab}*,c,Simpler Notations,Automata Theory,medium
automata-theory-questions-answers-dfa-regular-expressions,6,"Generate a regular expression for the following problem statement: P(x): String of length 6 or less for å={0,1}*",a) (1+0+e)6,b) (10)6,c) (1+0)(1+0)(1+0)(1+0)(1+0)(1+0),d) More than one of the mentioned is correct,a,DFA to Regular Expressions,Automata Theory,medium
automata-theory-interview-questions-answers,8,Which of the following will the given DFA won’t accept?,a) ε,b) 11010,c) 10001010,d) String of letter count 11,a,Deterministic Finite Automata-Introduction and Definition,Automata Theory,medium
automata-theory-questions-answers-entrance-exams,2,"State true or false: Statement: The operations of PDA never work on elements, other than the top.",a) true,b) false,,,a,PDA-Acceptance by Final State,Automata Theory,medium
automata-theory-questions-answers-experienced,3,Which among the following are undecidable theories?,a) The first order theory of boolean algebra,b) The first order theory of Euclidean geomentry,c) The first order theory of hyperbolic geometry,"d) The first order theory of the natural number with addition, multiplication, and equality",d,The Universal Language-Undecidability,Automata Theory,medium
automata-theory-questions-answers-eliminating-unit-productions,5,"If C is A-derivable, C->B is a production, and B ¹ A, then B is",a) nullable,b) Non-derivable,c) A-derivable,d) None of the mentioned,c,Eliminating Unit Productions,Automata Theory,medium
automata-theory-assessment-questions-answers,4,Given: S->aSb S->e S-> A A->aA B->C C->D The ratio of number of useless variables to number of useless production is:,a) 1,b) 3/4,c) 2/3,d) 0,a,CFG-Eliminating Useless Symbols,Automata Theory,medium
automata-theory-questions-answers-class-rp-zpp,6,"Let f: N->N be a step counting function. Then for some constant C, Time(f) is a proper subset of Time(_______)",a) O(nf),b) O(n+f),c) O(n,d) None of the mentioned,c,"Complexity Classes,Class RP and ZPP",Automata Theory,medium
automata-theory-questions-answers-eliminating-epsilon-productions,8,For the given grammar G: S->ABaC A->BC B->b| e C->D| e D-> d Remove the e productions and generate the number of productions from S in the modified or simplified grammar.,a) 6,b) 7,c) 5,d) 8,d,Eliminating Epsilon Productions,Automata Theory,medium
automata-theory-questions-answers-eliminating-epsilon-productions,6,"Let G=(V, T, P, S) be a CFG such that _____________. Then there exists an equivalent grammar G’ having no e productions.",a) e ∈ L(G),b) w ∉ L(G),c) e ∉ L(G),d) w ∈ L(G),c,Eliminating Epsilon Productions,Automata Theory,medium
automata-theory-questions-answers-lexical-analysis,2,"If the lexical analyser finds a lexeme with the same name as that of a reserved word,it _________",a) overwrites the word,b) overwrites the functionality,c) generates an error,d) something else,c,Lexical Analysis,Automata Theory,medium
automata-theory-questions-answers-deterministic-pda,5,A DPDA is a PDA in which:,a) No state p has two outgoing transitions,b) More than one state can have two or more outgoing transitions,c) Atleast one state has more than one transitions,d) None of the mentioned,a,Deterministic PDA,Automata Theory,medium
automata-theory-interview-questions-answers,4,What the following DFA accepts?,a) x is a string such that it ends with ‘101’,b) x is a string such that it ends with ‘01’,c) x is a string such that it has odd 1’s and even 0’s,d) x is a strings such that it has starting and ending character as 1,a,Deterministic Finite Automata-Introduction and Definition,Automata Theory,medium
automata-theory-questions-answers-the-language-turing-machine,11,State true or false: Statement: RASP is to RAM like UTM is to turing machine.,a) true,b) false,,,a,The Language of Turing Machine,Automata Theory,medium
automata-theory-questions-answers-ambiguous-grammar,2,Which of the following are always unambiguous?,a) Deterministic Context free grammars,b) Non-Deterministic Regular grammars,c) Context sensitive grammar,d) None of the mentioned,a,Ambiguous Grammar,Automata Theory,medium
automata-theory-questions-answers-reversal-homomorphism-inverse-homomorphism,7,Let h(L) be a language of regular expression abe*+e(ab)*. Simplify the h(L),a) (ab)*+eab*,b) abe*+ea*b*,c) (ab)*,d) None of the mentioned,c,Reversal-Homomorphism and Inverse Homomorphism,Automata Theory,medium
automata-theory-questions-answers-dfa-regular-expressions,10,"The minimum number of transitions to pass to reach the final state as per the following regular expression is: {a,b}*{baaa}",a) 4,b) 5,c) 6,d) 3,a,DFA to Regular Expressions,Automata Theory,medium
automata-theory-assessment-questions-answers,9,Simplify the given grammar: A-> a| aaA| abBc B-> abba| b,a) A-> a| aaA| ababbAc| abbc,"b) A-> a| aaA| ababbAc| abbc, B-> abba|b","c) A-> a| aaA| abbc, B->abba",d) None of the mentioned,a,CFG-Eliminating Useless Symbols,Automata Theory,medium
automata-theory-questions-answers-non-deterministic-finite-automata-introduction,5,"NFA, in its name has ’non-deterministic’ because of :",a) The result is undetermined,b) The choice of path is non-deterministic,c) The state to be transited next is non-deterministic,d) All of the mentioned,b,Non Deterministic Finite Automata – Introduction,Automata Theory,medium
automata-theory-questions-answers-yacc-parser-generator,10,Which of the following version of Unix came up with YACC first?,a) V3,b) V5,c) CB UNIX,d) Unix-RT,a,YACC  Parser Generator,Automata Theory,medium
automata-theory-questions-answers-simulation-turing-machine,7,Which of the following can lack in a Universal computer?,a) Turing Complete Instruction set,b) Infinite memory,c) Infinite time,d) None of the mentioned,d,Simulation of Turing Machine,Automata Theory,medium
automata-theory-questions-answers-the-language-nfa,10,Which of the following recognizes the same formal language as of DFA and NFA?,a) Power set Construction,b) Subset Construction,c) Robin-Scott Construction,d) All of the mentioned,d,The Language of NFA,Automata Theory,hard
automata-theory-questions-answers-intersection-regular-languages,9,Which of the following steps are wrong with respect to infiniteness problem?,a) Remove useless variables,b) Remove unit and epsilon production,c) Create dependency graph for variables,d) If there is a loop in the dependency graph the language is finite else infinite,d,Intersection with Regular Languages,Automata Theory,hard
automata-theory-questions-answers-experienced,8,"The problems which have no algorithm, regardless of whether or not they are accepted by a turing machine that fails to halts on some input are referred as:",a) Decidable,b) Undecidable,c) Computable,d) None of the mentioned,b,The Universal Language-Undecidability,Automata Theory,hard
automata-theory-interview-questions-answers-freshers,9,"Fill in the blank with the most appropriate option. Statement: In theory of computation, abstract machines are often used in ___________ regarding computability or to analyze the complexity of an algorithm.",a) thought experiments,b) principle,c) hypothesis,d) all of the mentioned,d,Turing Machine – Notation and Transition Diagrams,Automata Theory,hard
automata-theory-questions-answers-multistack-machines-counter-machines,8,Which among the following options are correct? Statement 1: TMs can accept languages that are not accepted by any PDA with one stack. Statement 2: But PDA with two stacks can accept any language that a TM can accept.,"a) Statement 1 and 2, both are correct",b) Statement 1 is correct but Statement 2 is false,c) Statement 2 is correct while Statement 1 is false,"d) Statement 1 and 2, both are false",a,"Multistack Machines, Counter Machines",Automata Theory,hard
automata-theory-questions-answers-class-rp-zpp,8,Which of the following is not correct for ZPP?,a) zero error probabalistic polynomial time,b) it runs in non-polynomial time,"c) it returns an answer yes, no or do not know",d) none of the mentioned,b,"Complexity Classes,Class RP and ZPP",Automata Theory,hard
automata-theory-questions-answers-cfl-substitution-theorem,1,"The following format of grammatical notation is accepted by which of the following: AB->CD A->BC or A->B or A->a where A, B, C, D are non terminal symbols and a is a terminal symbol.",a) Greibach Normal Form,b) Chomsky Nrmal Form,c) Kuroda Normal Form,d) None of the mentioned,c,CFL- Other Normal Forms,Automata Theory,hard
automata-theory-questions-answers-regular-languages-dpda,6,Which of the following strings do not belong the given regular expression? (a)*(a+cba),a) aa,b) aaa,c) acba,d) acbacba,d,Regular Languages and D-PDA,Automata Theory,hard
automata-theory-questions-answers-mealy-machine,7,Statement 1: Mealy machine reacts faster to inputs. Statement 2: Moore machine has more circuit delays. Choose the correct option:,a) Statement 1 is true and Statement 2 is true,b) Statement 1 is true but Statement 2 is false,c) Statement 1 is false and Statement 2 is true,d) None of the mentioned is true,a,Mealy Machine,Automata Theory,hard
automata-theory-questions-answers-intersection-regular-languages,5,Which of the following can be used to prove a language is not context free?,a) Ardens theorem,b) Power Construction method,c) Regular Closure,d) None of the mentioned,c,Intersection with Regular Languages,Automata Theory,hard
automata-theory-questions-answers-the-language-dfa,6,"Which of the following x is accepted by the given DFA (x is a binary string ∑= {0,1})?",a) divisible by 3,b) divisible by 2,c) divisible by 2 and 3,d) divisible by 3 and 2,d,The Language of DFA,Automata Theory,hard
automata-theory-questions-answers-simulation-turing-machine,5,Which of the following can be used to simulate any turing machine?,a) Finite State Automaton,b) Universal Turing Machine,c) Counter machines,d) All of the mentioned,b,Simulation of Turing Machine,Automata Theory,hard
automata-theory-questions-answers-algebric-laws-finding-patterns-derivatives,4,The given regular language corresponds to which of the given regular language e+1+(1+0)*0+(0+1)*11,a) The language of all strings that end with 11 or 00,b) The language of all strings that end with 0 or 1,c) The language of all strings which does not end with 01,d) None of the mentioned,c,"Finding Patterns in Text,Algebric Laws and Derivatives",Automata Theory,hard
automata-theory-questions-answers-non-deterministic-turing-machines,1,"X is a simple mathematical model of a computer. X has unrestricted and unlimited memory. X is a FA with R/W head. X can have an infinite tape divided into cells, each cell holding one symbol. Name X?",a) Push Down Automata,b) Non deterministic Finite Automata,c) Turing machines,d) None of the mentioned,c,Non Deterministic Turing Machines,Automata Theory,hard
automata-theory-questions-answers-freshers,3,Which of the following statements are false?,a) Every recursive language is recursively enumerable,b) Recursively enumerable language may not be recursive,c) Recursive languages may not be recursively enumerable,d) None of the mentioned,c,The Language of Turing Machine-2,Automata Theory,hard
automata-theory-questions-answers-non-deterministic-turing-machines,4,Which of the following cannot be a possibility of a TM while it processes an input?,a) Enters accepting state,b) Enters non-accepting state,c) Enters infinite loop and never halts,d) None of the mentioned,d,Non Deterministic Turing Machines,Automata Theory,hard
automata-theory-questions-answers-non-deterministic-polynomial-time,10,Which of the following are not in NP?,a) All problems in P,b) Boolean Satisfiability problems,c) Integer factorization problem,d) None of the mentioned,d,Non Deterministic Polynomial Time,Automata Theory,hard
automata-theory-questions-answers-moore-machine,6,Complete the given table according to the given Moore machine. Present State Next State Output 0 1 Q0 Q1 Q2 1 Q1 Q2 1 Q2 Q0,"a) Q0, Q2, 0","b) Q0, Q2, 1","c) Q1, Q2, 1","d) Q1, Q0, 0",a,Moore Machine,Automata Theory,hard
automata-theory-questions-answers-the-diagonalization-languages,7,Which of the following are correct statements?,a) TMs that always halt are known as Decidable problems,b) TMs are not guaranteed to halt only on acceptance are recursive enumerable,c) All of the mentioned,d) None of the mentioned,a,The Diagonalization Languages,Automata Theory,hard
automata-theory-questions-answers-context-free-grammar-derivations-definitions,5,Which among the following cannot be accepted by a regular grammar?,a) L is a set of numbers divisible by 2,b) L is a set of binary complement,c) L is a set of string with odd number of 0,d) L is a set of 0,d,Context Free Grammar-Derivations and Definitions,Automata Theory,hard
automata-theory-questions-answers-sentential-forms,10,L={0 i 1 j 2 k | j>i+k} Which of the following satisfies the language?,a) 0111100,b) 011100,c) 0001100,d) 0101010,a,Sentential Forms,Automata Theory,hard
automata-theory-questions-bank,10,"Is the given statement correct? Statement: The mere existence of several derivations is not an issue, its is the existence of several parse trees that ruins a grammar.",a) Yes,b) No,,,a,"Inferences to Trees, Trees to Derivations",Automata Theory,hard
automata-theory-questions-answers-dfa-processing-strings,7,"Given L= {Xϵ∑*= {a, b} |x has equal number of a, s and b’s}. Which of the following property satisfy the regularity of the given language?",a) Regularity is dependent upon the length of the string,b) Regularity is not dependent upon the length of the string,c) Can’t be said for a particular string of a language,d) It may depend on the length of the string,b,DFA Processing Strings,Automata Theory,hard
automata-theory-questions-answers-equivalence-one-tape-multitape-turing-machine,1,Which of the following are related to construction of One Tape turing machines?,a) JFLAP,b) NFLAP,c) All of the mm,d) None of the mentioned,a,Equivalence of One-Tape and Multitape TM,Automata Theory,hard
automata-theory-questions-answers-intersection-regular-languages,7,Which of the following belong to the steps to prove emptiness?,a) Remove useless variable,b) Check if a start variable S is useless,c) Remove useless variable and Check if a start variable S is useless,d) None of the mentioned,c,Intersection with Regular Languages,Automata Theory,hard
automata-theory-questions-answers-quiz,1,Which of the following is correct? Statement 1: ε represents a single string in the set. Statement 2: Ф represents the language that consist of no string.,a) Statement 1 and 2 both are correct,b) Statement 1 is false but 2 is correct,c) Statement 1 and 2 both are false,"d) There is no difference between both the statements, ε and Ф are different notation for same reason",a,Building Regular Expressions,Automata Theory,hard
automata-theory-questions-answers-algebric-laws-finding-patterns-derivatives,1,"The minimum length of a string {0,1}* not in the language corresponding to the given regular expression: (0*+1*)(0*+1*)(0*+1*)",a) 3,b) 4,c) 5,d) 6,b,"Finding Patterns in Text,Algebric Laws and Derivatives",Automata Theory,hard
automata-theory-questions-answers-operators-regular-expression,4,"P, O, R be regular expression over ∑, P is not ε, then R=Q + RP has a unique solution:",a) Q*P,b) QP*,c) Q*P*,d) (P*O*) *,b,Operators of Regular Expression,Automata Theory,hard
automata-theory-questions-answers-dpda-ambiguous-grammars,7,Which of the following are non essential while simplifying a grammar?,a) Removal of useless symbols,b) Removal of unit productions,c) Removal of null production,d) None of the mentioned,d,DPDA and Ambiguous Grammars,Automata Theory,hard
automata-theory-interview-questions-answers,7,Which of the following will not be accepted by the following DFA?,a) ababaabaa,b) abbbaa,c) abbbaabb,d) abbaabbaa,a,Deterministic Finite Automata-Introduction and Definition,Automata Theory,hard
automata-theory-interview-questions-answers-experienced,7,"A problem X belongs to P complexity class if there exist ________ algorithm to solve that problem, such that the number of steps of the algorithms bounded by a polynomial in n, where n is the length of the input.",a) 1,b) 2,c) 3,d) all of the mentioned,d,Problem Solvable in Polynomial Time,Automata Theory,hard
automata-theory-questions-answers-rices-theorem-properties,3,Which of the following is incorrect according to rice theorem? Let S be a set of language hat is non trivial:,a) there exists a TM that recognizes the language in S,b) there exists a TM that recognizes the language not in S,c) it is undecidable to determine whether the language recognized by an arbitrary turing machine lies in S,d) all of the mentioned,d,Rice,Automata Theory,hard
automata-theory-questions-answers-regular-languages-dpda,8,Which of the following strings is not generated by the given grammar: S->SaSbS|e,a) aabb,b) abab,c) abaabb,d) None of the mentioned,d,Regular Languages and D-PDA,Automata Theory,hard
automata-theory-questions-answers-equivalence-nfa-dfa,8,"L1= {w | w does not contain the string tr } L2 = {w | w does contain the string tr} Given ∑ = {t, r}, The difference of the minimum number of states required to form L1 and L2?",a) 0,b) 1,c) 2,d) Cannot be said,a,Equivalence of NFA and DFA,Automata Theory,hard
automata-theory-questions-answers-programming-techniques-storage-subroutines,10,"According to Chomsky hierarchy, which of the following is adopted by Recursively Ennumerable language?",a) Type 0,b) Type 1,c) Type 2,d) Type 3,a,Programming Techniques-Storage and Subroutines,Automata Theory,hard
automata-theory-questions-answers-testing-emptiness-membership,7,Which of the following is a function of Closure properties?,a) Helps construct representations,b) Helps show informally described languages not to be in class,c) Helps construct representations and shows informally described languages not to be in class,d) None of the mentioned,c,Testing Emptiness and Membership,Automata Theory,hard
automata-theory-questions-answers-simulation-turing-machine,4,"Which of the following remarks the given statement? Statement: Any function whose values can be computed by an algorithm, can be computed by a Turing machine.",a) Smn theorem,b) Structured Program theorem,c) Church-Turing thesis,d) None of the mentioned,c,Simulation of Turing Machine,Automata Theory,hard
automata-theory-questions-answers-mealy-machine-1,1,"Which of the following does not belong to input alphabet if S={a, b}* for any language?",a) a,b) b,c) e,d) none of the mentioned,c,Mealy Machine-II,Automata Theory,hard
automata-theory-questions-answers-sentential-forms,9,"Which among the following is the correct grammar for the given language? L={x∈{0,1}*|number of zeroes in x¹number of one’s in x}",a) S-> 0|SS|1SS|SS1|S1S,b) S-> 1|0S|0SS|SS0|S0S,c) S-> 0|0S|1SS|SS1|S1S,d) None of the mentioned,c,Sentential Forms,Automata Theory,hard
automata-theory-questions-answers-online-quiz,1,Which of the following conversion is not feasible?,a) Regular expression to automaton conversion,b) Automaton to Regular Expression Conversion,c) NFA to DFA,d) None of the mentioned,d,Conversions among Representations,Automata Theory,hard
automata-theory-questions-answers-applications-pumping-lemma,9,Which of the following can refer a language to be non regular?,a) Pumping Lemma,b) Myphill Nerode,c) Pumping Lemma and Myphill Nerode,d) None of the mentioned,c,Applications of Pumping Lemma/Pigeonhole principle,Automata Theory,hard
automata-theory-questions-answers-dpda-ambiguous-grammars,3,"For the given set of code, the grammar representing real numbers in Pascal has error in one of the six lines. Fetch the error. (1) -> (2) -> | epsilon (3) -> | epsilon (4) -> ‘E’ | epsilon (5) -> + | – | epsilon (6) -> 0 | 1 | 2 | 3 | 4 | 5 | 6 | 7 | 8 | 9",a) 3,b) 4,c) 2,d) No errors,a,DPDA and Ambiguous Grammars,Automata Theory,hard
automata-theory-mcqs-finite-automata,15,FSM with output capability can be used to add two given integer in binary representation. This is,a) True,b) False,c) May be true,d) None of the mentioned,a,Regular Language & Expression,Automata Theory,hard
automata-theory-questions-answers-eliminating-unit-productions,3,Given grammar: S->aA A->a A->B B-> A B->bb Which of the following is the production of B after simplification by removal of unit productions?,a) A,b) bb,c) aA,d) A| bb,b,Eliminating Unit Productions,Automata Theory,hard
automata-theory-questions-answers-dfa-processing-strings,3,"Let ∑= {a, b, …. z} and A = {Hello, World}, B= {Input, Output}, then (A*∩B) U (B*∩A) can be represented as:","a) {Hello, World, Input, Output, ε}","b) {Hello, World, ε}","c) {Input, Output, ε}",d) {},d,DFA Processing Strings,Automata Theory,hard
automata-theory-interview-questions-answers-experienced,8,Which of the following is a P-complete type of problem?,a) Circuit Value problem,b) Linear programming,c) Context free grammar membership,d) All of the mentioned,d,Problem Solvable in Polynomial Time,Automata Theory,hard
automata-theory-questions-answers-deterministic-pda,8,A language accepted by Deterministic Push down automata is closed under which of the following?,a) Complement,b) Union,c) All of the mentioned,d) None of the mentioned,a,Deterministic PDA,Automata Theory,hard
automata-theory-questions-answers-converting-regular-expressions-automata,9,"Given segment of code: $string1 = ""Hello \n World \n "" ; if ( $string1 = ~ m / d\n\z / ) { print ""$string1 is a string "" ; print ""that ends with 'd \\ n'. \n "" ; } What does the symbol /z does?",a) changes line,b) matches the beginning of a string,c) matches the end of a string,d) none of the mentioned,c,Converting Regular Expressions to Automata,Automata Theory,hard
automata-theory-questions-answers-online-quiz,7,Which of the following cannot be converted in an ordinary NFA?,a) DFA,b) Regular Expression,c) e-NFA,d) None of the mentioned,d,Conversions among Representations,Automata Theory,hard
automata-theory-questions-answers-campus-interviews,4,"Using pumping lemma, which of the following cannot be proved as ‘not a CFL’?",a) {a,"b) {ss|s∈{a,b}*}",c) The set legal C programs,d) None of the mentioned,d,Pumping Lemma for Context Free Language,Automata Theory,hard
automata-theory-questions-answers-applications-pumping-lemma,5,Pigeonhole principle can be applied in the following computer science algorithms:,a) hashing algorithm,b) lossless compression algorithm,c) hashing algorithm and lossless compression algorithm,d) none of the mentioned,c,Applications of Pumping Lemma/Pigeonhole principle,Automata Theory,hard
automata-theory-questions-answers-non-deterministic-turing-machines,2,Which of the following is/are not an application of turing machine?,a) Language Recognization,b) Computers of functions on non negative numbers,c) Generating devices,d) None of the mentioned,d,Non Deterministic Turing Machines,Automata Theory,hard
automata-theory-questions-and-answers-regular-language-expression-1,9,Which of the following pair of regular expression are not equivalent?,a) 1(01)* and (10)*1,b) x(xx)* and (xx)*x,c) (ab)* and a*b*,d) x+ and x*x+,c,Regular Language & Expression,Automata Theory,hard
automata-theory-questions-answers-aptitude-test,9,"State true or false: Statement: Hamiltonian cycles through any fixed edge is always even, so if one such cycle is given, the second one must also exists.",a) true,b) false,,,a,"Node-Cover Problem, Hamilton Circuit Problem",Automata Theory,hard
automata-theory-interview-questions-answers,10,Which of the following is not an example of finite state machine system?,a) Control Mechanism of an elevator,b) Combinational Locks,c) Traffic Lights,d) Digital Watches,d,Deterministic Finite Automata-Introduction and Definition,Automata Theory,hard
automata-theory-questions-answers-mcqs,1,Which of the following is an utility of state elimination phenomenon?,a) DFA to NFA,b) NFA to DFA,c) DFA to Regular Expression,d) All of the mentioned,c,Conversion by Eliminating states,Automata Theory,hard
automata-theory-questions-answers-yacc-parser-generator,6,Which of the following is false for B programming language?,a) Typeless,b) Influenced by PL/I,c) Designed by Dennis Ritchie,d) None of the mentioned,d,YACC  Parser Generator,Automata Theory,hard
automata-theory-questions-answers-lexical-analysis,8,Lexers and parsers are not found in which of the following?,a) compiler front end processing,b) prettyprinters,c) linters,d) none of the mentioned,d,Lexical Analysis,Automata Theory,hard
automata-theory-questions-answers-experienced,14,Which of the following was not a part of Chomsky hierarchy?,a) Context sensitive grammar,b) Unrestricted grammar,c) Recursive grammar,d) None of the mentioned,c,The Universal Language-Undecidability,Automata Theory,hard
automata-theory-questions-answers-algebric-laws-finding-patterns-derivatives,8,Choose the incorrect process to check whether the string belongs to the language of certain variable or not?,a) recursive inference,b) derivations,c) head to body method,d) All of the mentioned,d,"Finding Patterns in Text,Algebric Laws and Derivatives",Automata Theory,hard
automata-theory-questions-answers-operators-regular-expression,9,The minimum number of states required to automate the following Regular Expression: (1) *(01+10) (1) *,a) 4,b) 3,c) 2,d) 5,a,Operators of Regular Expression,Automata Theory,easy
automata-theory-questions-answers-test,10,e-transitions are,a) conditional,b) unconditional,c) input dependent,d) none of the mentioned,b,Finite Automata with Epsilon Transition,Automata Theory,easy
automata-theory-questions-answers-mealy-machine-1,9,Is the language preserved in all the steps while eliminating epsilon transitions from a NFA?,a) yes,b) no,,,a,Mealy Machine-II,Automata Theory,easy
automata-theory-questions-answers-dfa-regular-expressions,4,Which of the given regular expressions correspond to the automata shown?,a) (110+1)*0,b) (11+110)*1,c) (110+11)*0,d) (1+110)*1,c,DFA to Regular Expressions,Automata Theory,easy
automata-theory-questions-answers-applications-parsers,7,LALR in LALR parser stands for:,a) Left aligned left right parser,b) Look ahead left to right parser,c) Language Argument left to right parser,d) None of the mentioned,b,Applications – Parsers,Automata Theory,easy
automata-theory-questions-answers-online-test,10,Which among the following is the closure property of a regular language?,a) Emptiness,b) Universality,c) Membership,d) None of the mentioned,d,Closure Properties under Boolean Operations,Automata Theory,easy
automata-theory-questions-answers-turing-machine-halting,8,The following turing machine acts like:,a) Copies a string,b) Delete a symbol,c) Insert a symbol,d) None of the mentioned,b,Turing Machine and Halting,Automata Theory,easy
automata-theory-questions-answers-experienced,5,Which among the following are semi decidable?,a) Empty-DFA,b) Rec-NFA,c) Infinite-DFA,d) All of the mentioned,d,The Universal Language-Undecidability,Automata Theory,easy
automata-theory-problems,11,Choose the correct option: Statement: There exists two inference approaches: Recursive Inference & Derivation,a) true,b) partially true,c) false,d) none of the mentioned,a,"The Language of a Grammar, Inferences and Ambiguity",Automata Theory,easy
automata-theory-questions-answers-multitape-turing-machine,8,A deterministic turing machine is:,a) ambiguous turing machine,b) unambiguous turing machine,c) non-deterministic,d) none of the mentioned,b,Multitape Turing Machines,Automata Theory,easy
automata-theory-mcqs-regular-language-expression-2,9,L and ~L are recursive enumerable then L is,a) Regular,b) Context free,c) Context sensitive,d) Recursive,d,Regular Language & Expression,Automata Theory,easy
automata-theory-questions-answers-extended-transition-function,10,"Predict the missing procedure: i.Δ(Q0, ε) ={Q0}, ii.Δ(Q0, 01) = {Q0, Q1} iii.δ(Q0, 010) =?","a) {Q0, Q1, Q2}","b) {Q0, Q1}","c) {Q0, Q2}","d) {Q1, Q2}",c,Extended Transition Function,Automata Theory,easy
automata-theory-questions-answers-polynomial-space-turing-machine,4,The class PSPACE is closed under the following operations:,a) Union,b) Concatenation,c) Kleene,d) All of the mentioned,d,PSPACE,Automata Theory,easy
automata-theory-questions-answers-quiz,3,Regular Expression R and the language it describes can be represented as:,"a) R, R(L)","b) L(R), R(L)","c) R, L(R)",d) All of the mentioned,c,Building Regular Expressions,Automata Theory,easy
automata-theory-questions-answers-test,11,"The __________ of a set of states, P, of an NFA is defined as the set of states reachable from any state in P following e-transitions.",a) e-closure,b) e-pack,c) Q in the tuple,d) None of the mentioned,a,Finite Automata with Epsilon Transition,Automata Theory,easy
automata-theory-questions-answers-reversal-homomorphism-inverse-homomorphism,4,"If E= FG, E r =?",a) F,b) G,c) F,d) None of the mentioned,b,Reversal-Homomorphism and Inverse Homomorphism,Automata Theory,easy
automata-theory-questions-answers-mealy-machine,9,Which one of the following is true? A mealy machine,a) produces a language,b) produces a grammar,c) can be converted to NFA,d) has less circuit delays,d,Mealy Machine,Automata Theory,easy
automata-theory-questions-answers-extended-transition-function,5,What is the relation between DFA and NFA on the basis of computational power?,a) DFA > NFA,b) NFA > DFA,c) Equal,d) Can’t be said,c,Extended Transition Function,Automata Theory,easy
automata-theory-questions-answers-online-test,4,"If L1 and L2′ are regular languages, L1 ∩ (L2′ U L1′)’ will be",a) regular,b) non regular,c) may be regular,d) none of the mentioned,a,Closure Properties under Boolean Operations,Automata Theory,easy
automata-theory-mcqs-union-intersection-complement,12,a ^ nb ^ n where (n+m) is even .,a) Type 0,b) Type 1,c) Type 2,d) Type 3,d,"Union, intersection and complement of Regular Language & Expression",Automata Theory,easy
automata-theory-mcqs-finite-automata,8,Language of finite automata is.,a) Type 0,b) Type 1,c) Type 2,d) Type 3,d,Regular Language & Expression,Automata Theory,easy
automata-theory-questions-answers-dpda-ambiguous-grammars,9,The language L ={a i 2b i |i>=0} is:,a) recursive,b) deterministic CFL,c) regular,d) Two of the mentioned is correct,d,DPDA and Ambiguous Grammars,Automata Theory,easy
automata-theory-questions-answers-freshers,5,"If L is a recursive language, L’ is:",a) Recursive,b) Recursively Enumerable,c) Recursive and Recursively Enumerable,d) None of the mentioned,c,The Language of Turing Machine-2,Automata Theory,easy
automata-theory-assessment-questions-answers,3,"Given: S->…->xAy->…->w if ____________, then A is useful, else useless symbol.",a) A is a non terminal,b) A is a terminal,c) w Î L,d) w Ë L,c,CFG-Eliminating Useless Symbols,Automata Theory,easy
automata-theory-questions-answers-from-pda-grammars,6,A push down automata can represented using:,a) Transition graph,b) Transition table,c) ID,d) All of the mentioned,d,From PDA to Grammars,Automata Theory,easy
automata-theory-questions-answers-the-language-dfa,1,How many languages are over the alphabet R?,a) countably infinite,b) countably finite,c) uncountable finite,d) uncountable infinite,d,The Language of DFA,Automata Theory,easy
automata-theory-questions-bank,1,A symbol X is ________ if there exists : S->* aXb,a) reachable,b) generating,c) context free,d) none of the mentioned,a,"Inferences to Trees, Trees to Derivations",Automata Theory,easy
automata-theory-questions-answers-the-diagonalization-languages,8,"Statement: If L id R.E., L c needs to be R.E. Is it correct?",a) Yes,b) No,c) Maybe,d) Cannot predict,b,The Diagonalization Languages,Automata Theory,easy
automata-theory-questions-answers-rices-theorem-properties,9,Can a Modified PCP problem be reduced to PCP?,a) yes,b) no,,,a,Rice,Automata Theory,easy
automata-theory-questions-answers-markup-languages,2,XML uses _________ principle to formally describe the data.,a) DDL,b) DTD,c) DML,d) None of the mentioned,b,Markup Languages,Automata Theory,easy
automata-theory-mcqs-finite-automata,3,Number of states require to accept string ends with 10.,a) 3,b) 2,c) 1,d) can’t be represented.,a,Regular Language & Expression,Automata Theory,easy
automata-theory-questions-answers-entrance-exams,4,"A non deterministic two way, nested stack automaton has n-tuple definition. State the value of n.",a) 5,b) 8,c) 4,d) 10,d,PDA-Acceptance by Final State,Automata Theory,easy
automata-theory-questions-answers-quiz,2,The appropriate precedence order of operations over a Regular Language is,"a) Kleene, Union, Concatenate","b) Kleene, Star, Union","c) Kleene, Dot, Union","d) Star, Union, Dot",c,Building Regular Expressions,Automata Theory,easy
automata-theory-questions-answers-the-language-turing-machine,4,The value of n if turing machine is defined using n-tuples:,a) 6,b) 7,c) 8,d) 5,b,The Language of Turing Machine,Automata Theory,easy
automata-theory-interview-questions-answers,2,A Language for which no DFA exist is a________,a) Regular Language,b) Non-Regular Language,c) May be Regular,d) Cannot be said,b,Deterministic Finite Automata-Introduction and Definition,Automata Theory,easy
automata-theory-questions-answers-reversal-homomorphism-inverse-homomorphism,5,Simplify the following identity: E=01*+10* E R =?,a) (1*0+0*1),b) (01*10*),c) (0*1+10*),d) All of the mentioned,a,Reversal-Homomorphism and Inverse Homomorphism,Automata Theory,easy
automata-theory-questions-answers-regular-expression-introduction,10,RR* can be expressed in which of the forms:,a) R+,b) R-,c) R+ U R-,d) R,a,Regular Expression-Introduction,Automata Theory,easy
automata-theory-questions-answers-context-free-grammar-derivations-definitions,8,"The minimum number of productions required to produce a language consisting of palindrome strings over ∑={a,b} is",a) 3,b) 7,c) 5,d) 6,c,Context Free Grammar-Derivations and Definitions,Automata Theory,easy
automata-theory-questions-answers-lexical-analysis,9,Which phase of compiler includes Lexical Analysis?,a) 1,b) 2,c) 3,"d) Its primary function, not in any phase",a,Lexical Analysis,Automata Theory,easy
automata-theory-mcqs-finite-automata,9,Finite automata requires minimum _______ number of stacks.,a) 1,b) 0,c) 2,d) None of the mentioned,b,Regular Language & Expression,Automata Theory,easy
automata-theory-questions-answers-mcqs,7,The behaviour of NFA can be simulated using DFA.,a) always,b) never,c) sometimes,d) none of the mentioned,a,Conversion by Eliminating states,Automata Theory,easy
automata-theory-mcqs-finite-automata,2,Transition function maps.,a) Σ * Q -> Σ,b) Q * Q -> Σ,c) Σ * Σ -> Q,d) Q * Σ -> Q,d,Regular Language & Expression,Automata Theory,easy
automata-theory-questions-answers-markup-languages,8,SGML stands for:,a) Standard Generalized Markup Language,b) Standardized General Markup Language,c) Standard General Markup Language,d) Standard Generalized Markdown Language,a,Markup Languages,Automata Theory,easy
automata-theory-questions-answers-non-deterministic-polynomial-time,1,What does NP stands for in complexity classes theory?,a) Non polynomial,b) Non-deterministic polynomial,c) All of the mentioned,d) None of the mentioned,b,Non Deterministic Polynomial Time,Automata Theory,easy
automata-theory-questions-answers-cfl-substitution-theorem,2,Every Kuroda Normal form grammar generates ___________,a) Context free grammar,b) Context sensitive grammar,c) Unrestricted grammar,d) None of the mentioned,b,CFL- Other Normal Forms,Automata Theory,easy
automata-theory-questions-answers-dpda-context-free-languages,10,A CFG for a program describing strings of letters with the word “main” somewhere in the string:,a) ->,b) -->,c) -->,d) None of the mentioned,a,DPDA and Context Free Languages,Automata Theory,easy
automata-theory-questions-answers-class-rp-zpp,9,ZPP is based on ________,a) Probabalistic turing machine,b) Alternative turing machine,c) Quantum turing machine,d) None of the mentioned,a,"Complexity Classes,Class RP and ZPP",Automata Theory,easy
automata-theory-questions-answers-chomsky-normal-form,10,"Let G be a grammar: S->AB|e, A->a, B->b Is the given grammar in CNF?",a) Yes,b) No,,,a,Chomsky Normal Form,Automata Theory,easy
automata-theory-questions-answers-chomsky-normal-form,4,Which of the production rule can be accepted by Chomsky grammar?,a) A->BC,b) A->a,c) S->e,d) All of the mentioned,d,Chomsky Normal Form,Automata Theory,easy
automata-theory-questions-answers-lexical-analysis,1,Lexemes can be referred to as:,a) elements of lexicography,b) sequence of alphanumeric characters in a token,c) lexical errors,d) none of the mentioned,b,Lexical Analysis,Automata Theory,easy
automata-theory-basic-questions-answers,4,"A pushdown automata can be defined as: (Q, ∑, G, q0, z0, A, d) What does the symbol z0 represents?",a) an element of G,b) initial stack symbol,c) top stack alphabet,d) all of the mentioned,d,From Grammars to Push Down Automata,Automata Theory,easy
automata-theory-questions-answers-the-language-dfa,8,"The maximum number of transition which can be performed over a state in a DFA? ∑= {a, b, c}",a) 1,b) 2,c) 3,d) 4,c,The Language of DFA,Automata Theory,easy
automata-theory-questions-answers-multitape-turing-machine,6,Which of the turing machines have existential and universal states?,a) Alternating Turing machine,b) Probalistic Turing machine,c) Read-only turing machine,d) None of the mentioned,a,Multitape Turing Machines,Automata Theory,easy
automata-theory-questions-answers-yacc-parser-generator,5,The original YACC as written in __________ language,a) R programming language,b) C programming language,c) B programming language,d) None of the mentioned,c,YACC  Parser Generator,Automata Theory,easy
automata-theory-questions-answers-testing-emptiness-membership,1,Language classes have the following property:,a) Closure property,b) Decision property,c) Closure & Decision property,d) None of the mentioned,c,Testing Emptiness and Membership,Automata Theory,easy
automata-theory-questions-and-answers-regular-language-expression-1,1,A regular language over an alphabet a is one that can be obtained from,a) union,b) concatenation,c) kleene,d) All of the mentioned,d,Regular Language & Expression,Automata Theory,easy
automata-theory-questions-answers-eliminating-epsilon-productions,1,The use of variable dependency graph is in:,a) Removal of useless variables,b) Removal of null productions,c) Removal of unit productions,d) None of the mentioned,a,Eliminating Epsilon Productions,Automata Theory,easy
automata-theory-questions-answers-equivalence-nfa-dfa,2,It is less complex to prove the closure properties over regular languages using,a) NFA,b) DFA,c) PDA,d) Can’t be said,a,Equivalence of NFA and DFA,Automata Theory,easy
automata-theory-questions-answers-yacc-parser-generator,2,YACC is an acronym for:,a) Yes Another Compile Compiler,b) Yet Another Compile Compiler,c) Yet Another Compiler Compiler,d) Yes Another Compiler Compiler,c,YACC  Parser Generator,Automata Theory,easy
automata-theory-questions-answers-rices-theorem-properties,8,PCP stands for?,a) Post Correspondence Problem,b) Post Corresponding Problem,c) Pre Correspondence problem,d) None of the mentioned,a,Rice,Automata Theory,easy
discrete-mathematics-questions-answers-cryptography-decryption,10,How many bits of message does the Secure Hash Algorithm produce?,a) 160 bits,b) 1035 bits,c) 621 bits,d) 3761 bits,a,Cryptography – Decryption,Discrete Mathematics,hard
discrete-mathematics-interview-questions-answers-experienced,5,"Let R (x) denote the statement “x > 2.” What is the truth value of the quantification ∃xR(x), having domain as real numbers?",a) True,b) False,,,a,Predicate Logic Quantifiers,Discrete Mathematics,hard
discrete-mathematics-questions-answers-logic-circuits,1,"If there are ‘M’ switches in series numbered from 1, 2, …, M. For circuit to be complete and bulb to glow which of the following is necessary?",a) 1∧ 2∧ 3 ∧ … ∧M should be on,b) 1∧ 2∧ 3 ∧ … ∧M should be off,c) 1 v 2 v 3 v … v M should be on,d) None of the mentioned,a,Logic Circuits,Discrete Mathematics,hard
discrete-mathematics-objective-questions-answers,3,A ______ in a graph G is a circuit which consists of every vertex (except first/last vertex) of G exactly once.,a) Euler path,b) Hamiltonian path,c) Planar graph,d) Path complement graph,b,Different Path in a Graph,Discrete Mathematics,hard
discrete-mathematics-questions-answers-set-types,7,"A = {∅,{∅},2,{2,∅},3}, which of the following is true?","a) {{∅,{∅}} ∈ A",b) {2} ∈ A,c) ∅ ⊂ A,d) 3 ⊂ A,c,Types of Set,Discrete Mathematics,hard
discrete-mathematics-questions-answers-pigeonhole-principle,1,"A drawer contains 12 red and 12 blue socks, all unmatched. A person takes socks out at random in the dark. How many socks must he take out to be sure that he has at least two blue socks?",a) 18,b) 35,c) 28,d) 14,d,Counting – Pigeonhole Principle,Discrete Mathematics,hard
discrete-mathematics-questions-answers-quiz,4,Which of the following statements regarding sets is false?,a) A X B = B X A,b) A X B ≠ B X A,c) n(A X B) = n(A) * n(B),d) All of the mentioned,a,Cartesian Product of Sets,Discrete Mathematics,hard
discrete-mathematics-mcqs-algorithms,10,The complexity of Bubble sort algorithm is _________,a) O(n),b) O(log n),c) O(n,d) O(n log n),c,Algorithms,Discrete Mathematics,hard
discrete-mathematics-questions-answers-types-relations,1,"The binary relation {(1,1), (2,1), (2,2), (2,3), (2,4), (3,1), (3,2)} on the set {1, 2, 3} is __________","a) reflexive, symmetric and transitive","b) irreflexive, symmetric and transitive","c) neither reflexive, nor irreflexive and not transitive",d) irreflexive and antisymmetric,c,Types of Relations,Discrete Mathematics,hard
discrete-mathematics-questions-answers-types-algorithms,7,Optimization of algorithm means _________,a) making that algorithm fast by time and compact by space,b) making that algorithm slow by time and large by space,c) making that algorithm fast by time and large by space,d) making that algorithm slow by time and compact by space,a,Algorithms – Types,Discrete Mathematics,hard
discrete-mathematics-questions-answers-generating-functions,10,"Find the sequence generated by 1/1−x 2 −x 4 .,assume that 1, 1, 2, 3, 5, 8,… has generating function 1/1−x−x 2","a) 0, 0, 1, 1, 2, 3, 5, 8,…","b) 0, 1, 2, 3, 5, 8,…","c) 1, 1, 2, 2, 4, 6, 8,…","d) 1, 4, 3, 5, 7,…",a,Discrete Probability – Generating Functions,Discrete Mathematics,hard
discrete-mathematics-questions-answers-nested-quantifiers,3,“The product of two negative real numbers is not negative.” Is given by?,a) ∃x ∀y ((x < 0) ∧ (y < 0) → (xy > 0)),b) ∃x ∃y ((x < 0) ∧ (y < 0) ∧ (xy > 0)),c) ∀x ∃y ((x < 0) ∧ (y < 0) ∧ (xy > 0)),d) ∀x ∀y ((x < 0) ∧ (y < 0) → (xy > 0)),d,Logics – Nested Quantifiers,Discrete Mathematics,hard
discrete-mathematics-questions-answers-probability-distribution,2,The length of alike metals produced by a hardware store is approximated by a normal distribution model having a mean of 7 cm and a standard deviation of 0.35 cm. Find the probability that the length of a randomly chosen metal is between 5.36 and 6.14 cm?,a) 0.562,b) 0.2029,c) 3.765,d) 1.576,b,Probability Distribution,Discrete Mathematics,hard
discrete-mathematics-questions-answers-set-types,3,"Write set {1, 5, 15, 25,…} in set-builder form.","a) {x: either x=1 or x=5n, where n is a real number}","b) {x: either x=1 or x=5n, where n is a integer}","c) {x: either x=1 or x=5n, where n is an odd natural number}","d) {x: x=5n, where n is a natural number}",c,Types of Set,Discrete Mathematics,hard
discrete-mathematics-mcqs-complexity-algorithms,10,The worst case complexity of quick sort is _________,a) O(n),b) O(log n),c) O(n,d) O(n log n),c,Algorithms – Complexity-1,Discrete Mathematics,hard
discrete-mathematics-questions-answers-division-objects,10,"Suppose, there are 7 of your friends who want to eat pizza (8 distinct people in total). You order a 16-cut pizza (16 identical slices). How many distributions of pizza slices are there if each person gets at least one slice of pizza?",a) 346,b) 6435,c) 3214,d) 765,b,Counting – Division of Objects,Discrete Mathematics,hard
discrete-mathematics-questions-answers-bayes-theorem,9,A bin contains 4 red and 6 blue balls and three balls are drawn at random. Find the probability such that both are of the same color.,a) \(\frac{10}{28}\),b) \(\frac{1}{5}\),c) \(\frac{1}{10}\),d) \(\frac{4}{7}\),b,Discrete Probability – Bayes Theorem,Discrete Mathematics,hard
discrete-mathematics-questions-answers-multiplication-theorem-probability,10,"A box consists of 5 yellow, 12 red and 8 blue balls. If 5 balls are drawn from this box one after the other without replacement, find the probability that the 5 balls are all yellow balls.",a) \(\frac{5}{144}\),b) \(\frac{6}{321}\),c) \(\frac{4}{67}\),d) \(\frac{1}{231}\),a,Multiplication Theorem on Probability,Discrete Mathematics,hard
discrete-mathematics-questions-answers-spanning-trees,4,Time complexity of Prim’s algorithm is _________,a) O((V+E)logV),b) O(E+V),c) O(E),d) O(V+1),a,Spanning Trees,Discrete Mathematics,hard
discrete-mathematics-multiple-choice-questions-answers,10,"If a 1 , a 2 , a 3 …….. are in AP then if a 7 = 15, then the value of common difference that would make a 2 a 7 a 12 greatest is?",a) 2,b) 0,c) 4,d) 9,b,Arithmetic and Geometric Mean,Discrete Mathematics,hard
discrete-mathematics-questions-answers-logic-bit-operations,10,"Let A: “010101”, B=?, If { A (Ex-or) B } is a resultant string of all ones then which of the following statement regarding B is correct?",a) B is negation of A,b) B is 101010,c) {A (and) B} is a resultant string having all zeroes,d) All of the mentioned,d,Logic and Bit Operations,Discrete Mathematics,hard
discrete-mathematics-questions-answers-combinations,7,There are six movie parts numbered from 1 to 6. Find the number of ways in which they be arranged so that part-1 and part-3 are never together.,a) 876,b) 480,c) 654,d) 237,b,Counting – Combinations,Discrete Mathematics,hard
discrete-mathematics-questions-answers-test,6,"Let C = {1,2,3,4} and D = {1, 2, 3, 4} then which of the following hold not true in this case?",a) C – D = D – C,b) C U D = C ∩ D,c) C ∩ D = C – D,d) C – D = Φ,c,Algebraic Laws on Sets,Discrete Mathematics,hard
discrete-mathematics-questions-answers-hasse-diagrams,4,Which of the following relation is a partial order as well as an equivalence relation?,a) equal to(=),b) less than(<),c) greater than(>),d) not equal to(!=),a,Graphs – Hasse Diagrams,Discrete Mathematics,hard
discrete-mathematics-questions-answers-interconversion-gates,7,In which logic gate the output state is usually the complement of the input state?,a) NOT gate,b) NOR gate,c) X-NOR gate,d) OR gate,a,Boolean Algebra – Interconversion of Gates,Discrete Mathematics,hard
discrete-mathematics-questions-answers-combinations,10,"From a group of 8 men and 6 women, five persons are to be selected to form a committee so that at least 3 women are there on the committee. In how many ways can it be done?",a) 686,b) 438,c) 732,d) 549,a,Counting – Combinations,Discrete Mathematics,hard
discrete-mathematics-questions-answers-multiplication-theorem-probability,4,"Mina has 6 different skirts, 3 different scarfs and 7 different tops to wear. She has exactly one orange scarf, exactly one blue skirt, and exactly one black top. If Mina randomly selects each item of clothing, find the probability that she will wear those clothings for the outfit.",a) \(\frac{1}{321}\),b) \(\frac{1}{126}\),c) \(\frac{4}{411}\),d) \(\frac{2}{73}\),b,Multiplication Theorem on Probability,Discrete Mathematics,hard
discrete-mathematics-questions-answers-principle-mathematical-induction,9,Which of the following is the base case for 4 n+1 > (n+1) 2 where n = 2?,a) 64 > 9,b) 16 > 2,c) 27 < 91,d) 54 > 8,a,Principle of Mathematical Induction,Discrete Mathematics,hard
discrete-mathematics-questions-answers-campus-interviews,8,"State whether the given statement is True or False. HCF (a, b, c, d) = HCF(a,(HCF(b,(HCF(c, d)))).",a) True,b) False,,,a,Number Theory – Highest Common Factors,Discrete Mathematics,hard
discrete-mathematics-questions-answers-burnside-theorem,2,"If we take a collection of {∅, {2}, {3}, {5}} ordered by inclusion. Which of the following is true?",a) isomorphic graph,b) poset,c) lattice,d) partially ordered set,b,Groups – Burnside Theorem,Discrete Mathematics,hard
discrete-mathematics-questions-answers-statements-types,6,What are the contrapositive of the conditional statement “I come to class whenever there is going to be a test.”,"a) “If I come to class, then there will be a test.”","b) “If I do not come to class, then there will not be a test.”","c) “If there is not going to be a test, then I don’t come to class.”","d) “If there is going to be a test, then I don’t come to class.”",b,Logics – Types of Statements,Discrete Mathematics,hard
discrete-mathematics-questions-answers-aptitude-test,8,If for sets A and B there exists an injective function but not bijective function from A to B then?,a) Cardinality of A is strictly greater than B,b) Cardinality of B is strictly greater than A,c) Cardinality of B is equal to A,d) None of the mentioned,b,Cardinality of Sets,Discrete Mathematics,hard
discrete-mathematics-questions-answers-nested-quantifiers,8,"Use quantifiers and predicates with more than one variable to express, “There is a pupil in this lecture who has taken at least one course in Discrete Maths.”","a) ∃x∃yP (x, y), where P (x, y) is “x has taken y,” the domain for x consists of all pupil in this class, and the domain for y consists of all Discrete Maths lectures","b) ∃x∃yP (x, y), where P (x, y) is “x has taken y,” the domain for x consists of all Discrete Maths lectures, and the domain for y consists of all pupil in this class","c) ∀x∀yP(x, y), where P (x, y) is “x has taken y,” the domain for x consists of all pupil in this class, and the domain for y consists of all Discrete Maths lectures","d) ∃x∀yP(x, y), where P (x, y) is “x has taken y,” the domain for x consists of all pupil in this class, and the domain for y consists of all Discrete Maths lectures",a,Logics – Nested Quantifiers,Discrete Mathematics,hard
discrete-mathematics-questions-answers-subgroups,3,Let K be a group with 8 elements. Let H be a subgroup of K and H<K. It is known that the size of H is at least 3. The size of H is __________,a) 8,b) 2,c) 3,d) 4,d,Groups – Subgroups,Discrete Mathematics,hard
discrete-mathematics-questions-answers-modular-exponentiation,3,Which of the following algorithms has better computational complexity than standard division algorithms?,a) Montgomery algorithm,b) Classical modular exponentiation algorithm,c) ASM algorithm,d) FSM algorithm,b,Number Theory – Modular Exponentiation,Discrete Mathematics,hard
discrete-mathematics-problems,1,"For a matrix A, if a matrix B is obtained by changing its rows into columns and column into rows, then relation between A and B is?",a) A,b) A,c) Depends on the matrix,d) None of the mentioned,b,Transpose of Matrices,Discrete Mathematics,hard
discrete-mathematics-interview-questions-answers,8,"Two sets A and B contains a and b elements respectively. If power set of A contains 16 more elements than that of B, value of ‘b’ and ‘a’ are _______","a) 4, 5","b) 6, 7","c) 2, 3",d) None of the mentioned,a,Set Operations – 2,Discrete Mathematics,hard
discrete-mathematics-questions-answers-experienced,4,"If A is any statement, then which of the following is not a contradiction?",a) A ∧ ¬A,b) A ∨ F,c) A ∧ F,d) None of mentioned,b,Logics – Tautologies and Contradictions,Discrete Mathematics,hard
tricky-discrete-mathematics-questions-answers,4,Let G be a directed graph whose vertex set is the set of numbers from 1 to 50. There is an edge from a vertex i to a vertex j if and only if either j = i + 1 or j = 3i. Calculate the minimum number of edges in a path in G from vertex 1 to vertex 50.,a) 98,b) 13,c) 6,d) 34,c,Complete and Connected Graphs,Discrete Mathematics,hard
discrete-mathematics-questions-answers-recursion,7,In which of the following problems recurrence relation holds?,a) Optimal substructure,b) Tower of Hanoi,c) Hallmark substitution,d) Longest common subsequence,b,Recursion,Discrete Mathematics,hard
discrete-mathematics-questions-answers-mean-variance-random-variables,2,"A jar of pickle is picked at random using a filling process in which an automatic machine is filling pickle jars with 2.5 kg of pickle in each jar. Due to few faults in the automatic process, the weight of a jar could vary from jar to jar in the range 1.7 kg to 2.9 kg excluding the latter. Let X denote the weight of a jar of pickle selected. Find the range of X.",a) 3.7 ≤ X < 3.9,b) 1.6 ≤ X < 3.2,c) 1.7 ≤ X < 2.9,d) 1 ≤ X < 5,c,Discrete Probability – Mean and Variance of Random Variables,Discrete Mathematics,hard
discrete-mathematics-objective-questions-answers,10,"Let G(V, E) be a directed graph where every edge has weight as either 1, 2 or 5, what is the algorithm used for the shortest path from a given source vertex to a given destination vertex to get the time complexity of O(V+E)?",a) BFS,b) DFS,c) Binary search,d) Radix sort,a,Different Path in a Graph,Discrete Mathematics,hard
discrete-mathematics-questions-answers-logical-equivalences,6,Which of the following statement is correct?,a) p ∨ q ≡ q ∨ p,b) ¬(p ∧ q) ≡ ¬p ∨ ¬q,c) (p ∨ q) ∨ r ≡ p ∨ (q ∨ r),d) All of mentioned,d,Logics – Logical Equivalences,Discrete Mathematics,hard
discrete-mathematics-questions-answers-lattices,8,The graph is the smallest non-modular lattice N 5 . A lattice is _______ if and only if it does not have a _______ isomorphic to N 5,"a) non-modular, complete lattice","b) moduler, semilattice","c) non-modular, sublattice","d) modular, sublattice",d,Graphs – Lattices,Discrete Mathematics,hard
discrete-mathematics-questions-answers-aptitude-test,10,"If A is a subset of B and B is a subset of C, then cardinality of A U B U C is equal to ____________",a) Cardinality of C,b) Cardinality of B,c) Cardinality of A,d) None of the mentioned,a,Cardinality of Sets,Discrete Mathematics,hard
discrete-mathematics-questions-answers-closure-associativity,6,Let * be the binary operation on the rational number given by a*b=a+b+ab. Which of the following property does not exist for the group?,a) closure property,b) identity property,c) symmetric property,d) associative property,b,Groups – Closure and Associativity,Discrete Mathematics,hard
discrete-mathematics-mcqs-growth-functions,6,"The big-omega notation for f(x, y) = x 5 y 3 + x 4 y 4 + x 3 y 5 is?",a) x,b) x,c) x,d) x,c,Growth of Functions,Discrete Mathematics,hard
discrete-mathematics-questions-answers-set-types,6,"Which of the following is subset of set {1, 2, 3, 4}?","a) {1, 2}","b) {1, 2, 3}",c) {1},d) All of the mentioned,d,Types of Set,Discrete Mathematics,hard
discrete-mathematics-questions-answers-propositions,9,"Let P: This is a great website, Q: You should not come back here. Then ‘This is a great website and you should come back here.’ is best represented by?",a) ~P V ~Q,b) P ∧ ~Q,c) P V Q,d) P ∧ Q,b,Logics – Propositions,Discrete Mathematics,hard
discrete-mathematics-questions-answers-inference,2,"Which rule of inference is used in each of these arguments, “If it hailstoday, the local office will be closed. The local office is not closed today. Thus, it did not hailed today.”",a) Modus tollens,b) Conjunction,c) Hypothetical syllogism,d) Simplification,a,Logics – Inference,Discrete Mathematics,hard
discrete-mathematics-questions-answers-probability-distribution,3,A personal computer has the length of time between charges of the battery is normally distributed with a mean of 66 hours and a standard deviation of 20 hours. What is the probability when the length of time will be between 58 and 75 hours?,a) 0.595,b) 3.44,c) 0.0443,d) 1.98,c,Probability Distribution,Discrete Mathematics,hard
discrete-mathematics-questions-answers-cryptography-encryption,5,"Let A’s public key is n=6, 736, 180, 7817, 961, 456, 267 and e = 5 and B sends the ciphertext. c = 456, 871, 122, 391, 882, 538 to A. Determine B’s message in numeric format?",a) 235813,b) 57971.89,c) 770190.04,d) 687651.9,c,Cryptography – Encryption,Discrete Mathematics,hard
discrete-mathematics-questions-answers-equivalence-classes-partitions,10,"For a, b ∈ R deﬁne a = b to mean that |x| = |y|. If [x] is an equivalence relation in R. Find the equivalence relation for [17].","a) {,…,-11, -7, 0, 7, 11,…}","b) {2, 4, 9, 11, 15,…}","c) {-17, 17}","d) {5, 25, 125,…}",c,Relations – Equivalence Classes and Partitions,Discrete Mathematics,hard
discrete-mathematics-questions-answers-addition-theorem-probability,1,"Neha has 4 yellow t-shirts, 6 black t-shirts, and 2 blue t-shirts to choose from for her outfit today. She chooses a t-shirt randomly with each t-shirt equally likely to be chosen. Find the probability that a black or blue t-shirt is chosen for the outfit.",a) \(\frac{8}{13}\),b) \(\frac{5}{6}\),c) \(\frac{1}{2}\),d) \(\frac{7}{12}\),c,Addition Theorem on Probability,Discrete Mathematics,hard
discrete-mathematics-questions-answers-recursion,9,Every recursive algorithm must have the problem of ________,a) overhead of repeated function calls,b) collision of different function calls,c) searching for all duplicate elements,d) make only two recursive calls,a,Recursion,Discrete Mathematics,hard
discrete-mathematics-questions-answers-minimization-boolean-functions,7,"If an expression is given that x+x’y’z=x+y’z, find the minimal expression of the function F(x,y,z) = x+x’y’z+yz?",a) y’ + z,b) xz + y’,c) x + z,d) x’ + y,c,Minimization of Boolean Functions,Discrete Mathematics,hard
discrete-mathematics-questions-answers-arithmetic-sequences,6,A series can either be AP only or GP only or HP only but not all at the same time.,a) True,b) False,,,b,Arithmetic Sequences,Discrete Mathematics,hard
discrete-mathematics-questions-answers-propositions,6,"Let P: If Sahil bowls, Saurabh hits a century.; Q: If Raju bowls, Sahil gets out on first ball. Now if P is true and Q is false then which of the following can be true?",a) Raju bowled and Sahil got out on first ball,b) Raju did not bowled,c) Sahil bowled and Saurabh hits a century,d) Sahil bowled and Saurabh got out,c,Logics – Propositions,Discrete Mathematics,hard
discrete-mathematics-questions-answers-hasse-diagrams,3,"If the partial order of a set has at most one minimal element, then to test whether it has a non-crossing Hasse diagram its time complexity __________",a) NP-complete,b) O(n,c) O(n+2),d) O(n,a,Graphs – Hasse Diagrams,Discrete Mathematics,hard
discrete-mathematics-questions-answers-quiz,5,If n(A X B) = n(B X A) = 36 then which of the following may hold true?,"a) n(A)=2, n(B)=18","b) n(A)=9, n(B)=4","c) n(A)=6, n(b)=6",d) All of the mentioned,d,Cartesian Product of Sets,Discrete Mathematics,hard
discrete-mathematics-questions-answers-ciphers,6,How many bits are there for random bits and error detection bits in the case of DES block ciphers?,"a) 72, 1024","b) 56, 8","c) 104, 45","d) 32, 198",b,Cryptography – Ciphers,Discrete Mathematics,medium
discrete-mathematics-mcqs-sets,2,The set O of odd positive integers less than 10 can be expressed by _____________,"a) {1, 2, 3}","b) {1, 3, 5, 7, 9}","c) {1, 2, 5, 9}","d) {1, 5, 7, 9, 11}",b,Sets,Discrete Mathematics,medium
discrete-mathematics-questions-answers-de-morgan-laws,7,Negation of statement (A ∧ B) → (B ∧ C) is _____________,a) (A ∧ B) →(~B ∧ ~C),b) ~(A ∧ B) v ( B v C),c) ~(A →B) →(~B ∧ C),d) None of the mentioned,a,Logics and Proofs – De-Morgan,Discrete Mathematics,medium
discrete-mathematics-questions-answers-tree-traversal,9,Breadth First Search traversal of a binary tree finds its application in __________,a) Cloud computing,b) Peer to peer networks,c) Weighted graph,d) Euler path,b,Tree Traversal,Discrete Mathematics,medium
discrete-mathematics-questions-answers-mcqs,3,What is the range of a function?,a) the maximal set of numbers for which a function is defined,b) the maximal set of numbers which a function can take values,c) it is set of natural numbers for which a function is defined,d) none of the mentioned,b,Domain and Range of Functions,Discrete Mathematics,medium
discrete-mathematics-questions-answers-circular-permutations,4,How many words can be formed with the letters of the word ‘CASTLE’ when ‘O’ and ‘A’ occupying end places.,a) 217,b) 48,c) 75,d) 186,b,Counting – Circular Permutations,Discrete Mathematics,medium
discrete-mathematics-questions-answers-geometric-sequences,7,"In the given Geometric progression, ‘2 25 ‘ would be a term in it. 32, 256, 2048, 16384,.........,2 50",a) True,b) False,,,b,Geometric Sequences,Discrete Mathematics,medium
discrete-mathematics-mcqs-sequences-summations,7,"For the sequence a n = 6. (1/3) n , a 4 is _________",a) 2/25,b) 2/27,c) 2/19,d) 2/13,b,Sequences and Summations,Discrete Mathematics,medium
discrete-mathematics-questions-answers-diagraph,4,What is a complete digraph?,a) connection of nodes without containing any cycle,b) connecting nodes to make at least three complete cycles,c) start node and end node in a graph are same having a cycle,d) connection of every node with every other node including itself in a digraph,d,Graphs – Diagraph,Discrete Mathematics,medium
discrete-mathematics-mcqs-integers-division,3,The quotient and remainder when -1 is divided by 3 is?,a) -1 and -1,b) -1 and 2,c) 1 and 2,d) -1 and -2,b,Algorithms – Integers and Division,Discrete Mathematics,medium
discrete-mathematics-questions-answers-closure-relations,4,"______ number of reflexive closure exists in a relation R = {(0,1), (1,1), (1,3), (2,1), (2,2), (3,0)} where {0, 1, 2, 3} ∈ A.",a) 2,b) 6,c) 8,d) 36,b,Closure on Relations,Discrete Mathematics,medium
discrete-mathematics-interview-questions-answers,1,"Let the set A is {1, 2, 3} and B is {2, 3, 4}. Then the number of elements in A U B is?",a) 4,b) 5,c) 6,d) 7,a,Set Operations – 2,Discrete Mathematics,medium
discrete-mathematics-questions-answers-generating-functions,3,"What is the generating function for generating series 1, 2, 3, 4, 5,… ?",a) \(\frac{2}{(1-3x)}\),b) \(\frac{1}{(1+x)}\),c) \(\frac{1}{(1−x)^2}\),d) \(\frac{1}{(1-x2)}\),c,Discrete Probability – Generating Functions,Discrete Mathematics,medium
discrete-mathematics-mcqs-growth-functions,10,The big-O notation for f(x) = 5logx is?,a) 1,b) x,c) x,d) x,b,Growth of Functions,Discrete Mathematics,medium
discrete-mathematics-questions-answers-campus-interviews,3,"If a,b are integers such that a > b then hcf(a, b) lies in _________","a) a> hcf(a, b)>b","b) a>b> = hcf(a, b)","c) hcf(a, b)> = a>b",d) None of the mentioned,b,Number Theory – Highest Common Factors,Discrete Mathematics,medium
discrete-mathematics-questions-answers-derangements,3,Farhan has received 9 gifts from 9 different people. In how many ways can Farhan receives the gifts such that no one gives him real gifts?,a) 133496,b) 326654,c) 218744,d) 745331,a,Counting – Derangements,Discrete Mathematics,medium
discrete-mathematics-questions-answers-closure-relations,1,R is a binary relation on a set S and R is reflexive if and only if _______,a) r(R) = R,b) s(R) = R,c) t(R) = R,d) f(R) = R,a,Closure on Relations,Discrete Mathematics,medium
discrete-mathematics-questions-answers-multiplication-theorem-probability,2,"If a 12-sided fair die is rolled twice, find the probability that both rolls have a result of 8.",a) \(\frac{2}{19}\),b) \(\frac{3}{47}\),c) \(\frac{1}{64}\),d) \(\frac{2}{9}\),c,Multiplication Theorem on Probability,Discrete Mathematics,medium
discrete-mathematics-questions-answers-prime-implicants-essentials,5,"f(x, y, z) = xy’+yz’+xyz, what are essential prime implicants of this switching function?",a) 8,b) 0,c) 4,d) 3,b,Boolean Algebra – Prime Implicants and Essentials,Discrete Mathematics,medium
discrete-mathematics-questions-answers-online-test,5,Let A=[a ij ] be an mxn matrix and k be a scalar then kA is equal to __________,a) [ka,b) [a,c) [k,d) None of the mentioned,a,Operations on Matrices,Discrete Mathematics,medium
discrete-mathematics-questions-answers-logic-circuits,3,In the circuit shown the lamp will be glowing if _________,"a) P: True, Q: False","b) P: True, Q: True","c) P: False, Q: False",d) None of the mentioned,a,Logic Circuits,Discrete Mathematics,medium
discrete-mathematics-questions-answers-division-objects,3,How many ways can one choose 20 cookies from 45 different types (assuming there are at least 20 of each type)?,a) 64,b) 64,c) 44,d) 65,b,Counting – Division of Objects,Discrete Mathematics,medium
discrete-mathematics-questions-answers-geometric-sequences,1,"Let the sequence be 2, 8, 32, 128,……… then this sequence is _______________",a) An arithmetic sequence,b) A geometic progression,c) A harmonic sequence,d) None of the mentioned,b,Geometric Sequences,Discrete Mathematics,medium
tricky-discrete-mathematics-questions-answers,7,The minimum number of edges in a connected cyclic graph on n vertices is _____________,a) n – 1,b) n,c) 2n+3,d) n+1,b,Complete and Connected Graphs,Discrete Mathematics,medium
discrete-mathematics-questions-answers-group-axioms,4,The set of odd and even positive integers closed under multiplication is ________,"a) a free semigroup of (M, ×)","b) a subsemigroup of (M, ×)","c) a semigroup of (M, ×)","d) a subgroup of (M, ×)",b,Group Axioms,Discrete Mathematics,medium
discrete-mathematics-questions-answers-division-objects,5,There are 28 identical oranges that are to be distributed among 8 distinct girls. How many ways are there to distribute the oranges?,a) 22,b) 34,c) 35,d) 28,c,Counting – Division of Objects,Discrete Mathematics,medium
discrete-mathematics-questions-answers-recurrence-relation,9,Determine the value of a2 for the recurrence relation a n = 17a n-1 + 30n with a 0 =3.,a) 4387,b) 5484,c) 238,d) 1437,d,Advanced Counting Techniques – Recurrence Relation,Discrete Mathematics,medium
discrete-mathematics-questions-answers-principle-mathematical-induction,8,"According to principle of mathematical induction, if P(k+1) = m (k+1) + 5 is true then _____ must be true.",a) P(k) = 3m,b) P(k) = m,c) P(k) = m,d) P(k) = m,b,Principle of Mathematical Induction,Discrete Mathematics,medium
discrete-mathematics-basic-questions-answers,7,State whether the given statement is true or false. Exponentiation is associative.,a) True,b) False,,,b,Number Theory and Cryptography – Rules of Exponents,Discrete Mathematics,medium
discrete-mathematics-questions-answers-permutation-groups,8,If 54 th row of a 67 th row matrix is linearly independent with each other then find the rank of the matrix.,a) 61,b) 54,c) 187,d) 32,b,Permutation Groups,Discrete Mathematics,medium
discrete-mathematics-questions-answers-inference,3,"Which rule of inference is used, ”Bhavika will work in an enterprise this summer. Therefore, this summer Bhavika will work in an enterprise or he will go to beach.”",a) Simplification,b) Conjunction,c) Addition,d) Disjunctive syllogism,c,Logics – Inference,Discrete Mathematics,medium
discrete-mathematics-problems,5,If matrix A and B are symmetric and AB = BA iff _________,a) AB is symmetric matrix,b) AB is an anti-symmetric matrix,c) AB is a null matrix,d) None of the mentioned,a,Transpose of Matrices,Discrete Mathematics,medium
discrete-mathematics-questions-answers-venn-diagram,3,If n(A)=20 and n(B)=30 and n(A U B) = 40 then n(A ∩ B) is?,a) 20,b) 30,c) 40,d) 10,d,Sets – Venn Diagram,Discrete Mathematics,medium
discrete-mathematics-questions-answers-subgroups,7,The group of matrices with determinant _________ is a subgroup of the group of invertible matrices under multiplication.,a) 2,b) 3,c) 1,d) 4,c,Groups – Subgroups,Discrete Mathematics,medium
discrete-mathematics-mcqs-applications-number-theory,9,"The linear combination of gcd(10, 11) = 1 can be written as _________",a) (-1)*10 + 1*11,b) (-2)*10 + 2*11,c) 1*10 + (-1)*11,d) (-1)*10 + 2*11,a,Applications of Number Theory,Discrete Mathematics,medium
discrete-mathematics-questions-answers-inverse-matrices,8,"For a non-singular matrix A, A -1 is equal to _________",a) (adj(A))/det(A),b) det(A)*(adj(A)),c) det(A)*A,d) none of the mentioned,a,Inverse of Matrices,Discrete Mathematics,medium
discrete-mathematics-questions-answers-entrance-exams,6,f(x) is a bijection than f -1 (x) is a mirror image of f(x) around y = x.,a) True,b) False,,,a,Inverse of a Function,Discrete Mathematics,medium
discrete-mathematics-questions-answers-nested-quantifiers,4,"Let Q(x, y) be the statement “x + y = x − y.” If the domain for both variables consists of all integers, what is the truth value of ∃xQ(x, 4).",a) True,b) False,,,b,Logics – Nested Quantifiers,Discrete Mathematics,medium
discrete-mathematics-questions-answers-properties-tree,3,What is a star tree?,a) A tree having a single internal vertex and n-1 leaves,b) A tree having n vertices arranged in a line,c) A tree which has 0 or more connected subtrees,d) A tree which contains n vertices and n-1 cycles,a,Properties of Tree,Discrete Mathematics,medium
discrete-mathematics-questions-answers-fundamental-principle-counting,5,How many five-digit numbers can be made from the digits 1 to 7 if repetition is allowed?,a) 16807,b) 54629,c) 23467,d) 32354,a,Fundamental Principle of Counting,Discrete Mathematics,medium
discrete-mathematics-questions-answers-principle-inclusion-exclusion,10,"From 1, 2, 3, …, 320 one number is selected at random. Find the probability that it is either a multiple of 7 or a multiple of 3.",a) 72%,b) 42.5%,c) 12.8%,d) 63.8%,b,Discrete Probability – Principle of Inclusion Exclusion,Discrete Mathematics,medium
discrete-mathematics-question-papers,6,What is the postfix expression of 9+3*5/(10-4)?,a) 9 3 + * 5 / 10 4 –,b) 9 3 5 + * / 10 4 –,c) 9 3 + 5 * / 10 4 –,d) 9 3 5 * / + 10 – 4,c,Trees – Interconversion for Prefix Postfix Infix Notations,Discrete Mathematics,medium
discrete-mathematics-questions-answers-set-types,2,{x: x is a real number between 1 and 2} is an ________,a) Infinite set,b) Finite set,c) Empty set,d) None of the mentioned,a,Types of Set,Discrete Mathematics,medium
discrete-mathematics-objective-questions-answers,9,"In a directed weighted graph, if the weight of every edge is decreased by 10 units, does any change occur to the shortest path in the modified graph?",a) 209,b) 65,c) 57,d) 43,c,Different Path in a Graph,Discrete Mathematics,medium
discrete-mathematics-problems,9,Let A = [a ij ] given by ab ij = (i-j) 3 is a _________,a) Symmetric matrix,b) Anti-Symmetric matrix,c) Identity matrix,d) None of the mentioned,b,Transpose of Matrices,Discrete Mathematics,medium
discrete-mathematics-puzzles,6,"If A, B, and C are invertible matrices, the expression (AB -1 ) -1 (CA -1 ) -1 C2 evaluates to ____________",a) BC,b) C,c) AB,d) C,a,Groups – Existence of Identity & Inverse,Discrete Mathematics,medium
discrete-mathematics-questions-answers-harmonic-sequences,9,"For two number a,b HM between them is given by?",a) (2b+2a )/3b,b) 2ab/(a+b),c) (a+b)/2ab,d) 2b/(a+b),b,Harmonic Sequences,Discrete Mathematics,medium
discrete-mathematics-questions-answers-mcqs,1,What is the domain of a function?,a) the maximal set of numbers for which a function is defined,b) the maximal set of numbers which a function can take values,c) it is a set of natural numbers for which a function is defined,d) none of the mentioned,a,Domain and Range of Functions,Discrete Mathematics,medium
discrete-mathematics-questions-answers-logic-bit-operations,9,"If in a bits string of {0,1}, of length 4, such that no two ones are together. Then the total number of such possible strings are?",a) 1,b) 5,c) 7,d) 4,c,Logic and Bit Operations,Discrete Mathematics,medium
discrete-mathematics-questions-answers-test,3,Let C and D be two sets then C – D is equivalent to __________,a) C’ ∩ D,b) C‘∩ D’,c) C ∩ D’,d) None of the mentioned,c,Algebraic Laws on Sets,Discrete Mathematics,medium
discrete-mathematics-questions-answers-generating-functions,4,"What is the generating function for the generating sequence A = 1, 9, 25, 49,…?",a) 1+(A-x,b) (1-A)-1/x,c) (1-A)+1/x,d) (A-x)/x,b,Discrete Probability – Generating Functions,Discrete Mathematics,medium
discrete-mathematics-questions-answers-modular-exponentiation,10,"Determine the value of x, where y = 7, e = 12 and n = 566 using modular exponentiation method (x ≡ y e (mod n)).",a) 735,b) 321,c) 872,d) 487,d,Number Theory – Modular Exponentiation,Discrete Mathematics,medium
discrete-mathematics-questions-answers-graphs-properties,8,"If G is the forest with 54 vertices and 17 connected components, G has _______ total number of edges.",a) 38,b) 37,c) 17/54,d) 17/53,b,Graphs Properties,Discrete Mathematics,medium
discrete-mathematics-questions-answers-recurrence-relation,1,"Consider the recurrence relation a 1 =4, a n =5n+a n-1 . The value of a 64 is _________",a) 10399,b) 23760,c) 75100,d) 53700,a,Advanced Counting Techniques – Recurrence Relation,Discrete Mathematics,medium
discrete-mathematics-questions-answers-pigeonhole-principle,2,The least number of computers required to connect 10 computers to 5 routers to guarantee 5 computers can directly access 5 routers is ______,a) 74,b) 104,c) 30,d) 67,c,Counting – Pigeonhole Principle,Discrete Mathematics,medium
discrete-mathematics-questions-answers-group-theory,4,A monoid is called a group if _______,a) (a*a)=a=(a+c),b) (a*c)=(a+c),c) (a+c)=a,d) (a*c)=(c*a)=e,d,Group Theory,Discrete Mathematics,medium
discrete-mathematics-questions-answers-aptitude-test,4,If there is a bijection between two sets A and B then _______,a) Cardinality of A is greater than B,b) Cardinality of B is greater than A,c) Cardinality of B is equal to A,d) None of the mentioned,c,Cardinality of Sets,Discrete Mathematics,medium
discrete-mathematics-questions-answers-logic-bit-operations,4,"If a bit string contains {0, 1} only, having length 5 has no more than 2 ones in it. Then how many such bit strings are possible?",a) 14,b) 12,c) 15,d) 16,d,Logic and Bit Operations,Discrete Mathematics,medium
tricky-discrete-mathematics-questions-answers,6,______ is the maximum number of edges in an acyclic undirected graph with k vertices.,a) k-1,b) k,c) 2k+3,d) k,a,Complete and Connected Graphs,Discrete Mathematics,medium
discrete-mathematics-questions-answers-geometric-sequences,9,"If a, b, c are in GP then relation between a, b, c can be ___________",a) 2b = 2a + 3c,b) 2a = b+c,c) b =(ac),d) 2c = a + c,c,Geometric Sequences,Discrete Mathematics,medium
discrete-mathematics-mcqs-primes-greatest-common-divisors,6,"Is 7, 8, 9, 11 are pairwise relatively prime.",a) True,b) False,,,a,Number Theory – Primes and Greatest Common Divisors,Discrete Mathematics,easy
discrete-mathematics-questions-answers-test,4,For two sets C and D the set (C – D) ∩ D will be __________,a) C,b) D,c) Φ,d) None of the mentioned,c,Algebraic Laws on Sets,Discrete Mathematics,easy
discrete-mathematics-assessment-questions-answers,4,"When to proof P→Q true, we proof P false, that type of proof is known as ___________",a) Direct proof,b) Contrapositive proofs,c) Vacuous proof,d) Mathematical Induction,c,Types of Proofs,Discrete Mathematics,easy
discrete-mathematics-questions-answers-minimization-boolean-functions,8,Simplify the expression: XY’ + X’ + Y’X’.,a) X’ + Y,b) XY’,c) (XY)’,d) Y’ + X,c,Minimization of Boolean Functions,Discrete Mathematics,easy
discrete-mathematics-questions-answers-floor-ceiling-function,1,A floor function map a real number to ___________,a) smallest previous integer,b) greatest previous integer,c) smallest following integer,d) none of the mentioned,b,Floor and Ceiling Function,Discrete Mathematics,easy
discrete-mathematics-questions-answers-ciphers,9,What is the block size of blowfish block cipher?,a) 64 bits,b) 128 bits,c) 1043 bits,d) 10 bits,a,Cryptography – Ciphers,Discrete Mathematics,easy
discrete-mathematics-questions-answers-aptitude-test,7,Cardinality of the set of even prime number under 10 is 4.,a) True,b) False,,,b,Cardinality of Sets,Discrete Mathematics,easy
discrete-mathematics-questions-answers-prime-numbers,1,The number of factors of prime numbers are ___________,a) 2,b) 3,c) Depends on the prime number,d) None of the mentioned,a,Number Theory – Prime Numbers,Discrete Mathematics,easy
discrete-mathematics-questions-answers-graph-matrices,7,There exists _______ between group homology and group cohomology of a finite group.,a) homomorphism,b) isomorphism,c) automorphism,d) semilattice structure,a,Graph,Discrete Mathematics,easy
discrete-mathematics-questions-answers-prime-numbers,8,Difference of two distinct prime numbers is?,a) Odd and prime,b) Even and composite,c) None of the mentioned,d) All of the mentioned,c,Number Theory – Prime Numbers,Discrete Mathematics,easy
discrete-mathematics-written-test-questions-answers,4,How many perfect matchings are there in a complete graph of 10 vertices?,a) 60,b) 945,c) 756,d) 127,b,Isomorphism in Graphs,Discrete Mathematics,easy
discrete-mathematics-mcqs-functions,3,The value of ⌊1/2.⌊5/2⌋ ⌋ is ______________,a) 1,b) 2,c) 3,d) 0.5,a,Functions,Discrete Mathematics,easy
discrete-mathematics-questions-answers-number-relations,6,________ is the rank of the largest equivalence relation on a set of 20 elements.,a) 3,b) 2,c) 20,d) 1,d,Number of Relations,Discrete Mathematics,easy
discrete-mathematics-questions-answers-counting-functions,9,A function is defined by mapping f:A→B such that A contains m elements and B contains n elements and m > n then number of bijections are ________,a) n,b) n,c) 0,d) none of the mentioned,c,Number of Functions,Discrete Mathematics,easy
discrete-mathematics-questions-answers-campus-interviews,10,The HCF of two prime numbers a and b is _________,a) a,b) ab,c) a + b,d) 1,d,Number Theory – Highest Common Factors,Discrete Mathematics,easy
advanced-discrete-mathematics-questions-answers,3,Calculate the sum of divisors of N = 9600.,a) 23250,b) 47780,c) 54298,d) 31620,d,Counting – Number and Sum of Divisors,Discrete Mathematics,easy
discrete-mathematics-questions-answers-bipartite-graphs,8,All closed walks are of ______ length in a bipartite graph.,a) infinite,b) even,c) odd,d) odd prime,b,Bipartite Graphs,Discrete Mathematics,easy
discrete-mathematics-questions-answers-logarithmic-series,10,"If log a \((\frac{1}{8}) = -\frac{3}{4}\), than what is x?",a) 287,b) 469,c) 512,d) 623,c,Discrete Probability – Logarithmic Series,Discrete Mathematics,easy
discrete-mathematics-questions-answers-group-theory,9,A cyclic group is always _________,a) abelian group,b) monoid,c) semigroup,d) subgroup,a,Group Theory,Discrete Mathematics,easy
discrete-mathematics-mcqs-sequences-summations,10,The value of ∏(k=1) 100 (-1) k is _________,a) 0,b) 1,c) -1,d) 2,b,Sequences and Summations,Discrete Mathematics,easy
discrete-mathematics-questions-answers-experienced,9,(A ∨ F) ∨ (A ∨ T) is always _________,a) True,b) False,,,a,Logics – Tautologies and Contradictions,Discrete Mathematics,easy
discrete-mathematics-questions-answers-recursion,4,_______ recursion consists of multiple self-references.,a) binary recursion,b) single recursion,c) multiple recursion,d) coinductive recursion,c,Recursion,Discrete Mathematics,easy
discrete-mathematics-questions-answers-harmonic-sequences,6,"For number A, C if H is harmonic mean, G is geometric mean then H>=G.",a) True,b) False,,,b,Harmonic Sequences,Discrete Mathematics,easy
discrete-mathematics-question-papers,10,Prefix expression can be evaluated _________,a) from right to left,b) from left to right,c) from the exact middle,d) from second right element,b,Trees – Interconversion for Prefix Postfix Infix Notations,Discrete Mathematics,easy
discrete-mathematics-puzzles,5,"If X is an idempotent nonsingular matrix, then X must be ___________",a) singular matrix,b) identity matrix,c) idempotent matrix,d) nonsingular matrix,b,Groups – Existence of Identity & Inverse,Discrete Mathematics,easy
discrete-mathematics-questions-answers-fundamental-principle-counting,1,How many even 4 digit whole numbers are there?,a) 1358,b) 7250,c) 4500,d) 3600,c,Fundamental Principle of Counting,Discrete Mathematics,easy
discrete-mathematics-questions-answers-multiplication-theorem-probability,3,How many positive divisors does 4000 = 2 5 5 3 have?,a) 49,b) 73,c) 65,d) 15,d,Multiplication Theorem on Probability,Discrete Mathematics,easy
discrete-mathematics-questions-answers-modular-exponentiation,8,"According to congruence relation, find the remainder of 56 mod 24.",a) 10,b) 12,c) 6,d) 8,d,Number Theory – Modular Exponentiation,Discrete Mathematics,easy
discrete-mathematics-questions-bank,8,The two’s complement of 101110100 is represented as?,a) 010001100,b) 101110101,c) 010001100,d) None of the mentioned,a,Number Theory – Complement of a Number,Discrete Mathematics,easy
discrete-mathematics-questions-answers-permutation-groups,3,The dihedral group having order 6 can have degree _____________,a) 3,b) 26,c) 326,d) 208,a,Permutation Groups,Discrete Mathematics,easy
discrete-mathematics-mcqs-sets,8,The set of positive integers is _____________,a) Infinite,b) Finite,c) Subset,d) Empty,a,Sets,Discrete Mathematics,easy
discrete-mathematics-mcqs-integers-algorithms,8,The greatest common divisor of 12 and 18 is?,a) 2,b) 3,c) 4,d) 6,d,Integers and Algorithms,Discrete Mathematics,easy
discrete-mathematics-mcqs-functions,8,The inverse of function f(x) = x 3 + 2 is ____________,a) f,b) f,c) f,d) f,b,Functions,Discrete Mathematics,easy
discrete-mathematics-questions-answers-cosets,9,How many different non-isomorphic Abelian groups of order 8 are there?,a) 5,b) 4,c) 2,d) 3,c,Groups – Cosets,Discrete Mathematics,easy
discrete-mathematics-mcqs-applications-number-theory,2,The inverse of 3 modulo 7 is?,a) -1,b) -2,c) -3,d) -4,b,Applications of Number Theory,Discrete Mathematics,easy
discrete-mathematics-mcqs-integers-division,5,The value of 155 mod 9 is?,a) 0,b) 1,c) 2,d) 3,c,Algorithms – Integers and Division,Discrete Mathematics,easy
discrete-mathematics-questions-answers-floor-ceiling-function,10,"Let n be some integer greater than 1,then floor((n-1)/n) is 1.",a) True,b) False,,,b,Floor and Ceiling Function,Discrete Mathematics,easy
discrete-mathematics-mcqs-sets,1,A __________ is an ordered collection of objects.,a) Relation,b) Function,c) Set,d) Proposition,c,Sets,Discrete Mathematics,easy
discrete-mathematics-questions-answers-boolean-functions,9,__________ is a disjunctive normal form.,a) product-of-sums,b) product-of-subtractions,c) sum-of-products,d) sum-of-subtractions,c,Boolean Functions,Discrete Mathematics,easy
discrete-mathematics-questions-answers-cryptography-encryption,10,What is the block size of RC6 Feistel block cipher?,a) 5013 bits,b) 128 bits,c) 596 bits,d) 1768 bits,b,Cryptography – Encryption,Discrete Mathematics,easy
discrete-mathematics-questions-answers-diagraph,5,Disconnected components can be created in case of ___________,a) undirected graphs,b) partial subgraphs,c) disconnected graphs,d) complete graphs,c,Graphs – Diagraph,Discrete Mathematics,easy
discrete-mathematics-questions-answers-karnaugh-maps,7,Addition of two or more bits produces how many bits to construct a logic gate?,a) 108,b) 2,c) 32,d) 64,b,Boolean Algebra – Karnaugh Maps,Discrete Mathematics,easy
discrete-mathematics-mcqs-set-operations,10,The set difference of the set A with null set is __________,a) A,b) null,c) U,d) B,a,Set Operations – 1,Discrete Mathematics,easy
discrete-mathematics-questions-answers-boolean-algebra,10,The ___________ of all the variables in direct or complemented form is a maxterm.,a) addition,b) product,c) moduler,d) subtraction,a,Boolean Algebra,Discrete Mathematics,easy
discrete-mathematics-mcqs-integers-algorithms,9,The decimal expansion of (2AE0B) 16 is?,a) (175627),b) (175624),c) (178566),d) (175622),a,Integers and Algorithms,Discrete Mathematics,easy
discrete-mathematics-questions-answers-cosets,5,An isomorphism of a group onto itself is called ____________,a) homomorphism,b) heteromorphism,c) epimorphism,d) automorphism,d,Groups – Cosets,Discrete Mathematics,easy
discrete-mathematics-problems,6,A matrix can be expressed as sum of symmetric and anti-symmetric matrices.,a) True,b) False,,,a,Transpose of Matrices,Discrete Mathematics,easy
discrete-mathematics-questions-answers-counting-functions,10,A bijection is a function which is many-one and onto.,a) True,b) False,,,b,Number of Functions,Discrete Mathematics,easy
discrete-mathematics-questions-answers-experienced,1,A compound proposition that is always ___________ is called a tautology.,a) True,b) False,,,a,Logics – Tautologies and Contradictions,Discrete Mathematics,easy
discrete-mathematics-questions-answers-mcqs,5,"The range of function f(x) = sin(x) is (-∞, ∞).",a) True,b) False,,,b,Domain and Range of Functions,Discrete Mathematics,easy
discrete-mathematics-questions-answers-number-relations,8,The rank of smallest equivalence relation on a set with 12 distinct elements is _______,a) 12,b) 144,c) 136,d) 79,a,Number of Relations,Discrete Mathematics,easy
discrete-mathematics-mcqs-applications-number-theory,10,The value of 5 2003 mod 7 is?,a) 3,b) 4,c) 8,d) 9,a,Applications of Number Theory,Discrete Mathematics,easy
discrete-mathematics-questions-answers-cycles,7,How many cycles are there in a wheel graph of order 5?,a) 6,b) 10,c) 25,d) 7,d,Trees – Cycles,Discrete Mathematics,easy
discrete-mathematics-questions-answers-terms-binomial-expansion,9,Determine the 7th term in the expansion of (x-2y) 12,a) 6128y,b) 59136y,c) 52632x,d) 39861y,b,Counting – Terms in Binomial Expansion,Discrete Mathematics,easy
discrete-mathematics-questions-answers-cryptography-decryption,5,To encrypt a message _______ is used on the character’s positions.,a) boolean algebra,b) bijective function,c) inverse function,d) surjective function,b,Cryptography – Decryption,Discrete Mathematics,easy
discrete-mathematics-puzzles,2,_____ is the multiplicative identity of natural numbers.,a) 0,b) -1,c) 1,d) 2,c,Groups – Existence of Identity & Inverse,Discrete Mathematics,easy
discrete-mathematics-questions-answers-inverse-matrices,2,"For matrix A,(A 3 ) = I, A -1 is equals to _________",a) A,b) A,c) Can’t say,d) None of the mentioned,a,Inverse of Matrices,Discrete Mathematics,easy
discrete-mathematics-questions-answers-logic-circuits,7,The circuit depend on which switch/switches state to be complete?,a) P,b) Q,c) Both P and Q,d) None of the mentioned,a,Logic Circuits,Discrete Mathematics,easy
discrete-mathematics-question-papers,4,Infix to prefix conversion can be done using __________,a) two queues,b) two stacks,c) one stack and two queues,d) one stack,b,Trees – Interconversion for Prefix Postfix Infix Notations,Discrete Mathematics,easy
discrete-mathematics-questions-answers-matrices-types,2,A symmetric matrix is a one in which?,a) All diagonal elements are zero,b) All diagonal elements are 1,c) A = A,d) A = -A,c,Types of Matrices,Discrete Mathematics,easy
